# Blender v2.91.2 OBJ File: 'Lamp post.blend'
# www.blender.org
mtllib Lamp post.mtl.mtl
o Lamp_post_Cube.006
v -0.282256 -0.000000 0.476770
v -0.282256 0.008967 0.485737
v -0.291223 0.008967 0.476770
v -0.282256 0.002626 0.483111
v -0.287433 0.003790 0.481947
v -0.288596 0.008967 0.483111
v -0.288596 0.002626 0.476770
v -0.282256 0.068227 0.485737
v -0.282256 0.077194 0.476770
v -0.291223 0.068227 0.476770
v -0.282256 0.074568 0.483111
v -0.287433 0.073404 0.481947
v -0.288596 0.074568 0.476770
v -0.288596 0.068227 0.483111
v -0.282256 -0.000000 0.165528
v -0.291223 0.008967 0.165528
v -0.282256 0.008967 0.156561
v -0.288596 0.002626 0.165528
v -0.287433 0.003790 0.160351
v -0.288596 0.008967 0.159187
v -0.282256 0.002626 0.159187
v -0.282256 0.077194 0.165528
v -0.282256 0.068227 0.156561
v -0.291223 0.068227 0.165528
v -0.282256 0.074568 0.159187
v -0.287433 0.073404 0.160351
v -0.288596 0.068227 0.159187
v -0.288596 0.074568 0.165528
v -0.106041 -0.000000 0.476770
v -0.097074 0.008967 0.476770
v -0.106041 0.008967 0.485737
v -0.099701 0.002626 0.476770
v -0.100864 0.003790 0.481947
v -0.099701 0.008967 0.483111
v -0.106041 0.002626 0.483111
v -0.106041 0.077194 0.476770
v -0.106041 0.068227 0.485737
v -0.097074 0.068227 0.476770
v -0.106041 0.074568 0.483111
v -0.100864 0.073404 0.481947
v -0.099701 0.068227 0.483111
v -0.099701 0.074568 0.476770
v -0.106041 -0.000000 0.165528
v -0.106041 0.008967 0.156561
v -0.097074 0.008967 0.165528
v -0.106041 0.002626 0.159187
v -0.100864 0.003790 0.160351
v -0.099701 0.008967 0.159187
v -0.099701 0.002626 0.165528
v -0.106041 0.077194 0.165528
v -0.097074 0.068227 0.165528
v -0.106041 0.068227 0.156561
v -0.099701 0.074568 0.165528
v -0.100864 0.073404 0.160351
v -0.099701 0.068227 0.159187
v -0.106041 0.074568 0.159187
v -0.282256 0.000000 0.150220
v -0.282256 0.008967 0.159187
v -0.291223 0.008967 0.150220
v -0.282256 0.002626 0.156561
v -0.287433 0.003790 0.155397
v -0.288596 0.008967 0.156561
v -0.288596 0.002626 0.150220
v -0.282256 0.068227 0.159187
v -0.282256 0.077194 0.150220
v -0.291223 0.068227 0.150220
v -0.282256 0.074568 0.156561
v -0.287433 0.073404 0.155397
v -0.288596 0.074568 0.150220
v -0.288596 0.068227 0.156561
v -0.282256 0.000000 -0.161022
v -0.291223 0.008967 -0.161022
v -0.282256 0.008967 -0.169989
v -0.288596 0.002626 -0.161022
v -0.287433 0.003790 -0.166199
v -0.288596 0.008967 -0.167363
v -0.282256 0.002626 -0.167363
v -0.282256 0.077194 -0.161022
v -0.282256 0.068227 -0.169989
v -0.291223 0.068227 -0.161022
v -0.282256 0.074568 -0.167363
v -0.287433 0.073404 -0.166199
v -0.288596 0.068227 -0.167363
v -0.288596 0.074568 -0.161022
v -0.106041 0.000000 0.150220
v -0.097074 0.008967 0.150220
v -0.106041 0.008967 0.159187
v -0.099701 0.002626 0.150220
v -0.100864 0.003790 0.155397
v -0.099701 0.008967 0.156561
v -0.106041 0.002626 0.156561
v -0.106041 0.077194 0.150220
v -0.106041 0.068227 0.159187
v -0.097074 0.068227 0.150220
v -0.106041 0.074568 0.156561
v -0.100864 0.073404 0.155397
v -0.099701 0.068227 0.156561
v -0.099701 0.074568 0.150220
v -0.106041 0.000000 -0.161022
v -0.106041 0.008967 -0.169989
v -0.097074 0.008967 -0.161022
v -0.106041 0.002626 -0.167363
v -0.100864 0.003790 -0.166199
v -0.099701 0.008967 -0.167363
v -0.099701 0.002626 -0.161022
v -0.106041 0.077194 -0.161022
v -0.097074 0.068227 -0.161022
v -0.106041 0.068227 -0.169989
v -0.099701 0.074568 -0.161022
v -0.100864 0.073404 -0.166199
v -0.099701 0.068227 -0.167363
v -0.106041 0.074568 -0.167363
v -0.088107 0.000000 -0.008967
v -0.088107 0.008967 0.000000
v -0.097074 0.008967 -0.008967
v -0.088107 0.002626 -0.002626
v -0.093284 0.003790 -0.003790
v -0.094448 0.008967 -0.002626
v -0.094448 0.002626 -0.008967
v -0.088107 0.068227 0.000000
v -0.088107 0.077194 -0.008967
v -0.097074 0.068227 -0.008967
v -0.088107 0.074568 -0.002626
v -0.093284 0.073404 -0.003790
v -0.094448 0.074568 -0.008967
v -0.094448 0.068227 -0.002626
v -0.088107 0.000000 -0.320209
v -0.097074 0.008967 -0.320209
v -0.088107 0.008967 -0.329176
v -0.094448 0.002626 -0.320209
v -0.093284 0.003790 -0.325386
v -0.094448 0.008967 -0.326550
v -0.088107 0.002626 -0.326550
v -0.088107 0.077194 -0.320209
v -0.088107 0.068227 -0.329176
v -0.097074 0.068227 -0.320209
v -0.088107 0.074568 -0.326550
v -0.093284 0.073404 -0.325386
v -0.094448 0.068227 -0.326550
v -0.094448 0.074568 -0.320209
v 0.088107 0.000000 -0.008967
v 0.097074 0.008967 -0.008967
v 0.088107 0.008967 0.000000
v 0.094448 0.002626 -0.008967
v 0.093284 0.003790 -0.003790
v 0.094448 0.008967 -0.002626
v 0.088107 0.002626 -0.002626
v 0.088107 0.077194 -0.008967
v 0.088107 0.068227 0.000000
v 0.097074 0.068227 -0.008967
v 0.088107 0.074568 -0.002626
v 0.093284 0.073404 -0.003790
v 0.094448 0.068227 -0.002626
v 0.094448 0.074568 -0.008967
v 0.088107 0.000000 -0.320209
v 0.088107 0.008967 -0.329176
v 0.097074 0.008967 -0.320209
v 0.088107 0.002626 -0.326550
v 0.093284 0.003790 -0.325386
v 0.094448 0.008967 -0.326550
v 0.094448 0.002626 -0.320209
v 0.088107 0.077194 -0.320209
v 0.097074 0.068227 -0.320209
v 0.088107 0.068227 -0.329176
v 0.094448 0.074568 -0.320209
v 0.093284 0.073404 -0.325386
v 0.094448 0.068227 -0.326550
v 0.088107 0.074568 -0.326550
v -0.088107 0.000000 0.320209
v -0.088107 0.008967 0.329176
v -0.097074 0.008967 0.320209
v -0.088107 0.002626 0.326550
v -0.093284 0.003790 0.325386
v -0.094448 0.008967 0.326550
v -0.094448 0.002626 0.320209
v -0.088107 0.068227 0.329176
v -0.088107 0.077194 0.320209
v -0.097074 0.068227 0.320209
v -0.088107 0.074568 0.326550
v -0.093284 0.073404 0.325386
v -0.094448 0.074568 0.320209
v -0.094448 0.068227 0.326550
v -0.088107 0.000000 0.008967
v -0.097074 0.008967 0.008967
v -0.088107 0.008967 0.000000
v -0.094448 0.002626 0.008967
v -0.093284 0.003790 0.003790
v -0.094448 0.008967 0.002626
v -0.088107 0.002626 0.002626
v -0.088107 0.077194 0.008967
v -0.088107 0.068227 0.000000
v -0.097074 0.068227 0.008967
v -0.088107 0.074568 0.002626
v -0.093284 0.073404 0.003790
v -0.094448 0.068227 0.002626
v -0.094448 0.074568 0.008967
v 0.088107 0.000000 0.320209
v 0.097074 0.008967 0.320209
v 0.088107 0.008967 0.329176
v 0.094448 0.002626 0.320209
v 0.093284 0.003790 0.325386
v 0.094448 0.008967 0.326550
v 0.088107 0.002626 0.326550
v 0.088107 0.077194 0.320209
v 0.088107 0.068227 0.329176
v 0.097074 0.068227 0.320209
v 0.088107 0.074568 0.326550
v 0.093284 0.073404 0.325386
v 0.094448 0.068227 0.326550
v 0.094448 0.074568 0.320209
v 0.088107 0.000000 0.008967
v 0.088107 0.008967 0.000000
v 0.097074 0.008967 0.008967
v 0.088107 0.002626 0.002626
v 0.093284 0.003790 0.003790
v 0.094448 0.008967 0.002626
v 0.094448 0.002626 0.008967
v 0.088107 0.077194 0.008967
v 0.097074 0.068227 0.008967
v 0.088107 0.068227 0.000000
v 0.094448 0.074568 0.008967
v 0.093284 0.073404 0.003790
v 0.094448 0.068227 0.002626
v 0.088107 0.074568 0.002626
v -0.282256 0.000000 -0.178956
v -0.282256 0.008967 -0.169989
v -0.291223 0.008967 -0.178956
v -0.282256 0.002626 -0.172615
v -0.287433 0.003790 -0.173779
v -0.288596 0.008967 -0.172615
v -0.288596 0.002626 -0.178956
v -0.282256 0.068227 -0.169989
v -0.282256 0.077194 -0.178956
v -0.291223 0.068227 -0.178956
v -0.282256 0.074568 -0.172615
v -0.287433 0.073404 -0.173779
v -0.288596 0.074568 -0.178956
v -0.288596 0.068227 -0.172615
v -0.282256 0.000000 -0.490198
v -0.291223 0.008967 -0.490198
v -0.282256 0.008967 -0.499165
v -0.288596 0.002626 -0.490198
v -0.287433 0.003790 -0.495375
v -0.288596 0.008967 -0.496539
v -0.282256 0.002626 -0.496539
v -0.282256 0.077194 -0.490198
v -0.282256 0.068227 -0.499165
v -0.291223 0.068227 -0.490198
v -0.282256 0.074568 -0.496539
v -0.287433 0.073404 -0.495375
v -0.288596 0.068227 -0.496539
v -0.288596 0.074568 -0.490198
v -0.106041 0.000000 -0.178956
v -0.097074 0.008967 -0.178956
v -0.106041 0.008967 -0.169989
v -0.099701 0.002626 -0.178956
v -0.100864 0.003790 -0.173779
v -0.099701 0.008967 -0.172615
v -0.106041 0.002626 -0.172615
v -0.106041 0.077194 -0.178956
v -0.106041 0.068227 -0.169989
v -0.097074 0.068227 -0.178956
v -0.106041 0.074568 -0.172615
v -0.100864 0.073404 -0.173779
v -0.099701 0.068227 -0.172615
v -0.099701 0.074568 -0.178956
v -0.106041 0.000000 -0.490198
v -0.106041 0.008967 -0.499165
v -0.097074 0.008967 -0.490198
v -0.106041 0.002626 -0.496539
v -0.100864 0.003790 -0.495375
v -0.099701 0.008967 -0.496539
v -0.099701 0.002626 -0.490198
v -0.106041 0.077194 -0.490198
v -0.097074 0.068227 -0.490198
v -0.106041 0.068227 -0.499165
v -0.099701 0.074568 -0.490198
v -0.100864 0.073404 -0.495375
v -0.099701 0.068227 -0.496539
v -0.106041 0.074568 -0.496539
v 0.106041 0.077194 -0.489323
v 0.106041 0.068226 -0.498290
v 0.097074 0.068226 -0.489323
v 0.106041 0.074567 -0.495663
v 0.100864 0.073404 -0.494500
v 0.099701 0.068226 -0.495663
v 0.099701 0.074567 -0.489323
v 0.106041 0.008967 -0.498290
v 0.106041 -0.000000 -0.489323
v 0.097074 0.008967 -0.489323
v 0.106041 0.002626 -0.495663
v 0.100864 0.003790 -0.494500
v 0.099701 0.002626 -0.489323
v 0.099701 0.008967 -0.495663
v 0.106041 0.077194 -0.178081
v 0.097074 0.068226 -0.178081
v 0.106041 0.068226 -0.169114
v 0.099701 0.074567 -0.178081
v 0.100864 0.073404 -0.172904
v 0.099701 0.068226 -0.171740
v 0.106041 0.074567 -0.171740
v 0.106041 -0.000000 -0.178081
v 0.106041 0.008967 -0.169114
v 0.097074 0.008967 -0.178081
v 0.106041 0.002626 -0.171740
v 0.100864 0.003790 -0.172904
v 0.099701 0.008967 -0.171740
v 0.099701 0.002626 -0.178081
v 0.282255 0.077194 -0.489323
v 0.291223 0.068226 -0.489323
v 0.282255 0.068226 -0.498290
v 0.288596 0.074567 -0.489323
v 0.287433 0.073404 -0.494500
v 0.288596 0.068226 -0.495663
v 0.282255 0.074567 -0.495663
v 0.282255 -0.000000 -0.489323
v 0.282255 0.008967 -0.498290
v 0.291223 0.008967 -0.489323
v 0.282255 0.002626 -0.495663
v 0.287433 0.003790 -0.494500
v 0.288596 0.008967 -0.495663
v 0.288596 0.002626 -0.489323
v 0.282256 0.077194 -0.178081
v 0.282256 0.068226 -0.169114
v 0.291223 0.068226 -0.178081
v 0.282256 0.074567 -0.171740
v 0.287433 0.073404 -0.172904
v 0.288596 0.068226 -0.171740
v 0.288596 0.074567 -0.178081
v 0.282256 -0.000000 -0.178081
v 0.291223 0.008967 -0.178081
v 0.282256 0.008967 -0.169114
v 0.288596 0.002626 -0.178081
v 0.287433 0.003790 -0.172904
v 0.288596 0.008967 -0.171740
v 0.282256 0.002626 -0.171740
v 0.106041 0.077194 -0.162773
v 0.106041 0.068226 -0.171740
v 0.097074 0.068226 -0.162773
v 0.106041 0.074567 -0.169114
v 0.100864 0.073404 -0.167950
v 0.099701 0.068226 -0.169114
v 0.099701 0.074567 -0.162773
v 0.106041 0.008967 -0.171740
v 0.106041 -0.000000 -0.162773
v 0.097074 0.008967 -0.162773
v 0.106041 0.002626 -0.169114
v 0.100864 0.003790 -0.167950
v 0.099701 0.002626 -0.162773
v 0.099701 0.008967 -0.169114
v 0.106041 0.077194 0.148469
v 0.097074 0.068226 0.148469
v 0.106041 0.068226 0.157436
v 0.099701 0.074567 0.148469
v 0.100864 0.073404 0.153646
v 0.099701 0.068226 0.154810
v 0.106041 0.074567 0.154810
v 0.106041 -0.000000 0.148469
v 0.106041 0.008967 0.157436
v 0.097074 0.008967 0.148469
v 0.106041 0.002626 0.154810
v 0.100864 0.003790 0.153646
v 0.099701 0.008967 0.154810
v 0.099701 0.002626 0.148469
v 0.282256 0.077194 -0.162773
v 0.291223 0.068226 -0.162773
v 0.282256 0.068226 -0.171740
v 0.288596 0.074567 -0.162773
v 0.287433 0.073404 -0.167950
v 0.288596 0.068226 -0.169114
v 0.282256 0.074567 -0.169114
v 0.282256 -0.000000 -0.162773
v 0.282256 0.008967 -0.171740
v 0.291223 0.008967 -0.162773
v 0.282256 0.002626 -0.169114
v 0.287433 0.003790 -0.167950
v 0.288596 0.008967 -0.169114
v 0.288596 0.002626 -0.162773
v 0.282256 0.077194 0.148469
v 0.282256 0.068226 0.157436
v 0.291223 0.068226 0.148469
v 0.282256 0.074567 0.154810
v 0.287433 0.073404 0.153646
v 0.288596 0.068226 0.154810
v 0.288596 0.074567 0.148469
v 0.282256 -0.000000 0.148469
v 0.291223 0.008967 0.148469
v 0.282256 0.008967 0.157436
v 0.288596 0.002626 0.148469
v 0.287433 0.003790 0.153646
v 0.288596 0.008967 0.154810
v 0.282256 0.002626 0.154810
v 0.106041 0.077194 0.166403
v 0.106041 0.068226 0.157436
v 0.097074 0.068226 0.166403
v 0.106041 0.074567 0.160063
v 0.100864 0.073404 0.161226
v 0.099701 0.068226 0.160063
v 0.099701 0.074567 0.166403
v 0.106041 0.008967 0.157436
v 0.106041 -0.000000 0.166403
v 0.097074 0.008967 0.166403
v 0.106041 0.002626 0.160063
v 0.100864 0.003790 0.161226
v 0.099701 0.002626 0.166403
v 0.099701 0.008967 0.160063
v 0.106041 0.077194 0.477645
v 0.097074 0.068226 0.477645
v 0.106041 0.068226 0.486613
v 0.099701 0.074567 0.477645
v 0.100864 0.073404 0.482823
v 0.099701 0.068226 0.483986
v 0.106041 0.074567 0.483986
v 0.106041 -0.000000 0.477645
v 0.106041 0.008967 0.486613
v 0.097074 0.008967 0.477645
v 0.106041 0.002626 0.483986
v 0.100864 0.003790 0.482823
v 0.099701 0.008967 0.483986
v 0.099701 0.002626 0.477645
v 0.282256 0.077194 0.166403
v 0.291223 0.068226 0.166403
v 0.282256 0.068226 0.157436
v 0.288596 0.074567 0.166403
v 0.287433 0.073404 0.161226
v 0.288596 0.068226 0.160063
v 0.282256 0.074567 0.160063
v 0.282256 -0.000000 0.166403
v 0.282256 0.008967 0.157436
v 0.291223 0.008967 0.166403
v 0.282256 0.002626 0.160063
v 0.287433 0.003790 0.161226
v 0.288596 0.008967 0.160063
v 0.288596 0.002626 0.166403
v 0.282256 0.077194 0.477645
v 0.282256 0.068226 0.486613
v 0.291223 0.068226 0.477645
v 0.282256 0.074567 0.483986
v 0.287433 0.073404 0.482823
v 0.288596 0.068226 0.483986
v 0.288596 0.074567 0.477645
v 0.282256 -0.000000 0.477645
v 0.291223 0.008967 0.477645
v 0.282256 0.008967 0.486613
v 0.288596 0.002626 0.477645
v 0.287433 0.003790 0.482823
v 0.288596 0.008967 0.483986
v 0.282256 0.002626 0.483986
v -0.084349 0.195840 0.075569
v -0.069787 0.181279 0.075570
v -0.069787 0.195840 0.090132
v -0.080084 0.185544 0.075570
v -0.078195 0.187433 0.083977
v -0.069787 0.185544 0.085867
v -0.080084 0.195840 0.085867
v -0.084864 1.984782 0.105209
v -0.084944 1.999344 0.090727
v -0.099426 1.984782 0.090646
v -0.084904 1.995079 0.101000
v -0.093314 1.993183 0.099097
v -0.095218 1.995079 0.090687
v -0.095161 1.984749 0.100943
v -0.069787 0.181279 -0.059498
v -0.084349 0.195840 -0.059497
v -0.069787 0.195840 -0.074059
v -0.080084 0.185544 -0.059497
v -0.078195 0.187433 -0.067905
v -0.080084 0.195840 -0.069794
v -0.069787 0.185544 -0.069794
v -0.099426 1.984782 -0.074574
v -0.084944 1.999344 -0.074655
v -0.084864 1.984782 -0.089136
v -0.095218 1.995079 -0.074614
v -0.093314 1.993183 -0.083025
v -0.084904 1.995079 -0.084928
v -0.095161 1.984749 -0.084871
v 0.065280 0.181279 0.075570
v 0.079842 0.195840 0.075569
v 0.065280 0.195840 0.090132
v 0.075577 0.185544 0.075570
v 0.073688 0.187433 0.083977
v 0.075577 0.195840 0.085867
v 0.065280 0.185544 0.085867
v 0.094919 1.984782 0.090646
v 0.080437 1.999344 0.090727
v 0.080356 1.984782 0.105209
v 0.090710 1.995079 0.090687
v 0.088807 1.993183 0.099097
v 0.080397 1.995079 0.101000
v 0.090653 1.984749 0.100943
v 0.065280 0.181279 -0.059498
v 0.065280 0.195840 -0.074059
v 0.079842 0.195840 -0.059497
v 0.065280 0.185544 -0.069794
v 0.073688 0.187433 -0.067905
v 0.075577 0.195840 -0.069794
v 0.075577 0.185544 -0.059497
v 0.080356 1.984782 -0.089136
v 0.080437 1.999344 -0.074655
v 0.094919 1.984782 -0.074574
v 0.080397 1.995079 -0.084928
v 0.088807 1.993183 -0.083025
v 0.090710 1.995079 -0.074614
v 0.090653 1.984749 -0.084871
v -0.069787 0.441002 0.090132
v -0.084349 0.441002 0.075569
v -0.080084 0.441002 0.085867
v -0.069908 0.700726 0.090253
v -0.084470 0.700726 0.075690
v -0.080205 0.700726 0.085987
v -0.086582 0.960450 0.077802
v -0.072020 0.960450 0.092365
v -0.082317 0.960450 0.088100
v -0.075817 1.220173 0.096163
v -0.090380 1.220173 0.081600
v -0.086115 1.220173 0.091897
v -0.080062 1.479897 0.100407
v -0.094625 1.479897 0.085845
v -0.090360 1.479897 0.096142
v -0.098080 1.739620 0.089299
v -0.083517 1.739620 0.103862
v -0.093814 1.739620 0.099597
v -0.083517 1.739620 -0.087790
v -0.098080 1.739620 -0.073227
v -0.093814 1.739620 -0.083525
v -0.080062 1.479897 -0.084335
v -0.094625 1.479897 -0.069772
v -0.090360 1.479897 -0.080070
v -0.075817 1.220173 -0.080090
v -0.090380 1.220173 -0.065528
v -0.086115 1.220173 -0.075825
v -0.072020 0.960450 -0.076293
v -0.086582 0.960450 -0.061730
v -0.082317 0.960450 -0.072027
v -0.084470 0.700726 -0.059618
v -0.069908 0.700726 -0.074180
v -0.080205 0.700726 -0.069915
v -0.084349 0.441002 -0.059497
v -0.069787 0.441002 -0.074059
v -0.080084 0.441002 -0.069794
v 0.093572 1.739620 -0.073227
v 0.079010 1.739620 -0.087790
v 0.089307 1.739620 -0.083525
v 0.090118 1.479897 -0.069772
v 0.075555 1.479897 -0.084335
v 0.085852 1.479897 -0.080070
v 0.085873 1.220173 -0.065528
v 0.071310 1.220173 -0.080090
v 0.081607 1.220173 -0.075825
v 0.082075 0.960450 -0.061730
v 0.067513 0.960450 -0.076293
v 0.077810 0.960450 -0.072027
v 0.065400 0.700726 -0.074180
v 0.079963 0.700726 -0.059618
v 0.075698 0.700726 -0.069915
v 0.065280 0.441002 -0.074059
v 0.079842 0.441002 -0.059497
v 0.075577 0.441002 -0.069794
v 0.079010 1.739620 0.103862
v 0.093572 1.739620 0.089299
v 0.089307 1.739620 0.099597
v 0.075555 1.479897 0.100407
v 0.090118 1.479897 0.085845
v 0.085852 1.479897 0.096142
v 0.071310 1.220173 0.096163
v 0.085873 1.220173 0.081600
v 0.081607 1.220173 0.091897
v 0.067513 0.960450 0.092365
v 0.082075 0.960450 0.077802
v 0.077810 0.960450 0.088100
v 0.079963 0.700726 0.075690
v 0.065400 0.700726 0.090253
v 0.075698 0.700726 0.085987
v 0.079842 0.441002 0.075569
v 0.065280 0.441002 0.090132
v 0.075577 0.441002 0.085867
v -0.074146 1.732773 0.852710
v -0.062100 1.720727 0.852710
v -0.062171 1.732702 0.864755
v -0.070618 1.724255 0.852681
v -0.069093 1.725781 0.859658
v -0.062136 1.724206 0.861227
v -0.070668 1.732738 0.861227
v -0.074146 1.852467 0.852710
v -0.062171 1.852537 0.864755
v -0.062100 1.864513 0.852710
v -0.070668 1.852502 0.861227
v -0.069093 1.859459 0.859658
v -0.062136 1.861034 0.861227
v -0.070618 1.860984 0.852681
v -0.063329 1.743590 -0.155126
v -0.051275 1.743599 -0.167171
v -0.051284 1.731544 -0.155126
v -0.059795 1.743594 -0.163643
v -0.058233 1.736640 -0.162082
v -0.051279 1.735079 -0.163643
v -0.059801 1.735072 -0.155130
v -0.051284 1.853696 -0.155126
v -0.051275 1.841641 -0.167171
v -0.063329 1.841650 -0.155126
v -0.051279 1.850161 -0.163643
v -0.058233 1.848600 -0.162082
v -0.059795 1.841645 -0.163643
v -0.059801 1.850168 -0.155130
v 0.069639 1.732773 0.852710
v 0.057664 1.732702 0.864755
v 0.057593 1.720727 0.852710
v 0.066161 1.732738 0.861227
v 0.064585 1.725781 0.859658
v 0.057629 1.724206 0.861227
v 0.066111 1.724255 0.852681
v 0.069639 1.852467 0.852710
v 0.057593 1.864513 0.852710
v 0.057664 1.852537 0.864755
v 0.066111 1.860984 0.852681
v 0.064585 1.859459 0.859658
v 0.057629 1.861034 0.861227
v 0.066161 1.852502 0.861227
v 0.046776 1.731544 -0.155126
v 0.046768 1.743599 -0.167171
v 0.058822 1.743590 -0.155126
v 0.046772 1.735079 -0.163643
v 0.053726 1.736640 -0.162082
v 0.055287 1.743594 -0.163643
v 0.055294 1.735072 -0.155130
v 0.046777 1.853696 -0.155126
v 0.058822 1.841650 -0.155126
v 0.046768 1.841641 -0.167171
v 0.055294 1.850168 -0.155130
v 0.053726 1.848600 -0.162082
v 0.055287 1.841645 -0.163643
v 0.046772 1.850161 -0.163643
v -0.051413 1.731414 0.004816
v -0.063459 1.743460 0.004816
v -0.059931 1.734943 0.004816
v -0.053018 1.729809 0.176804
v -0.065064 1.741855 0.176804
v -0.061536 1.733337 0.176804
v -0.055747 1.727080 0.348792
v -0.067793 1.739127 0.348792
v -0.064265 1.730609 0.348792
v -0.058749 1.724079 0.520779
v -0.070795 1.736125 0.520779
v -0.067266 1.727607 0.520779
v -0.061173 1.721654 0.692767
v -0.073219 1.733700 0.692767
v -0.069691 1.725183 0.692767
v -0.073219 1.851539 0.692767
v -0.061173 1.863585 0.692767
v -0.069691 1.860057 0.692767
v -0.058749 1.861161 0.520779
v -0.070795 1.849115 0.520779
v -0.067266 1.857633 0.520779
v -0.055747 1.858159 0.348792
v -0.067793 1.846113 0.348792
v -0.064265 1.854631 0.348792
v -0.053018 1.855430 0.176804
v -0.065064 1.843385 0.176804
v -0.061536 1.851902 0.176804
v -0.063459 1.841779 0.004816
v -0.051413 1.853825 0.004816
v -0.059931 1.850297 0.004816
v 0.068712 1.733700 0.692767
v 0.056666 1.721654 0.692767
v 0.065184 1.725183 0.692767
v 0.054241 1.724079 0.520779
v 0.066287 1.736125 0.520779
v 0.062759 1.727607 0.520779
v 0.051240 1.727080 0.348792
v 0.063286 1.739127 0.348792
v 0.059757 1.730609 0.348792
v 0.048511 1.729809 0.176804
v 0.060557 1.741855 0.176804
v 0.057029 1.733337 0.176804
v 0.058952 1.743460 0.004816
v 0.046906 1.731414 0.004816
v 0.055424 1.734943 0.004816
v 0.046906 1.853825 0.004816
v 0.058952 1.841779 0.004816
v 0.055424 1.850297 0.004816
v 0.048511 1.855430 0.176804
v 0.060557 1.843385 0.176804
v 0.057029 1.851902 0.176804
v 0.051240 1.858159 0.348792
v 0.063286 1.846113 0.348792
v 0.059757 1.854631 0.348792
v 0.054241 1.861161 0.520779
v 0.066287 1.849115 0.520779
v 0.062759 1.857633 0.520779
v 0.056666 1.863585 0.692767
v 0.068712 1.851539 0.692767
v 0.065184 1.860057 0.692767
v 0.025526 1.750839 0.098661
v 0.025526 1.742310 0.090132
v 0.034055 1.742310 0.098661
v 0.025526 1.748340 0.092630
v 0.030450 1.747234 0.093736
v 0.031557 1.742310 0.092630
v 0.031557 1.748340 0.098661
v 0.025526 1.388070 0.090132
v 0.025526 1.379542 0.098661
v 0.034055 1.388070 0.098661
v 0.025526 1.382040 0.092630
v 0.030450 1.383146 0.093736
v 0.031557 1.382040 0.098661
v 0.031557 1.388070 0.092630
v 0.025526 1.750839 0.154220
v 0.034055 1.742310 0.154220
v 0.025526 1.742310 0.162749
v 0.031557 1.748340 0.154220
v 0.030450 1.747234 0.159144
v 0.031557 1.742310 0.160251
v 0.025526 1.748340 0.160251
v 0.025526 1.379542 0.154220
v 0.025526 1.388070 0.162749
v 0.034055 1.388070 0.154220
v 0.025526 1.382040 0.160251
v 0.030450 1.383146 0.159144
v 0.031557 1.388070 0.160251
v 0.031557 1.382040 0.154220
v -0.030033 1.750839 0.098661
v -0.038562 1.742310 0.098661
v -0.030033 1.742310 0.090132
v -0.036064 1.748340 0.098661
v -0.034957 1.747234 0.093736
v -0.036064 1.742310 0.092630
v -0.030033 1.748340 0.092630
v -0.030033 1.379542 0.098661
v -0.030033 1.388070 0.090132
v -0.038562 1.388070 0.098661
v -0.030033 1.382040 0.092630
v -0.034957 1.383146 0.093736
v -0.036064 1.388070 0.092630
v -0.036064 1.382040 0.098661
v -0.030033 1.750839 0.154220
v -0.030033 1.742310 0.162749
v -0.038562 1.742310 0.154220
v -0.030033 1.748340 0.160251
v -0.034957 1.747234 0.159144
v -0.036064 1.742310 0.160251
v -0.036064 1.748340 0.154220
v -0.030033 1.379542 0.154220
v -0.038562 1.388070 0.154220
v -0.030033 1.388070 0.162749
v -0.036064 1.382040 0.154220
v -0.034957 1.383146 0.159144
v -0.036064 1.388070 0.160251
v -0.030033 1.382040 0.160251
v -0.049521 1.252875 0.085747
v -0.040621 1.241730 0.076358
v -0.040621 1.238671 0.082697
v -0.046914 1.246094 0.079660
v -0.045760 1.240184 0.079542
v -0.040621 1.236051 0.077504
v -0.046914 1.243931 0.084143
v -0.040621 1.735768 0.579819
v -0.040621 1.742499 0.576738
v -0.049521 1.733594 0.566443
v -0.040621 1.740528 0.581327
v -0.045760 1.738943 0.577922
v -0.046914 1.739890 0.571590
v -0.046916 1.733466 0.574459
v -0.040621 1.355698 0.081273
v -0.049521 1.359962 0.090365
v -0.040621 1.370007 0.088719
v -0.046914 1.357909 0.083978
v -0.045760 1.363002 0.084667
v -0.046913 1.366465 0.088418
v -0.040621 1.363572 0.083613
v -0.049521 1.733556 0.463970
v -0.040621 1.742458 0.468421
v -0.040621 1.735355 0.454153
v -0.046914 1.739477 0.467307
v -0.045760 1.739074 0.461207
v -0.040621 1.740749 0.460365
v -0.046914 1.734455 0.457218
v 0.036114 1.241730 0.076358
v 0.045014 1.252875 0.085747
v 0.036114 1.238671 0.082697
v 0.042407 1.247382 0.079211
v 0.041252 1.240785 0.079833
v 0.042409 1.244440 0.085443
v 0.036114 1.237151 0.078056
v 0.045014 1.733594 0.566443
v 0.036114 1.742499 0.576738
v 0.036114 1.735768 0.579819
v 0.042407 1.739441 0.572796
v 0.041252 1.739196 0.578471
v 0.036114 1.740978 0.582254
v 0.042407 1.734682 0.574974
v 0.036114 1.355698 0.081273
v 0.036114 1.370007 0.088719
v 0.045014 1.359962 0.090365
v 0.036114 1.363811 0.083192
v 0.041252 1.362878 0.084908
v 0.042407 1.366826 0.089622
v 0.042407 1.356708 0.084357
v 0.036114 1.735355 0.454153
v 0.036114 1.742458 0.468421
v 0.045014 1.733556 0.463970
v 0.036114 1.740376 0.460555
v 0.041252 1.739305 0.461092
v 0.042407 1.739850 0.466195
v 0.042407 1.735568 0.457587
v -0.040621 1.312840 0.168187
v -0.049521 1.323264 0.166891
v -0.046914 1.315893 0.167807
v -0.040621 1.388004 0.267513
v -0.049521 1.396526 0.263711
v -0.046914 1.390500 0.266399
v -0.040621 1.467621 0.360290
v -0.049521 1.474148 0.354159
v -0.046914 1.469533 0.358494
v -0.040621 1.557892 0.437400
v -0.049521 1.562201 0.429366
v -0.046914 1.559154 0.435047
v -0.049521 1.654550 0.498147
v -0.040621 1.652615 0.507963
v -0.046914 1.653182 0.505088
v -0.040621 1.672580 0.406686
v -0.049521 1.670662 0.416414
v -0.046914 1.672018 0.409535
v -0.040621 1.602684 0.353882
v -0.049521 1.598418 0.361838
v -0.046914 1.601435 0.356213
v -0.040621 1.536559 0.295535
v -0.049521 1.530126 0.301578
v -0.046914 1.534675 0.297305
v -0.040621 1.476730 0.227928
v -0.049521 1.468293 0.231692
v -0.046914 1.474259 0.229030
v -0.049521 1.410344 0.156061
v -0.040621 1.420671 0.154777
v -0.046914 1.417646 0.155153
v 0.045014 1.670662 0.416414
v 0.036114 1.672580 0.406686
v 0.042407 1.672018 0.409535
v 0.045014 1.598418 0.361838
v 0.036114 1.602684 0.353882
v 0.042407 1.601435 0.356213
v 0.045014 1.530126 0.301578
v 0.036114 1.536559 0.295535
v 0.042407 1.534675 0.297305
v 0.045014 1.468293 0.231692
v 0.036114 1.476730 0.227928
v 0.042407 1.474259 0.229030
v 0.036114 1.420671 0.154777
v 0.045014 1.410344 0.156061
v 0.042407 1.417646 0.155153
v 0.036114 1.652615 0.507963
v 0.045014 1.654550 0.498147
v 0.042407 1.653182 0.505088
v 0.036114 1.557892 0.437400
v 0.045014 1.562201 0.429366
v 0.042407 1.559154 0.435047
v 0.036114 1.467621 0.360290
v 0.045014 1.474148 0.354159
v 0.042407 1.469533 0.358494
v 0.036114 1.388004 0.267513
v 0.045014 1.396526 0.263711
v 0.042407 1.390500 0.266399
v 0.045014 1.323264 0.166891
v 0.036114 1.312840 0.168187
v 0.042407 1.315893 0.167807
v -0.086417 0.776870 0.087172
v -0.091282 0.780488 0.090097
v -0.084314 0.780488 0.097064
v -0.081390 0.776870 0.092200
v -0.087859 0.780015 0.088635
v -0.086055 0.780076 0.091838
v -0.087858 0.780894 0.093640
v -0.082852 0.780015 0.093641
v -0.084944 0.776854 0.090727
v -0.084314 0.780488 -0.080992
v -0.091282 0.780488 -0.074025
v -0.086417 0.776870 -0.071100
v -0.081390 0.776870 -0.076127
v -0.087858 0.780894 -0.077568
v -0.086055 0.780076 -0.075766
v -0.087859 0.780015 -0.072562
v -0.084944 0.776853 -0.074655
v -0.082852 0.780015 -0.077569
v 0.086775 0.780488 -0.074025
v 0.079807 0.780488 -0.080992
v 0.076882 0.776870 -0.076127
v 0.081910 0.776870 -0.071100
v 0.083351 0.780894 -0.077568
v 0.081548 0.780076 -0.075766
v 0.078345 0.780015 -0.077569
v 0.080437 0.776853 -0.074655
v 0.083352 0.780015 -0.072562
v 0.079807 0.780488 0.097064
v 0.086775 0.780488 0.090097
v 0.081910 0.776870 0.087172
v 0.076882 0.776870 0.092200
v 0.083351 0.780894 0.093640
v 0.081548 0.780076 0.091838
v 0.083352 0.780015 0.088635
v 0.080437 0.776853 0.090727
v 0.078345 0.780015 0.093641
v -0.080417 0.657078 0.091227
v -0.083258 0.653477 0.096005
v -0.090222 0.653477 0.089041
v -0.085444 0.657078 0.086199
v -0.081838 0.653938 0.092609
v -0.085026 0.653872 0.090808
v -0.086801 0.653066 0.092584
v -0.086827 0.653938 0.087620
v -0.083972 0.657061 0.089754
v -0.080417 0.657078 -0.075154
v -0.085444 0.657078 -0.070127
v -0.090222 0.653477 -0.072969
v -0.083258 0.653477 -0.079933
v -0.083972 0.657061 -0.073682
v -0.085026 0.653872 -0.074736
v -0.086827 0.653938 -0.071548
v -0.086801 0.653066 -0.076512
v -0.081838 0.653938 -0.076537
v 0.080937 0.657078 -0.070127
v 0.075909 0.657078 -0.075154
v 0.078751 0.653477 -0.079933
v 0.085715 0.653477 -0.072969
v 0.079464 0.657061 -0.073682
v 0.080519 0.653872 -0.074736
v 0.077330 0.653938 -0.076537
v 0.082294 0.653066 -0.076512
v 0.082320 0.653938 -0.071548
v 0.075909 0.657078 0.091227
v 0.080937 0.657078 0.086199
v 0.085715 0.653477 0.089041
v 0.078751 0.653477 0.096005
v 0.079464 0.657061 0.089754
v 0.080519 0.653872 0.090808
v 0.082320 0.653938 0.087620
v 0.082294 0.653066 0.092584
v 0.077330 0.653938 0.092609
v -0.112404 0.666586 0.123214
v -0.117431 0.666586 0.118186
v -0.112546 0.660118 0.111364
v -0.105582 0.660118 0.118328
v -0.115958 0.666559 0.121741
v -0.113941 0.662545 0.119724
v -0.115973 0.662607 0.114775
v -0.109125 0.659707 0.114907
v -0.108993 0.662607 0.121755
v -0.118759 0.767362 0.119513
v -0.113731 0.767362 0.124541
v -0.107033 0.773813 0.119783
v -0.114001 0.773813 0.112816
v -0.117286 0.767334 0.123068
v -0.115357 0.771391 0.121139
v -0.110382 0.771337 0.123175
v -0.110577 0.774220 0.116359
v -0.117393 0.771337 0.116165
v 0.102526 0.773813 0.119783
v 0.109224 0.767362 0.124541
v 0.114251 0.767362 0.119513
v 0.109494 0.773813 0.112816
v 0.105875 0.771337 0.123175
v 0.110850 0.771391 0.121139
v 0.112778 0.767334 0.123068
v 0.112885 0.771337 0.116165
v 0.106070 0.774220 0.116359
v 0.109494 0.773813 -0.096744
v 0.114251 0.767362 -0.103441
v 0.109224 0.767362 -0.108469
v 0.102526 0.773813 -0.103711
v 0.112885 0.771337 -0.100092
v 0.110850 0.771391 -0.105067
v 0.112778 0.767334 -0.106996
v 0.105875 0.771337 -0.107103
v 0.106070 0.774220 -0.100287
v -0.107033 0.773813 -0.103711
v -0.113731 0.767362 -0.108469
v -0.118759 0.767362 -0.103441
v -0.114001 0.773813 -0.096744
v -0.110382 0.771337 -0.107103
v -0.115357 0.771391 -0.105067
v -0.117286 0.767334 -0.106996
v -0.117393 0.771337 -0.100092
v -0.110577 0.774220 -0.100287
v -0.112404 0.666586 -0.107142
v -0.105582 0.660118 -0.102256
v -0.112546 0.660118 -0.095292
v -0.117431 0.666586 -0.102114
v -0.108993 0.662607 -0.105683
v -0.113941 0.662545 -0.103652
v -0.109125 0.659707 -0.098835
v -0.115973 0.662607 -0.098703
v -0.115958 0.666559 -0.105669
v 0.112924 0.666586 -0.102114
v 0.108039 0.660118 -0.095292
v 0.101075 0.660118 -0.102256
v 0.107896 0.666586 -0.107142
v 0.111466 0.662607 -0.098703
v 0.109434 0.662545 -0.103652
v 0.104618 0.659707 -0.098835
v 0.104485 0.662607 -0.105683
v 0.111451 0.666559 -0.105669
v 0.107896 0.666586 0.123214
v 0.101075 0.660118 0.118328
v 0.108039 0.660118 0.111364
v 0.112924 0.666586 0.118186
v 0.104485 0.662607 0.121755
v 0.109434 0.662545 0.119724
v 0.104618 0.659707 0.114907
v 0.111466 0.662607 0.114775
v 0.111451 0.666559 0.121741
v -0.164943 0.083887 0.170726
v -0.164943 0.089746 0.176585
v -0.170803 0.089746 0.170726
v -0.164943 0.085603 0.174869
v -0.168326 0.086363 0.174109
v -0.169086 0.089746 0.174869
v -0.169086 0.085603 0.170726
v -0.164943 0.153679 0.176585
v -0.158078 0.162573 0.171572
v -0.165790 0.162573 0.163861
v -0.170803 0.153679 0.170726
v -0.161511 0.158711 0.175117
v -0.167071 0.158819 0.172853
v -0.162181 0.163390 0.167964
v -0.169334 0.158711 0.167293
v -0.169086 0.153679 0.174869
v -0.164943 0.083887 -0.154653
v -0.170803 0.089746 -0.154653
v -0.164943 0.089746 -0.160513
v -0.169086 0.085603 -0.154653
v -0.168326 0.086363 -0.158036
v -0.169086 0.089746 -0.158797
v -0.164943 0.085603 -0.158797
v -0.165790 0.162573 -0.147789
v -0.158078 0.162573 -0.155500
v -0.164943 0.153679 -0.160513
v -0.170803 0.153679 -0.154653
v -0.162181 0.163390 -0.151891
v -0.167071 0.158819 -0.156781
v -0.161511 0.158711 -0.159045
v -0.169086 0.153679 -0.158797
v -0.169334 0.158711 -0.151221
v 0.160436 0.083887 0.170726
v 0.166295 0.089746 0.170726
v 0.160436 0.089746 0.176585
v 0.164579 0.085603 0.170726
v 0.163819 0.086363 0.174109
v 0.164579 0.089746 0.174869
v 0.160436 0.085603 0.174869
v 0.161282 0.162573 0.163861
v 0.153571 0.162573 0.171572
v 0.160436 0.153679 0.176585
v 0.166295 0.153679 0.170726
v 0.157674 0.163390 0.167964
v 0.162563 0.158819 0.172853
v 0.157003 0.158711 0.175117
v 0.164579 0.153679 0.174869
v 0.164827 0.158711 0.167293
v 0.160436 0.083887 -0.154653
v 0.160436 0.089746 -0.160513
v 0.166295 0.089746 -0.154653
v 0.160436 0.085603 -0.158797
v 0.163819 0.086363 -0.158036
v 0.164579 0.089746 -0.158797
v 0.164579 0.085603 -0.154653
v 0.153571 0.162573 -0.155500
v 0.161282 0.162573 -0.147789
v 0.166295 0.153679 -0.154653
v 0.160436 0.153679 -0.160513
v 0.157674 0.163390 -0.151891
v 0.162563 0.158819 -0.156781
v 0.164827 0.158711 -0.151221
v 0.164579 0.153679 -0.158797
v 0.157003 0.158711 -0.159045
v 0.115551 0.185583 -0.117480
v 0.112390 0.188617 -0.106607
v 0.123263 0.185583 -0.109769
v 0.113971 0.187728 -0.112219
v 0.117436 0.187504 -0.111653
v 0.118002 0.187728 -0.108188
v 0.119654 0.186400 -0.113872
v -0.120058 0.185583 -0.117480
v -0.127770 0.185583 -0.109769
v -0.116897 0.188617 -0.106607
v -0.124161 0.186400 -0.113872
v -0.121943 0.187504 -0.111653
v -0.122509 0.187728 -0.108188
v -0.118478 0.187728 -0.112219
v -0.127770 0.185583 0.125841
v -0.120058 0.185583 0.133552
v -0.116897 0.188617 0.122680
v -0.124161 0.186400 0.129944
v -0.121943 0.187504 0.127725
v -0.118478 0.187728 0.128291
v -0.122509 0.187728 0.124260
v 0.123263 0.185583 0.125841
v 0.112390 0.188617 0.122680
v 0.115551 0.185583 0.133552
v 0.118002 0.187728 0.124260
v 0.117436 0.187504 0.127725
v 0.113971 0.187728 0.128291
v 0.119654 0.186400 0.129944
v 0.088381 1.697515 0.748269
v 0.092851 1.701986 0.748269
v 0.091542 1.698825 0.748269
v 0.092851 1.883254 0.748269
v 0.088381 1.887724 0.748269
v 0.091542 1.886415 0.748269
v 0.093506 1.701331 0.809253
v 0.089035 1.696860 0.809253
v 0.092196 1.698170 0.809253
v -0.093543 1.696860 0.809253
v -0.098013 1.701331 0.809253
v -0.096704 1.698170 0.809253
v -0.098013 1.883909 0.809253
v -0.093543 1.888379 0.809253
v -0.096704 1.887070 0.809253
v -0.092888 1.887724 0.748269
v -0.097358 1.883254 0.748269
v -0.096049 1.886415 0.748269
v -0.097358 1.701986 0.748269
v -0.092888 1.697515 0.748269
v -0.096049 1.698825 0.748269
v 0.089035 1.888379 0.809253
v 0.093506 1.883909 0.809253
v 0.092196 1.887070 0.809253
v -0.081510 1.708886 0.816880
v -0.085988 1.713363 0.816880
v -0.084676 1.710197 0.816880
v 0.081481 1.713363 0.816880
v 0.077003 1.708886 0.816880
v 0.080169 1.710197 0.816880
v 0.081481 1.871876 0.816880
v 0.077003 1.876354 0.816880
v 0.080169 1.875043 0.816880
v -0.081510 1.876354 0.816880
v -0.085988 1.871876 0.816880
v -0.084676 1.875043 0.816880
v -0.080938 1.875781 0.740641
v -0.085415 1.871304 0.740641
v -0.084104 1.874470 0.740641
v 0.080908 1.871304 0.740641
v 0.076430 1.875781 0.740641
v 0.079597 1.874470 0.740641
v -0.085415 1.713936 0.740641
v -0.080938 1.709458 0.740641
v -0.084104 1.710770 0.740641
v 0.080908 1.713936 0.740641
v 0.076430 1.709458 0.740641
v 0.079597 1.710770 0.740641
v 0.069402 1.724917 0.725371
v 0.072660 1.722217 0.723631
v 0.068149 1.717706 0.723631
v 0.065449 1.720964 0.725371
v 0.070349 1.723567 0.723224
v 0.069102 1.721264 0.723147
v 0.070578 1.719788 0.723117
v 0.066799 1.720017 0.723224
v 0.068244 1.722122 0.725364
v 0.069402 1.860323 0.725371
v 0.065449 1.864276 0.725371
v 0.068149 1.867534 0.723631
v 0.072660 1.863022 0.723631
v 0.068244 1.863118 0.725364
v 0.069102 1.863975 0.723147
v 0.066799 1.865223 0.723224
v 0.070578 1.865452 0.723117
v 0.070349 1.861672 0.723224
v -0.074363 1.724463 0.832152
v -0.077662 1.721723 0.833902
v -0.073150 1.717211 0.833902
v -0.070410 1.720510 0.832152
v -0.075336 1.723093 0.834302
v -0.074088 1.720786 0.834377
v -0.075578 1.719296 0.834414
v -0.071780 1.719537 0.834302
v -0.073205 1.721668 0.832145
v -0.074363 1.860777 0.832152
v -0.070410 1.864729 0.832152
v -0.073150 1.868028 0.833902
v -0.077662 1.863516 0.833902
v -0.073205 1.863572 0.832145
v -0.074088 1.864454 0.834377
v -0.071780 1.865703 0.834302
v -0.075578 1.865944 0.834414
v -0.075336 1.862147 0.834302
v -0.073909 1.860323 0.725371
v -0.077168 1.863022 0.723631
v -0.072656 1.867534 0.723631
v -0.069956 1.864276 0.725371
v -0.074857 1.861672 0.723224
v -0.073609 1.863975 0.723147
v -0.075086 1.865452 0.723117
v -0.071306 1.865223 0.723224
v -0.072751 1.863118 0.725364
v -0.073909 1.724917 0.725371
v -0.069956 1.720964 0.725371
v -0.072656 1.717706 0.723631
v -0.077168 1.722217 0.723631
v -0.072751 1.722122 0.725364
v -0.073609 1.721264 0.723147
v -0.071306 1.720017 0.723224
v -0.075086 1.719788 0.723117
v -0.074857 1.723567 0.723224
v 0.069856 1.860777 0.832152
v 0.073155 1.863516 0.833902
v 0.068643 1.868028 0.833902
v 0.065903 1.864729 0.832152
v 0.070829 1.862147 0.834302
v 0.069581 1.864454 0.834377
v 0.071071 1.865944 0.834414
v 0.067273 1.865703 0.834302
v 0.068698 1.863572 0.832145
v 0.069856 1.724463 0.832152
v 0.065903 1.720510 0.832152
v 0.068643 1.717211 0.833902
v 0.073155 1.721723 0.833902
v 0.068698 1.721668 0.832145
v 0.069581 1.720786 0.834377
v 0.067273 1.719537 0.834302
v 0.071071 1.719296 0.834414
v 0.070829 1.723093 0.834302
v 0.076842 1.876202 0.729489
v 0.081328 1.871715 0.729489
v 0.080014 1.874887 0.729489
v 0.077411 1.708468 0.828034
v 0.081898 1.712955 0.828034
v 0.080584 1.709782 0.828034
v 0.077411 1.876771 0.828034
v 0.081898 1.872285 0.828034
v 0.080584 1.875457 0.828034
v -0.086405 1.712955 0.828034
v -0.081918 1.708468 0.828034
v -0.085091 1.709782 0.828034
v -0.086405 1.872285 0.828034
v -0.081918 1.876771 0.828034
v -0.085091 1.875457 0.828034
v -0.085835 1.871715 0.729489
v -0.081349 1.876202 0.729489
v -0.084521 1.874887 0.729489
v -0.081349 1.709038 0.729489
v -0.085835 1.713525 0.729489
v -0.084521 1.710352 0.729489
v 0.076842 1.709038 0.729489
v 0.081328 1.713525 0.729489
v 0.080014 1.710352 0.729489
v -0.112849 1.132320 0.870338
v -0.112849 1.468281 0.870338
v -0.112849 1.132320 0.649147
v -0.112849 1.468281 0.649147
v 0.108342 1.132320 0.870338
v 0.108342 1.468281 0.870338
v 0.108342 1.132320 0.649147
v 0.108342 1.468281 0.649147
v -0.096038 1.317229 0.853527
v -0.096038 1.283372 0.853527
v -0.096038 1.283372 0.665958
v -0.096038 1.317229 0.665958
v 0.091531 1.283372 0.665958
v 0.091531 1.317229 0.665958
v 0.091531 1.283372 0.853527
v 0.091531 1.317229 0.853527
v 0.108026 1.135152 0.867162
v 0.111191 1.132320 0.869158
v 0.107161 1.132320 0.873187
v 0.105165 1.135152 0.870023
v 0.109084 1.133149 0.868160
v 0.108140 1.133160 0.870136
v 0.110011 1.132320 0.872007
v 0.106163 1.133149 0.871080
v 0.107174 1.135280 0.869170
v 0.105165 1.465449 0.870023
v 0.107063 1.466980 0.872873
v 0.110876 1.466980 0.869059
v 0.108026 1.465449 0.867162
v 0.106114 1.467071 0.870988
v 0.107985 1.467107 0.869981
v 0.109062 1.467338 0.871058
v 0.108992 1.467071 0.868110
v 0.107174 1.465321 0.869170
v 0.091531 1.283372 0.850666
v 0.088670 1.283372 0.853527
v 0.090693 1.283372 0.852689
v 0.088670 1.317229 0.853527
v 0.091531 1.317229 0.850666
v 0.090693 1.317229 0.852689
v 0.072705 1.464705 0.872810
v 0.075554 1.467573 0.873098
v 0.075554 1.465449 0.870023
v 0.073539 1.466725 0.873019
v 0.073909 1.466777 0.871377
v 0.075554 1.467252 0.871048
v 0.073539 1.465224 0.870845
v 0.072705 1.135169 0.872891
v 0.075554 1.135152 0.870023
v 0.075554 1.132320 0.873187
v 0.073539 1.135095 0.870870
v 0.073909 1.133507 0.871401
v 0.075554 1.133149 0.871080
v 0.073539 1.133154 0.873039
v 0.072705 1.316988 0.856370
v 0.075554 1.317229 0.853527
v 0.073539 1.317158 0.854360
v 0.075554 1.283372 0.853527
v 0.072705 1.283613 0.856370
v 0.073539 1.283442 0.854360
v 0.110895 1.135169 0.834701
v 0.111191 1.132320 0.837550
v 0.108026 1.135152 0.837550
v 0.111108 1.133158 0.835535
v 0.109417 1.133520 0.835905
v 0.109080 1.133145 0.837550
v 0.108870 1.135160 0.835535
v 0.110814 1.464705 0.834701
v 0.108026 1.465449 0.837550
v 0.111102 1.467573 0.837550
v 0.108833 1.465142 0.835535
v 0.109396 1.466756 0.835905
v 0.109058 1.467244 0.837550
v 0.111104 1.466710 0.835535
v 0.091531 1.317229 0.837550
v 0.094374 1.316988 0.834701
v 0.092363 1.317158 0.835535
v 0.094374 1.283613 0.834701
v 0.091531 1.283372 0.837550
v 0.092363 1.283442 0.835535
v 0.097411 1.285571 0.862609
v 0.100613 1.285571 0.859407
v 0.099519 1.285626 0.861515
v 0.100613 1.315030 0.859407
v 0.097411 1.315030 0.862609
v 0.099519 1.314975 0.861515
v 0.113713 1.461158 0.878793
v 0.116797 1.461158 0.875709
v 0.114771 1.465236 0.872862
v 0.110865 1.465236 0.876767
v 0.115785 1.461039 0.877781
v 0.115087 1.463523 0.877083
v 0.116389 1.463540 0.874346
v 0.112888 1.465509 0.874884
v 0.112349 1.463540 0.878386
v 0.116806 1.135150 0.875709
v 0.113713 1.135150 0.878802
v 0.110517 1.132320 0.876543
v 0.114547 1.132320 0.872513
v 0.115788 1.135264 0.877785
v 0.115075 1.133158 0.877071
v 0.112170 1.133149 0.878329
v 0.113237 1.132320 0.875234
v 0.116333 1.133149 0.874166
v 0.075530 1.316047 0.865535
v 0.072705 1.316420 0.863070
v 0.073532 1.316211 0.864970
v 0.072705 1.284181 0.863070
v 0.075530 1.284553 0.865535
v 0.073532 1.284390 0.864970
v 0.072705 1.462997 0.879460
v 0.075544 1.462227 0.882015
v 0.075551 1.465771 0.879564
v 0.073536 1.462541 0.881372
v 0.073920 1.464215 0.881169
v 0.075613 1.464437 0.881423
v 0.073538 1.464983 0.879666
v 0.072705 1.135169 0.879389
v 0.075554 1.132320 0.879472
v 0.075543 1.135152 0.882022
v 0.073539 1.133154 0.879430
v 0.073918 1.133535 0.881101
v 0.075603 1.133149 0.881399
v 0.073536 1.135230 0.881341
v 0.101074 1.316420 0.834701
v 0.103539 1.316047 0.837526
v 0.102974 1.316211 0.835528
v 0.103539 1.284553 0.837526
v 0.101074 1.284181 0.834701
v 0.102974 1.284390 0.835528
v 0.117464 1.462997 0.834701
v 0.117568 1.465771 0.837547
v 0.120019 1.462227 0.837540
v 0.117670 1.464983 0.835534
v 0.119173 1.464215 0.835916
v 0.119427 1.464437 0.837609
v 0.119376 1.462541 0.835532
v 0.117392 1.135169 0.834701
v 0.120026 1.135152 0.837540
v 0.117476 1.132320 0.837550
v 0.119345 1.135230 0.835532
v 0.119105 1.133535 0.835914
v 0.119403 1.133149 0.837600
v 0.117434 1.133154 0.835535
v -0.134260 1.131196 0.892873
v -0.134260 1.132320 0.891749
v -0.135384 1.131196 0.891749
v -0.134260 1.131990 0.892543
v -0.134909 1.131845 0.892398
v -0.135055 1.131990 0.891749
v -0.135055 1.131196 0.892543
v -0.134260 1.469405 0.892873
v -0.135384 1.469405 0.891749
v -0.134260 1.468281 0.891749
v -0.135055 1.469405 0.892543
v -0.134909 1.468756 0.892398
v -0.135055 1.468610 0.891749
v -0.134260 1.468610 0.892543
v -0.135384 1.131196 0.627736
v -0.134260 1.132320 0.627736
v -0.134260 1.131196 0.626612
v -0.135055 1.131990 0.627736
v -0.134909 1.131845 0.627087
v -0.134260 1.131990 0.626942
v -0.135055 1.131196 0.626942
v -0.135384 1.469405 0.627736
v -0.134260 1.469405 0.626612
v -0.134260 1.468281 0.627736
v -0.135055 1.469405 0.626942
v -0.134909 1.468756 0.627087
v -0.134260 1.468610 0.626942
v -0.135055 1.468610 0.627736
v 0.129753 1.131196 0.892873
v 0.130877 1.131196 0.891749
v 0.129753 1.132320 0.891749
v 0.130547 1.131196 0.892543
v 0.130402 1.131845 0.892398
v 0.130547 1.131990 0.891749
v 0.129753 1.131990 0.892543
v 0.130877 1.469405 0.891749
v 0.129753 1.469405 0.892873
v 0.129753 1.468281 0.891749
v 0.130547 1.469405 0.892543
v 0.130402 1.468756 0.892398
v 0.129753 1.468610 0.892543
v 0.130547 1.468610 0.891749
v 0.129753 1.131196 0.626612
v 0.129753 1.132320 0.627736
v 0.130877 1.131196 0.627736
v 0.129753 1.131990 0.626942
v 0.130402 1.131845 0.627087
v 0.130547 1.131990 0.627736
v 0.130547 1.131196 0.626942
v 0.130877 1.469405 0.627736
v 0.129753 1.468281 0.627736
v 0.129753 1.469405 0.626612
v 0.130547 1.468610 0.627736
v 0.130402 1.468756 0.627087
v 0.129753 1.468610 0.626942
v 0.130547 1.469405 0.626942
v -0.132704 1.121298 0.891768
v -0.134260 1.122630 0.892873
v -0.135384 1.122630 0.891749
v -0.134279 1.121298 0.890193
v -0.133482 1.121774 0.892549
v -0.134601 1.121765 0.892090
v -0.135055 1.122630 0.892543
v -0.135060 1.121774 0.890971
v -0.133497 1.121237 0.890986
v 0.128196 1.121298 0.891768
v 0.129772 1.121298 0.890193
v 0.130877 1.122630 0.891749
v 0.129753 1.122630 0.892873
v 0.128990 1.121237 0.890986
v 0.130094 1.121765 0.892090
v 0.130553 1.121774 0.890971
v 0.130547 1.122630 0.892543
v 0.128975 1.121774 0.892549
v -0.134279 1.121298 0.629292
v -0.135384 1.122630 0.627736
v -0.134260 1.122630 0.626612
v -0.132704 1.121298 0.627717
v -0.135060 1.121774 0.628514
v -0.134601 1.121765 0.627395
v -0.135055 1.122630 0.626942
v -0.133482 1.121774 0.626936
v -0.133497 1.121237 0.628499
v 0.128196 1.121298 0.627717
v 0.129753 1.122630 0.626612
v 0.130877 1.122630 0.627736
v 0.129772 1.121298 0.629292
v 0.128975 1.121774 0.626936
v 0.130094 1.121765 0.627395
v 0.130547 1.122630 0.626942
v 0.130553 1.121774 0.628514
v 0.128990 1.121237 0.628499
v -0.125960 1.118605 0.882230
v -0.124741 1.118605 0.883449
v -0.125489 1.119937 0.884553
v -0.127064 1.119937 0.882978
v -0.125603 1.118605 0.883092
v -0.125863 1.119455 0.883352
v -0.125115 1.119461 0.883772
v -0.126282 1.119877 0.883771
v -0.126283 1.119461 0.882604
v -0.125960 1.118605 0.637255
v -0.127064 1.119937 0.636507
v -0.125489 1.119937 0.634932
v -0.124741 1.118605 0.636036
v -0.126283 1.119461 0.636881
v -0.125863 1.119455 0.636133
v -0.126282 1.119877 0.635714
v -0.125115 1.119461 0.635713
v -0.125603 1.118605 0.636393
v 0.120234 1.118605 0.636036
v 0.120982 1.119937 0.634932
v 0.122557 1.119937 0.636507
v 0.121453 1.118605 0.637255
v 0.120608 1.119461 0.635713
v 0.121356 1.119455 0.636133
v 0.121775 1.119877 0.635714
v 0.121776 1.119461 0.636881
v 0.121096 1.118605 0.636393
v 0.120234 1.118605 0.883449
v 0.121453 1.118605 0.882230
v 0.122557 1.119937 0.882978
v 0.120982 1.119937 0.884553
v 0.121096 1.118605 0.883092
v 0.121356 1.119455 0.883352
v 0.121776 1.119461 0.882604
v 0.121775 1.119877 0.883771
v 0.120608 1.119461 0.883772
v -0.125960 1.105736 0.882226
v -0.124737 1.105736 0.883449
v -0.125602 1.105736 0.883091
v -0.124737 1.105736 0.636036
v -0.125960 1.105736 0.637259
v -0.125602 1.105736 0.636394
v 0.120230 1.105736 0.883449
v 0.121453 1.105736 0.882226
v 0.121095 1.105736 0.883091
v 0.121453 1.105736 0.637259
v 0.120230 1.105736 0.636036
v 0.121095 1.105736 0.636394
v -0.114229 1.094904 0.872946
v -0.115457 1.094904 0.871718
v -0.115098 1.094904 0.872586
v -0.115457 1.094904 0.647767
v -0.114229 1.094904 0.646539
v -0.115098 1.094904 0.646899
v 0.110950 1.094904 0.871718
v 0.109722 1.094904 0.872946
v 0.110590 1.094904 0.872586
v 0.109722 1.094904 0.646539
v 0.110950 1.094904 0.647767
v 0.110590 1.094904 0.646899
v 0.129777 1.473163 0.890227
v 0.128230 1.473163 0.891773
v 0.129753 1.471808 0.892873
v 0.130877 1.471808 0.891749
v 0.129010 1.473229 0.891007
v 0.130100 1.472680 0.892096
v 0.128992 1.472671 0.892551
v 0.130547 1.471808 0.892543
v 0.130554 1.472671 0.890988
v 0.129777 1.473163 0.629259
v 0.130877 1.471808 0.627736
v 0.129753 1.471808 0.626612
v 0.128230 1.473163 0.627712
v 0.130554 1.472671 0.628497
v 0.130100 1.472680 0.627389
v 0.130547 1.471808 0.626942
v 0.128992 1.472671 0.626935
v 0.129010 1.473229 0.628479
v -0.132738 1.473163 0.891773
v -0.134284 1.473163 0.890227
v -0.135384 1.471808 0.891749
v -0.134260 1.471808 0.892873
v -0.133518 1.473229 0.891007
v -0.134608 1.472680 0.892096
v -0.135062 1.472671 0.890988
v -0.135055 1.471808 0.892543
v -0.133499 1.472671 0.892551
v -0.134284 1.473163 0.629259
v -0.132738 1.473163 0.627712
v -0.134260 1.471808 0.626612
v -0.135384 1.471808 0.627736
v -0.133518 1.473229 0.628479
v -0.134608 1.472680 0.627389
v -0.133499 1.472671 0.626935
v -0.135055 1.471808 0.626942
v -0.135062 1.472671 0.628497
v -0.117545 1.476353 0.876579
v -0.119090 1.476353 0.875034
v -0.118637 1.476353 0.876126
v 0.114583 1.476353 0.875034
v 0.113038 1.476353 0.876579
v 0.114130 1.476353 0.876126
v 0.113038 1.476353 0.642906
v 0.114583 1.476353 0.644451
v 0.114130 1.476353 0.643359
v -0.119090 1.476353 0.644451
v -0.117545 1.476353 0.642906
v -0.118637 1.476353 0.643359
v -0.053087 1.505290 0.811878
v -0.054389 1.505290 0.810576
v -0.056536 1.504825 0.812481
v -0.054992 1.504825 0.814025
v -0.054008 1.505290 0.811497
v -0.055031 1.505171 0.812520
v -0.055484 1.505154 0.811528
v -0.055794 1.504956 0.813283
v -0.054039 1.505154 0.812973
v 0.048579 1.505290 0.811878
v 0.050485 1.504825 0.814025
v 0.052029 1.504825 0.812481
v 0.049882 1.505290 0.810576
v 0.049532 1.505154 0.812973
v 0.050524 1.505171 0.812520
v 0.051287 1.504956 0.813283
v 0.050977 1.505154 0.811528
v 0.049501 1.505290 0.811497
v -0.054389 1.505290 0.708910
v -0.053087 1.505290 0.707607
v -0.054992 1.504825 0.705460
v -0.056536 1.504825 0.707004
v -0.054008 1.505290 0.707988
v -0.055031 1.505171 0.706965
v -0.054039 1.505154 0.706512
v -0.055794 1.504956 0.706202
v -0.055484 1.505154 0.707957
v 0.049882 1.505290 0.708910
v 0.052029 1.504825 0.707004
v 0.050485 1.504825 0.705460
v 0.048579 1.505290 0.707607
v 0.050977 1.505154 0.707957
v 0.050524 1.505171 0.706965
v 0.051287 1.504956 0.706202
v 0.049532 1.505154 0.706512
v 0.049501 1.505290 0.707988
v -0.039596 1.505290 0.798376
v -0.040887 1.505290 0.797085
v -0.040509 1.505290 0.797998
v 0.036380 1.505290 0.797085
v 0.035089 1.505290 0.798376
v 0.036002 1.505290 0.797998
v 0.035089 1.505290 0.721109
v 0.036380 1.505290 0.722400
v 0.036002 1.505290 0.721487
v -0.040887 1.505290 0.722400
v -0.039596 1.505290 0.721109
v -0.040509 1.505290 0.721487
v -0.027582 1.530954 0.786351
v -0.028862 1.530954 0.785071
v -0.028487 1.530954 0.785976
v 0.024355 1.530954 0.785071
v 0.023075 1.530954 0.786351
v 0.023980 1.530954 0.785976
v -0.028862 1.530954 0.734414
v -0.027582 1.530954 0.733134
v -0.028487 1.530954 0.733509
v 0.023075 1.530954 0.733134
v 0.024355 1.530954 0.734414
v 0.023980 1.530954 0.733509
v -0.018719 1.559566 0.774890
v -0.017401 1.559566 0.776208
v -0.018333 1.559566 0.775822
v -0.028862 1.549423 0.785072
v -0.027583 1.549423 0.786351
v -0.028488 1.549423 0.785977
v -0.022483 1.558207 0.781280
v -0.023791 1.558207 0.779972
v -0.023408 1.558207 0.780896
v -0.026214 1.554494 0.784992
v -0.027503 1.554494 0.783703
v -0.027126 1.554494 0.784615
v 0.023076 1.549423 0.786351
v 0.024355 1.549423 0.785072
v 0.023980 1.549423 0.785977
v 0.012894 1.559566 0.776208
v 0.014212 1.559566 0.774890
v 0.013826 1.559566 0.775822
v 0.022996 1.554494 0.783703
v 0.021707 1.554494 0.784992
v 0.022618 1.554494 0.784615
v 0.019283 1.558207 0.779972
v 0.017975 1.558207 0.781280
v 0.018900 1.558207 0.780896
v -0.017401 1.559566 0.743277
v -0.018719 1.559566 0.744595
v -0.018333 1.559566 0.743663
v -0.027583 1.549423 0.733134
v -0.028862 1.549423 0.734413
v -0.028488 1.549423 0.733508
v -0.023791 1.558207 0.739513
v -0.022483 1.558207 0.738206
v -0.023408 1.558207 0.738589
v -0.027503 1.554494 0.735782
v -0.026214 1.554494 0.734493
v -0.027126 1.554494 0.734870
v 0.024355 1.549423 0.734413
v 0.023076 1.549423 0.733134
v 0.023980 1.549423 0.733508
v 0.014212 1.559566 0.744595
v 0.012894 1.559566 0.743277
v 0.013826 1.559566 0.743663
v 0.021707 1.554494 0.734493
v 0.022996 1.554494 0.735782
v 0.022618 1.554494 0.734870
v 0.017975 1.558207 0.738206
v 0.019283 1.558207 0.739513
v 0.018900 1.558207 0.738589
v -0.002254 1.671493 0.766113
v -0.002254 1.703939 0.766291
v 0.006564 1.671639 0.769943
v 0.006564 1.703939 0.769943
v 0.010216 1.671639 0.778761
v 0.010216 1.703939 0.778761
v 0.006564 1.671639 0.787578
v 0.006564 1.703939 0.787578
v -0.002254 1.671639 0.791231
v -0.002254 1.703939 0.791231
v -0.011071 1.671639 0.787578
v -0.011071 1.703939 0.787578
v -0.014723 1.671639 0.778761
v -0.014723 1.703939 0.778761
v -0.011071 1.671639 0.769943
v -0.011071 1.703939 0.769943
v -0.002254 1.661298 0.768575
v 0.006527 1.662746 0.773149
v 0.010216 1.665038 0.781873
v 0.006564 1.667237 0.790412
v -0.002254 1.668148 0.793949
v -0.011071 1.667237 0.790412
v -0.014723 1.665038 0.781873
v -0.011034 1.662746 0.773149
v -0.002254 1.653124 0.774603
v 0.006555 1.655146 0.778762
v 0.010216 1.659421 0.786534
v 0.006564 1.663680 0.794254
v -0.002254 1.665445 0.797452
v -0.011071 1.663680 0.794254
v -0.014723 1.659421 0.786534
v -0.011062 1.655146 0.778762
v -0.002254 1.646587 0.783378
v 0.006564 1.649093 0.786035
v 0.010216 1.655144 0.792449
v 0.006564 1.661195 0.798862
v -0.002254 1.663701 0.801519
v -0.011071 1.661195 0.798862
v -0.014723 1.655144 0.792449
v -0.011071 1.649093 0.786035
v -0.002254 1.639630 0.785968
v 0.006564 1.641156 0.789286
v 0.010216 1.644840 0.797297
v 0.006564 1.648524 0.805308
v -0.002254 1.650050 0.808626
v -0.011071 1.648524 0.805308
v -0.014723 1.644840 0.797297
v -0.011071 1.641156 0.789286
v -0.002254 1.632211 0.786198
v 0.006564 1.632597 0.789830
v 0.010216 1.633528 0.798598
v 0.006564 1.634458 0.807366
v -0.002254 1.634844 0.810998
v -0.011071 1.634458 0.807366
v -0.014723 1.633528 0.798598
v -0.011071 1.632597 0.789830
v -0.002254 1.625108 0.784046
v 0.006564 1.624312 0.787610
v 0.010216 1.622392 0.796216
v 0.006564 1.620472 0.804822
v -0.002254 1.619677 0.808387
v -0.011071 1.620472 0.804822
v -0.014723 1.622392 0.796216
v -0.011071 1.624312 0.787610
v -0.002254 1.619064 0.779736
v 0.006564 1.617171 0.782860
v 0.010216 1.612602 0.790401
v 0.006564 1.608032 0.797942
v -0.002254 1.606140 0.801066
v -0.011071 1.608032 0.797942
v -0.014723 1.612602 0.790401
v -0.011071 1.617171 0.782860
v -0.002254 1.614727 0.773700
v 0.006564 1.611923 0.776076
v 0.010216 1.605183 0.781762
v 0.006564 1.598444 0.787447
v -0.002254 1.595652 0.789802
v -0.011071 1.598444 0.787447
v -0.014723 1.605183 0.781762
v -0.011071 1.611923 0.776076
v -0.002254 1.612889 0.766131
v 0.006564 1.609118 0.767971
v 0.010216 1.600914 0.771205
v 0.006564 1.592711 0.774438
v -0.002254 1.589313 0.775778
v -0.011071 1.592711 0.774438
v -0.014723 1.600914 0.771205
v -0.011071 1.609118 0.767971
v -0.002254 1.614121 0.757667
v 0.006427 1.609543 0.758918
v 0.010216 1.600243 0.759837
v 0.006564 1.591437 0.760280
v -0.002254 1.587789 0.760463
v -0.011071 1.591437 0.760280
v -0.014723 1.600243 0.759837
v -0.010934 1.609543 0.758918
v -0.002254 1.618243 0.749479
v 0.005987 1.613628 0.749774
v 0.010135 1.603484 0.748720
v 0.006564 1.594753 0.746457
v -0.002254 1.591238 0.745465
v -0.011071 1.594753 0.746457
v -0.014642 1.603484 0.748720
v -0.010494 1.613628 0.749774
v -0.002254 1.624244 0.742751
v 0.005162 1.620669 0.741896
v 0.009329 1.611810 0.738641
v 0.006475 1.602700 0.734361
v -0.002254 1.599300 0.732355
v -0.010983 1.602700 0.734361
v -0.013836 1.611810 0.738641
v -0.009669 1.620669 0.741896
v -0.002254 1.630649 0.738216
v 0.004126 1.628591 0.736542
v 0.007798 1.622926 0.731751
v 0.005545 1.616498 0.725811
v -0.002254 1.613609 0.723031
v -0.010052 1.616498 0.725811
v -0.012305 1.622926 0.731751
v -0.008633 1.628591 0.736542
v -0.002254 1.633524 0.737071
v 0.003655 1.632117 0.735219
v 0.006798 1.628302 0.730225
v 0.004645 1.623990 0.724389
v -0.002254 1.622055 0.721719
v -0.009152 1.623990 0.724389
v -0.011305 1.628302 0.730225
v -0.008163 1.632117 0.735219
v -0.002254 1.640768 0.733131
v -0.002254 1.638178 0.735959
v -0.002254 1.640004 0.735114
v 0.003005 1.638193 0.733891
v 0.000840 1.640775 0.731849
v 0.002291 1.640015 0.733264
v 0.005236 1.638230 0.728765
v 0.002121 1.640792 0.728756
v 0.004189 1.640041 0.728758
v 0.003070 1.638259 0.723520
v 0.000840 1.640808 0.725662
v 0.002310 1.640066 0.724218
v -0.002254 1.638269 0.721327
v -0.002254 1.640815 0.724381
v -0.002254 1.640075 0.722331
v -0.007577 1.638259 0.723520
v -0.005347 1.640808 0.725662
v -0.006817 1.640066 0.724218
v -0.009743 1.638230 0.728765
v -0.006629 1.640792 0.728756
v -0.008696 1.640041 0.728758
v -0.007512 1.638193 0.733891
v -0.005347 1.640775 0.731849
v -0.006798 1.640015 0.733264
v 0.048814 1.576701 0.759743
v 0.046460 1.576701 0.765427
v 0.040776 1.576701 0.767781
v 0.035092 1.576701 0.765427
v 0.032737 1.576701 0.759743
v 0.035092 1.576701 0.754059
v 0.040776 1.576701 0.751704
v 0.046460 1.576701 0.754059
v 0.041972 1.602235 0.759743
v 0.039933 1.601058 0.765427
v 0.035011 1.598216 0.767781
v 0.030088 1.595373 0.765427
v 0.028049 1.594196 0.759743
v 0.030088 1.595373 0.754059
v 0.035011 1.598216 0.751704
v 0.039933 1.601058 0.754059
v 0.023280 1.620927 0.759743
v 0.022103 1.618888 0.765427
v 0.019261 1.613965 0.767781
v 0.016419 1.609043 0.765427
v 0.015242 1.607004 0.759743
v 0.016419 1.609043 0.754059
v 0.019261 1.613965 0.751704
v 0.022103 1.618888 0.754059
v -0.002254 1.627769 0.759743
v -0.002254 1.625414 0.765427
v -0.002254 1.619730 0.767781
v -0.002254 1.614046 0.765427
v -0.002254 1.611692 0.759743
v -0.002254 1.614046 0.754059
v -0.002254 1.619730 0.751704
v -0.002254 1.625414 0.754059
v -0.027788 1.620927 0.759743
v -0.026610 1.618888 0.765427
v -0.023768 1.613965 0.767781
v -0.020926 1.609043 0.765427
v -0.019749 1.607004 0.759743
v -0.020926 1.609043 0.754059
v -0.023768 1.613965 0.751704
v -0.026610 1.618888 0.754059
v -0.046480 1.602235 0.759743
v -0.044441 1.601058 0.765427
v -0.039518 1.598216 0.767781
v -0.034596 1.595373 0.765427
v -0.032557 1.594196 0.759743
v -0.034596 1.595373 0.754059
v -0.039518 1.598216 0.751704
v -0.044441 1.601058 0.754059
v -0.053321 1.576701 0.759743
v -0.050967 1.576701 0.765427
v -0.045283 1.576701 0.767781
v -0.039599 1.576701 0.765427
v -0.037245 1.576701 0.759743
v -0.039599 1.576701 0.754059
v -0.045283 1.576701 0.751704
v -0.050967 1.576701 0.754059
v -0.046480 1.551167 0.759743
v -0.044441 1.552344 0.765427
v -0.039518 1.555186 0.767781
v -0.034596 1.558028 0.765427
v -0.032557 1.559205 0.759743
v -0.034596 1.558028 0.754059
v -0.039518 1.555186 0.751704
v -0.044441 1.552344 0.754059
v -0.027788 1.532475 0.759743
v -0.026610 1.534514 0.765427
v -0.023768 1.539436 0.767781
v -0.020926 1.544359 0.765427
v -0.019749 1.546398 0.759743
v -0.020926 1.544359 0.754059
v -0.023768 1.539436 0.751704
v -0.026610 1.534514 0.754059
v -0.002254 1.525633 0.759743
v -0.002254 1.527987 0.765427
v -0.002254 1.533671 0.767781
v -0.002254 1.539356 0.765427
v -0.002254 1.541710 0.759743
v -0.002254 1.539356 0.754059
v -0.002254 1.533671 0.751704
v -0.002254 1.527987 0.754059
v 0.023280 1.532475 0.759743
v 0.022103 1.534514 0.765427
v 0.019261 1.539436 0.767781
v 0.016419 1.544359 0.765427
v 0.015242 1.546398 0.759743
v 0.016419 1.544359 0.754059
v 0.019261 1.539436 0.751704
v 0.022103 1.534514 0.754059
v 0.041972 1.551167 0.759743
v 0.039933 1.552344 0.765427
v 0.035011 1.555186 0.767781
v 0.030088 1.558028 0.765427
v 0.028049 1.559205 0.759743
v 0.030088 1.558028 0.754059
v 0.035011 1.555186 0.751704
v 0.039933 1.552344 0.754059
v 0.088596 1.147218 -0.059263
v 0.143959 0.961659 -0.042660
v 0.088596 1.156292 0.061033
v 0.143959 0.970341 0.072452
v 0.089012 1.116063 -0.056479
v 0.087471 1.081007 -0.053400
v 0.087773 1.043951 -0.050171
v 0.097332 1.009293 -0.047122
v 0.118854 0.981633 -0.044601
v 0.089012 1.125071 0.062953
v 0.087471 1.089950 0.065168
v 0.087773 1.052830 0.067534
v 0.097332 1.018106 0.069718
v 0.118854 0.990381 0.071375
v 0.086013 1.147184 -0.059261
v 0.142346 0.959647 -0.042509
v 0.086013 1.156258 0.061036
v 0.142346 0.968330 0.072604
v 0.086429 1.116101 -0.056482
v 0.084888 1.081053 -0.053404
v 0.085215 1.043598 -0.050144
v 0.095020 1.008144 -0.047036
v 0.117012 0.979828 -0.044465
v 0.086429 1.125110 0.062951
v 0.084888 1.089996 0.065165
v 0.085215 1.052477 0.067560
v 0.095020 1.016957 0.069805
v 0.117012 0.988576 0.071511
v -0.002254 1.689898 0.174975
v 0.006642 1.683435 0.173000
v 0.013154 1.678704 0.167603
v 0.015537 1.676973 0.160230
v 0.001144 1.679441 0.173000
v 0.003631 1.671786 0.167603
v 0.004542 1.668984 0.160230
v -0.005651 1.679441 0.173000
v -0.008139 1.671786 0.167603
v -0.009049 1.668984 0.160230
v -0.011149 1.683435 0.173000
v -0.017661 1.678704 0.167603
v -0.020044 1.676973 0.160230
v -0.013249 1.689898 0.173000
v -0.021298 1.689898 0.167603
v -0.024244 1.689898 0.160230
v -0.011149 1.696361 0.173000
v -0.017661 1.701092 0.167603
v -0.020044 1.702824 0.160230
v -0.005651 1.700355 0.173000
v -0.008139 1.708011 0.167603
v -0.009049 1.710812 0.160230
v 0.001144 1.700355 0.173000
v 0.003631 1.708011 0.167603
v 0.004542 1.710812 0.160230
v 0.006642 1.696361 0.173000
v 0.013154 1.701092 0.167603
v 0.015537 1.702824 0.160230
v 0.008742 1.689898 0.173000
v 0.016791 1.689898 0.167603
v 0.019737 1.689898 0.160230
v -0.002254 1.487392 0.174975
v 0.006642 1.480929 0.173000
v 0.013154 1.476198 0.167603
v 0.015537 1.474466 0.160230
v 0.001144 1.476935 0.173000
v 0.003631 1.469280 0.167603
v 0.004542 1.466478 0.160230
v -0.005651 1.476935 0.173000
v -0.008139 1.469280 0.167603
v -0.009049 1.466478 0.160230
v -0.011149 1.480929 0.173000
v -0.017661 1.476198 0.167603
v -0.020044 1.474466 0.160230
v -0.013249 1.487392 0.173000
v -0.021298 1.487392 0.167603
v -0.024244 1.487392 0.160230
v -0.011149 1.493855 0.173000
v -0.017661 1.498586 0.167603
v -0.020044 1.500318 0.160230
v -0.005651 1.497849 0.173000
v -0.008139 1.505504 0.167603
v -0.009049 1.508306 0.160230
v 0.001144 1.497849 0.173000
v 0.003631 1.505504 0.167603
v 0.004542 1.508306 0.160230
v 0.006642 1.493855 0.173000
v 0.013154 1.498586 0.167603
v 0.015537 1.500318 0.160230
v 0.008742 1.487392 0.173000
v 0.016791 1.487392 0.167603
v 0.019737 1.487392 0.160230
v 0.114450 1.792033 0.008036
v 0.111548 1.782538 -0.005033
v 0.103619 1.775587 -0.014600
v 0.092787 1.773043 -0.018102
v 0.111548 1.776670 0.003044
v 0.103619 1.765423 -0.000610
v 0.092787 1.761306 -0.001948
v 0.111548 1.776670 0.013028
v 0.103619 1.765423 0.016682
v 0.092787 1.761306 0.018020
v 0.111548 1.782538 0.021105
v 0.103619 1.775587 0.030672
v 0.092787 1.773043 0.034174
v 0.111548 1.792033 0.024190
v 0.103619 1.792033 0.036016
v 0.092787 1.792033 0.040344
v 0.111548 1.801528 0.021105
v 0.103619 1.808479 0.030672
v 0.092787 1.811023 0.034174
v 0.111548 1.807397 0.013028
v 0.103619 1.818644 0.016682
v 0.092787 1.822760 0.018020
v 0.111548 1.807397 0.003044
v 0.103619 1.818644 -0.000610
v 0.092787 1.822760 -0.001948
v 0.111548 1.801528 -0.005033
v 0.103619 1.808479 -0.014600
v 0.092787 1.811023 -0.018102
v 0.111548 1.792033 -0.008118
v 0.103619 1.792033 -0.019944
v 0.092787 1.792033 -0.024272
v -0.118958 1.792033 0.008036
v -0.116055 1.782538 -0.005033
v -0.108126 1.775587 -0.014600
v -0.097294 1.773043 -0.018102
v -0.116055 1.776670 0.003044
v -0.108126 1.765423 -0.000610
v -0.097294 1.761306 -0.001948
v -0.116055 1.776670 0.013028
v -0.108126 1.765423 0.016682
v -0.097294 1.761306 0.018020
v -0.116055 1.782538 0.021105
v -0.108126 1.775587 0.030672
v -0.097294 1.773043 0.034174
v -0.116055 1.792033 0.024190
v -0.108126 1.792033 0.036016
v -0.097294 1.792033 0.040344
v -0.116055 1.801528 0.021105
v -0.108126 1.808479 0.030672
v -0.097294 1.811023 0.034174
v -0.116055 1.807397 0.013028
v -0.108126 1.818644 0.016682
v -0.097294 1.822760 0.018020
v -0.116055 1.807397 0.003044
v -0.108126 1.818644 -0.000610
v -0.097294 1.822760 -0.001948
v -0.116055 1.801528 -0.005033
v -0.108126 1.808479 -0.014600
v -0.097294 1.811023 -0.018102
v -0.116055 1.792033 -0.008118
v -0.108126 1.792033 -0.019944
v -0.097294 1.792033 -0.024272
v 0.075748 1.317021 0.855983
v 0.078401 1.314546 0.855992
v 0.075748 1.314764 0.853527
v 0.077624 1.316294 0.855988
v 0.077280 1.316097 0.854567
v 0.077624 1.314698 0.854251
v 0.075748 1.316448 0.854244
v -0.080255 1.317021 0.855983
v -0.080255 1.314764 0.853527
v -0.082908 1.314546 0.855992
v -0.080255 1.316448 0.854244
v -0.081787 1.316097 0.854567
v -0.082131 1.314698 0.854251
v -0.082131 1.316294 0.855988
v -0.082908 1.286055 0.855992
v -0.080255 1.285837 0.853527
v -0.080255 1.283580 0.855983
v -0.082131 1.285903 0.854251
v -0.081787 1.284504 0.854567
v -0.080255 1.284153 0.854244
v -0.082131 1.284307 0.855988
v 0.075748 1.283580 0.855983
v 0.075748 1.285837 0.853527
v 0.078401 1.286055 0.855992
v 0.075748 1.284153 0.854244
v 0.077280 1.284504 0.854567
v 0.077624 1.285903 0.854251
v 0.077624 1.284307 0.855988
v 0.075748 1.316387 0.859676
v 0.075748 1.313714 0.862132
v 0.078401 1.313914 0.859667
v 0.075748 1.315520 0.861414
v 0.077280 1.315223 0.861092
v 0.077624 1.313771 0.861408
v 0.077624 1.315661 0.859671
v -0.080255 1.316387 0.859676
v -0.082908 1.313914 0.859667
v -0.080255 1.313714 0.862132
v -0.082131 1.315661 0.859671
v -0.081787 1.315223 0.861092
v -0.082131 1.313771 0.861408
v -0.080255 1.315520 0.861414
v -0.082908 1.286687 0.859667
v -0.080255 1.284214 0.859676
v -0.080255 1.286887 0.862132
v -0.082131 1.284940 0.859671
v -0.081787 1.285377 0.861092
v -0.080255 1.285081 0.861414
v -0.082131 1.286830 0.861408
v 0.075748 1.284214 0.859676
v 0.078401 1.286687 0.859667
v 0.075748 1.286887 0.862132
v 0.077624 1.284940 0.859671
v 0.077280 1.285377 0.861092
v 0.077624 1.286830 0.861408
v 0.075748 1.285081 0.861414
v 0.093987 1.317021 0.681741
v 0.093996 1.314546 0.679088
v 0.091531 1.314764 0.681741
v 0.093991 1.316294 0.679865
v 0.092571 1.316097 0.680209
v 0.092254 1.314698 0.679865
v 0.092248 1.316448 0.681741
v 0.093987 1.317021 0.837744
v 0.091531 1.314764 0.837744
v 0.093996 1.314546 0.840397
v 0.092248 1.316448 0.837744
v 0.092571 1.316097 0.839276
v 0.092254 1.314698 0.839620
v 0.093991 1.316294 0.839620
v 0.093996 1.286055 0.840397
v 0.091531 1.285837 0.837744
v 0.093987 1.283580 0.837744
v 0.092254 1.285903 0.839620
v 0.092571 1.284504 0.839276
v 0.092248 1.284153 0.837744
v 0.093991 1.284307 0.839620
v 0.093987 1.283580 0.681741
v 0.091531 1.285837 0.681741
v 0.093996 1.286055 0.679088
v 0.092248 1.284153 0.681741
v 0.092571 1.284504 0.680209
v 0.092254 1.285903 0.679865
v 0.093991 1.284307 0.679865
v 0.097680 1.316387 0.681741
v 0.100136 1.313714 0.681741
v 0.097671 1.313914 0.679088
v 0.099418 1.315520 0.681741
v 0.099096 1.315223 0.680209
v 0.099412 1.313771 0.679865
v 0.097675 1.315661 0.679865
v 0.097680 1.316387 0.837744
v 0.097671 1.313914 0.840397
v 0.100136 1.313714 0.837744
v 0.097675 1.315661 0.839620
v 0.099096 1.315223 0.839276
v 0.099412 1.313771 0.839620
v 0.099418 1.315520 0.837744
v 0.097671 1.286687 0.840397
v 0.097680 1.284214 0.837744
v 0.100136 1.286887 0.837744
v 0.097675 1.284940 0.839620
v 0.099096 1.285377 0.839276
v 0.099418 1.285081 0.837744
v 0.099412 1.286830 0.839620
v 0.097680 1.284214 0.681741
v 0.097671 1.286687 0.679088
v 0.100136 1.286887 0.681741
v 0.097675 1.284940 0.679865
v 0.099096 1.285377 0.680209
v 0.099412 1.286830 0.679865
v 0.099418 1.285081 0.681741
vt 0.703797 0.167142
vt 0.685204 0.167114
vt 0.685236 0.111862
vt 0.703830 0.111855
vt 0.583929 0.189579
vt 0.583945 0.171039
vt 0.681275 0.171039
vt 0.681291 0.189580
vt 0.584125 0.166932
vt 0.584119 0.112032
vt 0.681105 0.112040
vt 0.681093 0.166933
vt 0.681311 0.089382
vt 0.681292 0.107928
vt 0.583934 0.107918
vt 0.583920 0.089372
vt 0.561366 0.111838
vt 0.579986 0.111847
vt 0.580014 0.167119
vt 0.561412 0.167152
vt 0.809320 0.651199
vt 0.811459 0.651276
vt 0.811136 0.653015
vt 0.809397 0.653337
vt 0.703912 0.109688
vt 0.705669 0.110021
vt 0.705987 0.111779
vt 0.681388 0.087232
vt 0.683141 0.087550
vt 0.683472 0.089302
vt 0.683154 0.111934
vt 0.683046 0.110105
vt 0.685025 0.109631
vt 0.681219 0.109997
vt 0.683516 0.108137
vt 0.712200 0.651199
vt 0.712123 0.653337
vt 0.710384 0.653015
vt 0.710062 0.651276
vt 0.581759 0.089291
vt 0.582090 0.087540
vt 0.583843 0.087222
vt 0.559208 0.111763
vt 0.559526 0.110002
vt 0.561284 0.109668
vt 0.582069 0.111923
vt 0.582179 0.110093
vt 0.584006 0.109988
vt 0.580199 0.109615
vt 0.581710 0.108126
vt 0.809319 0.596213
vt 0.809396 0.594076
vt 0.811135 0.594397
vt 0.811458 0.596137
vt 0.683451 0.189660
vt 0.683120 0.191411
vt 0.681368 0.191728
vt 0.705954 0.167221
vt 0.705633 0.168979
vt 0.703876 0.169309
vt 0.683132 0.167041
vt 0.683024 0.168865
vt 0.681203 0.168972
vt 0.684993 0.169340
vt 0.683496 0.170830
vt 0.712200 0.596214
vt 0.710060 0.596137
vt 0.710383 0.594397
vt 0.712123 0.594076
vt 0.561333 0.169320
vt 0.559575 0.168990
vt 0.559254 0.167231
vt 0.583852 0.191728
vt 0.582100 0.191411
vt 0.581769 0.189659
vt 0.584017 0.168971
vt 0.582195 0.168866
vt 0.582085 0.167043
vt 0.581724 0.170830
vt 0.580227 0.169345
vt 0.559774 0.340790
vt 0.578394 0.340798
vt 0.578422 0.396071
vt 0.559819 0.396103
vt 0.679718 0.318333
vt 0.679700 0.336880
vt 0.582342 0.336870
vt 0.582328 0.318323
vt 0.679513 0.340991
vt 0.679501 0.395885
vt 0.582533 0.395883
vt 0.582527 0.340983
vt 0.582337 0.418531
vt 0.582353 0.399990
vt 0.679682 0.399990
vt 0.679699 0.418531
vt 0.702205 0.396094
vt 0.683611 0.396066
vt 0.683644 0.340813
vt 0.702238 0.340807
vt 0.835453 0.380577
vt 0.837591 0.380654
vt 0.837269 0.382393
vt 0.835529 0.382715
vt 0.559741 0.398271
vt 0.557983 0.397941
vt 0.557662 0.396182
vt 0.582260 0.420680
vt 0.580508 0.420362
vt 0.580176 0.418611
vt 0.580493 0.395994
vt 0.580603 0.397817
vt 0.578634 0.398296
vt 0.582424 0.397923
vt 0.580132 0.399782
vt 0.738334 0.380577
vt 0.738257 0.382715
vt 0.736517 0.382393
vt 0.736195 0.380654
vt 0.681859 0.418611
vt 0.681528 0.420362
vt 0.679776 0.420680
vt 0.704361 0.396172
vt 0.704041 0.397930
vt 0.702284 0.398261
vt 0.681540 0.395993
vt 0.681432 0.397816
vt 0.679611 0.397923
vt 0.683401 0.398292
vt 0.681904 0.399782
vt 0.835453 0.325592
vt 0.835530 0.323454
vt 0.837270 0.323775
vt 0.837592 0.325515
vt 0.580167 0.318243
vt 0.580498 0.316491
vt 0.582251 0.316174
vt 0.557616 0.340714
vt 0.557933 0.338954
vt 0.559692 0.338620
vt 0.580477 0.340874
vt 0.580587 0.339045
vt 0.582414 0.338939
vt 0.578607 0.338566
vt 0.580118 0.337077
vt 0.738333 0.325592
vt 0.736194 0.325515
vt 0.736516 0.323776
vt 0.738256 0.323454
vt 0.702320 0.338639
vt 0.704077 0.338972
vt 0.704395 0.340731
vt 0.679795 0.316184
vt 0.681548 0.316502
vt 0.681879 0.318254
vt 0.679627 0.338949
vt 0.681454 0.339057
vt 0.681562 0.340886
vt 0.681924 0.337088
vt 0.683433 0.338582
vt 0.703802 0.279866
vt 0.685198 0.279838
vt 0.685218 0.224565
vt 0.703833 0.224549
vt 0.583916 0.302302
vt 0.583933 0.283760
vt 0.681265 0.283760
vt 0.681281 0.302302
vt 0.584115 0.279648
vt 0.584123 0.224751
vt 0.681093 0.224755
vt 0.681084 0.279652
vt 0.681291 0.202102
vt 0.681275 0.220643
vt 0.583942 0.220643
vt 0.583926 0.202102
vt 0.561406 0.224537
vt 0.580010 0.224565
vt 0.579990 0.279838
vt 0.561374 0.279854
vt 0.923168 0.650415
vt 0.925307 0.650492
vt 0.924984 0.652232
vt 0.923244 0.652553
vt 0.703914 0.222379
vt 0.705673 0.222712
vt 0.705991 0.224472
vt 0.681368 0.199952
vt 0.683121 0.200270
vt 0.683452 0.202022
vt 0.683139 0.224643
vt 0.683028 0.222816
vt 0.685004 0.222336
vt 0.681203 0.222712
vt 0.683497 0.220851
vt 0.826048 0.650416
vt 0.825972 0.652553
vt 0.824232 0.652232
vt 0.823910 0.650492
vt 0.581766 0.202022
vt 0.582097 0.200270
vt 0.583849 0.199953
vt 0.559249 0.224459
vt 0.559569 0.222700
vt 0.561327 0.222369
vt 0.582082 0.224641
vt 0.582192 0.222817
vt 0.584014 0.222711
vt 0.580222 0.222338
vt 0.581721 0.220851
vt 0.923167 0.595430
vt 0.923244 0.593292
vt 0.924983 0.593614
vt 0.925306 0.595353
vt 0.683442 0.302381
vt 0.683111 0.304133
vt 0.681358 0.304451
vt 0.705959 0.279944
vt 0.705639 0.281703
vt 0.703880 0.282034
vt 0.683125 0.279763
vt 0.683016 0.281586
vt 0.681194 0.281692
vt 0.684986 0.282065
vt 0.683487 0.283552
vt 0.826048 0.595430
vt 0.823909 0.595353
vt 0.824231 0.593614
vt 0.825971 0.593292
vt 0.561294 0.282024
vt 0.559535 0.281691
vt 0.559216 0.279931
vt 0.583839 0.304451
vt 0.582087 0.304133
vt 0.581756 0.302381
vt 0.584004 0.281691
vt 0.582179 0.281587
vt 0.582068 0.279760
vt 0.581710 0.283552
vt 0.580204 0.282067
vt 0.716371 0.224549
vt 0.734986 0.224565
vt 0.735006 0.279838
vt 0.716403 0.279866
vt 0.836278 0.202102
vt 0.836262 0.220643
vt 0.738929 0.220643
vt 0.738913 0.202101
vt 0.836081 0.224750
vt 0.836090 0.279648
vt 0.739120 0.279653
vt 0.739112 0.224755
vt 0.738923 0.302301
vt 0.738939 0.283760
vt 0.836272 0.283760
vt 0.836288 0.302302
vt 0.858830 0.279854
vt 0.840215 0.279838
vt 0.840195 0.224565
vt 0.858799 0.224537
vt 0.924558 0.580604
vt 0.926696 0.580681
vt 0.926374 0.582421
vt 0.924634 0.582743
vt 0.716324 0.282034
vt 0.714566 0.281703
vt 0.714245 0.279944
vt 0.738846 0.304451
vt 0.737094 0.304133
vt 0.736763 0.302381
vt 0.737079 0.279763
vt 0.737189 0.281586
vt 0.735219 0.282065
vt 0.739011 0.281692
vt 0.736718 0.283552
vt 0.827438 0.580604
vt 0.827362 0.582743
vt 0.825622 0.582421
vt 0.825299 0.580681
vt 0.838449 0.302381
vt 0.838118 0.304133
vt 0.836365 0.304451
vt 0.860988 0.279931
vt 0.860669 0.281691
vt 0.858910 0.282024
vt 0.838136 0.279760
vt 0.838025 0.281587
vt 0.836200 0.281691
vt 0.840001 0.282067
vt 0.838494 0.283552
vt 0.924558 0.525619
vt 0.924635 0.523481
vt 0.926375 0.523803
vt 0.926697 0.525542
vt 0.736753 0.202022
vt 0.737084 0.200270
vt 0.738836 0.199952
vt 0.714213 0.224472
vt 0.714532 0.222712
vt 0.716291 0.222379
vt 0.737065 0.224643
vt 0.737176 0.222816
vt 0.739001 0.222712
vt 0.735200 0.222336
vt 0.736707 0.220851
vt 0.827439 0.525619
vt 0.825300 0.525543
vt 0.825623 0.523803
vt 0.827362 0.523481
vt 0.858877 0.222369
vt 0.860635 0.222700
vt 0.860956 0.224459
vt 0.836355 0.199952
vt 0.838108 0.200270
vt 0.838439 0.202022
vt 0.836190 0.222711
vt 0.838012 0.222817
vt 0.838122 0.224640
vt 0.838483 0.220851
vt 0.839982 0.222338
vt 0.715052 0.112048
vt 0.733667 0.112065
vt 0.733688 0.167337
vt 0.715084 0.167365
vt 0.834960 0.089601
vt 0.834943 0.108142
vt 0.737611 0.108142
vt 0.737594 0.089601
vt 0.834762 0.112250
vt 0.834771 0.167148
vt 0.737801 0.167152
vt 0.737793 0.112254
vt 0.737604 0.189801
vt 0.737620 0.171260
vt 0.834953 0.171260
vt 0.834969 0.189801
vt 0.857511 0.167354
vt 0.838896 0.167337
vt 0.838876 0.112065
vt 0.857480 0.112037
vt 0.810988 0.581630
vt 0.813127 0.581707
vt 0.812804 0.583447
vt 0.811064 0.583768
vt 0.715005 0.169534
vt 0.713247 0.169203
vt 0.712927 0.167444
vt 0.737527 0.191950
vt 0.735775 0.191632
vt 0.735444 0.189881
vt 0.735761 0.167262
vt 0.735870 0.169086
vt 0.733900 0.169564
vt 0.737692 0.169192
vt 0.735399 0.171051
vt 0.713868 0.581630
vt 0.713791 0.583768
vt 0.712051 0.583447
vt 0.711729 0.581707
vt 0.837130 0.189881
vt 0.836799 0.191632
vt 0.835046 0.191950
vt 0.859669 0.167430
vt 0.859351 0.169190
vt 0.857592 0.169523
vt 0.836817 0.167259
vt 0.836706 0.169086
vt 0.834881 0.169190
vt 0.838682 0.169567
vt 0.837175 0.171052
vt 0.810987 0.526645
vt 0.811064 0.524507
vt 0.812803 0.524829
vt 0.813126 0.526568
vt 0.735434 0.089521
vt 0.735765 0.087770
vt 0.737518 0.087452
vt 0.712894 0.111972
vt 0.713213 0.110211
vt 0.714972 0.109878
vt 0.735746 0.112143
vt 0.735857 0.110316
vt 0.737682 0.110212
vt 0.733882 0.109835
vt 0.735388 0.108350
vt 0.713868 0.526645
vt 0.711730 0.526568
vt 0.712052 0.524829
vt 0.713791 0.524507
vt 0.857558 0.109868
vt 0.859317 0.110199
vt 0.859637 0.111958
vt 0.835036 0.087452
vt 0.836789 0.087770
vt 0.837120 0.089521
vt 0.834872 0.110210
vt 0.836694 0.110316
vt 0.836803 0.112140
vt 0.837165 0.108351
vt 0.838664 0.109838
vt 0.703797 0.167142
vt 0.685204 0.167114
vt 0.685236 0.111862
vt 0.703830 0.111855
vt 0.583929 0.189579
vt 0.583945 0.171039
vt 0.681275 0.171039
vt 0.681291 0.189580
vt 0.584125 0.166932
vt 0.584119 0.112032
vt 0.681105 0.112040
vt 0.681093 0.166933
vt 0.681311 0.089382
vt 0.681292 0.107928
vt 0.583934 0.107918
vt 0.583920 0.089372
vt 0.561366 0.111838
vt 0.579986 0.111847
vt 0.580014 0.167119
vt 0.561412 0.167152
vt 0.809320 0.651199
vt 0.811459 0.651276
vt 0.811136 0.653015
vt 0.809397 0.653337
vt 0.703912 0.109688
vt 0.705669 0.110021
vt 0.705987 0.111779
vt 0.681388 0.087232
vt 0.683141 0.087550
vt 0.683472 0.089302
vt 0.683154 0.111934
vt 0.683046 0.110105
vt 0.685025 0.109631
vt 0.681219 0.109997
vt 0.683516 0.108137
vt 0.712200 0.651199
vt 0.712123 0.653337
vt 0.710384 0.653015
vt 0.710062 0.651276
vt 0.581759 0.089291
vt 0.582090 0.087540
vt 0.583843 0.087222
vt 0.559208 0.111763
vt 0.559526 0.110002
vt 0.561284 0.109668
vt 0.582069 0.111923
vt 0.582179 0.110093
vt 0.584006 0.109988
vt 0.580199 0.109615
vt 0.581710 0.108126
vt 0.809319 0.596213
vt 0.809396 0.594076
vt 0.811135 0.594397
vt 0.811458 0.596137
vt 0.683451 0.189660
vt 0.683120 0.191411
vt 0.681368 0.191728
vt 0.705954 0.167221
vt 0.705633 0.168979
vt 0.703876 0.169309
vt 0.683132 0.167041
vt 0.683024 0.168865
vt 0.681203 0.168972
vt 0.684993 0.169340
vt 0.683496 0.170830
vt 0.712200 0.596214
vt 0.710060 0.596137
vt 0.710383 0.594397
vt 0.712123 0.594076
vt 0.561333 0.169320
vt 0.559575 0.168990
vt 0.559254 0.167231
vt 0.583852 0.191728
vt 0.582100 0.191411
vt 0.581769 0.189659
vt 0.584017 0.168971
vt 0.582195 0.168866
vt 0.582085 0.167043
vt 0.581724 0.170830
vt 0.580227 0.169345
vt 0.559774 0.340790
vt 0.578394 0.340798
vt 0.578422 0.396071
vt 0.559819 0.396103
vt 0.679718 0.318333
vt 0.679700 0.336880
vt 0.582342 0.336870
vt 0.582328 0.318323
vt 0.679513 0.340991
vt 0.679501 0.395885
vt 0.582533 0.395883
vt 0.582527 0.340983
vt 0.582337 0.418531
vt 0.582353 0.399990
vt 0.679682 0.399990
vt 0.679699 0.418531
vt 0.702205 0.396094
vt 0.683611 0.396066
vt 0.683644 0.340813
vt 0.702238 0.340807
vt 0.835453 0.380577
vt 0.837591 0.380654
vt 0.837269 0.382393
vt 0.835529 0.382715
vt 0.559741 0.398271
vt 0.557983 0.397941
vt 0.557662 0.396182
vt 0.582260 0.420680
vt 0.580508 0.420362
vt 0.580176 0.418611
vt 0.580493 0.395994
vt 0.580603 0.397817
vt 0.578634 0.398296
vt 0.582424 0.397923
vt 0.580132 0.399782
vt 0.738334 0.380577
vt 0.738257 0.382715
vt 0.736517 0.382393
vt 0.736195 0.380654
vt 0.681859 0.418611
vt 0.681528 0.420362
vt 0.679776 0.420680
vt 0.704361 0.396172
vt 0.704041 0.397930
vt 0.702284 0.398261
vt 0.681540 0.395993
vt 0.681432 0.397816
vt 0.679611 0.397923
vt 0.683401 0.398292
vt 0.681904 0.399782
vt 0.835453 0.325592
vt 0.835530 0.323454
vt 0.837270 0.323775
vt 0.837592 0.325515
vt 0.580167 0.318243
vt 0.580498 0.316491
vt 0.582251 0.316174
vt 0.557616 0.340714
vt 0.557933 0.338954
vt 0.559692 0.338620
vt 0.580477 0.340874
vt 0.580587 0.339045
vt 0.582414 0.338939
vt 0.578607 0.338566
vt 0.580118 0.337077
vt 0.738333 0.325592
vt 0.736194 0.325515
vt 0.736516 0.323776
vt 0.738256 0.323454
vt 0.702320 0.338639
vt 0.704077 0.338972
vt 0.704395 0.340731
vt 0.679795 0.316184
vt 0.681548 0.316502
vt 0.681879 0.318254
vt 0.679627 0.338949
vt 0.681454 0.339057
vt 0.681562 0.340886
vt 0.681924 0.337088
vt 0.683433 0.338582
vt 0.715052 0.112048
vt 0.733667 0.112065
vt 0.733688 0.167337
vt 0.715084 0.167365
vt 0.834960 0.089601
vt 0.834943 0.108142
vt 0.737611 0.108142
vt 0.737594 0.089601
vt 0.834762 0.112250
vt 0.834771 0.167148
vt 0.737801 0.167152
vt 0.737793 0.112254
vt 0.737604 0.189801
vt 0.737620 0.171260
vt 0.834953 0.171260
vt 0.834969 0.189801
vt 0.857511 0.167354
vt 0.838896 0.167337
vt 0.838876 0.112065
vt 0.857480 0.112037
vt 0.810988 0.581630
vt 0.813127 0.581707
vt 0.812804 0.583447
vt 0.811064 0.583768
vt 0.715005 0.169534
vt 0.713247 0.169203
vt 0.712927 0.167444
vt 0.737527 0.191950
vt 0.735775 0.191632
vt 0.735444 0.189881
vt 0.735761 0.167262
vt 0.735870 0.169086
vt 0.733900 0.169564
vt 0.737692 0.169192
vt 0.735399 0.171051
vt 0.713868 0.581630
vt 0.713791 0.583768
vt 0.712051 0.583447
vt 0.711729 0.581707
vt 0.837130 0.189881
vt 0.836799 0.191632
vt 0.835046 0.191950
vt 0.859669 0.167430
vt 0.859351 0.169190
vt 0.857592 0.169523
vt 0.836817 0.167259
vt 0.836706 0.169086
vt 0.834881 0.169190
vt 0.838682 0.169567
vt 0.837175 0.171052
vt 0.810987 0.526645
vt 0.811064 0.524507
vt 0.812803 0.524829
vt 0.813126 0.526568
vt 0.735434 0.089521
vt 0.735765 0.087770
vt 0.737518 0.087452
vt 0.712894 0.111972
vt 0.713213 0.110211
vt 0.714972 0.109878
vt 0.735746 0.112143
vt 0.735857 0.110316
vt 0.737682 0.110212
vt 0.733882 0.109835
vt 0.735388 0.108350
vt 0.713868 0.526645
vt 0.711730 0.526568
vt 0.712052 0.524829
vt 0.713791 0.524507
vt 0.857558 0.109868
vt 0.859317 0.110199
vt 0.859637 0.111958
vt 0.835036 0.087452
vt 0.836789 0.087770
vt 0.837120 0.089521
vt 0.834872 0.110210
vt 0.836694 0.110316
vt 0.836803 0.112140
vt 0.837165 0.108351
vt 0.838664 0.109838
vt 0.243647 0.740069
vt 0.243643 0.799754
vt 0.183957 0.799752
vt 0.183962 0.740067
vt 0.107844 0.724047
vt 0.107834 0.635550
vt 0.156599 0.635549
vt 0.156591 0.724046
vt 0.031919 0.635549
vt 0.031875 0.541770
vt 0.080732 0.541771
vt 0.080684 0.635549
vt 0.026972 0.166602
vt 0.026495 0.078098
vt 0.086132 0.078099
vt 0.085653 0.166603
vt 0.308336 0.078108
vt 0.308352 0.166605
vt 0.259586 0.166609
vt 0.259589 0.078112
vt 0.183736 0.724047
vt 0.183726 0.635550
vt 0.232491 0.635549
vt 0.232483 0.724046
vt 0.313328 0.635553
vt 0.313807 0.724058
vt 0.254170 0.724058
vt 0.254647 0.635554
vt 0.308404 0.260384
vt 0.309172 0.354173
vt 0.258787 0.354175
vt 0.259546 0.260387
vt 0.029745 0.354185
vt 0.028216 0.260389
vt 0.084406 0.260391
vt 0.082872 0.354187
vt 0.180005 0.260391
vt 0.178758 0.166603
vt 0.237439 0.166603
vt 0.236195 0.260389
vt 0.102866 0.166603
vt 0.102387 0.078098
vt 0.162024 0.078098
vt 0.161547 0.166603
vt 0.031113 0.447981
vt 0.081498 0.447983
vt 0.107786 0.541771
vt 0.107020 0.447983
vt 0.157405 0.447982
vt 0.156643 0.541770
vt 0.105647 0.354187
vt 0.158773 0.354186
vt 0.104113 0.260391
vt 0.160303 0.260389
vt 0.178279 0.078098
vt 0.237916 0.078098
vt 0.183678 0.541771
vt 0.182912 0.447983
vt 0.233297 0.447982
vt 0.232535 0.541770
vt 0.181538 0.354187
vt 0.234665 0.354186
vt 0.265068 0.789049
vt 0.265063 0.740317
vt 0.313795 0.740314
vt 0.313800 0.789046
vt 0.310547 0.447969
vt 0.257420 0.447971
vt 0.312081 0.541765
vt 0.255891 0.541767
vt 0.031927 0.724046
vt 0.031783 0.728068
vt 0.028514 0.727461
vt 0.027911 0.724191
vt 0.317824 0.789189
vt 0.317220 0.792463
vt 0.313947 0.793071
vt 0.255573 0.077967
vt 0.256176 0.074698
vt 0.259445 0.074091
vt 0.254012 0.728070
vt 0.250741 0.727456
vt 0.250154 0.724182
vt 0.183825 0.803769
vt 0.180550 0.803157
vt 0.179943 0.799882
vt 0.022479 0.077974
vt 0.023066 0.074700
vt 0.026337 0.074087
vt 0.264925 0.793071
vt 0.261652 0.792466
vt 0.261046 0.789193
vt 0.080674 0.724047
vt 0.084690 0.724192
vt 0.084086 0.727461
vt 0.080817 0.728068
vt 0.183593 0.728068
vt 0.180324 0.727461
vt 0.179721 0.724192
vt 0.086291 0.074087
vt 0.089561 0.074700
vt 0.090149 0.077975
vt 0.247657 0.799885
vt 0.247047 0.803159
vt 0.243773 0.803769
vt 0.174263 0.077975
vt 0.174850 0.074700
vt 0.178120 0.074087
vt 0.313939 0.736292
vt 0.317211 0.736897
vt 0.317817 0.740170
vt 0.160607 0.724192
vt 0.160004 0.727461
vt 0.156735 0.728068
vt 0.308479 0.074087
vt 0.311748 0.074693
vt 0.312352 0.077962
vt 0.162183 0.074087
vt 0.165453 0.074700
vt 0.166040 0.077975
vt 0.179948 0.739937
vt 0.180558 0.736663
vt 0.183832 0.736053
vt 0.317824 0.724181
vt 0.317236 0.727456
vt 0.313966 0.728070
vt 0.261040 0.740174
vt 0.261644 0.736900
vt 0.264917 0.736292
vt 0.236499 0.724192
vt 0.235896 0.727461
vt 0.232627 0.728068
vt 0.107701 0.728068
vt 0.104432 0.727461
vt 0.103829 0.724192
vt 0.238074 0.074087
vt 0.241345 0.074700
vt 0.241932 0.077975
vt 0.243779 0.736053
vt 0.247054 0.736665
vt 0.247662 0.739940
vt 0.098371 0.077975
vt 0.098958 0.074700
vt 0.102229 0.074087
vt 0.250620 0.635537
vt 0.022945 0.166619
vt 0.179699 0.635551
vt 0.084711 0.635551
vt 0.103807 0.635551
vt 0.236518 0.635550
vt 0.312378 0.166604
vt 0.160626 0.635550
vt 0.255559 0.166608
vt 0.027892 0.635550
vt 0.255522 0.260380
vt 0.027850 0.541777
vt 0.253395 0.447942
vt 0.254763 0.354154
vt 0.027089 0.448002
vt 0.025720 0.354214
vt 0.251866 0.541740
vt 0.024191 0.260417
vt 0.174730 0.166620
vt 0.089680 0.166620
vt 0.175980 0.260418
vt 0.088430 0.260418
vt 0.177514 0.354216
vt 0.086896 0.354215
vt 0.178887 0.448004
vt 0.085523 0.448004
vt 0.179653 0.541779
vt 0.084757 0.541779
vt 0.098839 0.166620
vt 0.241466 0.166619
vt 0.100088 0.260418
vt 0.240219 0.260417
vt 0.101622 0.354215
vt 0.238690 0.354214
vt 0.102995 0.448004
vt 0.237321 0.448003
vt 0.103761 0.541779
vt 0.236560 0.541778
vt 0.317356 0.635536
vt 0.165574 0.166619
vt 0.316106 0.541738
vt 0.164328 0.260417
vt 0.314571 0.447940
vt 0.162798 0.354214
vt 0.313196 0.354151
vt 0.161429 0.448003
vt 0.312428 0.260376
vt 0.160668 0.541778
vt 0.387612 0.081153
vt 0.422980 0.081157
vt 0.423030 0.138858
vt 0.387550 0.138855
vt 0.445611 0.081157
vt 0.480978 0.081153
vt 0.481040 0.138855
vt 0.445560 0.138858
vt 0.441727 0.444871
vt 0.442052 0.387165
vt 0.484576 0.387164
vt 0.484903 0.444871
vt 0.627368 0.522892
vt 0.592022 0.522889
vt 0.592023 0.487542
vt 0.627369 0.487546
vt 0.368824 0.081143
vt 0.368499 0.138850
vt 0.325975 0.138851
vt 0.325648 0.081144
vt 0.367628 0.200924
vt 0.326850 0.200925
vt 0.423606 0.200930
vt 0.386964 0.200928
vt 0.424587 0.263010
vt 0.385975 0.263008
vt 0.425667 0.325091
vt 0.384890 0.325090
vt 0.539079 0.138855
vt 0.503599 0.138858
vt 0.503650 0.081157
vt 0.539017 0.081153
vt 0.540654 0.263008
vt 0.502042 0.263010
vt 0.503023 0.200930
vt 0.539665 0.200928
vt 0.541740 0.325089
vt 0.500963 0.325091
vt 0.542615 0.387164
vt 0.500091 0.387165
vt 0.426538 0.387165
vt 0.384014 0.387164
vt 0.364986 0.387158
vt 0.329506 0.387158
vt 0.328923 0.325086
vt 0.365565 0.325085
vt 0.327935 0.263006
vt 0.366547 0.263005
vt 0.426863 0.444871
vt 0.383688 0.444871
vt 0.442923 0.325091
vt 0.483701 0.325089
vt 0.444003 0.263010
vt 0.482615 0.263008
vt 0.444984 0.200930
vt 0.481626 0.200928
vt 0.584933 0.540368
vt 0.628151 0.540365
vt 0.628151 0.583583
vt 0.584933 0.583586
vt 0.364931 0.444859
vt 0.329563 0.444860
vt 0.542942 0.444871
vt 0.546263 0.444972
vt 0.545779 0.447680
vt 0.543074 0.448188
vt 0.441595 0.448188
vt 0.438891 0.447680
vt 0.438406 0.444973
vt 0.584825 0.586907
vt 0.582117 0.586401
vt 0.581614 0.583693
vt 0.499767 0.444871
vt 0.499635 0.448188
vt 0.496931 0.447680
vt 0.496446 0.444973
vt 0.631470 0.583690
vt 0.630966 0.586398
vt 0.628259 0.586902
vt 0.430184 0.444973
vt 0.429699 0.447680
vt 0.426995 0.448188
vt 0.539133 0.077827
vt 0.541836 0.078328
vt 0.542337 0.081030
vt 0.630696 0.523013
vt 0.630197 0.525719
vt 0.627490 0.526222
vt 0.442291 0.081034
vt 0.442791 0.078332
vt 0.445494 0.077831
vt 0.423097 0.077831
vt 0.425799 0.078332
vt 0.426299 0.081034
vt 0.591901 0.526216
vt 0.589195 0.525715
vt 0.588695 0.523009
vt 0.500330 0.081034
vt 0.500831 0.078332
vt 0.503533 0.077831
vt 0.368956 0.077827
vt 0.371660 0.078335
vt 0.372145 0.081042
vt 0.581614 0.540261
vt 0.582118 0.537554
vt 0.584826 0.537049
vt 0.488224 0.444972
vt 0.487739 0.447680
vt 0.485035 0.448188
vt 0.322327 0.081043
vt 0.322812 0.078335
vt 0.325516 0.077827
vt 0.383556 0.448188
vt 0.380851 0.447680
vt 0.380367 0.444972
vt 0.628259 0.537044
vt 0.630967 0.537550
vt 0.631470 0.540259
vt 0.481094 0.077827
vt 0.483797 0.078328
vt 0.484298 0.081030
vt 0.627490 0.484219
vt 0.630196 0.484720
vt 0.630696 0.487425
vt 0.368250 0.444982
vt 0.367750 0.447684
vt 0.365047 0.448186
vt 0.384293 0.081030
vt 0.384794 0.078328
vt 0.387496 0.077827
vt 0.329447 0.448186
vt 0.326744 0.447685
vt 0.326244 0.444983
vt 0.588695 0.487422
vt 0.589194 0.484715
vt 0.591900 0.484213
vt 0.426360 0.138850
vt 0.500269 0.138850
vt 0.484370 0.138846
vt 0.368316 0.387166
vt 0.442230 0.138850
vt 0.542409 0.138846
vt 0.441657 0.200911
vt 0.542993 0.200908
vt 0.440675 0.262985
vt 0.543982 0.262982
vt 0.439596 0.325067
vt 0.545067 0.325065
vt 0.438722 0.387151
vt 0.545946 0.387149
vt 0.428995 0.325067
vt 0.429869 0.387151
vt 0.496761 0.387151
vt 0.497635 0.325067
vt 0.427915 0.262985
vt 0.498715 0.262985
vt 0.426933 0.200911
vt 0.499696 0.200911
vt 0.487028 0.325065
vt 0.487906 0.387149
vt 0.371829 0.138864
vt 0.370955 0.200948
vt 0.485942 0.262982
vt 0.369875 0.263030
vt 0.484953 0.200908
vt 0.368892 0.325104
vt 0.384220 0.138846
vt 0.326176 0.387167
vt 0.383637 0.200908
vt 0.325595 0.325106
vt 0.382648 0.262983
vt 0.324608 0.263032
vt 0.381562 0.325065
vt 0.323523 0.200949
vt 0.380684 0.387150
vt 0.322645 0.138865
vt 0.082101 0.891330
vt 0.102115 0.891331
vt 0.102115 0.763713
vt 0.082101 0.763712
vt 0.072598 0.763489
vt 0.052584 0.763488
vt 0.052584 0.891107
vt 0.072598 0.891107
vt 0.168426 0.865216
vt 0.148440 0.865212
vt 0.148438 0.885198
vt 0.168424 0.885202
vt 0.023438 0.892402
vt 0.043453 0.892401
vt 0.043452 0.764782
vt 0.023438 0.764783
vt 0.136006 0.765027
vt 0.115992 0.765028
vt 0.115992 0.892646
vt 0.136007 0.892646
vt 0.169603 0.844989
vt 0.169687 0.847341
vt 0.171601 0.846986
vt 0.171955 0.845073
vt 0.102199 0.893685
vt 0.104112 0.893329
vt 0.104465 0.891415
vt 0.021089 0.892487
vt 0.021442 0.894400
vt 0.023355 0.894756
vt 0.104464 0.763628
vt 0.104112 0.761715
vt 0.102199 0.761360
vt 0.146086 0.885282
vt 0.146440 0.887195
vt 0.148353 0.887550
vt 0.023354 0.762430
vt 0.021442 0.762785
vt 0.021089 0.764698
vt 0.149617 0.844992
vt 0.147264 0.845075
vt 0.147617 0.846990
vt 0.149531 0.847346
vt 0.043536 0.894754
vt 0.045449 0.894399
vt 0.045802 0.892486
vt 0.138356 0.764942
vt 0.138003 0.763029
vt 0.136090 0.762673
vt 0.168507 0.887555
vt 0.170422 0.887202
vt 0.170778 0.885288
vt 0.136090 0.895000
vt 0.138003 0.894644
vt 0.138356 0.892731
vt 0.045802 0.764698
vt 0.045449 0.762784
vt 0.043536 0.762429
vt 0.169602 0.825002
vt 0.171955 0.824919
vt 0.171602 0.823004
vt 0.169688 0.822648
vt 0.052500 0.761134
vt 0.050587 0.761490
vt 0.050234 0.763403
vt 0.079752 0.891415
vt 0.080104 0.893328
vt 0.082017 0.893683
vt 0.148357 0.862859
vt 0.146442 0.863212
vt 0.146086 0.865126
vt 0.082018 0.761358
vt 0.080104 0.761714
vt 0.079752 0.763627
vt 0.050234 0.891192
vt 0.050587 0.893105
vt 0.052500 0.893461
vt 0.149616 0.825005
vt 0.149532 0.822653
vt 0.147618 0.823008
vt 0.147264 0.824921
vt 0.115909 0.762674
vt 0.113996 0.763030
vt 0.113643 0.764943
vt 0.074947 0.763404
vt 0.074594 0.761491
vt 0.072681 0.761135
vt 0.170778 0.865132
vt 0.170424 0.863218
vt 0.168511 0.862864
vt 0.072681 0.893460
vt 0.074594 0.893105
vt 0.074947 0.891191
vt 0.113643 0.892730
vt 0.113996 0.894643
vt 0.115909 0.894999
vt 0.956150 0.263954
vt 0.983383 0.263948
vt 0.983388 0.302391
vt 0.956154 0.302397
vt 0.686478 0.053626
vt 0.657325 0.049781
vt 0.676483 0.025188
vt 0.714531 0.027910
vt 0.900774 0.062703
vt 0.858041 0.068590
vt 0.848074 0.042509
vt 0.881636 0.038093
vt 0.734329 0.062598
vt 0.697336 0.059866
vt 0.723087 0.034167
vt 0.750824 0.038026
vt 0.981257 0.316686
vt 0.981256 0.356871
vt 0.954003 0.356866
vt 0.954018 0.316679
vt 0.956378 0.250579
vt 0.956380 0.221020
vt 0.983634 0.221028
vt 0.983618 0.250588
vt 0.981225 0.528613
vt 0.981209 0.567633
vt 0.953973 0.567625
vt 0.953972 0.528607
vt 0.815816 0.071783
vt 0.814979 0.044510
vt 0.774804 0.068536
vt 0.782682 0.042477
vt 0.956405 0.124877
vt 0.956417 0.093760
vt 0.983670 0.093768
vt 0.983665 0.124885
vt 0.526514 0.049738
vt 0.498772 0.053575
vt 0.473043 0.027851
vt 0.510039 0.025152
vt 0.623767 0.045336
vt 0.633757 0.019265
vt 0.590675 0.043308
vt 0.591535 0.016036
vt 0.558376 0.045314
vt 0.550520 0.019248
vt 0.956433 0.065817
vt 0.983670 0.065827
vt 0.956386 0.188283
vt 0.983647 0.188291
vt 0.956393 0.156208
vt 0.983658 0.156216
vt 0.956557 0.013955
vt 0.983792 0.013939
vt 0.983810 0.054428
vt 0.956575 0.054444
vt 0.981245 0.401107
vt 0.953998 0.401102
vt 0.981235 0.444514
vt 0.953993 0.444509
vt 0.981230 0.486666
vt 0.953983 0.486661
vt 0.938825 0.060015
vt 0.942185 0.060177
vt 0.943836 0.061740
vt 0.941563 0.061951
vt 0.956508 0.056504
vt 0.954443 0.055054
vt 0.954054 0.052886
vt 0.951515 0.318249
vt 0.951896 0.316074
vt 0.953950 0.314612
vt 0.953860 0.569391
vt 0.951813 0.568222
vt 0.951527 0.565818
vt 0.985845 0.300619
vt 0.985557 0.302998
vt 0.983502 0.304157
vt 0.695248 0.062006
vt 0.692866 0.061494
vt 0.694319 0.059575
vt 0.954164 0.013056
vt 0.954578 0.011187
vt 0.956490 0.011038
vt 0.910794 0.034271
vt 0.909674 0.031943
vt 0.911572 0.031730
vt 0.913018 0.032998
vt 0.956311 0.253496
vt 0.954399 0.253359
vt 0.953985 0.251503
vt 0.720644 0.033310
vt 0.722279 0.031730
vt 0.724529 0.032015
vt 0.983442 0.261021
vt 0.985416 0.261258
vt 0.985845 0.263478
vt 0.953973 0.065344
vt 0.954401 0.063127
vt 0.956375 0.062893
vt 0.986265 0.052428
vt 0.985984 0.054884
vt 0.983921 0.056155
vt 0.716827 0.025778
vt 0.719294 0.026276
vt 0.717688 0.028180
vt 0.981366 0.314960
vt 0.983423 0.316239
vt 0.983702 0.318717
vt 0.469844 0.027731
vt 0.468355 0.026137
vt 0.470533 0.025886
vt 0.956079 0.304430
vt 0.954025 0.303139
vt 0.953640 0.301047
vt 0.983702 0.566266
vt 0.983328 0.568368
vt 0.981285 0.569676
vt 0.983838 0.010975
vt 0.985825 0.011220
vt 0.986265 0.013474
vt 0.986092 0.251089
vt 0.985655 0.253317
vt 0.983673 0.253539
vt 0.688918 0.054529
vt 0.687227 0.056087
vt 0.684968 0.055768
vt 0.983739 0.062937
vt 0.985653 0.063088
vt 0.986062 0.064954
vt 0.953757 0.263085
vt 0.954167 0.261216
vt 0.956082 0.261063
vt 0.499844 0.055891
vt 0.497935 0.056087
vt 0.496524 0.054780
vt 0.951552 0.528124
vt 0.732907 0.064872
vt 0.953956 0.221567
vt 0.880006 0.035847
vt 0.655693 0.052026
vt 0.986057 0.221577
vt 0.983678 0.357450
vt 0.678125 0.022919
vt 0.951581 0.357444
vt 0.902414 0.064974
vt 0.951573 0.401350
vt 0.858897 0.070961
vt 0.951571 0.444539
vt 0.815885 0.074216
vt 0.951561 0.486489
vt 0.774121 0.070910
vt 0.953996 0.093308
vt 0.752240 0.035774
vt 0.953989 0.124696
vt 0.783357 0.040122
vt 0.953980 0.156237
vt 0.814911 0.042108
vt 0.953968 0.188537
vt 0.847228 0.040158
vt 0.527927 0.051991
vt 0.986092 0.093318
vt 0.559049 0.047670
vt 0.986081 0.124706
vt 0.590605 0.045710
vt 0.986071 0.156246
vt 0.622920 0.047687
vt 0.986064 0.188547
vt 0.983645 0.528131
vt 0.508619 0.022876
vt 0.983652 0.486495
vt 0.549839 0.016873
vt 0.983656 0.444545
vt 0.591606 0.013603
vt 0.983670 0.401356
vt 0.634615 0.016895
vt 0.380090 0.844539
vt 0.377859 0.890300
vt 0.370947 0.896308
vt 0.373793 0.837893
vt 0.338747 0.890729
vt 0.336493 0.845561
vt 0.342679 0.839024
vt 0.345553 0.896624
vt 0.432072 0.890216
vt 0.429879 0.844529
vt 0.436171 0.837895
vt 0.438968 0.896215
vt 0.369721 0.955627
vt 0.413285 0.955266
vt 0.413837 0.988599
vt 0.369725 0.988968
vt 0.429893 0.917267
vt 0.430652 0.945231
vt 0.368629 0.946087
vt 0.368621 0.918102
vt 0.492918 0.914767
vt 0.494409 0.942686
vt 0.432531 0.945169
vt 0.431777 0.917228
vt 0.366733 0.918101
vt 0.366732 0.946088
vt 0.304705 0.945250
vt 0.305456 0.917283
vt 0.278273 0.954148
vt 0.321801 0.955229
vt 0.321243 0.988550
vt 0.277173 0.987449
vt 0.384756 0.896677
vt 0.430267 0.892303
vt 0.437190 0.898268
vt 0.379091 0.903851
vt 0.303572 0.917243
vt 0.302811 0.945189
vt 0.240924 0.942690
vt 0.242421 0.914767
vt 0.334491 0.843654
vt 0.289295 0.843650
vt 0.283078 0.837151
vt 0.340709 0.837152
vt 0.427878 0.842626
vt 0.382091 0.842630
vt 0.375762 0.836020
vt 0.434205 0.836019
vt 0.323980 0.955261
vt 0.367542 0.955628
vt 0.367535 0.988967
vt 0.323424 0.988592
vt 0.286878 0.892737
vt 0.331793 0.897158
vt 0.337343 0.904226
vt 0.280061 0.898588
vt 0.287294 0.845551
vt 0.285077 0.890648
vt 0.278287 0.896533
vt 0.281112 0.839026
vt 0.416026 0.988556
vt 0.415765 0.989511
vt 0.414950 0.989514
vt 0.414932 0.988597
vt 0.381085 0.843578
vt 0.381600 0.844118
vt 0.381038 0.844996
vt 0.382503 0.843598
vt 0.414135 0.989543
vt 0.383670 0.895826
vt 0.384146 0.895254
vt 0.385075 0.895681
vt 0.378842 0.889933
vt 0.379312 0.890843
vt 0.378763 0.891347
vt 0.460097 0.987450
vt 0.461160 0.987363
vt 0.461431 0.988265
vt 0.460476 0.988418
vt 0.276794 0.988417
vt 0.275839 0.988264
vt 0.276110 0.987361
vt 0.431176 0.891266
vt 0.430612 0.890778
vt 0.431086 0.889853
vt 0.429766 0.891380
vt 0.322333 0.988590
vt 0.322315 0.989502
vt 0.321506 0.989502
vt 0.323123 0.989535
vt 0.428884 0.843571
vt 0.428371 0.844111
vt 0.427468 0.843594
vt 0.428933 0.844986
vt 0.368630 0.988987
vt 0.368630 0.989903
vt 0.367815 0.989917
vt 0.369444 0.989917
vt 0.413555 0.954328
vt 0.414360 0.954337
vt 0.414373 0.955231
vt 0.335498 0.844601
vt 0.334991 0.845134
vt 0.334092 0.844615
vt 0.335553 0.846007
vt 0.415463 0.955234
vt 0.415163 0.954304
vt 0.277207 0.954166
vt 0.276998 0.953266
vt 0.277956 0.953171
vt 0.458994 0.954148
vt 0.459310 0.953171
vt 0.460269 0.953265
vt 0.460060 0.954166
vt 0.337846 0.891777
vt 0.337304 0.891281
vt 0.337773 0.890375
vt 0.331488 0.896170
vt 0.332413 0.895746
vt 0.332881 0.896310
vt 0.322891 0.955227
vt 0.322905 0.954332
vt 0.323710 0.954323
vt 0.322101 0.954299
vt 0.285971 0.891698
vt 0.286527 0.891219
vt 0.287368 0.891822
vt 0.286055 0.890297
vt 0.368632 0.955609
vt 0.368632 0.954715
vt 0.369437 0.954694
vt 0.367827 0.954694
vt 0.288288 0.844594
vt 0.288794 0.845127
vt 0.288232 0.845997
vt 0.289693 0.844610
vt 0.304513 0.917323
vt 0.304545 0.915972
vt 0.306250 0.915981
vt 0.302844 0.915903
vt 0.341692 0.838091
vt 0.343124 0.836584
vt 0.343785 0.837974
vt 0.341702 0.835995
vt 0.303760 0.945157
vt 0.303719 0.946503
vt 0.302000 0.946461
vt 0.305441 0.946568
vt 0.374780 0.836959
vt 0.373356 0.835463
vt 0.374787 0.834872
vt 0.372695 0.836862
vt 0.435181 0.834872
vt 0.436611 0.835465
vt 0.435186 0.836959
vt 0.367681 0.946025
vt 0.367681 0.947373
vt 0.365958 0.947386
vt 0.369404 0.947385
vt 0.437270 0.836866
vt 0.440159 0.897134
vt 0.439636 0.898590
vt 0.438076 0.897239
vt 0.431589 0.945139
vt 0.431630 0.946479
vt 0.429917 0.946545
vt 0.433342 0.946437
vt 0.438270 0.899315
vt 0.378257 0.905092
vt 0.376789 0.904699
vt 0.377997 0.903016
vt 0.495476 0.942692
vt 0.495091 0.944055
vt 0.493565 0.943916
vt 0.241767 0.943922
vt 0.240241 0.944060
vt 0.239856 0.942696
vt 0.371834 0.897365
vt 0.370206 0.898653
vt 0.369743 0.897202
vt 0.491958 0.913599
vt 0.493457 0.913323
vt 0.493979 0.914649
vt 0.338439 0.903395
vt 0.339651 0.905091
vt 0.338190 0.905481
vt 0.346768 0.897533
vt 0.346307 0.898976
vt 0.344668 0.897681
vt 0.241360 0.914649
vt 0.241882 0.913323
vt 0.243381 0.913600
vt 0.429099 0.915965
vt 0.430804 0.915956
vt 0.430835 0.917308
vt 0.279177 0.897559
vt 0.277604 0.898916
vt 0.277084 0.897468
vt 0.278961 0.899641
vt 0.432505 0.915888
vt 0.365971 0.916777
vt 0.367677 0.916808
vt 0.367677 0.918162
vt 0.282098 0.838091
vt 0.280663 0.836586
vt 0.282085 0.835995
vt 0.280005 0.837978
vt 0.369383 0.916777
vt 0.626872 0.823278
vt 0.603949 0.823277
vt 0.603949 0.706611
vt 0.626872 0.706609
vt 0.698844 0.870011
vt 0.810688 0.870011
vt 0.797046 0.885962
vt 0.712487 0.885962
vt 0.807368 0.823154
vt 0.695525 0.823154
vt 0.709167 0.807203
vt 0.793726 0.807203
vt 0.699374 0.964285
vt 0.811218 0.964285
vt 0.797576 0.980236
vt 0.713017 0.980236
vt 0.663554 0.822578
vt 0.640630 0.822576
vt 0.640631 0.705909
vt 0.663554 0.705908
vt 0.812421 0.834827
vt 0.812420 0.857750
vt 0.695753 0.857749
vt 0.695752 0.834826
vt 0.809286 0.916338
vt 0.697443 0.916338
vt 0.711085 0.900387
vt 0.795644 0.900387
vt 0.812951 0.929101
vt 0.812950 0.952024
vt 0.696283 0.952024
vt 0.696282 0.929101
vt 0.590275 0.600919
vt 0.672542 0.600919
vt 0.672542 0.683186
vt 0.590275 0.683186
vt 0.812107 0.788134
vt 0.813713 0.788192
vt 0.813471 0.789498
vt 0.812165 0.789740
vt 0.626930 0.705001
vt 0.628237 0.705244
vt 0.628478 0.706551
vt 0.665159 0.822636
vt 0.664918 0.823943
vt 0.663611 0.824186
vt 0.602040 0.707792
vt 0.601771 0.705605
vt 0.603870 0.705005
vt 0.810819 0.915080
vt 0.812628 0.917506
vt 0.810548 0.918199
vt 0.812479 0.962424
vt 0.814560 0.963116
vt 0.812750 0.965543
vt 0.640551 0.824182
vt 0.638453 0.823581
vt 0.638722 0.821396
vt 0.695367 0.788134
vt 0.695310 0.789740
vt 0.694004 0.789498
vt 0.693762 0.788192
vt 0.663611 0.704300
vt 0.664919 0.704543
vt 0.665160 0.705850
vt 0.813009 0.927495
vt 0.814317 0.927736
vt 0.814560 0.929044
vt 0.697842 0.965543
vt 0.696033 0.963116
vt 0.698113 0.962424
vt 0.811949 0.868150
vt 0.814030 0.868842
vt 0.812220 0.871269
vt 0.814555 0.952103
vt 0.813955 0.954202
vt 0.811769 0.953933
vt 0.638722 0.707091
vt 0.638453 0.704905
vt 0.640551 0.704304
vt 0.812107 0.671394
vt 0.812165 0.669789
vt 0.813471 0.670030
vt 0.813713 0.671337
vt 0.694144 0.834769
vt 0.694386 0.833462
vt 0.695694 0.833220
vt 0.628478 0.823337
vt 0.628237 0.824644
vt 0.626929 0.824887
vt 0.808901 0.821896
vt 0.810710 0.824323
vt 0.808630 0.825015
vt 0.696182 0.918199
vt 0.694101 0.917506
vt 0.695910 0.915080
vt 0.603870 0.824883
vt 0.601771 0.824282
vt 0.602040 0.822096
vt 0.696934 0.859659
vt 0.694748 0.859928
vt 0.694148 0.857829
vt 0.695367 0.671394
vt 0.693761 0.671337
vt 0.694003 0.670030
vt 0.695310 0.669789
vt 0.694674 0.929043
vt 0.694917 0.927736
vt 0.696224 0.927495
vt 0.812479 0.833221
vt 0.813787 0.833462
vt 0.814030 0.834769
vt 0.697312 0.871269
vt 0.695502 0.868842
vt 0.697583 0.868150
vt 0.694263 0.825015
vt 0.692183 0.824323
vt 0.693992 0.821896
vt 0.814025 0.857829
vt 0.813425 0.859928
vt 0.811239 0.859659
vt 0.697465 0.953933
vt 0.695278 0.954202
vt 0.694678 0.952103
vt 0.713044 0.888005
vt 0.711783 0.888157
vt 0.710985 0.887260
vt 0.588240 0.600339
vt 0.588441 0.599085
vt 0.589695 0.598884
vt 0.707665 0.805904
vt 0.708463 0.805008
vt 0.709724 0.805160
vt 0.798547 0.887260
vt 0.797749 0.888157
vt 0.796488 0.888005
vt 0.713574 0.982279
vt 0.712313 0.982431
vt 0.711515 0.981535
vt 0.673122 0.598884
vt 0.674376 0.599085
vt 0.674578 0.600339
vt 0.799078 0.981534
vt 0.798279 0.982431
vt 0.797018 0.982279
vt 0.795087 0.898344
vt 0.796347 0.898191
vt 0.797146 0.899088
vt 0.674578 0.683766
vt 0.674376 0.685020
vt 0.673123 0.685221
vt 0.793169 0.805160
vt 0.794429 0.805008
vt 0.795228 0.805904
vt 0.589695 0.685221
vt 0.588441 0.685020
vt 0.588240 0.683766
vt 0.709583 0.899088
vt 0.710381 0.898191
vt 0.711642 0.898343
vt 0.616336 0.843782
vt 0.616337 0.901144
vt 0.611144 0.905436
vt 0.611144 0.839491
vt 0.527211 0.971557
vt 0.527211 0.914196
vt 0.532404 0.909904
vt 0.532404 0.975849
vt 0.616295 0.917437
vt 0.616296 0.974372
vt 0.611131 0.978634
vt 0.611130 0.913176
vt 0.589111 0.978878
vt 0.589110 0.912933
vt 0.589125 0.905193
vt 0.589124 0.839734
vt 0.560076 0.899504
vt 0.560076 0.842143
vt 0.564097 0.842109
vt 0.564097 0.899537
vt 0.554884 0.903796
vt 0.554883 0.837851
vt 0.583960 0.900932
vt 0.583959 0.843996
vt 0.583918 0.974586
vt 0.583918 0.917225
vt 0.532864 0.903553
vt 0.532864 0.838095
vt 0.527699 0.899292
vt 0.527699 0.842357
vt 0.554423 0.910147
vt 0.554424 0.975605
vt 0.544337 0.805954
vt 0.544337 0.756728
vt 0.582898 0.756892
vt 0.582898 0.805789
vt 0.579898 0.974620
vt 0.579898 0.917192
vt 0.620314 0.917402
vt 0.620315 0.974407
vt 0.523680 0.899327
vt 0.523680 0.842322
vt 0.519895 0.896232
vt 0.519894 0.845417
vt 0.576087 0.971497
vt 0.576087 0.920315
vt 0.624168 0.846871
vt 0.624168 0.898054
vt 0.620357 0.901177
vt 0.620357 0.843748
vt 0.538935 0.756487
vt 0.538935 0.805714
vt 0.500374 0.805550
vt 0.500374 0.756652
vt 0.500648 0.750186
vt 0.500649 0.700960
vt 0.539210 0.701125
vt 0.539210 0.750022
vt 0.519380 0.968468
vt 0.519380 0.917286
vt 0.523191 0.914163
vt 0.523191 0.971591
vt 0.544623 0.750362
vt 0.544623 0.701136
vt 0.583184 0.701300
vt 0.583184 0.750198
vt 0.579940 0.900967
vt 0.579940 0.843962
vt 0.559588 0.971343
vt 0.559588 0.914408
vt 0.563608 0.914373
vt 0.563608 0.971378
vt 0.576155 0.897872
vt 0.576155 0.847057
vt 0.567908 0.845232
vt 0.567908 0.896414
vt 0.624100 0.920497
vt 0.624100 0.971312
vt 0.567393 0.917468
vt 0.567393 0.968283
vt 0.583771 0.806220
vt 0.583675 0.807105
vt 0.582848 0.806876
vt 0.568140 0.916535
vt 0.568699 0.917078
vt 0.568254 0.917946
vt 0.624961 0.970834
vt 0.625406 0.971702
vt 0.624848 0.972245
vt 0.500425 0.806636
vt 0.499597 0.806865
vt 0.499502 0.805979
vt 0.582848 0.755806
vt 0.583675 0.755577
vt 0.583771 0.756462
vt 0.540082 0.750452
vt 0.539987 0.751337
vt 0.539159 0.751108
vt 0.575407 0.898805
vt 0.574849 0.898262
vt 0.575294 0.897394
vt 0.568254 0.967805
vt 0.568699 0.968673
vt 0.568140 0.969216
vt 0.543746 0.700697
vt 0.543847 0.699809
vt 0.544683 0.700050
vt 0.568656 0.844300
vt 0.569219 0.844848
vt 0.568774 0.845717
vt 0.575221 0.920800
vt 0.574775 0.919931
vt 0.575338 0.919383
vt 0.538875 0.755401
vt 0.539711 0.755161
vt 0.539813 0.756049
vt 0.544683 0.751448
vt 0.543847 0.751688
vt 0.543746 0.750800
vt 0.499771 0.700522
vt 0.499873 0.699634
vt 0.500709 0.699874
vt 0.624916 0.845939
vt 0.625479 0.846488
vt 0.625034 0.847357
vt 0.568774 0.895928
vt 0.569219 0.896798
vt 0.568656 0.897346
vt 0.584056 0.750628
vt 0.583961 0.751513
vt 0.583134 0.751284
vt 0.519147 0.897165
vt 0.518589 0.896622
vt 0.519033 0.895754
vt 0.575294 0.847535
vt 0.574849 0.846667
vt 0.575407 0.846124
vt 0.539159 0.700039
vt 0.539987 0.699809
vt 0.540082 0.700695
vt 0.583134 0.700214
vt 0.583961 0.699985
vt 0.584056 0.700870
vt 0.499502 0.756222
vt 0.499597 0.755337
vt 0.500424 0.755566
vt 0.624847 0.919564
vt 0.625406 0.920106
vt 0.624961 0.920975
vt 0.519033 0.845895
vt 0.518589 0.845027
vt 0.519147 0.844484
vt 0.543460 0.756289
vt 0.543561 0.755402
vt 0.544397 0.755642
vt 0.518631 0.969400
vt 0.518068 0.968852
vt 0.518514 0.967983
vt 0.625034 0.897568
vt 0.625479 0.898438
vt 0.624916 0.898986
vt 0.500709 0.751272
vt 0.499873 0.751512
vt 0.499771 0.750624
vt 0.544397 0.807040
vt 0.543561 0.807280
vt 0.543460 0.806392
vt 0.539813 0.806152
vt 0.539711 0.807040
vt 0.538875 0.806800
vt 0.575338 0.972429
vt 0.574775 0.971881
vt 0.575221 0.971012
vt 0.518514 0.917771
vt 0.518068 0.916902
vt 0.518631 0.916354
vt 0.532220 0.908704
vt 0.554613 0.908955
vt 0.611321 0.979826
vt 0.588928 0.980077
vt 0.588927 0.911733
vt 0.611320 0.911984
vt 0.532674 0.836902
vt 0.555067 0.836651
vt 0.588934 0.838542
vt 0.611327 0.838291
vt 0.555068 0.904995
vt 0.532674 0.904745
vt 0.554614 0.976797
vt 0.532221 0.977048
vt 0.611328 0.906635
vt 0.588935 0.906385
vt 0.527466 0.900535
vt 0.583726 0.842754
vt 0.620519 0.975578
vt 0.616529 0.975615
vt 0.559822 0.913165
vt 0.563812 0.913201
vt 0.616528 0.916194
vt 0.527466 0.841114
vt 0.560310 0.840899
vt 0.583684 0.915981
vt 0.526977 0.972801
vt 0.522986 0.972763
vt 0.620562 0.902349
vt 0.616571 0.902387
vt 0.564302 0.900709
vt 0.560311 0.900748
vt 0.616571 0.842539
vt 0.620562 0.842577
vt 0.526977 0.912952
vt 0.583684 0.975830
vt 0.559822 0.972586
vt 0.583726 0.902174
vt 0.563812 0.972549
vt 0.579736 0.902139
vt 0.522986 0.912991
vt 0.579693 0.975792
vt 0.564301 0.840937
vt 0.579693 0.916020
vt 0.523476 0.900499
vt 0.579736 0.842790
vt 0.620518 0.916230
vt 0.523476 0.841150
vt 0.481397 0.664356
vt 0.416099 0.664356
vt 0.410246 0.611445
vt 0.487250 0.611445
vt 0.417127 0.548552
vt 0.482426 0.548552
vt 0.488278 0.601463
vt 0.411274 0.601463
vt 0.488815 0.546677
vt 0.565819 0.546677
vt 0.559966 0.599588
vt 0.494667 0.599588
vt 0.329381 0.533572
vt 0.329381 0.456568
vt 0.406385 0.456568
vt 0.406385 0.533572
vt 0.400364 0.595367
vt 0.400364 0.607154
vt 0.335065 0.607154
vt 0.335065 0.595367
vt 0.559966 0.611375
vt 0.494667 0.611375
vt 0.406216 0.660065
vt 0.329212 0.660065
vt 0.569820 0.535653
vt 0.492817 0.535653
vt 0.492817 0.458649
vt 0.569821 0.458649
vt 0.482426 0.536765
vt 0.417127 0.536765
vt 0.416099 0.676143
vt 0.481397 0.676143
vt 0.406216 0.542456
vt 0.329212 0.542456
vt 0.411274 0.483854
vt 0.488278 0.483854
vt 0.487250 0.729054
vt 0.410246 0.729054
vt 0.488815 0.664286
vt 0.565819 0.664286
vt 0.307654 0.802947
vt 0.299161 0.810378
vt 0.297574 0.808577
vt 0.307661 0.800906
vt 0.307942 0.822519
vt 0.299770 0.830353
vt 0.298217 0.828732
vt 0.307965 0.820818
vt 0.329563 0.808966
vt 0.382497 0.803170
vt 0.382699 0.805572
vt 0.330168 0.811347
vt 0.388212 0.779441
vt 0.400073 0.779438
vt 0.400332 0.784126
vt 0.387955 0.784130
vt 0.334049 0.784152
vt 0.335218 0.773605
vt 0.387955 0.785740
vt 0.400332 0.785736
vt 0.400075 0.790424
vt 0.388214 0.790429
vt 0.454224 0.785721
vt 0.453052 0.796264
vt 0.390099 0.747411
vt 0.336866 0.747488
vt 0.337836 0.733789
vt 0.390109 0.739475
vt 0.454504 0.762679
vt 0.401052 0.757130
vt 0.401039 0.749194
vt 0.455791 0.749009
vt 0.390093 0.757150
vt 0.337771 0.762665
vt 0.336856 0.748957
vt 0.390099 0.749210
vt 0.401052 0.739471
vt 0.401038 0.747404
vt 0.455797 0.747533
vt 0.454495 0.733864
vt 0.397556 0.821763
vt 0.450490 0.827560
vt 0.449885 0.829941
vt 0.397354 0.824165
vt 0.332393 0.827606
vt 0.385593 0.821765
vt 0.385795 0.824167
vt 0.332390 0.829932
vt 0.453061 0.773594
vt 0.454228 0.784139
vt 0.318105 0.810379
vt 0.309610 0.802948
vt 0.309603 0.800906
vt 0.319692 0.808578
vt 0.394461 0.803171
vt 0.447669 0.809013
vt 0.447672 0.811339
vt 0.394259 0.805573
vt 0.335209 0.796268
vt 0.334045 0.785719
vt 0.318185 0.830352
vt 0.310016 0.822519
vt 0.309993 0.820819
vt 0.319739 0.828732
vt 0.455047 0.784309
vt 0.455082 0.784931
vt 0.454250 0.784930
vt 0.308979 0.822105
vt 0.308979 0.823104
vt 0.308240 0.823357
vt 0.309717 0.823356
vt 0.455044 0.785553
vt 0.333355 0.785540
vt 0.333334 0.784934
vt 0.334028 0.784936
vt 0.308632 0.802941
vt 0.308632 0.803497
vt 0.307861 0.803683
vt 0.309403 0.803683
vt 0.333359 0.784329
vt 0.328775 0.809021
vt 0.328737 0.808393
vt 0.329339 0.808211
vt 0.299629 0.810954
vt 0.299053 0.811271
vt 0.298554 0.810879
vt 0.335313 0.797042
vt 0.334686 0.796995
vt 0.334476 0.796377
vt 0.447729 0.808231
vt 0.448348 0.808405
vt 0.448457 0.809040
vt 0.453848 0.796375
vt 0.453682 0.796989
vt 0.453047 0.797042
vt 0.318695 0.830951
vt 0.318170 0.831322
vt 0.317643 0.830956
vt 0.331606 0.827657
vt 0.331718 0.827002
vt 0.332356 0.826822
vt 0.300313 0.830957
vt 0.299782 0.831322
vt 0.299243 0.830936
vt 0.453033 0.772815
vt 0.453690 0.772864
vt 0.453861 0.773481
vt 0.450685 0.826798
vt 0.451309 0.826991
vt 0.451275 0.827644
vt 0.334491 0.773496
vt 0.334702 0.772879
vt 0.335351 0.772836
vt 0.318731 0.810858
vt 0.318218 0.811271
vt 0.317639 0.810956
vt 0.336889 0.748223
vt 0.335951 0.748219
vt 0.335985 0.747024
vt 0.335973 0.749414
vt 0.308632 0.800912
vt 0.308632 0.799584
vt 0.309697 0.799914
vt 0.307567 0.799915
vt 0.455768 0.748271
vt 0.456590 0.748275
vt 0.456555 0.749528
vt 0.456568 0.747016
vt 0.308979 0.820469
vt 0.308979 0.819493
vt 0.310042 0.819899
vt 0.307916 0.819899
vt 0.330309 0.812100
vt 0.329660 0.812055
vt 0.329396 0.811461
vt 0.337016 0.733722
vt 0.337161 0.733094
vt 0.337805 0.733027
vt 0.296908 0.808982
vt 0.296592 0.808417
vt 0.297039 0.807952
vt 0.448456 0.811382
vt 0.448331 0.812029
vt 0.447675 0.812100
vt 0.320266 0.828196
vt 0.320675 0.828714
vt 0.320314 0.829265
vt 0.454392 0.733113
vt 0.455047 0.733172
vt 0.455247 0.733799
vt 0.450657 0.830054
vt 0.450393 0.830648
vt 0.449745 0.830693
vt 0.320227 0.807953
vt 0.320675 0.808417
vt 0.320360 0.808983
vt 0.337737 0.763430
vt 0.337088 0.763363
vt 0.336942 0.762730
vt 0.332387 0.830693
vt 0.331730 0.830623
vt 0.331605 0.829975
vt 0.455255 0.762742
vt 0.455056 0.763370
vt 0.454401 0.763430
vt 0.297642 0.829265
vt 0.297282 0.828713
vt 0.297691 0.828196
vt 0.387932 0.784935
vt 0.400355 0.784931
vt 0.382434 0.802389
vt 0.394525 0.802391
vt 0.400025 0.791193
vt 0.388265 0.791198
vt 0.385530 0.820984
vt 0.397619 0.820983
vt 0.388263 0.778672
vt 0.400022 0.778669
vt 0.390099 0.748310
vt 0.401038 0.748299
vt 0.390103 0.738744
vt 0.401060 0.738740
vt 0.394181 0.806316
vt 0.382776 0.806314
vt 0.401061 0.757862
vt 0.390086 0.757882
vt 0.397277 0.824907
vt 0.385873 0.824909
vt 0.901182 0.424872
vt 0.901182 0.330261
vt 0.902041 0.330263
vt 0.902041 0.424870
vt 0.890531 0.668787
vt 0.890533 0.763521
vt 0.887460 0.763520
vt 0.887458 0.668788
vt 0.842065 0.672248
vt 0.842065 0.760208
vt 0.837446 0.760202
vt 0.837445 0.672254
vt 0.902411 0.319197
vt 0.902411 0.224618
vt 0.903270 0.224621
vt 0.903270 0.319195
vt 0.833649 0.396036
vt 0.739094 0.396037
vt 0.739097 0.395178
vt 0.833647 0.395176
vt 0.738997 0.398870
vt 0.833608 0.398869
vt 0.833605 0.399729
vt 0.738999 0.399728
vt 0.836780 0.883242
vt 0.836779 0.788430
vt 0.931591 0.788429
vt 0.931591 0.883241
vt 0.869506 0.764237
vt 0.869504 0.670467
vt 0.872144 0.673059
vt 0.872146 0.761645
vt 0.925601 0.760208
vt 0.925601 0.672247
vt 0.930221 0.672253
vt 0.930221 0.760202
vt 0.882116 0.762547
vt 0.882114 0.668777
vt 0.884754 0.671369
vt 0.884755 0.759955
vt 0.861349 0.763259
vt 0.861347 0.669489
vt 0.863987 0.672081
vt 0.863989 0.760667
vt 0.852026 0.672711
vt 0.852024 0.760657
vt 0.846606 0.756887
vt 0.846608 0.676481
vt 0.856646 0.672705
vt 0.856644 0.760663
vt 0.935639 0.676024
vt 0.935639 0.756431
vt 0.911404 0.760741
vt 0.911403 0.672781
vt 0.916023 0.672787
vt 0.916024 0.760735
vt 0.898910 0.223785
vt 0.898911 0.317505
vt 0.893335 0.312049
vt 0.893334 0.229240
vt 0.923428 0.890995
vt 0.923740 0.891124
vt 0.923869 0.891435
vt 0.923869 0.971860
vt 0.923740 0.972172
vt 0.923428 0.972301
vt 0.843004 0.972301
vt 0.842693 0.972172
vt 0.842564 0.971860
vt 0.842564 0.891435
vt 0.842693 0.891124
vt 0.843004 0.890995
vt 0.921441 0.676557
vt 0.921442 0.756965
vt 0.832027 0.756432
vt 0.832027 0.676024
vt 0.913488 0.312025
vt 0.913487 0.229216
vt 0.938170 0.251680
vt 0.938170 0.289560
vt 0.901821 0.669216
vt 0.901823 0.763950
vt 0.898750 0.763950
vt 0.898748 0.669217
vt 0.738428 0.407588
vt 0.833240 0.407587
vt 0.833241 0.502399
vt 0.738429 0.502400
vt 0.879143 0.668987
vt 0.879141 0.763679
vt 0.876069 0.763678
vt 0.876071 0.668988
vt 0.896106 0.669331
vt 0.896105 0.763110
vt 0.893465 0.760518
vt 0.893466 0.671923
vt 0.897095 0.330634
vt 0.897094 0.424355
vt 0.891518 0.418899
vt 0.891519 0.336090
vt 0.905865 0.424354
vt 0.905863 0.330634
vt 0.911439 0.336090
vt 0.911440 0.418899
vt 0.907912 0.317481
vt 0.907911 0.223760
vt 0.936122 0.358554
vt 0.936122 0.396434
vt 0.917740 0.477826
vt 0.917740 0.496015
vt 0.911109 0.496014
vt 0.911109 0.477827
vt 0.848795 0.466233
vt 0.848795 0.502743
vt 0.843946 0.497899
vt 0.843946 0.471077
vt 0.868653 0.289585
vt 0.868652 0.251705
vt 0.866836 0.396434
vt 0.866837 0.358554
vt 0.862172 0.467882
vt 0.862171 0.504393
vt 0.857323 0.499548
vt 0.857323 0.472727
vt 0.864319 0.504393
vt 0.864319 0.467882
vt 0.869168 0.472727
vt 0.869168 0.499548
vt 0.887536 0.458732
vt 0.887536 0.431912
vt 0.897714 0.436226
vt 0.897714 0.454418
vt 0.851029 0.503086
vt 0.851029 0.466575
vt 0.855878 0.471420
vt 0.855878 0.498241
vt 0.892274 0.479120
vt 0.906801 0.479116
vt 0.904979 0.481005
vt 0.894097 0.481007
vt 0.914080 0.431414
vt 0.914080 0.458234
vt 0.903902 0.453920
vt 0.903902 0.435728
vt 0.915149 0.457885
vt 0.915149 0.431065
vt 0.925326 0.435379
vt 0.925326 0.453571
vt 0.885262 0.431912
vt 0.885262 0.458732
vt 0.875084 0.454418
vt 0.875084 0.436226
vt 0.908630 0.505131
vt 0.890437 0.505123
vt 0.890441 0.498491
vt 0.908632 0.498498
vt 0.890443 0.475352
vt 0.908630 0.475345
vt 0.908137 0.477229
vt 0.890936 0.477234
vt 0.881338 0.496013
vt 0.881339 0.477828
vt 0.887968 0.477829
vt 0.887968 0.496013
vt 0.890935 0.496607
vt 0.908139 0.496613
vt 0.905315 0.481142
vt 0.905452 0.481480
vt 0.905452 0.492362
vt 0.905316 0.492699
vt 0.904979 0.492836
vt 0.894097 0.492834
vt 0.893760 0.492697
vt 0.893624 0.492361
vt 0.893624 0.481481
vt 0.893761 0.481144
vt 0.909226 0.495521
vt 0.909226 0.478320
vt 0.907340 0.494185
vt 0.907340 0.479656
vt 0.906802 0.494725
vt 0.892273 0.494721
vt 0.891737 0.494184
vt 0.891737 0.479658
vt 0.889851 0.478322
vt 0.889851 0.495520
vt 0.890439 0.468721
vt 0.908628 0.468714
vt 0.908372 0.764040
vt 0.908682 0.764052
vt 0.908635 0.764303
vt 0.908383 0.764350
vt 0.836768 0.883549
vt 0.836518 0.883503
vt 0.836471 0.883253
vt 0.890542 0.668478
vt 0.890792 0.668525
vt 0.890838 0.668776
vt 0.833961 0.396045
vt 0.833914 0.396298
vt 0.833661 0.396345
vt 0.900873 0.330249
vt 0.900920 0.329996
vt 0.901173 0.329950
vt 0.738119 0.407577
vt 0.738166 0.407326
vt 0.738417 0.407280
vt 0.890841 0.763532
vt 0.890795 0.763784
vt 0.890544 0.763830
vt 0.931901 0.883252
vt 0.931854 0.883504
vt 0.931602 0.883550
vt 0.879154 0.668678
vt 0.879406 0.668724
vt 0.879453 0.668976
vt 0.901173 0.425183
vt 0.900921 0.425136
vt 0.900875 0.424884
vt 0.902101 0.224607
vt 0.902148 0.224353
vt 0.902402 0.224307
vt 0.833251 0.407280
vt 0.833502 0.407326
vt 0.833549 0.407576
vt 0.908370 0.669349
vt 0.908381 0.669040
vt 0.908632 0.669087
vt 0.908678 0.669338
vt 0.902132 0.763961
vt 0.902085 0.764213
vt 0.901834 0.764259
vt 0.836471 0.788419
vt 0.836517 0.788168
vt 0.836768 0.788122
vt 0.738686 0.398861
vt 0.738733 0.398608
vt 0.738985 0.398562
vt 0.739082 0.396345
vt 0.738830 0.396299
vt 0.738783 0.396046
vt 0.738418 0.502707
vt 0.738168 0.502661
vt 0.738121 0.502411
vt 0.879449 0.763690
vt 0.879403 0.763941
vt 0.879152 0.763988
vt 0.931602 0.788123
vt 0.931852 0.788168
vt 0.931898 0.788418
vt 0.901832 0.668907
vt 0.902083 0.668954
vt 0.902128 0.669205
vt 0.833620 0.398561
vt 0.833872 0.398607
vt 0.833919 0.398860
vt 0.833549 0.502410
vt 0.833503 0.502661
vt 0.833252 0.502707
vt 0.902401 0.319508
vt 0.902149 0.319461
vt 0.902102 0.319209
vt 0.896430 0.763394
vt 0.896271 0.763805
vt 0.895828 0.763400
vt 0.905300 0.764040
vt 0.905281 0.764348
vt 0.904899 0.764213
vt 0.904962 0.763770
vt 0.887124 0.669054
vt 0.887060 0.668616
vt 0.887439 0.668481
vt 0.861626 0.763549
vt 0.861182 0.763956
vt 0.861022 0.763544
vt 0.895829 0.669041
vt 0.896272 0.668636
vt 0.896431 0.669047
vt 0.869179 0.670183
vt 0.869338 0.669773
vt 0.869781 0.670177
vt 0.898731 0.764257
vt 0.898350 0.764122
vt 0.898414 0.763681
vt 0.905298 0.669350
vt 0.904962 0.669618
vt 0.904899 0.669178
vt 0.905279 0.669043
vt 0.861022 0.669205
vt 0.861181 0.668795
vt 0.861623 0.669199
vt 0.887441 0.763828
vt 0.887060 0.763693
vt 0.887124 0.763252
vt 0.875733 0.669258
vt 0.875670 0.668815
vt 0.876052 0.668680
vt 0.882392 0.762837
vt 0.881949 0.763244
vt 0.881789 0.762832
vt 0.881789 0.668493
vt 0.881947 0.668083
vt 0.882390 0.668487
vt 0.876050 0.763985
vt 0.875670 0.763850
vt 0.875733 0.763410
vt 0.898414 0.669484
vt 0.898350 0.669045
vt 0.898729 0.668910
vt 0.869783 0.764527
vt 0.869339 0.764934
vt 0.869179 0.764522
vt 0.925618 0.760544
vt 0.925308 0.760621
vt 0.925267 0.760328
vt 0.856979 0.760784
vt 0.856937 0.761078
vt 0.856627 0.761000
vt 0.893189 0.760809
vt 0.892996 0.760641
vt 0.893140 0.760376
vt 0.864313 0.760525
vt 0.864457 0.760790
vt 0.864264 0.760958
vt 0.925267 0.672127
vt 0.925308 0.671834
vt 0.925617 0.671911
vt 0.864263 0.671789
vt 0.864456 0.671957
vt 0.864313 0.672223
vt 0.885080 0.759813
vt 0.885224 0.760078
vt 0.885031 0.760246
vt 0.911421 0.761078
vt 0.911111 0.761154
vt 0.911070 0.760862
vt 0.911069 0.672660
vt 0.911111 0.672368
vt 0.911420 0.672445
vt 0.885029 0.671077
vt 0.885223 0.671245
vt 0.885079 0.671511
vt 0.872471 0.761503
vt 0.872615 0.761768
vt 0.872422 0.761936
vt 0.842048 0.671911
vt 0.842358 0.671834
vt 0.842399 0.672127
vt 0.856629 0.672369
vt 0.856938 0.672293
vt 0.856979 0.672585
vt 0.842399 0.760329
vt 0.842358 0.760621
vt 0.842049 0.760544
vt 0.872420 0.672767
vt 0.872614 0.672935
vt 0.872470 0.673201
vt 0.893140 0.672065
vt 0.892996 0.671799
vt 0.893190 0.671631
vt 0.898639 0.223499
vt 0.899081 0.223097
vt 0.899238 0.223506
vt 0.905536 0.330357
vt 0.905692 0.329950
vt 0.906134 0.330349
vt 0.738788 0.395159
vt 0.738923 0.394778
vt 0.739359 0.394840
vt 0.739262 0.400067
vt 0.738825 0.400129
vt 0.738690 0.399748
vt 0.899238 0.317782
vt 0.899082 0.318189
vt 0.898641 0.317790
vt 0.833914 0.399748
vt 0.833780 0.400129
vt 0.833343 0.400067
vt 0.903608 0.318932
vt 0.903670 0.319369
vt 0.903289 0.319503
vt 0.896825 0.330349
vt 0.897266 0.329950
vt 0.897422 0.330357
vt 0.906136 0.424640
vt 0.905693 0.425041
vt 0.905536 0.424633
vt 0.907584 0.223483
vt 0.907740 0.223076
vt 0.908182 0.223475
vt 0.902061 0.329955
vt 0.902442 0.330089
vt 0.902379 0.330526
vt 0.833384 0.394838
vt 0.833821 0.394776
vt 0.833955 0.395157
vt 0.908184 0.317766
vt 0.907741 0.318168
vt 0.907584 0.317760
vt 0.897422 0.424633
vt 0.897265 0.425042
vt 0.896823 0.424640
vt 0.903290 0.224313
vt 0.903670 0.224447
vt 0.903607 0.224882
vt 0.902380 0.424607
vt 0.902442 0.425044
vt 0.902060 0.425178
vt 0.848659 0.465902
vt 0.849028 0.465534
vt 0.849191 0.465891
vt 0.862567 0.504735
vt 0.862405 0.505092
vt 0.862035 0.504724
vt 0.938437 0.251389
vt 0.938724 0.251662
vt 0.938566 0.252022
vt 0.936519 0.396092
vt 0.936677 0.396452
vt 0.936389 0.396725
vt 0.849191 0.503086
vt 0.849028 0.503442
vt 0.848658 0.503074
vt 0.936389 0.358263
vt 0.936676 0.358536
vt 0.936518 0.358895
vt 0.868255 0.252047
vt 0.868097 0.251687
vt 0.868385 0.251414
vt 0.851166 0.503416
vt 0.850796 0.503784
vt 0.850633 0.503428
vt 0.862035 0.467551
vt 0.862405 0.467184
vt 0.862567 0.467540
vt 0.863923 0.467540
vt 0.864086 0.467184
vt 0.864455 0.467551
vt 0.866569 0.396725
vt 0.866282 0.396452
vt 0.866440 0.396093
vt 0.938567 0.289219
vt 0.938725 0.289578
vt 0.938437 0.289851
vt 0.850633 0.466233
vt 0.850796 0.465876
vt 0.851166 0.466244
vt 0.868386 0.289876
vt 0.868098 0.289603
vt 0.868256 0.289244
vt 0.866440 0.358895
vt 0.866282 0.358536
vt 0.866570 0.358263
vt 0.864455 0.504724
vt 0.864086 0.505092
vt 0.863923 0.504735
vt 0.837397 0.671925
vt 0.916071 0.672459
vt 0.930269 0.671925
vt 0.916072 0.761064
vt 0.851976 0.760985
vt 0.930269 0.760530
vt 0.851978 0.672383
vt 0.837398 0.760530
vt 0.921540 0.757290
vt 0.935737 0.675698
vt 0.846508 0.757212
vt 0.935737 0.756757
vt 0.846509 0.676156
vt 0.831929 0.756757
vt 0.921540 0.676232
vt 0.831929 0.675699
vt 0.913643 0.228821
vt 0.911596 0.419294
vt 0.893178 0.228845
vt 0.911595 0.335695
vt 0.891364 0.335695
vt 0.893179 0.312444
vt 0.913644 0.312420
vt 0.891362 0.419294
vt 0.857187 0.499876
vt 0.843810 0.470750
vt 0.856014 0.498569
vt 0.843810 0.498226
vt 0.869304 0.499876
vt 0.856014 0.471092
vt 0.857187 0.472399
vt 0.869303 0.472399
vt 0.875018 0.435881
vt 0.885195 0.431563
vt 0.915215 0.430716
vt 0.925392 0.435034
vt 0.914013 0.458583
vt 0.903836 0.454265
vt 0.925392 0.453917
vt 0.915215 0.458234
vt 0.897779 0.454764
vt 0.887602 0.459081
vt 0.885195 0.459081
vt 0.875018 0.454764
vt 0.887602 0.431563
vt 0.897779 0.435881
vt 0.903836 0.435382
vt 0.914013 0.431065
vt 0.908983 0.475365
vt 0.908486 0.477300
vt 0.909155 0.477971
vt 0.911088 0.477474
vt 0.908488 0.496542
vt 0.908985 0.498477
vt 0.911088 0.496367
vt 0.909155 0.495870
vt 0.907143 0.479236
vt 0.907220 0.479315
vt 0.907144 0.494606
vt 0.907220 0.494526
vt 0.887989 0.477476
vt 0.889922 0.477973
vt 0.890588 0.477306
vt 0.890090 0.475373
vt 0.891856 0.479317
vt 0.891932 0.479240
vt 0.889922 0.495868
vt 0.887989 0.496365
vt 0.890088 0.498469
vt 0.890586 0.496536
vt 0.891856 0.494525
vt 0.891931 0.494601
vt 0.908981 0.468714
vt 0.917740 0.477473
vt 0.908983 0.505131
vt 0.917740 0.496368
vt 0.881339 0.477475
vt 0.890087 0.468721
vt 0.881338 0.496366
vt 0.890084 0.505123
vt 0.196120 0.861714
vt 0.195012 0.846088
vt 0.199684 0.846040
vt 0.200435 0.861041
vt 0.204223 0.846093
vt 0.204606 0.860991
vt 0.208650 0.846195
vt 0.208950 0.861178
vt 0.212972 0.846266
vt 0.213483 0.861073
vt 0.217183 0.846272
vt 0.217873 0.860594
vt 0.221283 0.846234
vt 0.221840 0.859923
vt 0.205039 0.841687
vt 0.205039 0.839082
vt 0.206882 0.837240
vt 0.209487 0.837240
vt 0.211329 0.839082
vt 0.211329 0.841687
vt 0.209487 0.843529
vt 0.206882 0.843529
vt 0.225306 0.846206
vt 0.225529 0.859553
vt 0.229295 0.846214
vt 0.229295 0.859772
vt 0.221214 0.862664
vt 0.217528 0.862848
vt 0.209674 0.863481
vt 0.213647 0.863112
vt 0.213801 0.864802
vt 0.210542 0.865379
vt 0.224767 0.862903
vt 0.205711 0.863908
vt 0.201781 0.864767
vt 0.228337 0.863831
vt 0.197776 0.866418
vt 0.223425 0.865881
vt 0.226610 0.867136
vt 0.224396 0.870073
vt 0.221681 0.868523
vt 0.207216 0.866394
vt 0.203880 0.867914
vt 0.220260 0.865111
vt 0.217037 0.864765
vt 0.200448 0.870065
vt 0.213933 0.866117
vt 0.216462 0.866251
vt 0.216386 0.869800
vt 0.214382 0.869842
vt 0.219025 0.867108
vt 0.211441 0.866784
vt 0.208990 0.868260
vt 0.206491 0.870468
vt 0.203828 0.873015
vt 0.218522 0.870223
vt 0.220908 0.871094
vt 0.220492 0.873456
vt 0.218350 0.872892
vt 0.212407 0.870343
vt 0.210368 0.871387
vt 0.208132 0.873052
vt 0.205596 0.875132
vt 0.223518 0.872133
vt 0.216510 0.872670
vt 0.218349 0.875226
vt 0.216727 0.875111
vt 0.214823 0.872783
vt 0.213164 0.873216
vt 0.211421 0.874058
vt 0.209437 0.875416
vt 0.207079 0.877166
vt 0.222957 0.874149
vt 0.208373 0.879074
vt 0.210534 0.877549
vt 0.211497 0.879468
vt 0.209539 0.880833
vt 0.215260 0.875258
vt 0.213821 0.875653
vt 0.212299 0.876380
vt 0.220287 0.875610
vt 0.222595 0.876089
vt 0.218440 0.877302
vt 0.220201 0.877579
vt 0.220180 0.879380
vt 0.218578 0.879170
vt 0.222347 0.877930
vt 0.216989 0.877249
vt 0.215690 0.877412
vt 0.214420 0.877779
vt 0.213073 0.878430
vt 0.212365 0.881190
vt 0.213774 0.880255
vt 0.214414 0.881886
vt 0.213150 0.882728
vt 0.217272 0.879154
vt 0.216110 0.879323
vt 0.214976 0.879665
vt 0.210612 0.882430
vt 0.222158 0.879660
vt 0.220193 0.881020
vt 0.222022 0.881327
vt 0.221936 0.882971
vt 0.220287 0.882578
vt 0.218738 0.880857
vt 0.217561 0.880869
vt 0.216518 0.881042
vt 0.215497 0.881355
vt 0.211605 0.883928
vt 0.214996 0.883336
vt 0.215982 0.882878
vt 0.216392 0.884201
vt 0.215498 0.884660
vt 0.218899 0.882373
vt 0.217846 0.882421
vt 0.216933 0.882637
vt 0.213833 0.884198
vt 0.212534 0.885384
vt 0.219078 0.883751
vt 0.220444 0.884124
vt 0.220583 0.885659
vt 0.219371 0.885200
vt 0.214459 0.885666
vt 0.213410 0.886772
vt 0.221867 0.884563
vt 0.218091 0.883772
vt 0.217234 0.883938
vt 0.216776 0.885461
vt 0.217544 0.885177
vt 0.217903 0.886571
vt 0.217182 0.886900
vt 0.218351 0.885055
vt 0.215945 0.886089
vt 0.215101 0.887095
vt 0.214231 0.888030
vt 0.221783 0.886035
vt 0.220646 0.887051
vt 0.221682 0.887296
vt 0.221631 0.887823
vt 0.220665 0.887627
vt 0.216455 0.887520
vt 0.215741 0.888350
vt 0.219624 0.886686
vt 0.218692 0.886504
vt 0.214956 0.889086
vt 0.218902 0.887229
vt 0.219761 0.887366
vt 0.219941 0.888652
vt 0.219250 0.888855
vt 0.218096 0.887306
vt 0.217355 0.887638
vt 0.216673 0.888184
vt 0.216013 0.888864
vt 0.215267 0.889520
vt 0.221550 0.888601
vt 0.220684 0.888541
vt 0.218560 0.889060
vt 0.217860 0.889226
vt 0.213246 0.843895
vt 0.213246 0.844809
vt 0.212600 0.845455
vt 0.211686 0.845455
vt 0.211039 0.844809
vt 0.211039 0.843895
vt 0.211686 0.843248
vt 0.212600 0.843248
vt 0.217157 0.889395
vt 0.216455 0.889671
vt 0.215729 0.890158
vt 0.216599 0.889934
vt 0.215982 0.890415
vt 0.216772 0.890233
vt 0.216308 0.890605
vt 0.217253 0.889657
vt 0.217371 0.889980
vt 0.217936 0.889484
vt 0.218038 0.889807
vt 0.218629 0.889319
vt 0.218716 0.889642
vt 0.219312 0.889116
vt 0.219384 0.889446
vt 0.219989 0.888926
vt 0.220048 0.889263
vt 0.220690 0.888840
vt 0.220690 0.889183
vt 0.221460 0.888947
vt 0.221274 0.889273
vt 0.241492 0.842483
vt 0.241611 0.848381
vt 0.240227 0.848409
vt 0.240231 0.842598
vt 0.238756 0.848431
vt 0.238894 0.842682
vt 0.237067 0.848426
vt 0.237368 0.842704
vt 0.235120 0.848343
vt 0.235630 0.842608
vt 0.247312 0.842304
vt 0.248066 0.847994
vt 0.246135 0.848173
vt 0.245593 0.842480
vt 0.244458 0.848284
vt 0.244081 0.842550
vt 0.242993 0.848346
vt 0.242750 0.842541
vt 0.241736 0.854549
vt 0.240266 0.854579
vt 0.238705 0.854611
vt 0.236912 0.854633
vt 0.234842 0.854614
vt 0.248611 0.854241
vt 0.246548 0.854363
vt 0.244762 0.854454
vt 0.243204 0.854512
vt 0.241865 0.860942
vt 0.240366 0.860976
vt 0.238775 0.861021
vt 0.236950 0.861079
vt 0.234842 0.861132
vt 0.248887 0.860752
vt 0.246780 0.860804
vt 0.244955 0.860862
vt 0.243364 0.860907
vt 0.241994 0.867334
vt 0.240526 0.867371
vt 0.238968 0.867429
vt 0.237181 0.867520
vt 0.235119 0.867642
vt 0.248887 0.867270
vt 0.246818 0.867250
vt 0.245025 0.867272
vt 0.243464 0.867304
vt 0.242119 0.873502
vt 0.240737 0.873537
vt 0.239272 0.873599
vt 0.237595 0.873710
vt 0.235663 0.873889
vt 0.248610 0.873540
vt 0.246663 0.873458
vt 0.244974 0.873452
vt 0.243503 0.873474
vt 0.242238 0.879400
vt 0.240980 0.879342
vt 0.239649 0.879333
vt 0.238136 0.879403
vt 0.236417 0.879579
vt 0.248100 0.879275
vt 0.246361 0.879179
vt 0.244836 0.879201
vt 0.243499 0.879285
vt 0.242334 0.884130
vt 0.241186 0.884157
vt 0.239976 0.884201
vt 0.238613 0.884279
vt 0.237093 0.884408
vt 0.247605 0.884147
vt 0.246070 0.884083
vt 0.244698 0.884084
vt 0.243483 0.884106
vt 0.242427 0.888745
vt 0.241307 0.888760
vt 0.240131 0.888760
vt 0.238826 0.888748
vt 0.237407 0.888741
vt 0.247451 0.888506
vt 0.246025 0.888569
vt 0.244717 0.888651
vt 0.243543 0.888711
vt 0.242531 0.893959
vt 0.241171 0.893832
vt 0.239845 0.893469
vt 0.238521 0.893064
vt 0.237145 0.892837
vt 0.247872 0.892621
vt 0.246496 0.892902
vt 0.245186 0.893362
vt 0.243880 0.893778
vt 0.241198 0.827924
vt 0.241303 0.833138
vt 0.240187 0.833172
vt 0.239850 0.828106
vt 0.239013 0.833232
vt 0.238543 0.828521
vt 0.237705 0.833314
vt 0.237234 0.828981
vt 0.236279 0.833377
vt 0.235858 0.829262
vt 0.246584 0.829046
vt 0.246322 0.833142
vt 0.244904 0.833135
vt 0.245209 0.828820
vt 0.243599 0.833123
vt 0.243885 0.828414
vt 0.242423 0.833123
vt 0.242559 0.828051
vt 0.241396 0.837753
vt 0.240247 0.837777
vt 0.239032 0.837799
vt 0.237659 0.837800
vt 0.236125 0.837736
vt 0.246637 0.837475
vt 0.245117 0.837604
vt 0.243754 0.837682
vt 0.242544 0.837726
vt 0.080386 0.904778
vt 0.090976 0.904629
vt 0.090976 0.945464
vt 0.080388 0.945315
vt 0.020878 0.905529
vt 0.031757 0.905371
vt 0.031771 0.944743
vt 0.020895 0.944593
vt 0.043652 0.905215
vt 0.043664 0.944891
vt 0.055868 0.905068
vt 0.055876 0.945032
vt 0.068461 0.904924
vt 0.068467 0.945172
vt 0.080409 0.989198
vt 0.080409 0.948662
vt 0.090970 0.948515
vt 0.090970 0.989345
vt 0.020128 0.988465
vt 0.020128 0.949395
vt 0.031109 0.949248
vt 0.031109 0.988612
vt 0.043274 0.949102
vt 0.043274 0.988758
vt 0.055767 0.948955
vt 0.055767 0.988905
vt 0.068491 0.948809
vt 0.068491 0.989051
vt 0.020866 0.904663
vt 0.031747 0.904508
vt 0.031762 0.945606
vt 0.020884 0.945459
vt 0.020021 0.944594
vt 0.020001 0.905530
vt 0.091850 0.904629
vt 0.091850 0.945464
vt 0.080374 0.903905
vt 0.090963 0.903752
vt 0.068451 0.904052
vt 0.055857 0.904208
vt 0.043643 0.904365
vt 0.090963 0.946340
vt 0.080377 0.946188
vt 0.068457 0.946043
vt 0.055866 0.945892
vt 0.043655 0.945741
vt 0.362367 0.684233
vt 0.360092 0.686428
vt 0.358451 0.685164
vt 0.359178 0.682561
vt 0.363774 0.681935
vt 0.359606 0.680239
vt 0.356917 0.688122
vt 0.356029 0.682566
vt 0.355413 0.680458
vt 0.356609 0.684980
vt 0.353448 0.683987
vt 0.351968 0.682497
vt 0.355058 0.685715
vt 0.351955 0.686396
vt 0.349980 0.685844
vt 0.354146 0.687069
vt 0.351865 0.689162
vt 0.349897 0.689698
vt 0.354055 0.688641
vt 0.353185 0.691494
vt 0.351823 0.692861
vt 0.354771 0.690001
vt 0.356062 0.690798
vt 0.355415 0.692838
vt 0.354889 0.694637
vt 0.357584 0.690840
vt 0.357984 0.692954
vt 0.358340 0.694778
vt 0.358966 0.690092
vt 0.360353 0.691857
vt 0.361463 0.693383
vt 0.359848 0.688659
vt 0.362146 0.689681
vt 0.363774 0.690865
vt 0.381060 0.684745
vt 0.378785 0.686940
vt 0.377144 0.685676
vt 0.377871 0.683073
vt 0.382467 0.682447
vt 0.378299 0.680751
vt 0.375610 0.688635
vt 0.374722 0.683078
vt 0.374106 0.680970
vt 0.375302 0.685492
vt 0.372142 0.684499
vt 0.370661 0.683010
vt 0.373751 0.686227
vt 0.370648 0.686909
vt 0.368673 0.686356
vt 0.372839 0.687581
vt 0.370558 0.689674
vt 0.368591 0.690210
vt 0.372748 0.689153
vt 0.371878 0.692007
vt 0.370516 0.693374
vt 0.373465 0.690513
vt 0.374755 0.691310
vt 0.374109 0.693350
vt 0.373582 0.695149
vt 0.376277 0.691352
vt 0.376678 0.693466
vt 0.377034 0.695290
vt 0.377659 0.690604
vt 0.379046 0.692369
vt 0.380156 0.693895
vt 0.378542 0.689171
vt 0.380839 0.690193
vt 0.382467 0.691377
vt 0.384609 0.706567
vt 0.381266 0.709792
vt 0.378854 0.707934
vt 0.379923 0.704109
vt 0.386675 0.703190
vt 0.380552 0.700698
vt 0.376601 0.712281
vt 0.375296 0.704117
vt 0.374392 0.701020
vt 0.376148 0.707664
vt 0.371505 0.706205
vt 0.369330 0.704017
vt 0.373870 0.708744
vt 0.369311 0.709745
vt 0.366410 0.708933
vt 0.372530 0.710733
vt 0.369179 0.713808
vt 0.366288 0.714596
vt 0.372396 0.713042
vt 0.371119 0.717235
vt 0.369117 0.719243
vt 0.373449 0.715041
vt 0.375345 0.716212
vt 0.374395 0.719209
vt 0.373621 0.721852
vt 0.377581 0.716273
vt 0.378169 0.719379
vt 0.378693 0.722059
vt 0.379612 0.715174
vt 0.381649 0.717768
vt 0.383280 0.720010
vt 0.380908 0.713070
vt 0.384284 0.714570
vt 0.386675 0.716310
vt 0.360041 0.714524
vt 0.355355 0.716982
vt 0.354287 0.713157
vt 0.356698 0.711300
vt 0.362107 0.717901
vt 0.355984 0.720393
vt 0.352033 0.708811
vt 0.349824 0.720071
vt 0.350729 0.716974
vt 0.351581 0.713427
vt 0.344762 0.717075
vt 0.346938 0.714886
vt 0.349302 0.712348
vt 0.341842 0.712158
vt 0.344743 0.711346
vt 0.347962 0.710359
vt 0.341720 0.706495
vt 0.344611 0.707283
vt 0.347828 0.708049
vt 0.344550 0.701848
vt 0.346551 0.703856
vt 0.348881 0.706051
vt 0.350778 0.704879
vt 0.349828 0.701883
vt 0.349054 0.699239
vt 0.353602 0.701712
vt 0.353014 0.704818
vt 0.354125 0.699032
vt 0.357082 0.703324
vt 0.355044 0.705917
vt 0.358712 0.701082
vt 0.359716 0.706521
vt 0.356340 0.708022
vt 0.362107 0.704781
vt 0.224969 0.968514
vt 0.224969 0.958267
vt 0.226286 0.958491
vt 0.226286 0.968290
vt 0.147207 0.926890
vt 0.147207 0.983175
vt 0.136771 0.983175
vt 0.136771 0.926890
vt 0.167890 0.926996
vt 0.177569 0.926996
vt 0.177569 0.983282
vt 0.167890 0.983282
vt 0.224495 0.983373
vt 0.224495 0.973574
vt 0.225813 0.973350
vt 0.225813 0.983597
vt 0.188934 0.926999
vt 0.188934 0.983279
vt 0.187586 0.983283
vt 0.187586 0.926994
vt 0.129702 0.984619
vt 0.129718 0.985348
vt 0.129167 0.985246
vt 0.129042 0.984649
vt 0.224284 0.958178
vt 0.224385 0.957629
vt 0.224941 0.957573
vt 0.147867 0.983201
vt 0.147750 0.983792
vt 0.147207 0.983901
vt 0.129702 0.928339
vt 0.129042 0.928308
vt 0.129167 0.927712
vt 0.129718 0.927610
vt 0.147207 0.926164
vt 0.147750 0.926272
vt 0.147867 0.926864
vt 0.225840 0.972656
vt 0.226397 0.972712
vt 0.226498 0.973261
vt 0.226498 0.983686
vt 0.226396 0.984235
vt 0.225840 0.984291
vt 0.136111 0.926864
vt 0.136228 0.926272
vt 0.136772 0.926164
vt 0.188918 0.926270
vt 0.189469 0.926371
vt 0.189594 0.926968
vt 0.189594 0.983309
vt 0.189469 0.983906
vt 0.188918 0.984007
vt 0.136772 0.983901
vt 0.136228 0.983792
vt 0.136112 0.983201
vt 0.224941 0.969208
vt 0.224385 0.969152
vt 0.224284 0.968603
vt 0.131050 0.984624
vt 0.131753 0.984643
vt 0.131666 0.985234
vt 0.131105 0.985355
vt 0.167847 0.984006
vt 0.167285 0.983895
vt 0.167190 0.983305
vt 0.226320 0.957796
vt 0.226883 0.957942
vt 0.226977 0.958515
vt 0.131050 0.928334
vt 0.131105 0.927603
vt 0.131666 0.927723
vt 0.131753 0.928314
vt 0.223804 0.973598
vt 0.223899 0.973025
vt 0.224462 0.972878
vt 0.167190 0.926973
vt 0.167285 0.926383
vt 0.167847 0.926271
vt 0.224462 0.984069
vt 0.223899 0.983922
vt 0.223804 0.983349
vt 0.186883 0.926974
vt 0.186970 0.926383
vt 0.187531 0.926263
vt 0.177612 0.926272
vt 0.178174 0.926383
vt 0.178269 0.926973
vt 0.187531 0.984015
vt 0.186970 0.983894
vt 0.186883 0.983303
vt 0.226977 0.968266
vt 0.226883 0.968839
vt 0.226320 0.968986
vt 0.178269 0.983305
vt 0.178174 0.983895
vt 0.177612 0.984006
vt 0.224934 0.954136
vt 0.224934 0.943889
vt 0.226252 0.944113
vt 0.226252 0.953912
vt 0.120161 0.928329
vt 0.120160 0.984614
vt 0.109724 0.984614
vt 0.109724 0.928329
vt 0.198393 0.926985
vt 0.208072 0.926985
vt 0.208071 0.983271
vt 0.198393 0.983270
vt 0.225199 0.939006
vt 0.225199 0.929208
vt 0.226517 0.928983
vt 0.226517 0.939230
vt 0.219045 0.926996
vt 0.219045 0.983276
vt 0.217697 0.983281
vt 0.217697 0.926991
vt 0.156749 0.983180
vt 0.156765 0.983909
vt 0.156214 0.983807
vt 0.156089 0.983210
vt 0.224249 0.943800
vt 0.224351 0.943251
vt 0.224907 0.943195
vt 0.120820 0.984640
vt 0.120704 0.985232
vt 0.120160 0.985340
vt 0.156749 0.926900
vt 0.156089 0.926869
vt 0.156214 0.926273
vt 0.156765 0.926171
vt 0.120160 0.927603
vt 0.120704 0.927712
vt 0.120820 0.928303
vt 0.226544 0.928289
vt 0.227100 0.928345
vt 0.227202 0.928895
vt 0.227202 0.939319
vt 0.227100 0.939869
vt 0.226544 0.939924
vt 0.109065 0.928303
vt 0.109181 0.927711
vt 0.109725 0.927603
vt 0.219028 0.926267
vt 0.219580 0.926369
vt 0.219705 0.926966
vt 0.219705 0.983307
vt 0.219580 0.983903
vt 0.219028 0.984005
vt 0.109725 0.985340
vt 0.109181 0.985232
vt 0.109065 0.984640
vt 0.224907 0.954830
vt 0.224351 0.954774
vt 0.224249 0.954224
vt 0.158097 0.983184
vt 0.158800 0.983204
vt 0.158713 0.983795
vt 0.158152 0.983915
vt 0.198350 0.983995
vt 0.197788 0.983884
vt 0.197693 0.983294
vt 0.226286 0.943417
vt 0.226848 0.943563
vt 0.226943 0.944137
vt 0.158097 0.926895
vt 0.158152 0.926164
vt 0.158713 0.926284
vt 0.158800 0.926875
vt 0.224508 0.929231
vt 0.224603 0.928658
vt 0.225166 0.928512
vt 0.197693 0.926962
vt 0.197788 0.926372
vt 0.198350 0.926260
vt 0.225166 0.939702
vt 0.224603 0.939556
vt 0.224508 0.938983
vt 0.216994 0.926972
vt 0.217081 0.926381
vt 0.217641 0.926260
vt 0.208115 0.926261
vt 0.208676 0.926372
vt 0.208772 0.926962
vt 0.217641 0.984012
vt 0.217081 0.983892
vt 0.216994 0.983300
vt 0.226943 0.953888
vt 0.226849 0.954461
vt 0.226286 0.954608
vt 0.208772 0.983294
vt 0.208676 0.983884
vt 0.208114 0.983995
vn 0.1794 -0.1794 0.9673
vn 0.1794 0.1794 0.9673
vn -0.1794 0.1794 0.9673
vn -0.1794 -0.1794 0.9673
vn 0.9673 -0.1794 -0.1794
vn 0.9673 0.1794 -0.1794
vn 0.9673 0.1794 0.1794
vn 0.9673 -0.1794 0.1794
vn 0.1794 0.9673 -0.1794
vn -0.1794 0.9673 -0.1794
vn -0.1794 0.9673 0.1794
vn 0.1794 0.9673 0.1794
vn -0.9673 -0.1794 0.1794
vn -0.9673 0.1794 0.1794
vn -0.9673 0.1794 -0.1794
vn -0.9673 -0.1794 -0.1794
vn -0.1794 -0.1794 -0.9673
vn -0.1794 0.1794 -0.9673
vn 0.1794 0.1794 -0.9673
vn 0.1794 -0.1794 -0.9673
vn -0.1794 -0.9673 0.1794
vn -0.1585 -0.9194 0.3600
vn -0.3251 -0.8881 0.3251
vn -0.3600 -0.9194 0.1585
vn -0.3600 -0.1585 0.9194
vn -0.3251 -0.3251 0.8881
vn -0.1585 -0.3600 0.9194
vn -0.9194 -0.3600 0.1585
vn -0.8881 -0.3251 0.3251
vn -0.9194 -0.1585 0.3600
vn -0.1585 0.3600 0.9194
vn -0.3251 0.3251 0.8881
vn -0.3600 0.1585 0.9194
vn -0.3600 0.9194 0.1585
vn -0.3251 0.8881 0.3251
vn -0.1585 0.9194 0.3600
vn -0.9194 0.1585 0.3600
vn -0.8881 0.3251 0.3251
vn -0.9194 0.3600 0.1585
vn -0.1794 -0.9673 -0.1794
vn -0.3600 -0.9194 -0.1585
vn -0.3251 -0.8881 -0.3251
vn -0.1585 -0.9194 -0.3600
vn -0.9194 -0.1585 -0.3600
vn -0.8881 -0.3251 -0.3251
vn -0.9194 -0.3600 -0.1585
vn -0.1585 -0.3600 -0.9194
vn -0.3251 -0.3251 -0.8881
vn -0.3600 -0.1585 -0.9194
vn -0.1585 0.9194 -0.3600
vn -0.3251 0.8881 -0.3251
vn -0.3600 0.9194 -0.1585
vn -0.3600 0.1585 -0.9194
vn -0.3251 0.3251 -0.8881
vn -0.1585 0.3600 -0.9194
vn -0.9194 0.3600 -0.1585
vn -0.8881 0.3251 -0.3251
vn -0.9194 0.1585 -0.3600
vn 0.1794 -0.9673 0.1794
vn 0.3600 -0.9194 0.1585
vn 0.3251 -0.8881 0.3251
vn 0.1585 -0.9194 0.3600
vn 0.9194 -0.1585 0.3600
vn 0.8881 -0.3251 0.3251
vn 0.9194 -0.3600 0.1585
vn 0.1585 -0.3600 0.9194
vn 0.3250 -0.3251 0.8881
vn 0.3600 -0.1585 0.9194
vn 0.1585 0.9194 0.3600
vn 0.3251 0.8881 0.3251
vn 0.3600 0.9194 0.1585
vn 0.3600 0.1585 0.9194
vn 0.3251 0.3251 0.8881
vn 0.1585 0.3600 0.9194
vn 0.9194 0.3600 0.1585
vn 0.8881 0.3251 0.3251
vn 0.9194 0.1585 0.3600
vn 0.1794 -0.9673 -0.1794
vn 0.1585 -0.9194 -0.3600
vn 0.3251 -0.8881 -0.3251
vn 0.3600 -0.9194 -0.1585
vn 0.3600 -0.1585 -0.9194
vn 0.3251 -0.3251 -0.8881
vn 0.1585 -0.3600 -0.9194
vn 0.9194 -0.3600 -0.1585
vn 0.8881 -0.3251 -0.3251
vn 0.9194 -0.1585 -0.3600
vn 0.3600 0.9194 -0.1585
vn 0.3251 0.8881 -0.3251
vn 0.1585 0.9194 -0.3600
vn 0.9194 0.1585 -0.3600
vn 0.8881 0.3251 -0.3251
vn 0.9194 0.3600 -0.1585
vn 0.1585 0.3600 -0.9194
vn 0.3251 0.3251 -0.8881
vn 0.3600 0.1585 -0.9194
vn 0.3251 -0.3251 0.8881
vn 0.1801 0.9670 -0.1801
vn -0.1801 0.9670 -0.1801
vn -0.1801 0.9670 0.1801
vn 0.1801 0.9670 0.1801
vn 0.9808 -0.0003 -0.1951
vn 0.9808 -0.0003 0.1951
vn -0.9808 -0.0003 0.1951
vn -0.9808 -0.0051 0.1947
vn -0.9808 -0.0051 -0.1947
vn -0.9808 -0.0003 -0.1951
vn -0.9807 -0.0110 0.1954
vn -0.9682 0.1738 0.1798
vn -0.9682 0.1738 -0.1798
vn -0.9807 -0.0110 -0.1954
vn 0.1951 -0.0003 0.9808
vn -0.1951 -0.0003 0.9808
vn -0.1951 -0.0003 -0.9808
vn 0.1951 -0.0003 -0.9808
vn 0.1954 -0.0110 0.9807
vn 0.1798 0.1738 0.9682
vn -0.1798 0.1738 0.9682
vn -0.1954 -0.0110 0.9807
vn 0.1947 -0.0051 0.9808
vn 0.1948 -0.0134 0.9808
vn -0.1948 -0.0134 0.9808
vn -0.1947 -0.0051 0.9808
vn -0.9806 -0.0182 0.1950
vn -0.9806 -0.0174 0.1952
vn -0.9806 -0.0174 -0.1952
vn -0.9806 -0.0182 -0.1950
vn -0.1952 -0.0174 -0.9806
vn -0.1954 -0.0110 -0.9807
vn 0.1954 -0.0110 -0.9807
vn 0.1952 -0.0174 -0.9806
vn 0.9807 -0.0110 -0.1954
vn 0.9682 0.1738 -0.1798
vn 0.9682 0.1738 0.1798
vn 0.9807 -0.0110 0.1954
vn -0.9808 -0.0134 0.1948
vn -0.9808 -0.0134 -0.1948
vn 0.9808 -0.0051 -0.1947
vn 0.9808 -0.0134 -0.1948
vn 0.9808 -0.0134 0.1948
vn 0.9808 -0.0051 0.1947
vn 0.9806 -0.0182 -0.1950
vn 0.9806 -0.0182 0.1950
vn 0.9806 -0.0174 -0.1952
vn 0.9806 -0.0174 0.1952
vn -0.1798 0.1738 -0.9682
vn 0.1798 0.1738 -0.9682
vn -0.1947 -0.0051 -0.9808
vn -0.1948 -0.0134 -0.9808
vn 0.1948 -0.0134 -0.9808
vn 0.1947 -0.0051 -0.9808
vn -0.1950 -0.0182 -0.9806
vn 0.1950 -0.0182 -0.9806
vn 0.1950 -0.0182 0.9806
vn -0.1950 -0.0182 0.9806
vn 0.1952 -0.0174 0.9806
vn -0.1952 -0.0174 0.9806
vn -0.8881 -0.3250 0.3250
vn -0.3250 -0.8881 0.3250
vn -0.3250 -0.3250 0.8881
vn -0.1594 0.3548 0.9213
vn -0.3263 0.3191 0.8898
vn -0.3606 0.1518 0.9203
vn -0.3612 0.9189 0.1588
vn -0.3265 0.8870 0.3265
vn -0.1588 0.9189 0.3612
vn -0.9203 0.1518 0.3606
vn -0.8898 0.3191 0.3263
vn -0.9213 0.3548 0.1594
vn -0.3250 -0.8881 -0.3250
vn -0.8881 -0.3250 -0.3250
vn -0.3250 -0.3250 -0.8881
vn -0.9213 0.3548 -0.1594
vn -0.8898 0.3191 -0.3263
vn -0.9203 0.1518 -0.3606
vn -0.1588 0.9189 -0.3612
vn -0.3265 0.8870 -0.3265
vn -0.3612 0.9189 -0.1588
vn -0.3606 0.1518 -0.9203
vn -0.3263 0.3191 -0.8898
vn -0.1594 0.3548 -0.9213
vn 0.3250 -0.8881 0.3250
vn 0.8881 -0.3250 0.3250
vn 0.3250 -0.3250 0.8881
vn 0.9213 0.3548 0.1594
vn 0.8898 0.3191 0.3263
vn 0.9203 0.1518 0.3606
vn 0.1588 0.9189 0.3612
vn 0.3265 0.8870 0.3265
vn 0.3612 0.9189 0.1588
vn 0.3606 0.1518 0.9203
vn 0.3263 0.3191 0.8898
vn 0.1594 0.3548 0.9213
vn 0.3250 -0.8881 -0.3250
vn 0.3250 -0.3250 -0.8881
vn 0.8881 -0.3250 -0.3250
vn 0.1594 0.3548 -0.9213
vn 0.3263 0.3191 -0.8898
vn 0.3606 0.1518 -0.9203
vn 0.3612 0.9189 -0.1588
vn 0.3265 0.8870 -0.3265
vn 0.1588 0.9189 -0.3612
vn 0.9203 0.1518 -0.3606
vn 0.8898 0.3191 -0.3263
vn 0.9213 0.3548 -0.1594
vn -0.3827 -0.0123 0.9238
vn -0.9238 -0.0123 0.3827
vn -0.3827 -0.0003 -0.9239
vn -0.9239 -0.0003 -0.3827
vn 0.9239 -0.0003 -0.3827
vn 0.3827 -0.0003 -0.9239
vn 0.3827 -0.0003 0.9239
vn 0.9239 -0.0003 0.3827
vn -0.3827 -0.0003 0.9239
vn -0.9239 -0.0003 0.3827
vn -0.3827 -0.0056 0.9239
vn -0.9239 -0.0056 0.3827
vn -0.3826 -0.0202 0.9237
vn -0.3826 -0.0149 0.9238
vn -0.9238 -0.0149 0.3826
vn -0.9237 -0.0202 0.3826
vn -0.3826 -0.0194 0.9237
vn -0.9237 -0.0194 0.3826
vn -0.3827 -0.0123 -0.9238
vn -0.9238 -0.0123 -0.3827
vn -0.3826 -0.0194 -0.9237
vn -0.9237 -0.0194 -0.3826
vn -0.3826 -0.0202 -0.9237
vn -0.9237 -0.0202 -0.3826
vn -0.3826 -0.0149 -0.9238
vn -0.9238 -0.0149 -0.3826
vn -0.3827 -0.0056 -0.9239
vn -0.9239 -0.0056 -0.3827
vn 0.9238 -0.0123 -0.3827
vn 0.3827 -0.0123 -0.9238
vn 0.9237 -0.0194 -0.3826
vn 0.3826 -0.0194 -0.9237
vn 0.9237 -0.0202 -0.3826
vn 0.3826 -0.0202 -0.9237
vn 0.9238 -0.0149 -0.3826
vn 0.3826 -0.0149 -0.9238
vn 0.9239 -0.0056 -0.3827
vn 0.3827 -0.0056 -0.9239
vn 0.3827 -0.0123 0.9238
vn 0.9238 -0.0123 0.3827
vn 0.3826 -0.0194 0.9237
vn 0.9237 -0.0194 0.3826
vn 0.3826 -0.0202 0.9237
vn 0.9237 -0.0202 0.3826
vn 0.3826 -0.0149 0.9238
vn 0.9238 -0.0149 0.3826
vn 0.3827 -0.0056 0.9239
vn 0.9239 -0.0056 0.3827
vn 0.1793 0.9672 -0.1802
vn -0.1793 0.9672 -0.1802
vn -0.1947 0.9808 -0.0060
vn 0.1947 0.9808 -0.0060
vn -0.1793 -0.9672 -0.1802
vn 0.1793 -0.9672 -0.1802
vn 0.1947 -0.9808 -0.0060
vn -0.1947 -0.9808 -0.0060
vn -0.1798 -0.9683 0.1735
vn -0.1955 -0.9806 -0.0117
vn 0.1955 -0.9806 -0.0117
vn 0.1798 -0.9683 0.1735
vn -0.1793 -0.1793 -0.9673
vn -0.1793 0.1793 -0.9673
vn 0.1793 0.1793 -0.9673
vn 0.1793 -0.1793 -0.9673
vn 0.9683 -0.1798 0.1735
vn 0.9806 -0.1955 -0.0117
vn 0.9806 0.1955 -0.0117
vn 0.9683 0.1798 0.1735
vn 0.9806 -0.1952 -0.0185
vn 0.9806 0.1952 -0.0185
vn -0.1948 0.9807 -0.0148
vn 0.1948 0.9807 -0.0148
vn -0.1950 0.9806 -0.0196
vn 0.1950 0.9806 -0.0196
vn -0.1952 0.9806 -0.0185
vn 0.1952 0.9806 -0.0185
vn -0.9808 -0.1947 -0.0060
vn -0.9808 0.1947 -0.0060
vn -0.9672 0.1793 -0.1802
vn -0.9672 -0.1793 -0.1802
vn -0.9806 -0.1950 -0.0196
vn -0.9806 0.1950 -0.0196
vn -0.9807 0.1948 -0.0148
vn -0.9807 -0.1948 -0.0148
vn -0.9806 -0.1952 -0.0185
vn -0.9806 0.1952 -0.0185
vn -0.9806 -0.1955 -0.0117
vn -0.9806 0.1955 -0.0117
vn -0.1955 0.9806 -0.0117
vn 0.1955 0.9806 -0.0117
vn 0.9808 -0.1947 -0.0060
vn 0.9808 0.1947 -0.0060
vn 0.9807 0.1948 -0.0148
vn 0.9807 -0.1948 -0.0148
vn 0.9806 0.1950 -0.0196
vn 0.9806 -0.1950 -0.0196
vn -0.1798 0.9683 0.1735
vn 0.1798 0.9683 0.1735
vn -0.1952 -0.9806 -0.0185
vn 0.1952 -0.9806 -0.0185
vn -0.1950 -0.9806 -0.0196
vn 0.1950 -0.9806 -0.0196
vn -0.1948 -0.9807 -0.0148
vn 0.1948 -0.9807 -0.0148
vn 0.1801 -0.1801 0.9670
vn 0.1801 0.1801 0.9670
vn -0.1801 0.1801 0.9670
vn -0.1801 -0.1801 0.9670
vn 0.9672 -0.1793 -0.1802
vn 0.9672 0.1793 -0.1802
vn -0.9683 -0.1798 0.1735
vn -0.9203 -0.3606 0.1514
vn -0.8899 -0.3264 0.3188
vn -0.9214 -0.1595 0.3545
vn -0.1595 -0.9214 0.3545
vn -0.3264 -0.8899 0.3188
vn -0.3606 -0.9203 0.1514
vn -0.3612 -0.1588 0.9189
vn -0.3266 -0.3266 0.8870
vn -0.1588 -0.3612 0.9189
vn -0.9683 0.1798 0.1735
vn -0.9214 0.1595 0.3545
vn -0.8899 0.3264 0.3188
vn -0.9203 0.3606 0.1514
vn -0.1588 0.3612 0.9189
vn -0.3266 0.3266 0.8870
vn -0.3612 0.1588 0.9189
vn -0.3606 0.9203 0.1514
vn -0.3264 0.8899 0.3188
vn -0.1595 0.9214 0.3545
vn -0.9191 -0.1583 -0.3607
vn -0.8878 -0.3249 -0.3259
vn -0.9193 -0.3599 -0.1595
vn -0.1584 -0.3598 -0.9195
vn -0.3248 -0.3248 -0.8882
vn -0.3598 -0.1584 -0.9195
vn -0.3599 -0.9193 -0.1595
vn -0.3249 -0.8878 -0.3259
vn -0.1584 -0.9191 -0.3607
vn -0.1583 0.9191 -0.3607
vn -0.3249 0.8878 -0.3259
vn -0.3599 0.9193 -0.1595
vn -0.3598 0.1584 -0.9195
vn -0.3248 0.3248 -0.8882
vn -0.1584 0.3598 -0.9195
vn -0.9193 0.3599 -0.1595
vn -0.8878 0.3249 -0.3259
vn -0.9191 0.1583 -0.3607
vn 0.9214 -0.1595 0.3545
vn 0.8899 -0.3264 0.3188
vn 0.9203 -0.3606 0.1514
vn 0.1588 -0.3612 0.9189
vn 0.3266 -0.3266 0.8870
vn 0.3612 -0.1588 0.9189
vn 0.3606 -0.9203 0.1514
vn 0.3264 -0.8899 0.3188
vn 0.1595 -0.9214 0.3545
vn 0.9203 0.3606 0.1514
vn 0.8899 0.3264 0.3188
vn 0.9214 0.1595 0.3545
vn 0.1595 0.9214 0.3545
vn 0.3264 0.8899 0.3188
vn 0.3606 0.9203 0.1514
vn 0.3612 0.1588 0.9189
vn 0.3266 0.3266 0.8870
vn 0.1588 0.3612 0.9189
vn 0.1584 -0.9191 -0.3607
vn 0.3249 -0.8878 -0.3259
vn 0.3599 -0.9193 -0.1595
vn 0.3598 -0.1584 -0.9195
vn 0.3248 -0.3248 -0.8882
vn 0.1584 -0.3598 -0.9195
vn 0.9193 -0.3599 -0.1595
vn 0.8878 -0.3249 -0.3259
vn 0.9191 -0.1583 -0.3607
vn 0.3599 0.9193 -0.1595
vn 0.3249 0.8878 -0.3259
vn 0.1583 0.9191 -0.3607
vn 0.9191 0.1583 -0.3607
vn 0.8878 0.3249 -0.3259
vn 0.9193 0.3599 -0.1595
vn 0.1584 0.3598 -0.9195
vn 0.3248 0.3248 -0.8882
vn 0.3598 0.1584 -0.9195
vn -0.3827 0.9239 -0.0066
vn -0.9239 0.3827 -0.0066
vn 0.3827 -0.9239 -0.0066
vn 0.9239 -0.3827 -0.0066
vn -0.3827 -0.9239 -0.0066
vn -0.9239 -0.3827 -0.0066
vn -0.3826 -0.9238 -0.0165
vn -0.9238 -0.3826 -0.0165
vn -0.3826 -0.9237 -0.0218
vn -0.9237 -0.3826 -0.0218
vn -0.3826 -0.9237 -0.0206
vn -0.9237 -0.3826 -0.0206
vn -0.3827 -0.9238 -0.0130
vn -0.9238 -0.3826 -0.0130
vn -0.3826 0.9237 -0.0206
vn -0.3827 0.9238 -0.0130
vn -0.9238 0.3827 -0.0130
vn -0.9237 0.3826 -0.0206
vn -0.3826 0.9237 -0.0218
vn -0.9237 0.3826 -0.0218
vn -0.3826 0.9238 -0.0165
vn -0.9238 0.3826 -0.0165
vn 0.3826 -0.9237 -0.0206
vn 0.3827 -0.9238 -0.0130
vn 0.9238 -0.3826 -0.0130
vn 0.9237 -0.3826 -0.0206
vn 0.3826 -0.9237 -0.0218
vn 0.9237 -0.3826 -0.0218
vn 0.3826 -0.9238 -0.0165
vn 0.9238 -0.3826 -0.0165
vn 0.3827 0.9239 -0.0066
vn 0.9239 0.3827 -0.0066
vn 0.3826 0.9238 -0.0165
vn 0.9238 0.3826 -0.0165
vn 0.3826 0.9237 -0.0218
vn 0.9237 0.3826 -0.0218
vn 0.3826 0.9237 -0.0206
vn 0.9237 0.3826 -0.0206
vn 0.3827 0.9238 -0.0130
vn 0.9238 0.3827 -0.0130
vn 0.8881 0.3251 -0.3250
vn 0.8881 -0.3251 -0.3250
vn 0.8881 -0.3251 0.3250
vn -0.3251 0.8881 -0.3250
vn -0.3250 0.3251 -0.8881
vn -0.3251 0.8881 0.3250
vn -0.3250 0.3251 0.8881
vn -0.8881 0.3251 0.3250
vn 0.1811 0.9782 -0.1011
vn -0.1962 0.9757 -0.0974
vn -0.2403 0.9535 0.1820
vn 0.2327 0.9612 0.1479
vn 0.9596 0.1295 -0.2497
vn 0.9802 0.1569 -0.1207
vn 0.9818 -0.1486 0.1179
vn 0.9876 -0.1410 -0.0696
vn -0.9814 -0.1503 0.1191
vn -0.9805 -0.1524 0.1241
vn -0.9817 0.1477 -0.1203
vn -0.9811 0.1537 -0.1178
vn -0.9817 -0.1178 0.1498
vn -0.9863 0.0689 0.1501
vn -0.9593 0.2529 -0.1258
vn -0.9801 0.1198 -0.1580
vn 0.2405 -0.8367 0.4921
vn 0.1957 -0.7603 0.6194
vn -0.2048 -0.7593 0.6177
vn -0.2339 -0.8185 0.5247
vn -0.1737 0.7207 -0.6711
vn -0.1966 0.7781 -0.5965
vn 0.2028 0.7768 -0.5962
vn 0.2015 0.7201 -0.6640
vn 0.2027 -0.6143 0.7626
vn 0.2286 -0.5143 0.8266
vn -0.2341 -0.4855 0.8423
vn -0.1949 -0.6157 0.7635
vn -0.9791 -0.1433 0.1441
vn -0.9819 0.1339 -0.1337
vn -0.9802 -0.1240 0.1542
vn -0.9816 0.1203 -0.1486
vn -0.1951 0.6212 -0.7590
vn -0.2008 0.5911 -0.7812
vn 0.1954 0.5913 -0.7824
vn 0.1951 0.6212 -0.7590
vn 0.9808 0.1175 -0.1554
vn 0.9634 0.2405 -0.1182
vn 0.9868 0.0645 0.1486
vn 0.9813 -0.1190 0.1514
vn 0.9817 0.1477 -0.1203
vn 0.9805 -0.1524 0.1241
vn 0.9819 0.1339 -0.1337
vn 0.9791 -0.1433 0.1441
vn 0.9816 0.1203 -0.1485
vn 0.9802 -0.1240 0.1542
vn -0.1967 0.6659 -0.7197
vn 0.1722 0.6716 -0.7207
vn -0.1959 0.7561 -0.6244
vn 0.1959 0.7561 -0.6244
vn -0.1950 0.6929 -0.6942
vn 0.1950 0.6929 -0.6942
vn -0.1829 0.1359 -0.9737
vn 0.1996 0.1310 -0.9711
vn 0.2466 -0.1344 -0.9598
vn -0.2372 -0.0959 -0.9667
vn 0.1968 -0.7639 0.6146
vn -0.1968 -0.7639 0.6146
vn 0.1943 -0.6930 0.6942
vn -0.1943 -0.6930 0.6942
vn 0.1957 -0.6112 0.7669
vn -0.1957 -0.6112 0.7669
vn -0.9879 -0.1406 -0.0648
vn -0.9677 -0.1765 -0.1799
vn -0.9663 -0.2317 -0.1118
vn -0.9675 -0.2516 -0.0263
vn -0.4949 -0.1255 -0.8598
vn -0.4388 -0.0088 -0.8985
vn -0.4312 -0.7125 0.5536
vn -0.4893 -0.7564 0.4340
vn -0.2217 -0.3645 0.9044
vn -0.5003 -0.3318 0.7998
vn -0.4131 -0.5375 0.7352
vn -0.4362 0.8968 0.0735
vn -0.5043 0.8195 0.2722
vn -0.9616 0.0053 0.2746
vn -0.9586 0.1163 0.2599
vn -0.9617 0.2028 0.1842
vn -0.3340 0.1573 -0.9294
vn -0.2786 0.4429 -0.8522
vn -0.1403 0.4573 -0.8782
vn -0.9640 0.1211 -0.2368
vn -0.9069 0.2759 -0.3184
vn -0.8641 0.2319 -0.4467
vn -0.9025 0.1027 -0.4183
vn -0.3216 0.6732 -0.6658
vn -0.9029 0.4218 -0.0831
vn -0.8539 0.4659 -0.2319
vn -0.9030 0.3204 -0.2861
vn -0.1871 0.8793 -0.4379
vn -0.3818 0.8274 -0.4118
vn -0.3871 0.9177 -0.0894
vn -0.3879 0.6245 -0.6779
vn 0.4398 -0.0269 -0.8977
vn 0.5171 -0.2248 -0.8259
vn 0.9652 -0.2613 -0.0113
vn 0.9631 -0.2434 -0.1151
vn 0.9652 -0.1722 -0.1969
vn 0.5136 -0.7879 0.3398
vn 0.4149 -0.7288 0.5448
vn 0.9642 0.1863 0.1886
vn 0.9621 0.1135 0.2480
vn 0.9639 0.0210 0.2655
vn 0.4865 0.8539 0.1850
vn 0.4358 0.8982 0.0572
vn 0.4268 -0.5453 0.7215
vn 0.4796 -0.4148 0.7733
vn 0.1980 -0.3996 0.8950
vn 0.1927 0.4537 -0.8700
vn 0.3935 0.4241 -0.8157
vn 0.3940 0.1190 -0.9114
vn 0.3973 0.6770 -0.6196
vn 0.9023 0.0959 -0.4203
vn 0.8545 0.2398 -0.4609
vn 0.9031 0.2879 -0.3185
vn 0.1395 0.8864 -0.4413
vn 0.2777 0.8601 -0.4280
vn 0.3204 0.6657 -0.6739
vn 0.3325 0.9349 -0.1241
vn 0.9063 0.3211 -0.2749
vn 0.8631 0.4521 -0.2249
vn 0.9029 0.4202 -0.0901
vn -0.3822 -0.5753 0.7232
vn -0.9226 -0.2447 0.2982
vn -0.3855 0.7323 -0.5614
vn -0.9251 0.3014 -0.2311
vn 0.9233 0.3045 -0.2339
vn 0.4009 0.7262 -0.5585
vn 0.3842 -0.7200 0.5778
vn 0.9231 -0.2959 0.2455
vn 0.0054 -0.2671 -0.9637
vn 0.0052 -0.9217 0.3880
vn -0.0047 0.9452 0.3265
vn -0.3969 -0.7165 0.5737
vn -0.9197 -0.3024 0.2504
vn -0.3870 -0.7167 0.5802
vn -0.9259 -0.2952 0.2358
vn -0.3846 -0.6516 0.6539
vn -0.9247 -0.2693 0.2692
vn -0.3851 -0.5768 0.7204
vn -0.9250 -0.2360 0.2978
vn -0.3961 0.5546 -0.7318
vn -0.9226 0.2329 -0.3076
vn -0.3813 0.5836 -0.7169
vn -0.9231 0.2445 -0.2966
vn -0.3797 0.6540 -0.6543
vn -0.9226 0.2722 -0.2732
vn -0.3831 0.7143 -0.5857
vn -0.9238 0.2942 -0.2452
vn 0.9242 0.2303 -0.3048
vn 0.3833 0.5569 -0.7368
vn 0.9231 0.2445 -0.2966
vn 0.3813 0.5836 -0.7169
vn 0.9226 0.2722 -0.2732
vn 0.3797 0.6540 -0.6543
vn 0.9238 0.2942 -0.2452
vn 0.3831 0.7143 -0.5857
vn 0.3935 -0.5716 0.7201
vn 0.9197 -0.2488 0.3038
vn 0.3851 -0.5768 0.7204
vn 0.9250 -0.2360 0.2978
vn 0.3846 -0.6516 0.6539
vn 0.9247 -0.2693 0.2692
vn 0.3870 -0.7167 0.5802
vn 0.9259 -0.2952 0.2358
vn -0.1060 0.9943 -0.0126
vn -0.1060 0.9943 0.0126
vn -0.4073 0.9103 -0.0737
vn -0.4073 0.9103 0.0737
vn -0.1085 -0.9940 0.0123
vn -0.1085 -0.9940 -0.0123
vn -0.4073 -0.9104 0.0734
vn -0.4073 -0.9104 -0.0734
vn 0.1060 0.9943 0.0126
vn 0.1060 0.9943 -0.0126
vn 0.4073 0.9103 0.0737
vn 0.4073 0.9103 -0.0737
vn -0.1835 -0.2244 -0.9571
vn 0.1835 -0.2244 -0.9571
vn 0.1826 0.2422 -0.9529
vn -0.1826 0.2422 -0.9529
vn 0.9424 -0.2564 -0.2149
vn 0.9475 0.2331 -0.2188
vn 0.9475 0.2331 0.2188
vn 0.9424 -0.2564 0.2149
vn -0.2149 -0.2564 -0.9424
vn -0.2188 0.2330 -0.9475
vn 0.2188 0.2331 -0.9475
vn 0.2149 -0.2564 -0.9424
vn 0.2149 -0.2564 0.9424
vn 0.2188 0.2331 0.9475
vn -0.2188 0.2330 0.9475
vn -0.2149 -0.2564 0.9424
vn 0.1835 -0.2244 0.9571
vn -0.1835 -0.2244 0.9571
vn -0.1826 0.2422 0.9529
vn 0.1826 0.2422 0.9529
vn 0.0126 0.9943 -0.1060
vn -0.0126 0.9943 -0.1060
vn 0.0737 0.9103 -0.4073
vn -0.0737 0.9103 -0.4073
vn -0.9424 -0.2564 0.2149
vn -0.9475 0.2330 0.2188
vn -0.9475 0.2331 -0.2188
vn -0.9424 -0.2564 -0.2149
vn 0.0123 -0.9940 0.1085
vn -0.0123 -0.9940 0.1085
vn 0.0734 -0.9104 0.4073
vn -0.0734 -0.9104 0.4073
vn -0.0126 0.9943 0.1060
vn 0.0126 0.9943 0.1060
vn -0.0737 0.9103 0.4073
vn 0.0737 0.9103 0.4073
vn -0.9571 -0.2244 0.1835
vn -0.9571 -0.2244 -0.1835
vn -0.9529 0.2422 -0.1826
vn -0.9529 0.2422 0.1826
vn -0.0123 -0.9940 -0.1085
vn 0.0123 -0.9940 -0.1085
vn -0.0734 -0.9104 -0.4073
vn 0.0734 -0.9104 -0.4073
vn 0.1085 -0.9940 -0.0123
vn 0.1085 -0.9940 0.0123
vn 0.4073 -0.9104 -0.0734
vn 0.4073 -0.9104 0.0734
vn 0.9529 0.2422 -0.1826
vn 0.8561 0.4600 -0.2357
vn 0.7913 0.4736 -0.3867
vn 0.8801 0.2613 -0.3964
vn 0.0028 1.0000 -0.0028
vn 0.1527 0.9764 -0.1527
vn 0.1360 0.9876 -0.0791
vn 0.0791 0.9876 -0.1360
vn 0.3964 0.2613 -0.8801
vn 0.3867 0.4736 -0.7913
vn 0.2357 0.4600 -0.8561
vn 0.0028 1.0000 0.0028
vn 0.1527 0.9764 0.1527
vn 0.0791 0.9876 0.1360
vn 0.1360 0.9876 0.0791
vn 0.9529 0.2422 0.1826
vn 0.8801 0.2613 0.3964
vn 0.7913 0.4735 0.3867
vn 0.8561 0.4600 0.2357
vn 0.2357 0.4600 0.8561
vn 0.3867 0.4736 0.7913
vn 0.3964 0.2613 0.8801
vn -0.0028 1.0000 0.0028
vn -0.1527 0.9764 0.1527
vn -0.1360 0.9876 0.0791
vn -0.0791 0.9876 0.1359
vn -0.3964 0.2613 0.8801
vn -0.3867 0.4735 0.7913
vn -0.2357 0.4600 0.8561
vn -0.8561 0.4600 0.2357
vn -0.7913 0.4735 0.3867
vn -0.8801 0.2613 0.3964
vn -0.0028 1.0000 -0.0028
vn -0.1527 0.9764 -0.1527
vn -0.0791 0.9876 -0.1360
vn -0.1360 0.9876 -0.0791
vn -0.8801 0.2613 -0.3964
vn -0.7913 0.4736 -0.3867
vn -0.8561 0.4600 -0.2357
vn -0.2357 0.4600 -0.8561
vn -0.3867 0.4736 -0.7913
vn -0.3964 0.2613 -0.8801
vn 0.2387 -0.4463 -0.8624
vn 0.3923 -0.4601 -0.7965
vn 0.3998 -0.2440 -0.8836
vn 0.0017 -1.0000 -0.0017
vn 0.1525 -0.9765 -0.1525
vn 0.0798 -0.9877 -0.1342
vn 0.1342 -0.9877 -0.0798
vn 0.9571 -0.2244 -0.1835
vn 0.8836 -0.2440 -0.3998
vn 0.7965 -0.4601 -0.3923
vn 0.8624 -0.4463 -0.2387
vn 0.3998 -0.2440 0.8836
vn 0.3923 -0.4601 0.7965
vn 0.2387 -0.4463 0.8624
vn 0.9571 -0.2244 0.1835
vn 0.8624 -0.4463 0.2387
vn 0.7965 -0.4601 0.3923
vn 0.8836 -0.2440 0.3998
vn 0.0017 -1.0000 0.0017
vn 0.1525 -0.9765 0.1525
vn 0.1342 -0.9877 0.0798
vn 0.0798 -0.9877 0.1342
vn -0.8836 -0.2440 0.3998
vn -0.7965 -0.4601 0.3923
vn -0.8624 -0.4463 0.2387
vn -0.2387 -0.4463 0.8624
vn -0.3923 -0.4601 0.7965
vn -0.3998 -0.2440 0.8836
vn -0.0017 -1.0000 0.0017
vn -0.1525 -0.9765 0.1525
vn -0.0798 -0.9877 0.1342
vn -0.1342 -0.9877 0.0798
vn -0.3998 -0.2440 -0.8836
vn -0.3923 -0.4601 -0.7965
vn -0.2387 -0.4463 -0.8624
vn -0.8624 -0.4463 -0.2387
vn -0.7965 -0.4601 -0.3923
vn -0.8836 -0.2440 -0.3998
vn -0.0017 -1.0000 -0.0017
vn -0.1525 -0.9765 -0.1525
vn -0.1342 -0.9877 -0.0798
vn -0.0798 -0.9877 -0.1342
vn -0.3134 -0.5495 0.7745
vn -0.1037 -0.4186 0.9022
vn -0.9022 -0.4186 0.1037
vn -0.7745 -0.5495 0.3134
vn -0.2206 -0.9501 0.2206
vn -0.2940 -0.9095 0.2940
vn -0.4541 -0.8805 0.1359
vn -0.1359 -0.8805 0.4541
vn -0.7836 0.5322 0.3207
vn -0.9104 0.3999 0.1061
vn -0.1061 0.3999 0.9104
vn -0.3207 0.5322 0.7836
vn -0.2205 0.9502 0.2205
vn -0.2955 0.9085 0.2955
vn -0.1368 0.8794 0.4560
vn -0.4560 0.8794 0.1368
vn 0.1368 0.8794 0.4560
vn 0.2955 0.9085 0.2954
vn 0.2205 0.9502 0.2204
vn 0.3207 0.5322 0.7836
vn 0.1061 0.3999 0.9104
vn 0.9104 0.3999 0.1061
vn 0.7836 0.5322 0.3207
vn 0.4560 0.8794 0.1368
vn 0.4560 0.8794 -0.1368
vn 0.2955 0.9085 -0.2955
vn 0.2205 0.9502 -0.2205
vn 0.7836 0.5322 -0.3207
vn 0.9104 0.3999 -0.1061
vn 0.1061 0.3999 -0.9104
vn 0.3207 0.5322 -0.7836
vn 0.1368 0.8794 -0.4560
vn -0.1368 0.8794 -0.4560
vn -0.2955 0.9085 -0.2954
vn -0.2205 0.9502 -0.2205
vn -0.3207 0.5322 -0.7836
vn -0.1061 0.3999 -0.9104
vn -0.9104 0.3999 -0.1061
vn -0.7836 0.5322 -0.3207
vn -0.4560 0.8794 -0.1368
vn -0.1037 -0.4186 -0.9022
vn -0.3134 -0.5495 -0.7745
vn -0.2206 -0.9501 -0.2206
vn -0.2940 -0.9095 -0.2940
vn -0.1358 -0.8805 -0.4541
vn -0.4541 -0.8805 -0.1358
vn -0.7745 -0.5495 -0.3134
vn -0.9022 -0.4186 -0.1037
vn 0.9022 -0.4186 -0.1037
vn 0.7745 -0.5495 -0.3134
vn 0.2206 -0.9501 -0.2206
vn 0.2940 -0.9095 -0.2940
vn 0.4541 -0.8805 -0.1358
vn 0.1359 -0.8805 -0.4541
vn 0.3134 -0.5495 -0.7744
vn 0.1037 -0.4186 -0.9022
vn 0.1037 -0.4186 0.9022
vn 0.3134 -0.5495 0.7744
vn 0.2206 -0.9501 0.2206
vn 0.2940 -0.9095 0.2940
vn 0.1359 -0.8805 0.4541
vn 0.4541 -0.8805 0.1358
vn 0.7745 -0.5495 0.3134
vn 0.9022 -0.4186 0.1037
vn -0.3826 -0.0172 0.9237
vn -0.9237 -0.0172 0.3826
vn -0.3826 -0.0172 -0.9237
vn -0.9237 -0.0172 -0.3826
vn 0.9237 -0.0172 -0.3826
vn 0.3826 -0.0172 -0.9237
vn 0.3826 -0.0172 0.9237
vn 0.9237 -0.0172 0.3826
vn 0.2152 0.2036 0.9551
vn -0.2152 0.2036 0.9551
vn 0.1097 0.8074 -0.5797
vn -0.1097 0.8074 -0.5797
vn -0.0616 0.9017 -0.4279
vn 0.0616 0.9017 -0.4279
vn 0.5797 0.8075 0.1097
vn 0.5796 0.8075 -0.1097
vn 0.4279 0.9017 -0.0616
vn 0.4279 0.9017 0.0616
vn -0.5797 0.8074 -0.1097
vn -0.5797 0.8074 0.1097
vn -0.4279 0.9017 0.0616
vn -0.4279 0.9017 -0.0616
vn -0.9551 0.2036 0.2152
vn -0.9551 0.2036 -0.2152
vn 0.9551 0.2036 -0.2152
vn 0.9551 0.2036 0.2152
vn -0.1097 0.8075 0.5796
vn 0.1097 0.8075 0.5796
vn 0.0616 0.9017 0.4279
vn -0.0616 0.9017 0.4279
vn -0.2152 0.2036 -0.9551
vn 0.2152 0.2036 -0.9551
vn 0.0639 0.9959 -0.0639
vn -0.0639 0.9959 -0.0639
vn -0.0639 0.9959 0.0639
vn 0.0639 0.9959 0.0639
vn -0.1468 0.5621 0.8140
vn -0.5404 0.6449 0.5404
vn -0.3697 0.2218 0.9023
vn -0.3449 0.8730 0.3448
vn -0.8140 0.5621 0.1468
vn -0.9023 0.2218 0.3697
vn -0.3448 0.8730 -0.3449
vn -0.5404 0.6449 -0.5404
vn -0.8140 0.5621 -0.1468
vn -0.1468 0.5621 -0.8140
vn -0.3697 0.2218 -0.9023
vn -0.9023 0.2218 -0.3697
vn 0.3449 0.8730 0.3448
vn 0.5404 0.6449 0.5404
vn 0.8140 0.5621 0.1468
vn 0.1468 0.5621 0.8140
vn 0.3697 0.2218 0.9023
vn 0.9023 0.2218 0.3697
vn 0.3448 0.8730 -0.3449
vn 0.5404 0.6449 -0.5404
vn 0.1468 0.5621 -0.8140
vn 0.8140 0.5621 -0.1468
vn 0.9023 0.2218 -0.3697
vn 0.3697 0.2218 -0.9023
vn 0.0567 0.9656 -0.2540
vn 0.1967 0.9605 -0.1967
vn 0.2564 0.9319 -0.2564
vn 0.2540 0.9656 -0.0567
vn -0.2564 0.9319 -0.2564
vn -0.1967 0.9605 -0.1967
vn -0.0567 0.9656 -0.2540
vn -0.2540 0.9656 -0.0567
vn -0.2564 0.9319 0.2564
vn -0.1967 0.9605 0.1967
vn -0.2540 0.9656 0.0567
vn -0.0567 0.9656 0.2540
vn 0.2540 0.9656 0.0567
vn 0.1967 0.9605 0.1967
vn 0.2564 0.9319 0.2564
vn 0.0567 0.9656 0.2540
vn -0.0585 0.4923 0.8684
vn 0.0585 0.4923 0.8684
vn 0.1158 0.4468 0.8871
vn -0.1158 0.4468 0.8871
vn 0.4923 0.0585 0.8684
vn 0.4923 -0.0585 0.8684
vn 0.4468 -0.1158 0.8871
vn 0.4468 0.1158 0.8871
vn -0.0589 -0.4948 -0.8670
vn 0.0589 -0.4948 -0.8670
vn 0.1164 -0.4493 -0.8858
vn -0.1164 -0.4493 -0.8858
vn 0.1961 -0.9805 -0.0126
vn -0.1961 -0.9805 -0.0126
vn -0.1941 -0.9809 -0.0126
vn 0.1941 -0.9809 -0.0126
vn -0.1961 0.9805 -0.0126
vn 0.1961 0.9805 -0.0126
vn 0.1941 0.9809 -0.0126
vn -0.1941 0.9809 -0.0126
vn -0.9805 0.1914 -0.0437
vn -0.9805 -0.1914 -0.0437
vn -0.9791 -0.1983 -0.0439
vn -0.9791 0.1984 -0.0439
vn -0.4923 -0.0585 0.8684
vn -0.4923 0.0585 0.8684
vn -0.4468 0.1158 0.8871
vn -0.4468 -0.1158 0.8871
vn 0.0589 0.4948 -0.8670
vn -0.0589 0.4948 -0.8670
vn -0.1164 0.4493 -0.8858
vn 0.1164 0.4493 -0.8858
vn 0.0585 -0.4923 0.8684
vn -0.0585 -0.4923 0.8684
vn -0.1158 -0.4468 0.8871
vn 0.1158 -0.4468 0.8871
vn -0.9809 0.1941 -0.0126
vn -0.9809 -0.1940 -0.0126
vn -0.9805 -0.1961 -0.0126
vn -0.9805 0.1961 -0.0126
vn -0.4948 0.0589 -0.8670
vn -0.4948 -0.0589 -0.8670
vn -0.4493 -0.1164 -0.8858
vn -0.4493 0.1164 -0.8858
vn 0.9805 0.1961 -0.0126
vn 0.9805 -0.1961 -0.0126
vn 0.9809 -0.1940 -0.0126
vn 0.9809 0.1941 -0.0126
vn -0.9538 0.1719 0.2466
vn -0.9538 -0.1719 0.2466
vn -0.9562 -0.1724 -0.2366
vn -0.9562 0.1724 -0.2366
vn -0.1914 -0.9805 -0.0437
vn 0.1914 -0.9805 -0.0437
vn 0.1983 -0.9792 -0.0439
vn -0.1983 -0.9792 -0.0439
vn 0.1914 -0.9805 0.0440
vn -0.1914 -0.9805 0.0440
vn -0.1984 -0.9791 0.0442
vn 0.1984 -0.9791 0.0442
vn -0.9805 -0.1914 0.0440
vn -0.9805 0.1914 0.0440
vn -0.9791 0.1984 0.0442
vn -0.9791 -0.1984 0.0442
vn -0.3743 0.0371 -0.9266
vn -0.3743 -0.0371 -0.9266
vn -0.4694 -0.1213 -0.8746
vn -0.4694 0.1213 -0.8746
vn 0.0366 -0.3713 0.9278
vn -0.0366 -0.3713 0.9278
vn -0.1207 -0.4669 0.8760
vn 0.1207 -0.4669 0.8760
vn -0.0365 0.3713 0.9278
vn 0.0365 0.3713 0.9278
vn 0.1207 0.4669 0.8760
vn -0.1207 0.4669 0.8760
vn 0.1719 0.9538 0.2465
vn -0.1719 0.9538 0.2465
vn -0.1724 0.9562 -0.2366
vn 0.1724 0.9562 -0.2366
vn -0.1719 -0.9538 0.2466
vn 0.1719 -0.9538 0.2466
vn 0.1724 -0.9562 -0.2366
vn -0.1724 -0.9562 -0.2366
vn 0.3713 0.0365 0.9278
vn 0.3713 -0.0365 0.9278
vn 0.4669 -0.1207 0.8760
vn 0.4669 0.1207 0.8760
vn 0.9538 -0.1719 0.2466
vn 0.9538 0.1719 0.2466
vn 0.9562 0.1724 -0.2366
vn 0.9562 -0.1724 -0.2366
vn 0.1914 0.9805 -0.0437
vn -0.1914 0.9805 -0.0437
vn -0.1983 0.9792 -0.0439
vn 0.1983 0.9791 -0.0439
vn -0.1914 0.9805 0.0440
vn 0.1914 0.9805 0.0440
vn 0.1984 0.9791 0.0442
vn -0.1984 0.9791 0.0442
vn 0.9805 -0.1914 -0.0437
vn 0.9805 0.1914 -0.0437
vn 0.9791 0.1984 -0.0439
vn 0.9791 -0.1983 -0.0439
vn 0.9805 0.1914 0.0440
vn 0.9805 -0.1914 0.0440
vn 0.9791 -0.1984 0.0442
vn 0.9791 0.1984 0.0442
vn 0.0371 0.3743 -0.9266
vn -0.0371 0.3743 -0.9266
vn -0.1213 0.4694 -0.8746
vn 0.1213 0.4694 -0.8746
vn -0.3713 -0.0365 0.9278
vn -0.3713 0.0365 0.9278
vn -0.4669 0.1207 0.8760
vn -0.4669 -0.1207 0.8760
vn -0.0371 -0.3743 -0.9266
vn 0.0371 -0.3743 -0.9266
vn 0.1213 -0.4694 -0.8746
vn -0.1213 -0.4694 -0.8746
vn 0.3743 -0.0371 -0.9266
vn 0.3743 0.0371 -0.9266
vn 0.4694 0.1213 -0.8746
vn 0.4694 -0.1213 -0.8746
vn -0.8419 0.2445 -0.4812
vn -0.7748 0.3740 -0.5097
vn 0.1809 -0.1809 -0.9667
vn 0.0452 -0.0452 -0.9980
vn 0.1532 0.0151 -0.9881
vn -0.0151 -0.1532 -0.9881
vn -0.3740 0.7748 -0.5097
vn -0.2444 0.8418 -0.4812
vn -0.7748 -0.3740 -0.5097
vn -0.8418 -0.2444 -0.4812
vn -0.2445 -0.8419 -0.4811
vn -0.3740 -0.7748 -0.5097
vn 0.1809 0.1809 -0.9667
vn 0.0452 0.0452 -0.9980
vn -0.0151 0.1532 -0.9881
vn 0.1532 -0.0151 -0.9881
vn 0.8378 0.2425 0.4892
vn 0.7714 0.3707 0.5172
vn -0.1789 -0.1788 0.9675
vn -0.0428 -0.0428 0.9982
vn -0.1495 0.0157 0.9886
vn 0.0157 -0.1494 0.9886
vn 0.3707 0.7714 0.5172
vn 0.2425 0.8378 0.4891
vn 0.7714 -0.3707 0.5173
vn 0.8378 -0.2425 0.4892
vn 0.2425 -0.8378 0.4892
vn 0.3706 -0.7714 0.5172
vn -0.1788 0.1788 0.9675
vn -0.0428 0.0428 0.9982
vn 0.0157 0.1495 0.9886
vn -0.1495 -0.0157 0.9886
vn 0.8418 -0.2444 -0.4812
vn 0.7748 -0.3740 -0.5097
vn -0.1809 0.1809 -0.9667
vn -0.0452 0.0452 -0.9980
vn -0.1532 -0.0151 -0.9881
vn 0.0151 0.1532 -0.9881
vn 0.3740 -0.7748 -0.5097
vn 0.2445 -0.8418 -0.4812
vn 0.7748 0.3740 -0.5097
vn 0.8419 0.2445 -0.4812
vn 0.2444 0.8418 -0.4812
vn 0.3740 0.7748 -0.5097
vn -0.1809 -0.1809 -0.9667
vn -0.0452 -0.0452 -0.9980
vn 0.0151 -0.1532 -0.9881
vn -0.1532 0.0151 -0.9881
vn -0.8378 -0.2425 0.4892
vn -0.7714 -0.3707 0.5172
vn 0.1788 0.1788 0.9675
vn 0.0428 0.0428 0.9982
vn 0.1494 -0.0157 0.9886
vn -0.0157 0.1494 0.9886
vn -0.3706 -0.7714 0.5172
vn -0.2425 -0.8378 0.4892
vn -0.7714 0.3707 0.5172
vn -0.8378 0.2425 0.4892
vn -0.2425 0.8378 0.4892
vn -0.3707 0.7714 0.5172
vn 0.1788 -0.1788 0.9675
vn 0.0428 -0.0428 0.9982
vn -0.0157 -0.1494 0.9886
vn 0.1494 0.0157 0.9886
vn 0.9238 -0.3826 -0.0140
vn 0.3827 -0.9238 -0.0140
vn -0.3827 -0.9238 -0.0140
vn -0.9238 -0.3826 -0.0140
vn -0.3827 0.9238 -0.0140
vn -0.9238 0.3827 -0.0140
vn 0.9238 0.3827 -0.0140
vn 0.3827 0.9238 -0.0140
vn -0.2910 0.2910 -0.9114
vn 0.3822 -0.9228 0.0489
vn 0.9228 -0.3822 0.0489
vn -0.2910 -0.2910 -0.9114
vn -0.2893 -0.2893 0.9125
vn 0.9228 0.3822 -0.0485
vn 0.3822 0.9228 -0.0485
vn 0.4948 -0.0589 -0.8670
vn 0.4493 -0.1164 -0.8858
vn 0.2910 -0.2910 -0.9114
vn -0.9228 0.3822 -0.0485
vn -0.3822 0.9228 -0.0485
vn -0.2893 0.2893 0.9124
vn 0.2893 -0.2893 0.9125
vn 0.2893 0.2893 0.9125
vn 0.4493 0.1164 -0.8858
vn 0.4948 0.0589 -0.8670
vn 0.2910 0.2910 -0.9114
vn 0.3047 0.3047 -0.9024
vn 0.3030 -0.3030 0.9036
vn 0.3030 0.3030 0.9036
vn -0.3030 -0.3030 0.9035
vn -0.3030 0.3030 0.9036
vn -0.3047 0.3047 -0.9024
vn -0.3047 -0.3047 -0.9024
vn 0.3047 -0.3047 -0.9024
vn 0.3822 0.9228 0.0489
vn 0.9228 0.3823 0.0489
vn -0.3822 -0.9228 -0.0485
vn -0.9228 -0.3822 -0.0485
vn -0.9228 -0.3822 0.0489
vn -0.3822 -0.9228 0.0489
vn 0.3822 -0.9228 -0.0485
vn 0.9228 -0.3822 -0.0485
vn -0.3822 0.9228 0.0489
vn -0.9228 0.3823 0.0489
vn -0.9239 -0.3827 0.0056
vn -0.3827 -0.9239 0.0056
vn 0.9239 -0.3827 0.0056
vn 0.3827 -0.9239 0.0056
vn 0.3827 0.9239 0.0056
vn 0.9239 0.3827 0.0056
vn -0.9239 0.3827 0.0056
vn -0.3827 0.9239 0.0056
vn 0.9984 -0.0573 0.0000
vn 0.9939 -0.1106 0.0000
vn -0.9984 -0.0573 0.0000
vn -0.9939 -0.1106 0.0000
vn 0.0000 0.1106 0.9939
vn 0.0000 0.0573 0.9984
vn 0.0000 1.0000 0.0000
vn 0.0000 0.0573 -0.9984
vn 0.0000 -0.0573 -0.9984
vn 0.0000 -0.0573 0.9984
vn 0.0000 -0.1106 -0.9939
vn 0.0000 -1.0000 0.0000
vn -0.9984 0.0573 0.0000
vn 0.9984 0.0573 0.0000
vn 0.0000 0.1106 -0.9939
vn -0.9939 0.1106 0.0000
vn 0.9939 0.1106 0.0000
vn 0.0000 -0.1106 0.9939
vn 0.0282 0.9820 0.1867
vn -0.1675 0.9804 0.1037
vn -0.1340 0.8870 0.4420
vn 0.1402 0.8662 0.4797
vn -0.1467 -0.9886 -0.0341
vn -0.1693 -0.9693 -0.1782
vn 0.1917 -0.9664 -0.1714
vn 0.2041 -0.9781 0.0409
vn -0.9709 0.1975 -0.1352
vn -0.9795 0.0110 -0.2014
vn -0.9807 -0.0112 0.1952
vn -0.9618 0.1540 0.2262
vn -0.9795 0.0545 -0.1940
vn -0.9795 -0.0545 -0.1942
vn -0.9798 -0.0651 -0.1893
vn -0.9798 0.0651 -0.1893
vn -0.9185 0.3556 -0.1730
vn -0.9362 0.2985 -0.1857
vn -0.1893 0.0651 -0.9798
vn -0.1893 -0.0651 -0.9798
vn -0.1940 -0.0545 -0.9795
vn -0.1943 0.0545 -0.9794
vn -0.1714 -0.3350 -0.9265
vn -0.1760 -0.2749 -0.9452
vn 0.2840 -0.0669 0.9565
vn 0.2995 0.0976 0.9491
vn -0.0890 0.0522 0.9947
vn -0.0879 -0.0568 0.9945
vn 0.9914 -0.0835 -0.1011
vn 0.9947 0.0555 -0.0870
vn 0.9564 0.0651 0.2849
vn 0.9445 -0.1406 0.2970
vn 0.9945 -0.0568 -0.0879
vn 0.9947 0.0522 -0.0890
vn 0.9491 0.0976 0.2995
vn 0.9565 -0.0669 0.2839
vn -0.0870 0.0555 0.9947
vn 0.2849 0.0651 0.9563
vn 0.2970 -0.1406 0.9445
vn -0.1011 -0.0835 0.9914
vn -0.2012 0.0110 -0.9795
vn -0.1367 0.1997 -0.9703
vn 0.2261 0.1539 -0.9619
vn 0.1952 -0.0112 -0.9807
vn -0.1754 -0.1961 -0.9648
vn -0.2013 -0.0110 -0.9795
vn 0.1954 0.0110 -0.9807
vn 0.1903 -0.1662 -0.9676
vn -0.9446 -0.2753 -0.1785
vn -0.9266 -0.3347 -0.1714
vn 0.1007 0.9804 -0.1693
vn 0.1864 0.9821 0.0282
vn 0.4797 0.8662 0.1402
vn 0.4421 0.8870 -0.1335
vn -0.9795 -0.0110 -0.2012
vn -0.9655 -0.1941 -0.1736
vn -0.9676 -0.1661 0.1904
vn -0.9807 0.0110 0.1954
vn -0.1840 0.2955 -0.9374
vn -0.1730 0.3550 -0.9187
vn -0.1759 -0.9699 -0.1687
vn -0.0341 -0.9886 -0.1469
vn 0.0409 -0.9781 0.2041
vn -0.1712 -0.9664 0.1918
vn -0.8317 -0.5172 -0.2020
vn -0.7754 -0.5380 -0.3306
vn -0.8608 -0.3582 -0.3616
vn -0.0832 -0.9931 -0.0832
vn -0.2180 -0.9513 -0.2180
vn -0.3382 -0.9393 -0.0580
vn -0.0580 -0.9391 -0.3388
vn -0.3616 -0.3582 -0.8608
vn -0.3305 -0.5380 -0.7754
vn -0.2020 -0.5176 -0.8314
vn -0.2148 0.5515 -0.8060
vn -0.3448 0.5676 -0.7476
vn -0.3707 0.3755 -0.8495
vn 0.0956 0.9908 0.0956
vn -0.0380 0.9986 -0.0380
vn -0.0332 0.9991 -0.0278
vn -0.0289 0.9990 -0.0332
vn -0.8495 0.3755 -0.3707
vn -0.7476 0.5676 -0.3448
vn -0.8055 0.5523 -0.2148
vn -0.9254 0.3694 -0.0844
vn -0.9022 0.3549 -0.2451
vn -0.9260 0.2097 -0.3139
vn -0.1599 0.9837 -0.0822
vn -0.3441 0.9333 -0.1025
vn -0.3602 0.9290 0.0854
vn -0.3713 0.2549 -0.8928
vn -0.3445 0.4263 -0.8364
vn -0.1666 0.4737 -0.8648
vn -0.9156 -0.1881 -0.3554
vn -0.8801 -0.3538 -0.3166
vn -0.9155 -0.3742 -0.1476
vn -0.1507 -0.4455 -0.8825
vn -0.3075 -0.4113 -0.8581
vn -0.3497 -0.2609 -0.8998
vn -0.3494 -0.9232 -0.1597
vn -0.3073 -0.8984 -0.3138
vn -0.1506 -0.9264 -0.3452
vn -0.1454 -0.3757 -0.9152
vn -0.3186 -0.3561 -0.8785
vn -0.3572 -0.1860 -0.9153
vn -0.3435 -0.9261 -0.1558
vn -0.3108 -0.8956 -0.3183
vn -0.1555 -0.9215 -0.3558
vn -0.8986 -0.2563 -0.3562
vn -0.8557 -0.4078 -0.3187
vn -0.8825 -0.4437 -0.1560
vn -0.3166 0.2070 -0.9257
vn -0.2470 0.3579 -0.9005
vn -0.0808 0.3710 -0.9251
vn -0.8629 0.4757 -0.1708
vn -0.8322 0.4275 -0.3531
vn -0.8921 0.2520 -0.3749
vn 0.0884 0.9273 -0.3636
vn -0.1049 0.9298 -0.3529
vn -0.0845 0.9828 -0.1642
vn 0.4417 0.0973 0.8919
vn 0.4120 0.3644 0.8351
vn 0.2073 0.2864 0.9354
vn 0.9354 0.2864 0.2073
vn 0.8351 0.3644 0.4120
vn 0.8919 0.0972 0.4417
vn 0.3138 0.8962 0.3138
vn 0.4020 0.8227 0.4020
vn 0.5571 0.8031 0.2115
vn 0.2115 0.8031 0.5571
vn 0.8110 -0.4436 0.3814
vn 0.9205 -0.3460 0.1817
vn 0.1817 -0.3460 0.9205
vn 0.3814 -0.4437 0.8110
vn 0.1350 -0.9816 0.1350
vn 0.2210 -0.9499 0.2210
vn 0.1036 -0.9373 0.3328
vn 0.3328 -0.9373 0.1036
vn -0.9078 0.1046 0.4061
vn -0.8654 0.2874 0.4106
vn -0.9097 0.3408 0.2372
vn -0.0623 0.2311 0.9709
vn -0.2249 0.2205 0.9491
vn -0.2646 0.0623 0.9623
vn -0.3044 0.8635 0.4022
vn -0.2422 0.8080 0.5372
vn -0.0865 0.7979 0.5966
vn -0.9211 -0.3524 0.1655
vn -0.8899 -0.3097 0.3350
vn -0.9192 -0.1357 0.3698
vn -0.1449 -0.9169 0.3720
vn -0.3226 -0.8849 0.3360
vn -0.3595 -0.9190 0.1619
vn -0.2929 -0.0577 0.9544
vn -0.2772 -0.2497 0.9278
vn -0.0856 -0.2764 0.9572
vn 0.2371 0.3405 -0.9099
vn 0.4105 0.2874 -0.8654
vn 0.4061 0.1046 -0.9078
vn 0.5966 0.7978 -0.0865
vn 0.5372 0.8079 -0.2422
vn 0.4025 0.8636 -0.3037
vn 0.9623 0.0623 -0.2646
vn 0.9491 0.2205 -0.2248
vn 0.9709 0.2311 -0.0623
vn 0.3698 -0.1357 -0.9192
vn 0.3350 -0.3097 -0.8899
vn 0.1655 -0.3526 -0.9210
vn 0.9572 -0.2763 -0.0855
vn 0.9278 -0.2497 -0.2772
vn 0.9544 -0.0577 -0.2929
vn 0.1617 -0.9189 -0.3598
vn 0.3361 -0.8849 -0.3225
vn 0.3720 -0.9169 -0.1448
vn -0.3816 0.0735 -0.9214
vn -0.3816 -0.0735 -0.9214
vn -0.9214 -0.0735 -0.3817
vn -0.9214 0.0735 -0.3817
vn -0.9239 0.0216 -0.3820
vn -0.9240 -0.0215 -0.3817
vn -0.3830 -0.0508 -0.9223
vn -0.3837 0.0508 -0.9221
vn -0.3819 -0.0215 -0.9239
vn -0.3817 0.0215 -0.9240
vn -0.9223 0.0508 -0.3830
vn -0.9222 -0.0508 -0.3834
vn 0.8891 -0.0740 0.4517
vn 0.8890 0.0719 0.4523
vn 0.4523 0.0719 0.8890
vn 0.4517 -0.0740 0.8891
vn 0.8858 0.1434 0.4414
vn 0.4414 0.1434 0.8858
vn -0.2867 -0.0555 0.9564
vn -0.2859 0.0544 0.9567
vn -0.9179 0.0209 0.3962
vn -0.9180 -0.0213 0.3961
vn 0.9567 0.0544 -0.2859
vn 0.9564 -0.0555 -0.2866
vn 0.3961 -0.0213 -0.9180
vn 0.3962 0.0209 -0.9179
vn -0.9673 -0.1793 -0.1793
vn -0.9673 -0.1793 0.1793
vn -0.9425 0.2543 0.2168
vn -0.9425 0.2543 -0.2168
vn -0.9673 0.1793 0.1794
vn -0.9673 0.1793 -0.1793
vn -0.9412 -0.2587 -0.2171
vn -0.9412 -0.2587 0.2172
vn 0.9618 -0.2043 -0.1824
vn 0.9618 -0.2043 0.1824
vn 0.9808 -0.0001 0.1951
vn 0.9808 -0.0001 -0.1951
vn 0.1794 -0.1793 -0.9673
vn -0.1794 -0.1793 -0.9673
vn -0.2168 0.2544 -0.9425
vn 0.2168 0.2543 -0.9425
vn -0.1793 -0.1793 0.9673
vn 0.1793 -0.1793 0.9673
vn 0.2167 0.2543 0.9425
vn -0.2168 0.2543 0.9425
vn 0.9673 -0.1793 0.1793
vn 0.9673 -0.1793 -0.1794
vn 0.9425 0.2543 -0.2168
vn 0.9425 0.2543 0.2168
vn -0.1793 0.9673 0.1794
vn 0.1793 0.9673 0.1793
vn 0.1793 0.9673 -0.1793
vn -0.1793 0.9673 -0.1793
vn 0.3349 -0.9404 -0.0594
vn 0.3349 -0.9404 0.0593
vn 0.2900 -0.9541 0.0748
vn 0.2900 -0.9541 -0.0748
vn -0.9618 -0.2043 0.1824
vn -0.9618 -0.2043 -0.1824
vn -0.9808 -0.0001 -0.1951
vn -0.9808 -0.0001 0.1951
vn -0.0593 -0.9404 -0.3349
vn 0.0593 -0.9404 -0.3349
vn 0.0748 -0.9541 -0.2899
vn -0.0748 -0.9541 -0.2900
vn -0.3349 -0.9404 0.0593
vn -0.3349 -0.9404 -0.0594
vn -0.2900 -0.9541 -0.0748
vn -0.2900 -0.9541 0.0748
vn 0.1585 -0.7623 0.6275
vn -0.1585 -0.7622 0.6276
vn -0.0876 -0.7359 0.6714
vn 0.0876 -0.7359 0.6714
vn 0.1824 -0.2043 0.9618
vn -0.1824 -0.2043 0.9618
vn -0.1951 -0.0001 0.9808
vn 0.1951 -0.0001 0.9808
vn -0.6276 -0.7623 0.1585
vn -0.6276 -0.7623 -0.1585
vn -0.6714 -0.7359 -0.0876
vn -0.6714 -0.7359 0.0876
vn -0.1824 -0.2043 -0.9618
vn 0.1824 -0.2043 -0.9618
vn 0.1951 -0.0001 -0.9808
vn -0.1951 -0.0001 -0.9808
vn 0.3500 0.9347 0.0626
vn 0.3500 0.9347 -0.0626
vn 0.2537 0.9660 -0.0505
vn 0.2538 0.9660 0.0505
vn -0.1585 -0.7622 -0.6276
vn 0.1585 -0.7623 -0.6276
vn 0.0876 -0.7359 -0.6714
vn -0.0876 -0.7359 -0.6714
vn 0.6276 -0.7623 -0.1585
vn 0.6276 -0.7623 0.1585
vn 0.6714 -0.7359 0.0876
vn 0.6714 -0.7359 -0.0876
vn -0.2537 0.9660 -0.0505
vn -0.2537 0.9660 0.0505
vn -0.3261 0.9441 0.0487
vn -0.3261 0.9441 -0.0487
vn 0.9673 0.1793 -0.1794
vn 0.9673 0.1793 0.1794
vn 0.9412 -0.2587 0.2172
vn 0.9412 -0.2587 -0.2172
vn -0.1793 -0.9673 0.1794
vn -0.1793 -0.9673 -0.1794
vn 0.1793 -0.9673 -0.1793
vn 0.1793 -0.9673 0.1794
vn 0.1794 0.1793 -0.9673
vn 0.2172 -0.2588 -0.9412
vn -0.2171 -0.2588 -0.9412
vn 0.0593 -0.9404 0.3350
vn -0.0593 -0.9404 0.3350
vn -0.0748 -0.9541 0.2899
vn 0.0748 -0.9541 0.2900
vn 0.0627 0.9347 -0.3500
vn -0.0627 0.9347 -0.3500
vn -0.0505 0.9660 -0.2537
vn 0.0505 0.9659 -0.2538
vn -0.0627 0.9347 0.3500
vn 0.0627 0.9346 0.3500
vn 0.0505 0.9659 0.2538
vn -0.0505 0.9660 0.2537
vn -0.3500 0.9347 -0.0627
vn -0.3500 0.9347 0.0627
vn 0.0487 0.9441 0.3261
vn -0.0487 0.9441 0.3261
vn -0.1694 0.2506 0.9532
vn 0.1694 0.2506 0.9532
vn 0.2037 0.1516 0.9672
vn -0.2037 0.1516 0.9672
vn -0.0061 0.9980 0.0632
vn 0.0061 0.9980 0.0632
vn 0.3261 0.9441 -0.0487
vn 0.3261 0.9441 0.0487
vn -0.0487 0.9441 -0.3261
vn 0.0487 0.9441 -0.3261
vn -0.0632 0.9980 -0.0061
vn -0.0632 0.9980 0.0061
vn 0.0061 0.9980 -0.0632
vn -0.0061 0.9980 -0.0632
vn -0.2002 0.4910 0.8478
vn 0.2002 0.4910 0.8478
vn 0.0632 0.9980 0.0061
vn 0.0632 0.9980 -0.0061
vn -0.4731 0.8779 -0.0740
vn -0.4731 0.8779 0.0739
vn -0.1326 0.9911 0.0146
vn -0.1326 0.9911 -0.0146
vn 0.8478 0.4910 0.2003
vn 0.8478 0.4910 -0.2003
vn 0.9532 0.2506 -0.1694
vn 0.9532 0.2506 0.1694
vn 0.2003 0.4910 -0.8478
vn -0.2003 0.4910 -0.8478
vn -0.1694 0.2506 -0.9532
vn 0.1694 0.2506 -0.9532
vn -0.8478 0.4910 -0.2003
vn -0.8478 0.4910 0.2003
vn -0.9532 0.2506 0.1694
vn -0.9532 0.2506 -0.1694
vn 0.9672 0.1516 -0.2038
vn 0.9672 0.1516 0.2038
vn -0.9672 0.1516 -0.2038
vn -0.9672 0.1516 0.2038
vn -0.8238 0.5420 0.1660
vn -0.8238 0.5420 -0.1660
vn -0.2037 0.1516 -0.9672
vn 0.2037 0.1516 -0.9672
vn 0.8238 0.5420 -0.1660
vn 0.8238 0.5420 0.1660
vn -0.0824 0.9932 0.0823
vn -0.0146 0.9911 0.1326
vn 0.0146 0.9911 0.1326
vn 0.0824 0.9932 0.0824
vn 0.1326 0.9911 0.0146
vn 0.1326 0.9911 -0.0146
vn 0.0824 0.9932 -0.0823
vn 0.0146 0.9911 -0.1326
vn -0.0146 0.9911 -0.1326
vn -0.0824 0.9932 -0.0824
vn 0.1617 0.2959 0.9414
vn -0.1617 0.2959 0.9414
vn -0.1559 0.7724 0.6157
vn 0.1559 0.7724 0.6157
vn 0.0740 0.8779 0.4730
vn -0.0740 0.8779 0.4731
vn 0.4731 0.8779 0.0740
vn 0.4731 0.8779 -0.0740
vn 0.0740 0.8779 -0.4731
vn -0.0740 0.8779 -0.4731
vn -0.1660 0.5419 -0.8239
vn 0.1660 0.5419 -0.8239
vn -0.1793 0.1793 0.9673
vn -0.1585 0.3599 0.9194
vn -0.3599 0.1585 0.9194
vn -0.3599 0.9194 0.1585
vn -0.3250 0.8881 0.3251
vn -0.9194 0.1585 0.3599
vn -0.8881 0.3250 0.3250
vn -0.9194 0.3599 0.1585
vn -0.3599 -0.1585 0.9194
vn -0.1585 -0.3599 0.9194
vn -0.9194 -0.3599 0.1585
vn -0.9194 -0.1585 0.3599
vn -0.1585 -0.9194 0.3599
vn -0.3250 -0.8881 0.3251
vn -0.3599 -0.9194 0.1585
vn -0.9194 0.3599 -0.1585
vn -0.8881 0.3250 -0.3250
vn -0.9194 0.1585 -0.3599
vn -0.1585 0.9194 -0.3599
vn -0.3250 0.8881 -0.3251
vn -0.3599 0.9194 -0.1585
vn -0.3599 0.1585 -0.9194
vn -0.3250 0.3250 -0.8881
vn -0.1585 0.3599 -0.9194
vn -0.9194 -0.1585 -0.3599
vn -0.9194 -0.3599 -0.1585
vn -0.1585 -0.3599 -0.9194
vn -0.3599 -0.9194 -0.1585
vn -0.3250 -0.8881 -0.3251
vn -0.1585 -0.9194 -0.3599
vn 0.1793 0.1793 0.9673
vn 0.3599 0.1585 0.9194
vn 0.3250 0.3250 0.8881
vn 0.1585 0.3599 0.9194
vn 0.9194 0.3599 0.1585
vn 0.8881 0.3250 0.3251
vn 0.1585 0.9194 0.3599
vn 0.3250 0.8881 0.3250
vn 0.3599 0.9194 0.1584
vn 0.9194 -0.1585 0.3599
vn 0.9194 -0.3599 0.1585
vn 0.1585 -0.3599 0.9194
vn 0.3599 -0.1585 0.9194
vn 0.3599 -0.9194 0.1585
vn 0.3250 -0.8881 0.3251
vn 0.1585 -0.9194 0.3599
vn 0.1585 0.3599 -0.9194
vn 0.3250 0.3250 -0.8881
vn 0.3599 0.1585 -0.9194
vn 0.3599 0.9194 -0.1585
vn 0.3250 0.8881 -0.3250
vn 0.1585 0.9194 -0.3599
vn 0.9194 0.1585 -0.3599
vn 0.8881 0.3250 -0.3250
vn 0.9194 0.3599 -0.1585
vn 0.9194 -0.3599 -0.1585
vn 0.9194 -0.1585 -0.3599
vn 0.1585 -0.9194 -0.3599
vn 0.3250 -0.8881 -0.3251
vn 0.3599 -0.9194 -0.1585
vn 0.1585 -0.3599 -0.9194
vn -0.1215 -0.9143 0.3865
vn -0.2494 -0.9357 0.2494
vn -0.1721 -0.9699 0.1721
vn -0.2172 -0.2587 0.9412
vn -0.3114 -0.5673 0.7624
vn -0.1007 -0.4294 0.8975
vn -0.8975 -0.4294 0.1007
vn -0.7624 -0.5673 0.3114
vn -0.3864 -0.9143 0.1216
vn 0.1721 -0.9699 0.1721
vn 0.2494 -0.9357 0.2494
vn 0.1215 -0.9143 0.3864
vn 0.3864 -0.9143 0.1216
vn 0.7624 -0.5673 0.3114
vn 0.8975 -0.4295 0.1007
vn 0.2172 -0.2587 0.9412
vn 0.1007 -0.4294 0.8975
vn 0.3114 -0.5672 0.7624
vn -0.3864 -0.9143 -0.1216
vn -0.2494 -0.9357 -0.2495
vn -0.1721 -0.9699 -0.1722
vn -0.7624 -0.5672 -0.3114
vn -0.8975 -0.4294 -0.1006
vn -0.1006 -0.4294 -0.8975
vn -0.3113 -0.5673 -0.7624
vn -0.1215 -0.9143 -0.3864
vn 0.1215 -0.9143 -0.3864
vn 0.2494 -0.9357 -0.2495
vn 0.1721 -0.9699 -0.1722
vn 0.3114 -0.5673 -0.7624
vn 0.1006 -0.4295 -0.8975
vn 0.8975 -0.4295 -0.1007
vn 0.7624 -0.5673 -0.3114
vn 0.3864 -0.9143 -0.1216
vn -0.8889 -0.2280 0.3973
vn -0.8158 -0.4250 0.3922
vn -0.8829 -0.4046 0.2382
vn -0.2382 -0.4046 0.8829
vn -0.3922 -0.4250 0.8158
vn -0.3973 -0.2279 0.8889
vn -0.2380 -0.9416 0.2380
vn -0.3704 -0.8519 0.3703
vn -0.1392 -0.8618 0.4877
vn -0.4878 -0.8618 0.1392
vn -0.8829 -0.4046 -0.2383
vn -0.8158 -0.4250 -0.3922
vn -0.8889 -0.2280 -0.3973
vn -0.2380 -0.9416 -0.2380
vn -0.3704 -0.8519 -0.3703
vn -0.4878 -0.8618 -0.1392
vn -0.1393 -0.8618 -0.4878
vn -0.3973 -0.2279 -0.8889
vn -0.3922 -0.4250 -0.8158
vn -0.2383 -0.4046 -0.8829
vn 0.2383 -0.4046 -0.8829
vn 0.3922 -0.4250 -0.8158
vn 0.3973 -0.2280 -0.8889
vn 0.2380 -0.9416 -0.2380
vn 0.3704 -0.8519 -0.3703
vn 0.1392 -0.8618 -0.4878
vn 0.4878 -0.8618 -0.1392
vn 0.8889 -0.2280 -0.3973
vn 0.8158 -0.4250 -0.3922
vn 0.8829 -0.4046 -0.2382
vn 0.3973 -0.2280 0.8889
vn 0.3921 -0.4250 0.8158
vn 0.2382 -0.4046 0.8829
vn 0.8829 -0.4046 0.2382
vn 0.8158 -0.4250 0.3921
vn 0.8889 -0.2280 0.3973
vn 0.2380 -0.9416 0.2380
vn 0.3704 -0.8519 0.3703
vn 0.4878 -0.8618 0.1392
vn 0.1392 -0.8618 0.4877
vn 0.1826 0.9661 0.1826
vn 0.2599 0.9300 0.2598
vn 0.4022 0.9070 0.1246
vn 0.1246 0.9070 0.4022
vn 0.3131 0.5586 0.7681
vn 0.1024 0.4248 0.8995
vn 0.8995 0.4248 0.1024
vn 0.7680 0.5586 0.3132
vn 0.4022 0.9070 -0.1246
vn 0.2599 0.9300 -0.2599
vn 0.1826 0.9661 -0.1826
vn 0.7680 0.5586 -0.3131
vn 0.8995 0.4248 -0.1024
vn 0.1024 0.4248 -0.8995
vn 0.3132 0.5586 -0.7680
vn 0.1246 0.9070 -0.4022
vn -0.1826 0.9661 0.1826
vn -0.2599 0.9300 0.2599
vn -0.1246 0.9070 0.4022
vn -0.4022 0.9070 0.1246
vn -0.7680 0.5586 0.3132
vn -0.8995 0.4248 0.1024
vn -0.1024 0.4248 0.8995
vn -0.3131 0.5586 0.7681
vn -0.1826 0.9661 -0.1826
vn -0.2599 0.9300 -0.2599
vn -0.4022 0.9070 -0.1247
vn -0.1246 0.9070 -0.4022
vn -0.3132 0.5587 -0.7680
vn -0.1024 0.4248 -0.8995
vn -0.8995 0.4248 -0.1024
vn -0.7680 0.5586 -0.3132
vn -0.0382 0.9985 0.0381
vn -0.1146 0.9868 0.1146
vn -0.0233 0.9797 0.1994
vn -0.1993 0.9797 0.0233
vn -0.1829 0.9660 0.1829
vn 0.0233 0.9797 0.1994
vn 0.1146 0.9868 0.1146
vn 0.0382 0.9985 0.0381
vn 0.1829 0.9660 0.1829
vn 0.1994 0.9797 0.0233
vn -0.0382 0.9985 -0.0381
vn -0.1146 0.9868 -0.1146
vn -0.1993 0.9797 -0.0233
vn -0.0233 0.9797 -0.1993
vn -0.1829 0.9660 -0.1829
vn 0.1993 0.9797 -0.0233
vn 0.1146 0.9868 -0.1146
vn 0.0382 0.9985 -0.0381
vn 0.1829 0.9660 -0.1829
vn 0.0233 0.9796 -0.1994
vn 0.9239 0.0000 -0.3827
vn 0.3827 0.0000 -0.9239
vn -0.9239 0.0000 -0.3827
vn -0.3827 0.0000 -0.9239
vn -0.3826 0.0000 0.9239
vn -0.9239 0.0000 0.3827
vn 0.3826 0.0000 0.9239
vn 0.9239 0.0000 0.3827
vn 0.9239 -0.0001 -0.3827
vn 0.3827 -0.0001 -0.9239
vn -0.9239 -0.0001 -0.3827
vn -0.3827 -0.0001 -0.9239
vn -0.3827 -0.0001 0.9239
vn -0.9239 -0.0001 0.3827
vn 0.3827 -0.0001 0.9239
vn 0.9239 -0.0001 0.3827
vn -0.4166 -0.8080 -0.4166
vn -0.4166 -0.8080 0.4166
vn 0.4166 -0.8080 0.4166
vn 0.4166 -0.8080 -0.4166
vn -0.1469 0.9782 0.1469
vn 0.1469 0.9782 0.1469
vn 0.1469 0.9782 -0.1470
vn -0.1469 0.9782 -0.1469
vn 0.0000 1.0000 -0.0001
vn 0.0000 1.0000 0.0001
vn -0.7880 0.5220 -0.3265
vn -0.3264 0.5220 -0.7880
vn 0.7880 0.5220 -0.3265
vn 0.3264 0.5220 -0.7880
vn -0.3264 0.5220 0.7880
vn -0.7880 0.5220 0.3265
vn 0.3264 0.5220 0.7880
vn 0.7880 0.5220 0.3265
vn -0.9119 0.1603 0.3778
vn -0.8718 0.3311 0.3611
vn -0.3611 0.3311 0.8718
vn -0.3777 0.1603 0.9119
vn 0.8718 0.3311 0.3611
vn 0.9119 0.1603 0.3778
vn 0.3777 0.1603 0.9120
vn 0.3611 0.3311 0.8718
vn -0.4079 0.8169 0.4079
vn -0.3064 0.9013 0.3063
vn 0.3063 0.9013 0.3064
vn 0.4079 0.8169 0.4079
vn -0.3777 0.1603 -0.9119
vn -0.3611 0.3311 -0.8718
vn -0.8718 0.3311 -0.3611
vn -0.9119 0.1603 -0.3777
vn -0.4078 0.8169 -0.4079
vn -0.3063 0.9013 -0.3064
vn 0.3611 0.3311 -0.8718
vn 0.3777 0.1603 -0.9119
vn 0.9119 0.1603 -0.3777
vn 0.8718 0.3311 -0.3611
vn 0.3063 0.9013 -0.3063
vn 0.4078 0.8169 -0.4079
vn 0.4163 -0.1258 -0.9005
vn 0.3906 0.0025 -0.9206
vn 0.4175 -0.1325 -0.8990
vn 0.9243 -0.0672 -0.3758
vn 0.9237 -0.0843 -0.3738
vn 0.9235 0.0831 0.3746
vn 0.9218 0.1115 0.3712
vn 0.3827 0.0000 0.9239
vn -0.3827 0.0000 0.9239
vn -0.9218 0.1115 0.3712
vn -0.9235 0.0831 0.3746
vn -0.9237 -0.0843 -0.3738
vn -0.9243 -0.0672 -0.3758
vn -0.4175 -0.1325 -0.8990
vn -0.3906 0.0025 -0.9206
vn -0.4163 -0.1258 -0.9005
vn -0.9139 0.2280 0.3360
vn -0.9138 0.2465 0.3227
vn 0.3437 0.6230 0.7027
vn 0.3437 0.6431 0.6843
vn 0.3437 0.7934 0.5023
vn 0.3437 0.7785 0.5251
vn 0.3414 0.5407 0.7688
vn -0.9199 -0.1896 -0.3433
vn -0.9198 -0.2041 -0.3350
vn 0.9198 -0.2041 -0.3350
vn 0.9199 -0.1896 -0.3433
vn -0.3414 0.5407 0.7688
vn -0.3437 0.6230 0.7027
vn -0.3437 0.6431 0.6843
vn -0.4521 -0.3911 -0.8016
vn -0.4532 -0.4040 -0.7946
vn 0.4532 -0.4040 -0.7946
vn 0.4521 -0.3911 -0.8016
vn 0.9138 0.2465 0.3227
vn 0.9139 0.2280 0.3360
vn -0.4322 -0.6367 -0.6386
vn -0.4374 -0.6186 -0.6527
vn -0.3985 -0.5409 -0.7407
vn -0.3994 -0.5518 -0.7321
vn 0.9190 -0.2835 -0.2738
vn 0.9192 -0.2717 -0.2851
vn -0.9192 -0.2717 -0.2851
vn -0.9190 -0.2835 -0.2738
vn -0.3437 0.7785 0.5251
vn -0.3437 0.7934 0.5023
vn 0.9138 0.3192 0.2511
vn 0.9139 0.3046 0.2685
vn 0.4322 -0.6367 -0.6386
vn 0.4374 -0.6186 -0.6527
vn -0.9139 0.3046 0.2685
vn -0.9138 0.3192 0.2511
vn -0.3761 0.4242 0.8238
vn -0.3804 0.2805 0.8812
vn -0.3804 0.2887 0.8786
vn -0.9222 0.2566 0.2893
vn -0.9221 0.2584 0.2880
vn 0.3414 0.8449 0.4119
vn 0.9229 -0.2404 -0.3009
vn 0.9230 -0.2321 -0.3069
vn -0.9230 -0.2321 -0.3069
vn -0.9229 -0.2404 -0.3009
vn -0.3414 0.8449 0.4119
vn 0.9221 0.2584 0.2880
vn 0.9222 0.2566 0.2893
vn 0.3994 -0.5518 -0.7321
vn 0.3985 -0.5409 -0.7407
vn -0.9217 -0.1040 -0.3736
vn -0.9217 -0.0912 -0.3770
vn -0.9217 0.0341 -0.3863
vn -0.9217 0.0208 -0.3873
vn 0.9226 0.1167 0.3677
vn 0.9226 0.1069 0.3707
vn 0.3748 -0.2018 -0.9049
vn 0.3748 -0.1861 -0.9082
vn -0.3748 -0.1861 -0.9082
vn -0.3748 -0.2018 -0.9049
vn -0.9226 0.1069 0.3707
vn -0.9226 0.1167 0.3677
vn 0.3761 0.4242 0.8238
vn 0.3804 0.2887 0.8786
vn 0.3804 0.2805 0.8812
vn 0.9217 -0.1040 -0.3736
vn 0.9217 -0.0912 -0.3770
vn -0.9226 -0.0069 0.3857
vn -0.9226 -0.0172 0.3854
vn -0.9226 -0.1394 0.3597
vn -0.9226 -0.1298 0.3633
vn -0.3804 -0.0158 0.9247
vn -0.3804 -0.0072 0.9248
vn 0.9226 -0.0069 0.3857
vn 0.9226 -0.0172 0.3854
vn 0.3748 0.0979 -0.9219
vn 0.3748 0.1139 -0.9201
vn -0.3748 0.1139 -0.9201
vn -0.3748 0.0979 -0.9219
vn 0.3804 -0.0072 0.9248
vn 0.3804 -0.0158 0.9247
vn 0.9217 0.0208 -0.3873
vn 0.9217 0.0341 -0.3863
vn 0.3748 0.4019 -0.8355
vn 0.3748 0.3874 -0.8423
vn 0.3752 0.6365 -0.6738
vn 0.3753 0.6482 -0.6626
vn 0.3804 -0.3023 0.8740
vn 0.3804 -0.3105 0.8712
vn 0.9217 0.1435 -0.3603
vn 0.9217 0.1558 -0.3552
vn -0.9217 0.1558 -0.3552
vn -0.9217 0.1435 -0.3603
vn -0.3804 -0.3105 0.8712
vn -0.3804 -0.3023 0.8740
vn 0.9226 -0.1298 0.3633
vn 0.9226 -0.1394 0.3597
vn -0.3748 0.4019 -0.8355
vn -0.3748 0.3874 -0.8423
vn -0.9217 0.2511 -0.2956
vn -0.9217 0.2611 -0.2868
vn -0.9217 0.3390 -0.1883
vn -0.9217 0.3324 -0.1998
vn -0.3753 0.6482 -0.6626
vn -0.3752 0.6365 -0.6738
vn -0.9226 -0.2471 0.2963
vn -0.9226 -0.2391 0.3028
vn 0.3804 -0.5658 0.7316
vn 0.3804 -0.5726 0.7263
vn 0.9217 0.2511 -0.2956
vn 0.9217 0.2611 -0.2868
vn -0.3804 -0.5726 0.7263
vn -0.3804 -0.5658 0.7316
vn 0.9226 -0.2391 0.3028
vn 0.9226 -0.2471 0.2963
vn 0.9217 0.3390 -0.1883
vn 0.9217 0.3324 -0.1998
vn 0.9224 0.3776 -0.0815
vn 0.9225 0.3801 -0.0671
vn -0.3804 -0.7746 0.5052
vn -0.3804 -0.7699 0.5124
vn 0.9226 -0.3233 0.2105
vn 0.9226 -0.3288 0.2018
vn 0.3861 0.8203 -0.4220
vn 0.3872 0.8283 -0.4049
vn -0.3872 0.8283 -0.4049
vn -0.3861 0.8203 -0.4220
vn -0.9226 -0.3288 0.2018
vn -0.9226 -0.3233 0.2105
vn 0.3804 -0.7699 0.5124
vn 0.3804 -0.7746 0.5052
vn -0.4093 0.9061 -0.1069
vn -0.4118 0.9083 -0.0730
vn -0.4205 0.8698 0.2583
vn -0.4210 0.8829 0.2082
vn -0.9225 0.3801 -0.0671
vn -0.9224 0.3776 -0.0815
vn -0.3804 -0.8955 0.2312
vn -0.3804 -0.8933 0.2395
vn 0.9226 -0.3736 0.0961
vn 0.9226 -0.3760 0.0861
vn 0.4093 0.9061 -0.1069
vn 0.4118 0.9083 -0.0730
vn -0.9226 -0.3760 0.0861
vn -0.9226 -0.3736 0.0961
vn 0.3804 -0.8933 0.2395
vn 0.3804 -0.8955 0.2312
vn 0.9243 -0.3795 -0.0410
vn 0.9240 -0.3811 -0.0302
vn 0.9344 -0.3198 -0.1572
vn 0.9361 -0.3074 -0.1708
vn -0.9243 -0.3795 -0.0410
vn -0.9240 -0.3811 -0.0302
vn 0.3804 -0.9230 -0.0585
vn 0.3804 -0.9224 -0.0671
vn 0.9225 0.3837 0.0421
vn 0.9223 0.3814 0.0618
vn -0.9223 0.3814 0.0618
vn -0.9225 0.3837 0.0420
vn -0.3804 -0.9224 -0.0671
vn -0.3804 -0.9230 -0.0585
vn 0.4210 0.8829 0.2082
vn 0.4205 0.8698 0.2583
vn -0.9183 0.3662 0.1504
vn -0.9160 0.3595 0.1784
vn -0.9041 0.3286 0.2733
vn -0.9082 0.3393 0.2452
vn 0.4070 0.7837 0.4692
vn 0.4013 0.7567 0.5161
vn -0.4013 0.7567 0.5161
vn -0.4070 0.7837 0.4692
vn -0.9361 -0.3074 -0.1708
vn -0.9344 -0.3198 -0.1572
vn 0.3878 -0.8513 -0.3534
vn 0.3882 -0.8477 -0.3616
vn 0.9183 0.3662 0.1504
vn 0.9160 0.3595 0.1784
vn -0.3882 -0.8477 -0.3616
vn -0.3878 -0.8513 -0.3534
vn 0.4081 -0.6349 -0.6560
vn 0.4071 -0.6517 -0.6399
vn 0.4039 -0.3358 -0.8509
vn 0.4016 -0.3012 -0.8649
vn -0.4081 -0.6349 -0.6560
vn -0.4071 -0.6517 -0.6399
vn 0.9448 -0.1985 -0.2606
vn 0.9456 -0.1633 -0.2813
vn 0.3794 0.6437 0.6646
vn 0.3745 0.6144 0.6944
vn -0.3745 0.6144 0.6944
vn -0.3794 0.6437 0.6646
vn -0.9456 -0.1633 -0.2813
vn -0.9448 -0.1985 -0.2606
vn 0.9082 0.3393 0.2452
vn 0.9041 0.3286 0.2733
vn -0.3589 0.4721 0.8052
vn -0.3573 0.4474 0.8199
vn -0.3494 0.2892 0.8912
vn -0.3496 0.3043 0.8861
vn 0.8972 0.2993 0.3248
vn 0.8955 0.2845 0.3423
vn -0.8955 0.2845 0.3423
vn -0.8972 0.2993 0.3248
vn -0.4016 -0.3012 -0.8649
vn -0.4039 -0.3358 -0.8509
vn 0.9383 -0.0496 -0.3422
vn 0.9328 -0.0122 -0.3602
vn 0.3589 0.4721 0.8052
vn 0.3573 0.4474 0.8199
vn -0.9328 -0.0122 -0.3602
vn -0.9383 -0.0496 -0.3422
vn -0.9197 0.0593 -0.3881
vn -0.9189 0.0680 -0.3885
vn -0.8915 0.2571 -0.3730
vn -0.8864 0.2779 -0.3703
vn 0.3792 -0.0856 -0.9214
vn 0.3780 -0.0735 -0.9229
vn 0.8939 0.2401 0.3786
vn 0.8945 0.2211 0.3886
vn -0.8945 0.2211 0.3886
vn -0.8939 0.2401 0.3786
vn -0.3780 -0.0735 -0.9229
vn -0.3792 -0.0856 -0.9214
vn 0.9197 0.0593 -0.3881
vn 0.9189 0.0680 -0.3885
vn 0.3496 0.3043 0.8861
vn 0.3494 0.2892 0.8912
vn -0.3447 0.3123 0.8852
vn -0.3447 0.3126 0.8852
vn 0.3682 0.2120 -0.9053
vn 0.3690 0.1991 -0.9079
vn 0.0000 0.9739 0.2269
vn 0.1530 0.9749 0.1616
vn 0.2152 0.9766 0.0058
vn 0.1518 0.9773 -0.1477
vn -0.0000 0.9775 -0.2111
vn -0.1518 0.9773 -0.1477
vn -0.2152 0.9766 0.0058
vn -0.1529 0.9749 0.1616
vn 0.8655 0.3234 0.3825
vn 0.8677 0.3157 0.3840
vn -0.8677 0.3157 0.3840
vn -0.8655 0.3234 0.3825
vn -0.3690 0.1991 -0.9079
vn -0.3682 0.2120 -0.9053
vn 0.8864 0.2779 -0.3703
vn 0.8915 0.2571 -0.3730
vn 0.3447 0.3123 0.8852
vn 0.3447 0.3126 0.8852
vn 0.3378 0.4083 0.8480
vn 0.0000 0.9339 0.3575
vn 0.2451 0.9362 0.2519
vn 0.8163 0.4572 0.3529
vn 0.3423 0.9396 0.0063
vn 0.8159 0.4715 -0.3347
vn 0.2427 0.9407 -0.2370
vn 0.3398 0.4583 -0.8213
vn -0.0000 0.9408 -0.3391
vn -0.3398 0.4583 -0.8213
vn -0.2427 0.9407 -0.2369
vn -0.8159 0.4715 -0.3347
vn -0.3423 0.9396 0.0063
vn -0.8163 0.4572 0.3529
vn -0.2450 0.9362 0.2519
vn -0.3378 0.4083 0.8480
vn 0.8001 0.4619 0.3827
vn 0.3314 0.1913 0.9239
vn -0.3314 -0.1913 0.9239
vn -0.8001 -0.4619 0.3827
vn -0.8001 -0.4619 -0.3827
vn -0.3314 -0.1913 -0.9239
vn 0.3314 0.1913 -0.9239
vn 0.8001 0.4619 -0.3827
vn 0.4619 0.8001 0.3827
vn 0.1913 0.3314 0.9239
vn -0.1913 -0.3314 0.9239
vn -0.4619 -0.8001 0.3827
vn -0.4619 -0.8001 -0.3827
vn -0.1913 -0.3314 -0.9239
vn 0.1913 0.3314 -0.9239
vn 0.4619 0.8001 -0.3827
vn -0.0000 0.9239 0.3827
vn -0.0000 0.3827 0.9239
vn 0.0000 -0.3827 0.9239
vn -0.0000 -0.9239 0.3827
vn -0.0000 -0.9239 -0.3827
vn 0.0000 -0.3827 -0.9239
vn -0.0000 0.3827 -0.9239
vn 0.0000 0.9239 -0.3827
vn -0.4619 0.8001 0.3827
vn -0.1913 0.3314 0.9239
vn 0.1913 -0.3314 0.9239
vn 0.4619 -0.8001 0.3827
vn 0.4619 -0.8001 -0.3827
vn 0.1913 -0.3314 -0.9239
vn -0.1914 0.3314 -0.9239
vn -0.4619 0.8001 -0.3827
vn -0.8001 0.4619 0.3827
vn -0.3314 0.1913 0.9239
vn 0.3314 -0.1913 0.9239
vn 0.8001 -0.4619 0.3827
vn 0.8001 -0.4619 -0.3827
vn 0.3314 -0.1913 -0.9239
vn -0.3314 0.1913 -0.9239
vn -0.8001 0.4619 -0.3827
vn -0.1913 0.3314 -0.9239
vn 0.1914 -0.3314 -0.9239
vn 0.9999 -0.0150 0.0011
vn 0.9999 0.0133 -0.0010
vn 0.6243 0.7790 -0.0588
vn 0.7131 0.6991 -0.0527
vn 0.8951 0.4446 -0.0335
vn 0.9906 0.1363 -0.0103
vn 0.9998 -0.0180 0.0014
vn -0.9999 0.0149 -0.0011
vn -0.9999 -0.0133 0.0010
vn -0.6248 -0.7786 0.0587
vn -0.7136 -0.6986 0.0527
vn -0.8951 -0.4446 0.0335
vn -0.9905 -0.1370 0.0103
vn -0.9998 0.0177 -0.0013
vn 0.0085 -0.0846 -0.9964
vn 0.0100 -0.0842 -0.9964
vn 0.0100 0.0662 0.9978
vn 0.0085 0.0658 0.9978
vn 0.7810 -0.6228 0.0470
vn -0.0133 0.9971 -0.0752
vn -0.0000 -0.0890 -0.9960
vn -0.0001 -0.0883 -0.9961
vn 0.0002 -0.0871 -0.9962
vn 0.0021 -0.0866 -0.9962
vn 0.0053 -0.0858 -0.9963
vn -0.0001 0.0622 0.9981
vn -0.0000 0.0614 0.9981
vn 0.0002 0.0633 0.9980
vn 0.0021 0.0638 0.9980
vn 0.0053 0.0646 0.9979
vn 0.5569 0.0000 0.8306
vn 0.4089 0.0000 0.9126
vn 0.3308 -0.2403 0.9126
vn 0.4505 -0.3273 0.8306
vn 0.8890 -0.2889 0.3553
vn -0.0000 0.0000 1.0000
vn 0.5494 -0.7562 0.3553
vn 0.1264 -0.3889 0.9126
vn 0.1721 -0.5297 0.8306
vn 0.0000 -0.9348 0.3553
vn -0.1264 -0.3889 0.9126
vn -0.1721 -0.5297 0.8306
vn -0.5494 -0.7562 0.3553
vn -0.3308 -0.2403 0.9126
vn -0.4506 -0.3273 0.8306
vn -0.8890 -0.2889 0.3553
vn -0.4089 0.0000 0.9126
vn -0.5569 0.0000 0.8306
vn -0.8890 0.2889 0.3553
vn -0.3308 0.2403 0.9126
vn -0.4505 0.3273 0.8306
vn -0.1264 0.3889 0.9126
vn -0.1721 0.5296 0.8306
vn -0.5494 0.7562 0.3553
vn 0.1264 0.3889 0.9126
vn 0.1721 0.5296 0.8306
vn 0.0000 0.9348 0.3553
vn 0.3308 0.2403 0.9126
vn 0.4505 0.3273 0.8306
vn 0.5494 0.7562 0.3552
vn 0.8890 0.2889 0.3553
vn 0.4506 -0.3273 0.8306
vn 0.0000 -0.9348 0.3552
vn -0.4506 0.3273 0.8306
vn -0.1721 0.5297 0.8306
vn 0.1721 0.5297 0.8306
vn 0.4506 0.3273 0.8306
vn 0.5494 0.7562 0.3553
vn 0.8306 0.0000 -0.5569
vn 0.9126 0.0000 -0.4089
vn 0.9126 -0.2403 -0.3308
vn 0.8306 -0.3273 -0.4506
vn 0.3553 -0.2889 -0.8890
vn 1.0000 0.0000 -0.0000
vn 0.3553 -0.7562 -0.5494
vn 0.9126 -0.3889 -0.1264
vn 0.8306 -0.5297 -0.1721
vn 0.3553 -0.9348 0.0000
vn 0.9126 -0.3889 0.1264
vn 0.8306 -0.5297 0.1721
vn 0.3553 -0.7562 0.5494
vn 0.9126 -0.2403 0.3308
vn 0.8306 -0.3273 0.4506
vn 0.3553 -0.2889 0.8890
vn 0.9126 0.0000 0.4089
vn 0.8306 0.0000 0.5569
vn 0.3553 0.2889 0.8890
vn 0.9126 0.2403 0.3308
vn 0.8306 0.3273 0.4506
vn 0.9126 0.3889 0.1264
vn 0.8306 0.5297 0.1721
vn 0.3553 0.7562 0.5494
vn 0.9126 0.3889 -0.1264
vn 0.8306 0.5297 -0.1721
vn 0.3553 0.9348 0.0000
vn 0.9126 0.2403 -0.3308
vn 0.8306 0.3273 -0.4506
vn 0.3553 0.7562 -0.5494
vn 0.3553 0.2889 -0.8890
vn -0.8306 0.0000 -0.5569
vn -0.8306 -0.3273 -0.4506
vn -0.9126 -0.2403 -0.3308
vn -0.9126 0.0000 -0.4089
vn -0.3553 -0.2889 -0.8890
vn -1.0000 0.0000 0.0000
vn -0.3553 -0.7562 -0.5494
vn -0.9126 -0.3889 -0.1264
vn -0.8306 -0.5297 -0.1721
vn -0.3553 -0.9348 0.0000
vn -0.9126 -0.3889 0.1264
vn -0.8306 -0.5297 0.1721
vn -0.3553 -0.7562 0.5494
vn -0.9126 -0.2403 0.3308
vn -0.8306 -0.3273 0.4506
vn -0.3553 -0.2889 0.8890
vn -0.9126 0.0000 0.4089
vn -0.8306 0.0000 0.5569
vn -0.3553 0.2889 0.8890
vn -0.9126 0.2403 0.3308
vn -0.8306 0.3273 0.4505
vn -0.9126 0.3889 0.1264
vn -0.8306 0.5297 0.1721
vn -0.3553 0.7562 0.5494
vn -0.8306 0.5297 -0.1721
vn -0.9126 0.3889 -0.1264
vn -0.3553 0.9348 0.0000
vn -0.8306 0.3273 -0.4506
vn -0.9126 0.2403 -0.3308
vn -0.3553 0.7562 -0.5494
vn -0.3553 0.2889 -0.8890
vn 0.9659 -0.1981 -0.1664
vn 0.9659 0.1981 -0.1664
vn 0.9603 0.1817 0.2118
vn 0.9603 -0.1817 0.2118
vn -0.1704 0.1855 -0.9678
vn 0.1703 0.1855 -0.9678
vn 0.1704 -0.1855 -0.9678
vn -0.1703 -0.1855 -0.9678
vn -0.1671 0.1722 0.9708
vn -0.1671 -0.1722 0.9708
vn 0.1672 -0.1722 0.9708
vn 0.1671 0.1722 0.9708
vn -0.9603 -0.1817 0.2118
vn -0.9603 0.1817 0.2118
vn -0.9659 0.1981 -0.1664
vn -0.9659 -0.1981 -0.1664
vn -0.1699 -0.9835 -0.0618
vn 0.1699 -0.9835 -0.0618
vn 0.1661 -0.9411 0.2944
vn -0.1661 -0.9411 0.2944
vn 0.1699 0.9835 -0.0618
vn 0.3444 0.9382 -0.0340
vn 0.3138 0.9141 -0.2568
vn 0.1525 0.9449 -0.2897
vn 0.9125 0.1790 -0.3678
vn 0.8828 0.3460 -0.3179
vn 0.9143 0.3817 -0.1354
vn 0.1525 0.3686 -0.9170
vn 0.3138 0.3332 -0.8891
vn 0.3435 0.1575 -0.9259
vn -0.1699 0.9835 -0.0618
vn -0.1525 0.9449 -0.2897
vn -0.3138 0.9141 -0.2568
vn -0.3444 0.9382 -0.0340
vn -0.3435 0.1575 -0.9259
vn -0.3138 0.3332 -0.8891
vn -0.1525 0.3686 -0.9170
vn -0.9143 0.3817 -0.1354
vn -0.8828 0.3460 -0.3178
vn -0.9125 0.1790 -0.3678
vn -0.9125 -0.1790 -0.3678
vn -0.8828 -0.3460 -0.3178
vn -0.9143 -0.3817 -0.1354
vn -0.1525 -0.3685 -0.9170
vn -0.3138 -0.3332 -0.8891
vn -0.3435 -0.1575 -0.9259
vn -0.3444 -0.9382 -0.0340
vn -0.3138 -0.9141 -0.2568
vn -0.1525 -0.9449 -0.2897
vn 0.1525 -0.9449 -0.2897
vn 0.3138 -0.9141 -0.2569
vn 0.3444 -0.9382 -0.0340
vn 0.3435 -0.1575 -0.9259
vn 0.3138 -0.3332 -0.8891
vn 0.1525 -0.3686 -0.9170
vn 0.9143 -0.3817 -0.1354
vn 0.8828 -0.3460 -0.3179
vn 0.9125 -0.1790 -0.3678
vn 0.1661 0.9411 0.2945
vn 0.1462 0.8933 0.4251
vn 0.2987 0.8701 0.3920
vn 0.3306 0.9027 0.2752
vn 0.3347 0.1564 0.9293
vn 0.2987 0.3171 0.9001
vn 0.1462 0.3481 0.9260
vn 0.9016 0.3801 0.2064
vn 0.8653 0.3391 0.3691
vn 0.9046 0.1583 0.3957
vn -0.1661 0.9411 0.2944
vn -0.3306 0.9028 0.2752
vn -0.2987 0.8701 0.3920
vn -0.1462 0.8933 0.4251
vn -0.9046 0.1583 0.3957
vn -0.8653 0.3391 0.3691
vn -0.9016 0.3801 0.2064
vn -0.1462 0.3481 0.9260
vn -0.2987 0.3171 0.9001
vn -0.3347 0.1564 0.9293
vn -0.9016 -0.3801 0.2064
vn -0.8653 -0.3391 0.3691
vn -0.9046 -0.1583 0.3957
vn -0.1462 -0.8933 0.4251
vn -0.2987 -0.8701 0.3920
vn -0.3306 -0.9027 0.2752
vn -0.3347 -0.1564 0.9293
vn -0.2987 -0.3171 0.9001
vn -0.1463 -0.3481 0.9260
vn 0.3306 -0.9027 0.2752
vn 0.2987 -0.8701 0.3920
vn 0.1462 -0.8933 0.4251
vn 0.9046 -0.1583 0.3957
vn 0.8653 -0.3391 0.3691
vn 0.9016 -0.3801 0.2064
vn 0.1463 -0.3481 0.9260
vn 0.2988 -0.3171 0.9001
vn 0.3347 -0.1564 0.9293
vn -0.1664 -0.1981 -0.9660
vn -0.1664 0.1981 -0.9659
vn 0.2118 0.1817 -0.9603
vn 0.2118 -0.1817 -0.9603
vn -0.9678 0.1855 0.1703
vn -0.9678 0.1855 -0.1703
vn -0.9678 -0.1855 -0.1703
vn -0.9678 -0.1855 0.1703
vn 0.9708 0.1722 0.1671
vn 0.9708 -0.1722 0.1671
vn 0.9708 -0.1722 -0.1671
vn 0.9708 0.1722 -0.1671
vn 0.2118 -0.1817 0.9603
vn 0.2118 0.1817 0.9603
vn -0.1664 0.1981 0.9659
vn -0.1664 -0.1981 0.9660
vn -0.0618 -0.9835 0.1699
vn -0.0618 -0.9835 -0.1699
vn 0.2945 -0.9411 -0.1661
vn 0.2944 -0.9411 0.1661
vn -0.0618 0.9835 -0.1699
vn -0.0340 0.9382 -0.3444
vn -0.2568 0.9141 -0.3138
vn -0.2897 0.9449 -0.1525
vn -0.3678 0.1790 -0.9125
vn -0.3179 0.3460 -0.8827
vn -0.1354 0.3817 -0.9143
vn -0.9170 0.3685 -0.1525
vn -0.8891 0.3332 -0.3137
vn -0.9259 0.1575 -0.3434
vn -0.0618 0.9835 0.1699
vn -0.2897 0.9449 0.1525
vn -0.2568 0.9141 0.3138
vn -0.0340 0.9382 0.3444
vn -0.9259 0.1575 0.3434
vn -0.8891 0.3332 0.3138
vn -0.9170 0.3685 0.1525
vn -0.1354 0.3817 0.9143
vn -0.3179 0.3460 0.8827
vn -0.3678 0.1790 0.9125
vn -0.3678 -0.1790 0.9125
vn -0.3178 -0.3459 0.8828
vn -0.1354 -0.3817 0.9143
vn -0.9170 -0.3685 0.1525
vn -0.8891 -0.3331 0.3138
vn -0.9259 -0.1575 0.3434
vn -0.0340 -0.9382 0.3444
vn -0.2568 -0.9141 0.3137
vn -0.2897 -0.9449 0.1525
vn -0.2897 -0.9449 -0.1525
vn -0.2568 -0.9141 -0.3137
vn -0.0340 -0.9382 -0.3444
vn -0.9259 -0.1575 -0.3434
vn -0.8891 -0.3332 -0.3138
vn -0.9170 -0.3685 -0.1525
vn -0.1354 -0.3817 -0.9143
vn -0.3178 -0.3459 -0.8828
vn -0.3678 -0.1790 -0.9125
vn 0.2944 0.9411 -0.1661
vn 0.4251 0.8933 -0.1462
vn 0.3920 0.8701 -0.2987
vn 0.2752 0.9027 -0.3307
vn 0.9293 0.1564 -0.3346
vn 0.9001 0.3171 -0.2987
vn 0.9260 0.3481 -0.1462
vn 0.2064 0.3801 -0.9016
vn 0.3691 0.3391 -0.8653
vn 0.3957 0.1583 -0.9046
vn 0.2944 0.9411 0.1661
vn 0.2752 0.9027 0.3307
vn 0.3920 0.8701 0.2987
vn 0.4251 0.8933 0.1462
vn 0.3957 0.1583 0.9046
vn 0.3691 0.3391 0.8653
vn 0.2064 0.3801 0.9016
vn 0.9260 0.3481 0.1462
vn 0.9001 0.3171 0.2987
vn 0.9293 0.1564 0.3346
vn 0.2064 -0.3801 0.9016
vn 0.3691 -0.3391 0.8653
vn 0.3957 -0.1583 0.9046
vn 0.4251 -0.8933 0.1462
vn 0.3920 -0.8701 0.2987
vn 0.2752 -0.9027 0.3307
vn 0.9293 -0.1564 0.3346
vn 0.9001 -0.3171 0.2987
vn 0.9260 -0.3481 0.1462
vn 0.2752 -0.9027 -0.3307
vn 0.3920 -0.8701 -0.2987
vn 0.4251 -0.8933 -0.1463
vn 0.3957 -0.1583 -0.9046
vn 0.3691 -0.3391 -0.8653
vn 0.2064 -0.3802 -0.9016
vn 0.9260 -0.3481 -0.1462
vn 0.9001 -0.3171 -0.2987
vn 0.9293 -0.1564 -0.3346
usemtl Lamp_post
s 1
f 31/1/1 37/2/2 8/3/3 2/4/4
f 45/5/5 51/6/6 38/7/7 30/8/8
f 50/9/9 22/10/10 9/11/11 36/12/12
f 3/13/13 10/14/14 24/15/15 16/16/16
f 17/17/17 23/18/18 52/19/19 44/20/20
f 1/21/21 4/22/22 5/23/23 7/24/24
f 2/4/4 6/25/25 5/26/26 4/27/27
f 3/13/13 7/28/28 5/29/29 6/30/30
f 8/3/3 11/31/31 12/32/32 14/33/33
f 9/11/11 13/34/34 12/32/35 11/31/36
f 10/14/14 14/35/37 12/32/38 13/34/39
f 15/36/40 18/37/41 19/38/42 21/39/43
f 16/16/16 20/40/44 19/41/45 18/42/46
f 17/17/17 21/43/47 19/44/48 20/45/49
f 22/10/10 25/46/50 26/47/51 28/48/52
f 23/18/18 27/49/53 26/47/54 25/46/55
f 24/15/15 28/48/56 26/47/57 27/50/58
f 29/51/59 32/52/60 33/53/61 35/54/62
f 30/8/8 34/55/63 33/56/64 32/57/65
f 31/1/1 35/58/66 33/59/67 34/60/68
f 36/12/12 39/61/69 40/62/70 42/63/71
f 37/2/2 41/64/72 40/62/73 39/61/74
f 38/7/7 42/63/75 40/62/76 41/65/77
f 43/66/78 46/67/79 47/68/80 49/69/81
f 44/20/20 48/70/82 47/71/83 46/72/84
f 45/5/5 49/73/85 47/74/86 48/75/87
f 50/9/9 53/76/88 54/77/89 56/78/90
f 51/6/6 55/79/91 54/77/92 53/76/93
f 52/19/19 56/78/94 54/77/95 55/80/96
f 15/36/40 1/21/21 7/24/24 18/37/41
f 18/42/46 7/28/28 3/13/13 16/16/16
f 2/4/4 8/3/3 14/33/33 6/25/25
f 6/30/30 14/35/37 10/14/14 3/13/13
f 9/11/11 22/10/10 28/48/52 13/34/34
f 13/34/39 28/48/56 24/15/15 10/14/14
f 23/18/18 17/17/17 20/45/49 27/49/53
f 27/50/58 20/40/44 16/16/16 24/15/15
f 43/66/78 15/36/40 21/39/43 46/67/79
f 46/72/84 21/43/47 17/17/17 44/20/20
f 22/10/10 50/9/9 56/78/90 25/46/50
f 25/46/55 56/78/94 52/19/19 23/18/18
f 51/6/6 45/5/5 48/75/87 55/79/91
f 55/80/96 48/70/82 44/20/20 52/19/19
f 29/51/59 43/66/78 49/69/81 32/52/60
f 32/57/65 49/73/85 45/5/5 30/8/8
f 50/9/9 36/12/12 42/63/71 53/76/88
f 53/76/93 42/63/75 38/7/7 51/6/6
f 37/2/2 31/1/1 34/60/68 41/64/72
f 41/65/77 34/55/63 30/8/8 38/7/7
f 1/21/21 29/51/59 35/54/62 4/22/22
f 4/27/27 35/58/66 31/1/1 2/4/4
f 36/12/12 9/11/11 11/31/36 39/61/69
f 39/61/74 11/31/31 8/3/3 37/2/2
f 15/36/40 43/66/78 29/51/59 1/21/21
f 87/81/1 93/82/2 64/83/3 58/84/4
f 101/85/5 107/86/6 94/87/7 86/88/8
f 106/89/9 78/90/10 65/91/11 92/92/12
f 59/93/13 66/94/14 80/95/15 72/96/16
f 73/97/17 79/98/18 108/99/19 100/100/20
f 57/101/21 60/102/22 61/103/23 63/104/24
f 58/84/4 62/105/25 61/106/26 60/107/27
f 59/93/13 63/108/28 61/109/29 62/110/30
f 64/83/3 67/111/31 68/112/32 70/113/33
f 65/91/11 69/114/34 68/112/35 67/111/36
f 66/94/14 70/115/37 68/112/38 69/114/39
f 71/116/40 74/117/41 75/118/42 77/119/43
f 72/96/16 76/120/44 75/121/45 74/122/46
f 73/97/17 77/123/47 75/124/48 76/125/49
f 78/90/10 81/126/50 82/127/51 84/128/52
f 79/98/18 83/129/53 82/127/54 81/126/55
f 80/95/15 84/128/56 82/127/57 83/130/58
f 85/131/59 88/132/60 89/133/61 91/134/62
f 86/88/8 90/135/63 89/136/64 88/137/65
f 87/81/1 91/138/66 89/139/97 90/140/68
f 92/92/12 95/141/69 96/142/70 98/143/71
f 93/82/2 97/144/72 96/142/73 95/141/74
f 94/87/7 98/143/75 96/142/76 97/145/77
f 99/146/78 102/147/79 103/148/80 105/149/81
f 100/100/20 104/150/82 103/151/83 102/152/84
f 101/85/5 105/153/85 103/154/86 104/155/87
f 106/89/9 109/156/88 110/157/89 112/158/90
f 107/86/6 111/159/91 110/157/92 109/156/93
f 108/99/19 112/158/94 110/157/95 111/160/96
f 71/116/40 57/101/21 63/104/24 74/117/41
f 74/122/46 63/108/28 59/93/13 72/96/16
f 58/84/4 64/83/3 70/113/33 62/105/25
f 62/110/30 70/115/37 66/94/14 59/93/13
f 65/91/11 78/90/10 84/128/52 69/114/34
f 69/114/39 84/128/56 80/95/15 66/94/14
f 79/98/18 73/97/17 76/125/49 83/129/53
f 83/130/58 76/120/44 72/96/16 80/95/15
f 99/146/78 71/116/40 77/119/43 102/147/79
f 102/152/84 77/123/47 73/97/17 100/100/20
f 78/90/10 106/89/9 112/158/90 81/126/50
f 81/126/55 112/158/94 108/99/19 79/98/18
f 107/86/6 101/85/5 104/155/87 111/159/91
f 111/160/96 104/150/82 100/100/20 108/99/19
f 85/131/59 99/146/78 105/149/81 88/132/60
f 88/137/65 105/153/85 101/85/5 86/88/8
f 106/89/9 92/92/12 98/143/71 109/156/88
f 109/156/93 98/143/75 94/87/7 107/86/6
f 93/82/2 87/81/1 90/140/68 97/144/72
f 97/145/77 90/135/63 86/88/8 94/87/7
f 57/101/21 85/131/59 91/134/62 60/102/22
f 60/107/27 91/138/66 87/81/1 58/84/4
f 92/92/12 65/91/11 67/111/36 95/141/69
f 95/141/74 67/111/31 64/83/3 93/82/2
f 71/116/40 99/146/78 85/131/59 57/101/21
f 143/161/1 149/162/2 120/163/3 114/164/4
f 157/165/5 163/166/6 150/167/7 142/168/8
f 162/169/9 134/170/10 121/171/11 148/172/12
f 115/173/13 122/174/14 136/175/15 128/176/16
f 129/177/17 135/178/18 164/179/19 156/180/20
f 113/181/21 116/182/22 117/183/23 119/184/24
f 114/164/4 118/185/25 117/186/26 116/187/27
f 115/173/13 119/188/28 117/189/29 118/190/30
f 120/163/3 123/191/31 124/192/32 126/193/33
f 121/171/11 125/194/34 124/192/35 123/191/36
f 122/174/14 126/195/37 124/192/38 125/194/39
f 127/196/40 130/197/41 131/198/42 133/199/43
f 128/176/16 132/200/44 131/201/45 130/202/46
f 129/177/17 133/203/47 131/204/48 132/205/49
f 134/170/10 137/206/50 138/207/51 140/208/52
f 135/178/18 139/209/53 138/207/54 137/206/55
f 136/175/15 140/208/56 138/207/57 139/210/58
f 141/211/59 144/212/60 145/213/61 147/214/62
f 142/168/8 146/215/63 145/216/64 144/217/65
f 143/161/1 147/218/66 145/219/97 146/220/68
f 148/172/12 151/221/69 152/222/70 154/223/71
f 149/162/2 153/224/72 152/222/73 151/221/74
f 150/167/7 154/223/75 152/222/76 153/225/77
f 155/226/78 158/227/79 159/228/80 161/229/81
f 156/180/20 160/230/82 159/231/83 158/232/84
f 157/165/5 161/233/85 159/234/86 160/235/87
f 162/169/9 165/236/88 166/237/89 168/238/90
f 163/166/6 167/239/91 166/237/92 165/236/93
f 164/179/19 168/238/94 166/237/95 167/240/96
f 127/196/40 113/181/21 119/184/24 130/197/41
f 130/202/46 119/188/28 115/173/13 128/176/16
f 114/164/4 120/163/3 126/193/33 118/185/25
f 118/190/30 126/195/37 122/174/14 115/173/13
f 121/171/11 134/170/10 140/208/52 125/194/34
f 125/194/39 140/208/56 136/175/15 122/174/14
f 135/178/18 129/177/17 132/205/49 139/209/53
f 139/210/58 132/200/44 128/176/16 136/175/15
f 155/226/78 127/196/40 133/199/43 158/227/79
f 158/232/84 133/203/47 129/177/17 156/180/20
f 134/170/10 162/169/9 168/238/90 137/206/50
f 137/206/55 168/238/94 164/179/19 135/178/18
f 163/166/6 157/165/5 160/235/87 167/239/91
f 167/240/96 160/230/82 156/180/20 164/179/19
f 141/211/59 155/226/78 161/229/81 144/212/60
f 144/217/65 161/233/85 157/165/5 142/168/8
f 162/169/9 148/172/12 154/223/71 165/236/88
f 165/236/93 154/223/75 150/167/7 163/166/6
f 149/162/2 143/161/1 146/220/68 153/224/72
f 153/225/77 146/215/63 142/168/8 150/167/7
f 113/181/21 141/211/59 147/214/62 116/182/22
f 116/187/27 147/218/66 143/161/1 114/164/4
f 148/172/12 121/171/11 123/191/36 151/221/69
f 151/221/74 123/191/31 120/163/3 149/162/2
f 127/196/40 155/226/78 141/211/59 113/181/21
f 199/241/1 205/242/2 176/243/3 170/244/4
f 213/245/5 219/246/6 206/247/7 198/248/8
f 218/249/9 190/250/10 177/251/11 204/252/12
f 171/253/13 178/254/14 192/255/15 184/256/16
f 185/257/17 191/258/18 220/259/19 212/260/20
f 169/261/21 172/262/22 173/263/23 175/264/24
f 170/244/4 174/265/25 173/266/26 172/267/27
f 171/253/13 175/268/28 173/269/29 174/270/30
f 176/243/3 179/271/31 180/272/32 182/273/33
f 177/251/11 181/274/34 180/272/35 179/271/36
f 178/254/14 182/275/37 180/272/38 181/274/39
f 183/276/40 186/277/41 187/278/42 189/279/43
f 184/256/16 188/280/44 187/281/45 186/282/46
f 185/257/17 189/283/47 187/284/48 188/285/49
f 190/250/10 193/286/50 194/287/51 196/288/52
f 191/258/18 195/289/53 194/287/54 193/286/55
f 192/255/15 196/288/56 194/287/57 195/290/58
f 197/291/59 200/292/60 201/293/61 203/294/62
f 198/248/8 202/295/63 201/296/64 200/297/65
f 199/241/1 203/298/66 201/299/97 202/300/68
f 204/252/12 207/301/69 208/302/70 210/303/71
f 205/242/2 209/304/72 208/302/73 207/301/74
f 206/247/7 210/303/75 208/302/76 209/305/77
f 211/306/78 214/307/79 215/308/80 217/309/81
f 212/260/20 216/310/82 215/311/83 214/312/84
f 213/245/5 217/313/85 215/314/86 216/315/87
f 218/249/9 221/316/88 222/317/89 224/318/90
f 219/246/6 223/319/91 222/317/92 221/316/93
f 220/259/19 224/318/94 222/317/95 223/320/96
f 183/276/40 169/261/21 175/264/24 186/277/41
f 186/282/46 175/268/28 171/253/13 184/256/16
f 170/244/4 176/243/3 182/273/33 174/265/25
f 174/270/30 182/275/37 178/254/14 171/253/13
f 177/251/11 190/250/10 196/288/52 181/274/34
f 181/274/39 196/288/56 192/255/15 178/254/14
f 191/258/18 185/257/17 188/285/49 195/289/53
f 195/290/58 188/280/44 184/256/16 192/255/15
f 211/306/78 183/276/40 189/279/43 214/307/79
f 214/312/84 189/283/47 185/257/17 212/260/20
f 190/250/10 218/249/9 224/318/90 193/286/50
f 193/286/55 224/318/94 220/259/19 191/258/18
f 219/246/6 213/245/5 216/315/87 223/319/91
f 223/320/96 216/310/82 212/260/20 220/259/19
f 197/291/59 211/306/78 217/309/81 200/292/60
f 200/297/65 217/313/85 213/245/5 198/248/8
f 218/249/9 204/252/12 210/303/71 221/316/88
f 221/316/93 210/303/75 206/247/7 219/246/6
f 205/242/2 199/241/1 202/300/68 209/304/72
f 209/305/77 202/295/63 198/248/8 206/247/7
f 169/261/21 197/291/59 203/294/62 172/262/22
f 172/267/27 203/298/66 199/241/1 170/244/4
f 204/252/12 177/251/11 179/271/36 207/301/69
f 207/301/74 179/271/31 176/243/3 205/242/2
f 183/276/40 211/306/78 197/291/59 169/261/21
f 255/321/1 261/322/2 232/323/3 226/324/4
f 269/325/5 275/326/6 262/327/7 254/328/8
f 274/329/9 246/330/10 233/331/11 260/332/12
f 227/333/13 234/334/14 248/335/15 240/336/16
f 241/337/17 247/338/18 276/339/19 268/340/20
f 225/341/21 228/342/22 229/343/23 231/344/24
f 226/324/4 230/345/25 229/346/26 228/347/27
f 227/333/13 231/348/28 229/349/29 230/350/30
f 232/323/3 235/351/31 236/352/32 238/353/33
f 233/331/11 237/354/34 236/352/35 235/351/36
f 234/334/14 238/355/37 236/352/38 237/354/39
f 239/356/40 242/357/41 243/358/42 245/359/43
f 240/336/16 244/360/44 243/361/45 242/362/46
f 241/337/17 245/363/47 243/364/48 244/365/49
f 246/330/10 249/366/50 250/367/51 252/368/52
f 247/338/18 251/369/53 250/367/54 249/366/55
f 248/335/15 252/368/56 250/367/57 251/370/58
f 253/371/59 256/372/60 257/373/61 259/374/62
f 254/328/8 258/375/63 257/376/64 256/377/65
f 255/321/1 259/378/66 257/379/97 258/380/68
f 260/332/12 263/381/69 264/382/70 266/383/71
f 261/322/2 265/384/72 264/382/73 263/381/74
f 262/327/7 266/383/75 264/382/76 265/385/77
f 267/386/78 270/387/79 271/388/80 273/389/81
f 268/340/20 272/390/82 271/391/83 270/392/84
f 269/325/5 273/393/85 271/394/86 272/395/87
f 274/329/9 277/396/88 278/397/89 280/398/90
f 275/326/6 279/399/91 278/397/92 277/396/93
f 276/339/19 280/398/94 278/397/95 279/400/96
f 239/356/40 225/341/21 231/344/24 242/357/41
f 242/362/46 231/348/28 227/333/13 240/336/16
f 226/324/4 232/323/3 238/353/33 230/345/25
f 230/350/30 238/355/37 234/334/14 227/333/13
f 233/331/11 246/330/10 252/368/52 237/354/34
f 237/354/39 252/368/56 248/335/15 234/334/14
f 247/338/18 241/337/17 244/365/49 251/369/53
f 251/370/58 244/360/44 240/336/16 248/335/15
f 267/386/78 239/356/40 245/359/43 270/387/79
f 270/392/84 245/363/47 241/337/17 268/340/20
f 246/330/10 274/329/9 280/398/90 249/366/50
f 249/366/55 280/398/94 276/339/19 247/338/18
f 275/326/6 269/325/5 272/395/87 279/399/91
f 279/400/96 272/390/82 268/340/20 276/339/19
f 253/371/59 267/386/78 273/389/81 256/372/60
f 256/377/65 273/393/85 269/325/5 254/328/8
f 274/329/9 260/332/12 266/383/71 277/396/88
f 277/396/93 266/383/75 262/327/7 275/326/6
f 261/322/2 255/321/1 258/380/68 265/384/72
f 265/385/77 258/375/63 254/328/8 262/327/7
f 225/341/21 253/371/59 259/374/62 228/342/22
f 228/347/27 259/378/66 255/321/1 226/324/4
f 260/332/12 233/331/11 235/351/36 263/381/69
f 263/381/74 235/351/31 232/323/3 261/322/2
f 239/356/40 267/386/78 253/371/59 225/341/21
f 311/401/19 317/402/20 288/403/17 282/404/18
f 325/405/7 331/406/8 318/407/5 310/408/6
f 330/409/59 302/410/21 289/411/40 316/412/78
f 283/413/15 290/414/16 304/415/13 296/416/14
f 297/417/3 303/418/4 332/419/1 324/420/2
f 281/421/10 284/422/50 285/423/51 287/424/52
f 282/404/18 286/425/53 285/426/54 284/427/55
f 283/413/15 287/428/56 285/429/57 286/430/58
f 288/403/17 291/431/47 292/432/48 294/433/49
f 289/411/40 293/434/41 292/432/42 291/431/43
f 290/414/16 294/435/44 292/432/45 293/434/46
f 295/436/11 298/437/34 299/438/35 301/439/36
f 296/416/14 300/440/37 299/441/38 298/442/39
f 297/417/3 301/443/31 299/444/32 300/445/33
f 302/410/21 305/446/22 306/447/23 308/448/24
f 303/418/4 307/449/25 306/447/26 305/446/27
f 304/415/13 308/448/28 306/447/29 307/450/30
f 309/451/9 312/452/88 313/453/89 315/454/90
f 310/408/6 314/455/91 313/456/92 312/457/93
f 311/401/19 315/458/94 313/459/95 314/460/96
f 316/412/78 319/461/79 320/462/80 322/463/81
f 317/402/20 321/464/82 320/462/83 319/461/84
f 318/407/5 322/463/85 320/462/86 321/465/87
f 323/466/12 326/467/69 327/468/70 329/469/71
f 324/420/2 328/470/72 327/471/73 326/472/74
f 325/405/7 329/473/75 327/474/76 328/475/77
f 330/409/59 333/476/60 334/477/61 336/478/62
f 331/406/8 335/479/63 334/477/64 333/476/65
f 332/419/1 336/478/66 334/477/97 335/480/68
f 295/436/11 281/421/10 287/424/52 298/437/34
f 298/442/39 287/428/56 283/413/15 296/416/14
f 282/404/18 288/403/17 294/433/49 286/425/53
f 286/430/58 294/435/44 290/414/16 283/413/15
f 289/411/40 302/410/21 308/448/24 293/434/41
f 293/434/46 308/448/28 304/415/13 290/414/16
f 303/418/4 297/417/3 300/445/33 307/449/25
f 307/450/30 300/440/37 296/416/14 304/415/13
f 323/466/12 295/436/11 301/439/36 326/467/69
f 326/472/74 301/443/31 297/417/3 324/420/2
f 302/410/21 330/409/59 336/478/62 305/446/22
f 305/446/27 336/478/66 332/419/1 303/418/4
f 331/406/8 325/405/7 328/475/77 335/479/63
f 335/480/68 328/470/72 324/420/2 332/419/1
f 309/451/9 323/466/12 329/469/71 312/452/88
f 312/457/93 329/473/75 325/405/7 310/408/6
f 330/409/59 316/412/78 322/463/81 333/476/60
f 333/476/65 322/463/85 318/407/5 331/406/8
f 317/402/20 311/401/19 314/460/96 321/464/82
f 321/465/87 314/455/91 310/408/6 318/407/5
f 281/421/10 309/451/9 315/454/90 284/422/50
f 284/427/55 315/458/94 311/401/19 282/404/18
f 316/412/78 289/411/40 291/431/43 319/461/79
f 319/461/84 291/431/47 288/403/17 317/402/20
f 295/436/11 323/466/12 309/451/9 281/421/10
f 367/481/19 373/482/20 344/483/17 338/484/18
f 381/485/7 387/486/8 374/487/5 366/488/6
f 386/489/59 358/490/21 345/491/40 372/492/78
f 339/493/15 346/494/16 360/495/13 352/496/14
f 353/497/3 359/498/4 388/499/1 380/500/2
f 337/501/10 340/502/50 341/503/51 343/504/52
f 338/484/18 342/505/53 341/506/54 340/507/55
f 339/493/15 343/508/56 341/509/57 342/510/58
f 344/483/17 347/511/47 348/512/48 350/513/49
f 345/491/40 349/514/41 348/512/42 347/511/43
f 346/494/16 350/515/44 348/512/45 349/514/46
f 351/516/11 354/517/34 355/518/35 357/519/36
f 352/496/14 356/520/37 355/521/38 354/522/39
f 353/497/3 357/523/31 355/524/32 356/525/33
f 358/490/21 361/526/22 362/527/23 364/528/24
f 359/498/4 363/529/25 362/527/26 361/526/27
f 360/495/13 364/528/28 362/527/29 363/530/30
f 365/531/9 368/532/88 369/533/89 371/534/90
f 366/488/6 370/535/91 369/536/92 368/537/93
f 367/481/19 371/538/94 369/539/95 370/540/96
f 372/492/78 375/541/79 376/542/80 378/543/81
f 373/482/20 377/544/82 376/542/83 375/541/84
f 374/487/5 378/543/85 376/542/86 377/545/87
f 379/546/12 382/547/69 383/548/70 385/549/71
f 380/500/2 384/550/72 383/551/73 382/552/74
f 381/485/7 385/553/75 383/554/76 384/555/77
f 386/489/59 389/556/60 390/557/61 392/558/62
f 387/486/8 391/559/63 390/557/64 389/556/65
f 388/499/1 392/558/66 390/557/97 391/560/68
f 351/516/11 337/501/10 343/504/52 354/517/34
f 354/522/39 343/508/56 339/493/15 352/496/14
f 338/484/18 344/483/17 350/513/49 342/505/53
f 342/510/58 350/515/44 346/494/16 339/493/15
f 345/491/40 358/490/21 364/528/24 349/514/41
f 349/514/46 364/528/28 360/495/13 346/494/16
f 359/498/4 353/497/3 356/525/33 363/529/25
f 363/530/30 356/520/37 352/496/14 360/495/13
f 379/546/12 351/516/11 357/519/36 382/547/69
f 382/552/74 357/523/31 353/497/3 380/500/2
f 358/490/21 386/489/59 392/558/62 361/526/22
f 361/526/27 392/558/66 388/499/1 359/498/4
f 387/486/8 381/485/7 384/555/77 391/559/63
f 391/560/68 384/550/72 380/500/2 388/499/1
f 365/531/9 379/546/12 385/549/71 368/532/88
f 368/537/93 385/553/75 381/485/7 366/488/6
f 386/489/59 372/492/78 378/543/81 389/556/60
f 389/556/65 378/543/85 374/487/5 387/486/8
f 373/482/20 367/481/19 370/540/96 377/544/82
f 377/545/87 370/535/91 366/488/6 374/487/5
f 337/501/10 365/531/9 371/534/90 340/502/50
f 340/507/55 371/538/94 367/481/19 338/484/18
f 372/492/78 345/491/40 347/511/43 375/541/79
f 375/541/84 347/511/47 344/483/17 373/482/20
f 351/516/11 379/546/12 365/531/9 337/501/10
f 423/561/19 429/562/20 400/563/17 394/564/18
f 437/565/7 443/566/8 430/567/5 422/568/6
f 442/569/59 414/570/21 401/571/40 428/572/78
f 395/573/15 402/574/16 416/575/13 408/576/14
f 409/577/3 415/578/4 444/579/1 436/580/2
f 393/581/10 396/582/50 397/583/51 399/584/52
f 394/564/18 398/585/53 397/586/54 396/587/55
f 395/573/15 399/588/56 397/589/57 398/590/58
f 400/563/17 403/591/47 404/592/48 406/593/49
f 401/571/40 405/594/41 404/592/42 403/591/43
f 402/574/16 406/595/44 404/592/45 405/594/46
f 407/596/11 410/597/34 411/598/35 413/599/36
f 408/576/14 412/600/37 411/601/38 410/602/39
f 409/577/3 413/603/31 411/604/32 412/605/33
f 414/570/21 417/606/22 418/607/23 420/608/24
f 415/578/4 419/609/25 418/607/26 417/606/27
f 416/575/13 420/608/28 418/607/29 419/610/30
f 421/611/9 424/612/88 425/613/89 427/614/90
f 422/568/6 426/615/91 425/616/92 424/617/93
f 423/561/19 427/618/94 425/619/95 426/620/96
f 428/572/78 431/621/79 432/622/80 434/623/81
f 429/562/20 433/624/82 432/622/83 431/621/84
f 430/567/5 434/623/85 432/622/86 433/625/87
f 435/626/12 438/627/69 439/628/70 441/629/71
f 436/580/2 440/630/72 439/631/73 438/632/74
f 437/565/7 441/633/75 439/634/76 440/635/77
f 442/569/59 445/636/60 446/637/61 448/638/62
f 443/566/8 447/639/63 446/637/64 445/636/65
f 444/579/1 448/638/66 446/637/97 447/640/68
f 407/596/11 393/581/10 399/584/52 410/597/34
f 410/602/39 399/588/56 395/573/15 408/576/14
f 394/564/18 400/563/17 406/593/49 398/585/53
f 398/590/58 406/595/44 402/574/16 395/573/15
f 401/571/40 414/570/21 420/608/24 405/594/41
f 405/594/46 420/608/28 416/575/13 402/574/16
f 415/578/4 409/577/3 412/605/33 419/609/25
f 419/610/30 412/600/37 408/576/14 416/575/13
f 435/626/12 407/596/11 413/599/36 438/627/69
f 438/632/74 413/603/31 409/577/3 436/580/2
f 414/570/21 442/569/59 448/638/62 417/606/22
f 417/606/27 448/638/66 444/579/1 415/578/4
f 443/566/8 437/565/7 440/635/77 447/639/63
f 447/640/68 440/630/72 436/580/2 444/579/1
f 421/611/9 435/626/12 441/629/71 424/612/88
f 424/617/93 441/633/75 437/565/7 422/568/6
f 442/569/59 428/572/78 434/623/81 445/636/60
f 445/636/65 434/623/85 430/567/5 443/566/8
f 429/562/20 423/561/19 426/620/96 433/624/82
f 433/625/87 426/615/91 422/568/6 430/567/5
f 393/581/10 421/611/9 427/614/90 396/582/50
f 396/587/55 427/618/94 423/561/19 394/564/18
f 428/572/78 401/571/40 403/591/43 431/621/79
f 431/621/84 403/591/47 400/563/17 429/562/20
f 407/596/11 435/626/12 421/611/9 393/581/10
f 499/641/98 471/642/99 457/643/100 485/644/101
f 493/645/5 557/646/102 574/647/103 478/648/8
f 506/649/104 509/650/105 535/651/106 538/652/107
f 520/653/108 458/654/109 470/655/110 524/656/111
f 479/657/1 575/658/112 505/659/113 451/660/4
f 465/661/17 539/662/114 556/663/115 492/664/20
f 559/665/116 486/666/117 456/667/118 521/668/119
f 572/669/120 568/670/121 512/671/122 508/672/123
f 515/673/124 518/674/125 527/675/126 530/676/127
f 518/674/125 520/653/108 524/656/111 527/675/126
f 526/677/128 523/678/129 542/679/130 545/680/131
f 541/681/132 500/682/133 484/683/134 560/684/135
f 509/650/105 511/685/136 533/686/137 535/651/106
f 554/687/138 550/688/139 569/689/140 571/690/141
f 550/688/139 547/691/142 566/692/143 569/689/140
f 547/691/142 544/693/144 563/694/145 566/692/143
f 523/678/129 472/695/146 498/696/147 542/679/130
f 544/693/144 541/681/132 560/684/135 563/694/145
f 557/646/102 554/687/138 571/690/141 574/647/103
f 536/697/148 532/698/149 551/699/150 553/700/151
f 532/698/149 529/701/152 548/702/153 551/699/150
f 529/701/152 526/677/128 545/680/131 548/702/153
f 463/703/40 491/704/78 477/705/59 450/706/21
f 575/658/112 572/669/120 508/672/123 505/659/113
f 539/662/114 536/697/148 553/700/151 556/663/115
f 568/670/121 565/707/154 514/708/155 512/671/122
f 565/707/154 562/709/156 517/710/157 514/708/155
f 562/709/156 559/665/116 521/668/119 517/710/157
f 511/685/136 515/673/124 530/676/127 533/686/137
f 449/711/13 452/712/28 453/713/158 455/714/30
f 450/706/21 454/715/22 453/716/159 452/717/24
f 451/660/4 455/718/25 453/719/160 454/720/27
f 456/667/118 459/721/161 460/722/162 462/723/163
f 457/643/100 461/724/164 460/725/165 459/726/166
f 458/654/109 462/727/167 460/728/168 461/729/169
f 463/703/40 466/730/41 467/731/170 469/732/43
f 464/733/16 468/734/44 467/735/171 466/736/46
f 465/661/17 469/737/47 467/738/172 468/739/49
f 470/655/110 473/740/173 474/741/174 476/742/175
f 471/642/99 475/743/176 474/744/177 473/745/178
f 472/695/146 476/746/179 474/747/180 475/748/181
f 477/705/59 480/749/60 481/750/182 483/751/62
f 478/648/8 482/752/63 481/753/183 480/754/65
f 479/657/1 483/755/66 481/756/184 482/757/68
f 484/683/134 487/758/185 488/759/186 490/760/187
f 485/644/101 489/761/188 488/762/189 487/763/190
f 486/666/117 490/764/191 488/765/192 489/766/193
f 491/704/78 494/767/79 495/768/194 497/769/81
f 492/664/20 496/770/82 495/771/195 494/772/84
f 493/645/5 497/773/85 495/774/196 496/775/87
f 498/696/147 501/776/197 502/777/198 504/778/199
f 499/641/98 503/779/200 502/780/201 501/781/202
f 500/682/133 504/782/203 502/783/204 503/784/205
f 463/703/40 450/706/21 452/717/24 466/730/41
f 466/736/46 452/712/28 449/711/13 464/733/16
f 521/668/119 456/667/118 462/723/163 522/785/206
f 522/786/207 462/727/167 458/654/109 520/653/108
f 457/643/100 471/642/99 473/745/178 461/724/164
f 461/729/169 473/740/173 470/655/110 458/654/109
f 539/662/114 465/661/17 468/739/49 540/787/208
f 540/788/209 468/734/44 464/733/16 538/652/107
f 491/704/78 463/703/40 469/732/43 494/767/79
f 494/772/84 469/737/47 465/661/17 492/664/20
f 471/642/99 499/641/98 501/781/202 475/743/176
f 475/748/181 501/776/197 498/696/147 472/695/146
f 557/646/102 493/645/5 496/775/87 558/789/210
f 558/790/211 496/770/82 492/664/20 556/663/115
f 477/705/59 491/704/78 497/769/81 480/749/60
f 480/754/65 497/773/85 493/645/5 478/648/8
f 499/641/98 485/644/101 487/763/190 503/779/200
f 503/784/205 487/758/185 484/683/134 500/682/133
f 575/658/112 479/657/1 482/757/68 576/791/212
f 576/792/213 482/752/63 478/648/8 574/647/103
f 450/706/21 477/705/59 483/751/62 454/715/22
f 454/720/27 483/755/66 479/657/1 451/660/4
f 485/644/101 457/643/100 459/726/166 489/761/188
f 489/766/193 459/721/161 456/667/118 486/666/117
f 451/660/4 505/659/113 507/793/214 455/718/25
f 455/714/30 507/794/215 506/649/104 449/711/13
f 505/659/113 508/672/123 510/795/216 507/793/214
f 507/794/215 510/796/217 509/650/105 506/649/104
f 512/671/122 514/708/155 516/797/218 513/798/219
f 513/799/220 516/800/221 515/673/124 511/685/136
f 514/708/155 517/710/157 519/801/222 516/797/218
f 516/800/221 519/802/223 518/674/125 515/673/124
f 517/710/157 521/668/119 522/785/206 519/801/222
f 519/802/223 522/786/207 520/653/108 518/674/125
f 472/695/146 523/678/129 525/803/224 476/746/179
f 476/742/175 525/804/225 524/656/111 470/655/110
f 523/678/129 526/677/128 528/805/226 525/803/224
f 525/804/225 528/806/227 527/675/126 524/656/111
f 526/677/128 529/701/152 531/807/228 528/805/226
f 528/806/227 531/808/229 530/676/127 527/675/126
f 529/701/152 532/698/149 534/809/230 531/807/228
f 531/808/229 534/810/231 533/686/137 530/676/127
f 536/697/148 539/662/114 540/787/208 537/811/232
f 537/812/233 540/788/209 538/652/107 535/651/106
f 500/682/133 541/681/132 543/813/234 504/782/203
f 504/778/199 543/814/235 542/679/130 498/696/147
f 541/681/132 544/693/144 546/815/236 543/813/234
f 543/814/235 546/816/237 545/680/131 542/679/130
f 544/693/144 547/691/142 549/817/238 546/815/236
f 546/816/237 549/818/239 548/702/153 545/680/131
f 547/691/142 550/688/139 552/819/240 549/817/238
f 549/818/239 552/820/241 551/699/150 548/702/153
f 554/687/138 557/646/102 558/789/210 555/821/242
f 555/822/243 558/790/211 556/663/115 553/700/151
f 486/666/117 559/665/116 561/823/244 490/764/191
f 490/760/187 561/824/245 560/684/135 484/683/134
f 559/665/116 562/709/156 564/825/246 561/823/244
f 561/824/245 564/826/247 563/694/145 560/684/135
f 562/709/156 565/707/154 567/827/248 564/825/246
f 564/826/247 567/828/249 566/692/143 563/694/145
f 565/707/154 568/670/121 570/829/250 567/827/248
f 567/828/249 570/830/251 569/689/140 566/692/143
f 572/669/120 575/658/112 576/791/212 573/831/252
f 573/832/253 576/792/213 574/647/103 571/690/141
f 508/672/123 512/671/122 513/798/219 510/795/216
f 510/796/217 513/799/220 511/685/136 509/650/105
f 532/698/149 536/697/148 537/811/232 534/809/230
f 534/810/231 537/812/233 535/651/106 533/686/137
f 550/688/139 554/687/138 555/821/242 552/819/240
f 552/820/241 555/822/243 553/700/151 551/699/150
f 568/670/121 572/669/120 573/831/252 570/829/250
f 570/830/251 573/832/253 571/690/141 569/689/140
f 449/711/13 506/649/104 538/652/107 464/733/16
f 626/833/254 598/834/255 661/835/256 678/836/257
f 593/837/258 619/838/259 676/839/260 633/840/261
f 578/841/262 645/842/263 664/843/264 607/844/265
f 592/845/266 599/846/267 628/847/268 620/848/269
f 605/849/270 663/850/271 691/851/272 612/852/273
f 667/853/274 688/854/275 691/851/272 663/850/271
f 678/836/257 661/835/256 657/855/276 681/856/277
f 681/856/277 657/855/276 654/857/278 684/858/279
f 684/858/279 654/857/278 651/859/280 687/860/281
f 634/861/282 660/862/283 600/863/284 591/864/285
f 640/865/286 655/866/287 658/867/288 637/868/289
f 643/869/290 652/870/291 655/866/287 640/865/286
f 646/871/292 648/872/293 652/870/291 643/869/290
f 687/860/281 651/859/280 649/873/294 690/874/295
f 637/868/289 658/867/288 660/862/283 634/861/282
f 675/875/296 679/876/297 682/877/298 673/878/299
f 673/878/299 682/877/298 685/879/300 670/880/301
f 670/880/301 685/879/300 688/854/275 667/853/274
f 690/874/295 649/873/294 586/881/302 613/882/303
f 642/883/304 666/884/305 664/843/264 645/842/263
f 639/885/306 669/886/307 666/884/305 642/883/304
f 636/887/308 672/888/309 669/886/307 639/885/306
f 633/840/261 676/839/260 672/888/309 636/887/308
f 606/889/310 614/890/311 585/891/312 579/892/313
f 621/893/314 627/894/315 679/876/297 675/875/296
f 577/895/316 580/896/317 581/897/318 583/898/319
f 578/841/262 582/899/320 581/900/321 580/901/322
f 579/892/313 583/902/323 581/903/324 582/904/325
f 584/905/326 587/906/327 588/907/328 590/908/329
f 585/891/312 589/909/330 588/910/331 587/911/332
f 586/881/302 590/912/333 588/913/334 589/914/335
f 591/864/285 594/915/336 595/916/337 597/917/338
f 592/845/266 596/918/339 595/919/340 594/920/341
f 593/837/258 597/921/342 595/922/343 596/923/344
f 598/834/255 601/924/345 602/925/346 604/926/347
f 599/846/267 603/927/348 602/928/349 601/929/350
f 600/863/284 604/930/351 602/931/352 603/932/353
f 605/849/270 608/933/354 609/934/355 611/935/356
f 606/889/310 610/936/357 609/937/358 608/938/359
f 607/844/265 611/939/360 609/940/361 610/941/362
f 612/852/273 615/942/363 616/943/364 618/944/365
f 613/882/303 617/945/366 616/946/367 615/947/368
f 614/890/311 618/948/369 616/949/370 617/950/371
f 619/838/259 622/951/372 623/952/373 625/953/374
f 620/848/269 624/954/375 623/955/376 622/956/377
f 621/893/314 625/957/378 623/958/379 624/959/380
f 626/833/254 629/960/381 630/961/382 632/962/383
f 627/894/315 631/963/384 630/964/385 629/965/386
f 628/847/268 632/966/387 630/967/388 631/968/389
f 579/892/313 585/891/312 587/911/332 583/902/323
f 583/898/319 587/906/327 584/905/326 577/895/316
f 661/835/256 598/834/255 604/926/347 662/969/390
f 662/970/391 604/930/351 600/863/284 660/862/283
f 599/846/267 592/845/266 594/920/341 603/927/348
f 603/932/353 594/915/336 591/864/285 600/863/284
f 619/838/259 593/837/258 596/923/344 622/951/372
f 622/956/377 596/918/339 592/845/266 620/848/269
f 598/834/255 626/833/254 632/962/383 601/924/345
f 601/929/350 632/966/387 628/847/268 599/846/267
f 627/894/315 621/893/314 624/959/380 631/963/384
f 631/968/389 624/954/375 620/848/269 628/847/268
f 676/839/260 619/838/259 625/953/374 677/971/392
f 677/972/393 625/957/378 621/893/314 675/875/296
f 614/890/311 606/889/310 608/938/359 618/948/369
f 618/944/365 608/933/354 605/849/270 612/852/273
f 578/841/262 607/844/265 610/941/362 582/899/320
f 582/904/325 610/936/357 606/889/310 579/892/313
f 613/882/303 586/881/302 589/914/335 617/945/366
f 617/950/371 589/909/330 585/891/312 614/890/311
f 593/837/258 633/840/261 635/973/394 597/921/342
f 597/917/338 635/974/395 634/861/282 591/864/285
f 633/840/261 636/887/308 638/975/396 635/973/394
f 635/974/395 638/976/397 637/868/289 634/861/282
f 636/887/308 639/885/306 641/977/398 638/975/396
f 638/976/397 641/978/399 640/865/286 637/868/289
f 639/885/306 642/883/304 644/979/400 641/977/398
f 641/978/399 644/980/401 643/869/290 640/865/286
f 642/883/304 645/842/263 647/981/402 644/979/400
f 644/980/401 647/982/403 646/871/292 643/869/290
f 649/873/294 651/859/280 653/983/404 650/984/405
f 650/985/406 653/986/407 652/870/291 648/872/293
f 651/859/280 654/857/278 656/987/408 653/983/404
f 653/986/407 656/988/409 655/866/287 652/870/291
f 654/857/278 657/855/276 659/989/410 656/987/408
f 656/988/409 659/990/411 658/867/288 655/866/287
f 657/855/276 661/835/256 662/969/390 659/989/410
f 659/990/411 662/970/391 660/862/283 658/867/288
f 664/843/264 666/884/305 668/991/412 665/992/413
f 665/993/414 668/994/415 667/853/274 663/850/271
f 666/884/305 669/886/307 671/995/416 668/991/412
f 668/994/415 671/996/417 670/880/301 667/853/274
f 669/886/307 672/888/309 674/997/418 671/995/416
f 671/996/417 674/998/419 673/878/299 670/880/301
f 672/888/309 676/839/260 677/971/392 674/997/418
f 674/998/419 677/972/393 675/875/296 673/878/299
f 626/833/254 678/836/257 680/999/420 629/960/381
f 629/965/386 680/1000/421 679/876/297 627/894/315
f 678/836/257 681/856/277 683/1001/422 680/999/420
f 680/1000/421 683/1002/423 682/877/298 679/876/297
f 681/856/277 684/858/279 686/1003/424 683/1001/422
f 683/1002/423 686/1004/425 685/879/300 682/877/298
f 684/858/279 687/860/281 689/1005/426 686/1003/424
f 686/1004/425 689/1006/427 688/854/275 685/879/300
f 687/860/281 690/874/295 692/1007/428 689/1005/426
f 689/1006/427 692/1008/429 691/851/272 688/854/275
f 586/881/302 649/873/294 650/984/405 590/912/333
f 590/908/329 650/985/406 648/872/293 584/905/326
f 577/895/316 646/871/292 647/982/403 580/896/317
f 580/901/322 647/981/402 645/842/263 578/841/262
f 663/850/271 605/849/270 611/935/356 665/993/414
f 665/992/413 611/939/360 607/844/265 664/843/264
f 612/852/273 691/851/272 692/1008/429 615/942/363
f 615/947/368 692/1007/428 690/874/295 613/882/303
f 577/895/316 584/905/326 648/872/293 646/871/292
f 723/1009/18 694/1010/19 700/1011/20 729/1012/17
f 737/1013/14 722/1014/15 730/1015/16 743/1016/13
f 742/1017/21 728/1018/40 701/1019/78 714/1020/59
f 695/1021/6 708/1022/7 716/1023/8 702/1024/5
f 709/1025/2 736/1026/3 744/1027/4 715/1028/1
f 693/1029/9 699/1030/88 697/1031/89 696/1032/90
f 694/1010/19 696/1033/94 697/1034/95 698/1035/96
f 695/1021/6 698/1036/91 697/1037/430 699/1038/93
f 700/1011/20 706/1039/82 704/1040/83 703/1041/84
f 701/1019/78 703/1042/79 704/1043/80 705/1044/81
f 702/1024/5 705/1045/85 704/1046/431 706/1047/87
f 707/1048/12 713/1049/69 711/1050/70 710/1051/71
f 708/1022/7 710/1052/75 711/1053/76 712/1054/77
f 709/1025/2 712/1055/72 711/1056/73 713/1057/74
f 714/1020/59 720/1058/60 718/1059/61 717/1060/62
f 715/1028/1 717/1061/66 718/1062/97 719/1063/68
f 716/1023/8 719/1064/63 718/1065/432 720/1066/65
f 721/1067/10 727/1068/50 725/1069/433 724/1070/52
f 722/1014/15 724/1071/56 725/1072/57 726/1073/58
f 723/1009/18 726/1074/53 725/1075/434 727/1076/55
f 728/1018/40 734/1077/41 732/1078/42 731/1079/43
f 729/1012/17 731/1080/47 732/1081/48 733/1082/49
f 730/1015/16 733/1083/44 732/1084/45 734/1085/46
f 735/1086/11 741/1087/34 739/1088/435 738/1089/36
f 736/1026/3 738/1090/31 739/1091/436 740/1092/33
f 737/1013/14 740/1093/37 739/1094/437 741/1095/39
f 742/1017/21 748/1096/22 746/1097/23 745/1098/24
f 743/1016/13 745/1099/28 746/1100/29 747/1101/30
f 744/1027/4 747/1102/25 746/1103/26 748/1104/27
f 707/1048/12 710/1051/71 699/1030/88 693/1029/9
f 710/1052/75 708/1022/7 695/1021/6 699/1038/93
f 694/1010/19 698/1035/96 706/1039/82 700/1011/20
f 698/1036/91 695/1021/6 702/1024/5 706/1047/87
f 701/1019/78 705/1044/81 720/1058/60 714/1020/59
f 705/1045/85 702/1024/5 716/1023/8 720/1066/65
f 715/1028/1 719/1063/68 712/1055/72 709/1025/2
f 719/1064/63 716/1023/8 708/1022/7 712/1054/77
f 735/1086/11 738/1089/36 713/1049/69 707/1048/12
f 738/1090/31 736/1026/3 709/1025/2 713/1057/74
f 714/1020/59 717/1060/62 748/1096/22 742/1017/21
f 717/1061/66 715/1028/1 744/1027/4 748/1104/27
f 743/1016/13 747/1101/30 740/1093/37 737/1013/14
f 747/1102/25 744/1027/4 736/1026/3 740/1092/33
f 721/1067/10 724/1070/52 741/1087/34 735/1086/11
f 724/1071/56 722/1014/15 737/1013/14 741/1095/39
f 742/1017/21 745/1098/24 734/1077/41 728/1018/40
f 745/1099/28 743/1016/13 730/1015/16 734/1085/46
f 729/1012/17 733/1082/49 726/1074/53 723/1009/18
f 733/1083/44 730/1015/16 722/1014/15 726/1073/58
f 693/1029/9 696/1032/90 727/1068/50 721/1067/10
f 696/1033/94 694/1010/19 723/1009/18 727/1076/55
f 728/1018/40 731/1079/43 703/1042/79 701/1019/78
f 731/1080/47 729/1012/17 700/1011/20 703/1041/84
f 707/1048/12 693/1029/9 721/1067/10 735/1086/11
f 799/1105/438 771/1106/439 757/1107/440 785/1108/441
f 793/1109/442 848/1110/443 862/1111/444 778/1112/445
f 806/1113/446 809/1114/447 830/1115/448 832/1116/449
f 817/1117/450 758/1118/451 770/1119/452 821/1120/453
f 779/1121/454 863/1122/455 805/1123/456 751/1124/457
f 765/1125/458 833/1126/459 847/1127/460 792/1128/461
f 850/1129/462 786/1130/463 756/1131/464 818/1132/465
f 809/1114/447 812/1133/466 827/1134/467 830/1115/448
f 812/1133/466 815/1135/468 824/1136/469 827/1134/467
f 815/1135/468 817/1117/450 821/1120/453 824/1136/469
f 823/1137/470 820/1138/471 836/1139/472 839/1140/473
f 835/1141/474 800/1142/475 784/1143/476 851/1144/477
f 848/1110/443 844/1145/478 860/1146/479 862/1111/444
f 844/1145/478 841/1147/480 857/1148/481 860/1146/479
f 841/1147/480 838/1149/482 854/1150/483 857/1148/481
f 820/1138/471 772/1151/484 798/1152/485 836/1139/472
f 838/1149/482 835/1141/474 851/1144/477 854/1150/483
f 833/1126/459 829/1153/486 845/1154/487 847/1127/460
f 829/1153/486 826/1155/488 842/1156/489 845/1154/487
f 826/1155/488 823/1137/470 839/1140/473 842/1156/489
f 763/1157/490 791/1158/491 777/1159/492 750/1160/493
f 863/1122/455 859/1161/494 808/1162/495 805/1123/456
f 859/1161/494 856/1163/496 811/1164/497 808/1162/495
f 856/1163/496 853/1165/498 814/1166/499 811/1164/497
f 853/1165/498 850/1129/462 818/1132/465 814/1166/499
f 749/1167/500 752/1168/501 753/1169/502 755/1170/503
f 750/1160/493 754/1171/504 753/1172/504 752/1173/505
f 751/1124/457 755/1174/506 753/1175/507 754/1176/507
f 756/1131/464 759/1177/508 760/1178/509 762/1179/510
f 757/1107/440 761/1180/511 760/1181/512 759/1182/512
f 758/1118/451 762/1183/513 760/1184/514 761/1185/515
f 763/1157/490 766/1186/516 767/1187/517 769/1188/518
f 764/1189/519 768/1190/520 767/1191/521 766/1192/522
f 765/1125/458 769/1193/518 767/1194/517 768/1195/523
f 770/1119/452 773/1196/524 774/1197/525 776/1198/526
f 771/1106/439 775/1199/527 774/1200/528 773/1201/529
f 772/1151/484 776/1202/530 774/1203/528 775/1204/527
f 777/1159/492 780/1205/531 781/1206/532 783/1207/532
f 778/1112/445 782/1208/533 781/1209/534 780/1210/535
f 779/1121/454 783/1211/536 781/1212/536 782/1213/537
f 784/1143/476 787/1214/538 788/1215/539 790/1216/540
f 785/1108/441 789/1217/541 788/1218/541 787/1219/542
f 786/1130/463 790/1220/543 788/1221/544 789/1222/545
f 791/1158/491 794/1223/546 795/1224/547 797/1225/548
f 792/1128/461 796/1226/549 795/1227/547 794/1228/546
f 793/1109/442 797/1229/550 795/1230/551 796/1231/552
f 798/1152/485 801/1232/553 802/1233/554 804/1234/555
f 799/1105/438 803/1235/556 802/1236/554 801/1237/553
f 800/1142/475 804/1238/557 802/1239/558 803/1240/559
f 763/1157/490 750/1160/493 752/1173/505 766/1186/516
f 766/1192/522 752/1168/501 749/1167/500 764/1189/519
f 818/1132/465 756/1131/464 762/1179/510 819/1241/560
f 819/1242/561 762/1183/513 758/1118/451 817/1117/450
f 757/1107/440 771/1106/439 773/1201/529 761/1180/511
f 761/1185/515 773/1196/524 770/1119/452 758/1118/451
f 833/1126/459 765/1125/458 768/1195/523 834/1243/562
f 834/1244/563 768/1190/520 764/1189/519 832/1116/449
f 791/1158/491 763/1157/490 769/1188/518 794/1223/546
f 794/1228/546 769/1193/518 765/1125/458 792/1128/461
f 771/1106/439 799/1105/438 801/1237/553 775/1199/527
f 775/1204/527 801/1232/553 798/1152/485 772/1151/484
f 848/1110/443 793/1109/442 796/1231/552 849/1245/564
f 849/1246/565 796/1226/549 792/1128/461 847/1127/460
f 777/1159/492 791/1158/491 797/1225/548 780/1205/531
f 780/1210/535 797/1229/550 793/1109/442 778/1112/445
f 799/1105/438 785/1108/441 787/1219/542 803/1235/556
f 803/1240/559 787/1214/538 784/1143/476 800/1142/475
f 863/1122/455 779/1121/454 782/1213/537 864/1247/566
f 864/1248/567 782/1208/533 778/1112/445 862/1111/444
f 750/1160/493 777/1159/492 783/1207/568 754/1171/568
f 754/1176/569 783/1211/569 779/1121/454 751/1124/457
f 785/1108/441 757/1107/440 759/1182/570 789/1217/570
f 789/1222/545 759/1177/508 756/1131/464 786/1130/463
f 751/1124/457 805/1123/456 807/1249/571 755/1174/506
f 755/1170/503 807/1250/572 806/1113/446 749/1167/500
f 805/1123/456 808/1162/495 810/1251/573 807/1249/571
f 807/1250/572 810/1252/574 809/1114/447 806/1113/446
f 808/1162/495 811/1164/497 813/1253/575 810/1251/573
f 810/1252/574 813/1254/576 812/1133/466 809/1114/447
f 811/1164/497 814/1166/499 816/1255/577 813/1253/575
f 813/1254/576 816/1256/578 815/1135/468 812/1133/466
f 814/1166/499 818/1132/465 819/1241/560 816/1255/577
f 816/1256/578 819/1242/561 817/1117/450 815/1135/468
f 772/1151/484 820/1138/471 822/1257/579 776/1202/530
f 776/1198/526 822/1258/580 821/1120/453 770/1119/452
f 820/1138/471 823/1137/470 825/1259/581 822/1257/579
f 822/1258/580 825/1260/582 824/1136/469 821/1120/453
f 823/1137/470 826/1155/488 828/1261/583 825/1259/581
f 825/1260/582 828/1262/584 827/1134/467 824/1136/469
f 826/1155/488 829/1153/486 831/1263/585 828/1261/583
f 828/1262/584 831/1264/586 830/1115/448 827/1134/467
f 829/1153/486 833/1126/459 834/1243/562 831/1263/585
f 831/1264/586 834/1244/563 832/1116/449 830/1115/448
f 800/1142/475 835/1141/474 837/1265/587 804/1238/557
f 804/1234/555 837/1266/588 836/1139/472 798/1152/485
f 835/1141/474 838/1149/482 840/1267/589 837/1265/587
f 837/1266/588 840/1268/590 839/1140/473 836/1139/472
f 838/1149/482 841/1147/480 843/1269/591 840/1267/589
f 840/1268/590 843/1270/592 842/1156/489 839/1140/473
f 841/1147/480 844/1145/478 846/1271/593 843/1269/591
f 843/1270/592 846/1272/594 845/1154/487 842/1156/489
f 844/1145/478 848/1110/443 849/1245/564 846/1271/593
f 846/1272/594 849/1246/565 847/1127/460 845/1154/487
f 786/1130/463 850/1129/462 852/1273/595 790/1220/543
f 790/1216/540 852/1274/596 851/1144/477 784/1143/476
f 850/1129/462 853/1165/498 855/1275/597 852/1273/595
f 852/1274/596 855/1276/598 854/1150/483 851/1144/477
f 853/1165/498 856/1163/496 858/1277/599 855/1275/597
f 855/1276/598 858/1278/600 857/1148/481 854/1150/483
f 856/1163/496 859/1161/494 861/1279/601 858/1277/599
f 858/1278/600 861/1280/602 860/1146/479 857/1148/481
f 859/1161/494 863/1122/455 864/1247/566 861/1279/601
f 861/1280/602 864/1248/567 862/1111/444 860/1146/479
f 749/1167/500 806/1113/446 832/1116/449 764/1189/519
f 866/1281/603 875/1282/604 976/1283/605 949/1284/606
f 912/1285/607 903/1286/608 939/1287/609 984/1288/610
f 883/1289/611 893/1290/612 958/1291/613 964/1292/614
f 928/1293/615 901/1294/616 868/1295/617 895/1296/618
f 991/1297/619 965/1298/620 957/1299/621 1003/1300/622
f 982/1301/623 974/1302/624 966/1303/625 994/1304/626
f 1000/1305/627 956/1306/628 947/1307/629 937/1308/630
f 910/1309/631 920/1310/632 885/1311/633 877/1312/634
f 874/1313/635 884/1314/636 967/1315/637 973/1316/638
f 938/1317/639 946/1318/640 975/1319/641 985/1320/642
f 902/1321/643 931/1322/644 1001/1323/645 940/1324/646
f 892/1325/647 867/1326/648 948/1327/649 955/1328/650
f 919/1329/651 929/1330/652 894/1331/653 886/1332/654
f 921/1333/655 913/1334/656 983/1335/657 993/1336/658
f 930/1337/659 922/1338/660 992/1339/661 1002/1340/662
f 865/1341/663 869/1342/664 870/1343/665 873/1344/666
f 866/1281/603 871/1345/667 870/1346/668 869/1347/669
f 867/1326/648 872/1348/670 870/1346/668 871/1345/667
f 868/1295/617 873/1344/671 870/1343/672 872/1349/673
f 874/1313/635 878/1350/674 879/1351/675 882/1352/676
f 875/1282/604 880/1353/677 879/1354/675 878/1355/674
f 876/1356/678 881/1357/679 879/1358/680 880/1359/681
f 877/1312/634 882/1360/682 879/1361/683 881/1362/684
f 883/1289/611 887/1363/685 888/1364/686 891/1365/687
f 884/1314/636 889/1366/688 888/1364/686 887/1363/685
f 885/1311/633 890/1367/689 888/1368/690 889/1369/691
f 886/1332/654 891/1370/692 888/1368/693 890/1367/694
f 892/1325/647 896/1371/695 897/1372/696 900/1373/697
f 893/1290/612 898/1374/698 897/1372/696 896/1371/695
f 894/1331/653 899/1375/699 897/1376/700 898/1377/701
f 895/1296/618 900/1378/702 897/1376/703 899/1375/704
f 901/1294/616 905/1379/705 906/1380/706 909/1381/707
f 902/1321/643 907/1382/708 906/1383/709 905/1384/710
f 903/1286/608 908/1385/711 906/1383/709 907/1382/708
f 904/1386/712 909/1381/713 906/1380/714 908/1387/715
f 910/1309/631 914/1388/716 915/1389/717 918/1390/718
f 911/1391/719 916/1392/720 915/1393/721 914/1394/722
f 912/1285/607 917/1395/723 915/1396/724 916/1397/725
f 913/1334/656 918/1398/726 915/1399/724 917/1400/723
f 919/1329/651 923/1401/727 924/1402/728 927/1403/729
f 920/1310/632 925/1404/730 924/1402/731 923/1401/732
f 921/1333/655 926/1405/733 924/1406/734 925/1407/735
f 922/1338/660 927/1408/736 924/1406/734 926/1405/733
f 928/1293/615 932/1409/737 933/1410/738 936/1411/739
f 929/1330/652 934/1412/740 933/1410/741 932/1409/742
f 930/1337/659 935/1413/743 933/1414/744 934/1415/745
f 931/1322/644 936/1416/746 933/1414/744 935/1413/743
f 937/1308/630 941/1417/747 942/1418/747 945/1419/748
f 938/1317/639 943/1420/749 942/1418/750 941/1417/750
f 939/1287/609 944/1421/751 942/1422/752 943/1423/753
f 940/1324/646 945/1424/754 942/1422/752 944/1421/751
f 946/1318/640 950/1425/755 951/1426/755 954/1427/756
f 947/1307/629 952/1428/757 951/1426/758 950/1425/758
f 948/1327/649 953/1429/759 951/1430/760 952/1431/761
f 949/1284/606 954/1432/762 951/1430/760 953/1429/759
f 955/1328/650 959/1433/763 960/1434/764 963/1435/765
f 956/1306/628 961/1436/766 960/1437/766 959/1438/767
f 957/1299/621 962/1439/768 960/1437/769 961/1436/769
f 958/1291/613 963/1435/765 960/1434/764 962/1440/770
f 964/1292/614 968/1441/771 969/1442/772 972/1443/773
f 965/1298/620 970/1444/774 969/1445/774 968/1446/775
f 966/1303/625 971/1447/776 969/1445/777 970/1444/777
f 967/1315/637 972/1443/773 969/1442/772 971/1448/778
f 973/1316/638 977/1449/779 978/1450/780 981/1451/781
f 974/1302/624 979/1452/782 978/1453/782 977/1454/783
f 975/1319/641 980/1455/784 978/1456/785 979/1457/785
f 976/1283/605 981/1458/781 978/1459/780 980/1460/786
f 982/1301/623 986/1461/787 987/1462/788 990/1463/788
f 983/1335/657 988/1464/789 987/1465/790 986/1466/791
f 984/1288/610 989/1467/792 987/1468/790 988/1469/789
f 985/1320/642 990/1470/793 987/1471/793 989/1472/794
f 991/1297/619 995/1473/795 996/1474/796 999/1475/796
f 992/1339/661 997/1476/797 996/1477/798 995/1478/799
f 993/1336/658 998/1479/800 996/1477/798 997/1476/797
f 994/1304/626 999/1475/801 996/1474/801 998/1480/802
f 1000/1305/627 1004/1481/803 1005/1482/804 1008/1483/804
f 1001/1323/645 1006/1484/805 1005/1485/806 1004/1486/807
f 1002/1340/662 1007/1487/808 1005/1485/806 1006/1484/805
f 1003/1300/622 1008/1483/809 1005/1482/809 1007/1488/810
f 904/1386/712 865/1341/663 873/1344/666 909/1381/713
f 909/1381/707 873/1344/671 868/1295/617 901/1294/616
f 895/1296/618 868/1295/617 872/1349/673 900/1378/702
f 900/1373/697 872/1348/670 867/1326/648 892/1325/647
f 886/1332/654 894/1331/653 898/1377/701 891/1370/692
f 891/1365/687 898/1374/698 893/1290/612 883/1289/611
f 877/1312/634 885/1311/633 889/1369/691 882/1360/682
f 882/1352/676 889/1366/688 884/1314/636 874/1313/635
f 865/1341/663 876/1356/678 880/1359/681 869/1342/664
f 869/1347/669 880/1353/677 875/1282/604 866/1281/603
f 876/1356/678 911/1391/719 914/1394/722 881/1357/679
f 881/1362/684 914/1388/716 910/1309/631 877/1312/634
f 885/1311/633 920/1310/632 923/1401/732 890/1367/689
f 890/1367/694 923/1401/727 919/1329/651 886/1332/654
f 894/1331/653 929/1330/652 932/1409/742 899/1375/699
f 899/1375/704 932/1409/737 928/1293/615 895/1296/618
f 903/1286/608 912/1285/607 916/1397/725 908/1385/711
f 908/1387/715 916/1392/720 911/1391/719 904/1386/712
f 913/1334/656 921/1333/655 925/1407/735 918/1398/726
f 918/1390/718 925/1404/730 920/1310/632 910/1309/631
f 922/1338/660 930/1337/659 934/1415/745 927/1408/736
f 927/1403/729 934/1412/740 929/1330/652 919/1329/651
f 931/1322/644 902/1321/643 905/1384/710 936/1416/746
f 936/1411/739 905/1379/705 901/1294/616 928/1293/615
f 937/1308/630 947/1307/629 950/1425/811 941/1417/811
f 941/1417/812 950/1425/812 946/1318/640 938/1317/639
f 955/1328/650 948/1327/649 952/1431/761 959/1433/763
f 959/1438/767 952/1428/757 947/1307/629 956/1306/628
f 964/1292/614 958/1291/613 962/1440/770 968/1441/771
f 968/1446/775 962/1439/768 957/1299/621 965/1298/620
f 973/1316/638 967/1315/637 971/1448/778 977/1449/779
f 977/1454/783 971/1447/776 966/1303/625 974/1302/624
f 949/1284/606 976/1283/605 980/1460/786 954/1432/762
f 954/1427/756 980/1455/784 975/1319/641 946/1318/640
f 974/1302/624 982/1301/623 990/1463/813 979/1452/813
f 979/1457/814 990/1470/814 985/1320/642 975/1319/641
f 965/1298/620 991/1297/619 999/1475/815 970/1444/815
f 970/1444/816 999/1475/816 994/1304/626 966/1303/625
f 956/1306/628 1000/1305/627 1008/1483/817 961/1436/817
f 961/1436/818 1008/1483/818 1003/1300/622 957/1299/621
f 938/1317/639 985/1320/642 989/1472/794 943/1420/749
f 943/1423/753 989/1467/792 984/1288/610 939/1287/609
f 982/1301/623 994/1304/626 998/1480/802 986/1461/787
f 986/1466/791 998/1479/800 993/1336/658 983/1335/657
f 991/1297/619 1003/1300/622 1007/1488/810 995/1473/795
f 995/1478/799 1007/1487/808 1002/1340/662 992/1339/661
f 1000/1305/627 937/1308/630 945/1419/748 1004/1481/803
f 1004/1486/807 945/1424/754 940/1324/646 1001/1323/645
f 883/1289/611 964/1292/614 972/1443/773 887/1363/685
f 887/1363/685 972/1443/773 967/1315/637 884/1314/636
f 976/1283/605 875/1282/604 878/1355/674 981/1458/781
f 981/1451/781 878/1350/674 874/1313/635 973/1316/638
f 866/1281/603 949/1284/606 953/1429/759 871/1345/667
f 871/1345/667 953/1429/759 948/1327/649 867/1326/648
f 958/1291/613 893/1290/612 896/1371/695 963/1435/765
f 963/1435/765 896/1371/695 892/1325/647 955/1328/650
f 921/1333/655 993/1336/658 997/1476/797 926/1405/733
f 926/1405/733 997/1476/797 992/1339/661 922/1338/660
f 1001/1323/645 931/1322/644 935/1413/743 1006/1484/805
f 1006/1484/805 935/1413/743 930/1337/659 1002/1340/662
f 902/1321/643 940/1324/646 944/1421/751 907/1382/708
f 907/1382/708 944/1421/751 939/1287/609 903/1286/608
f 983/1335/657 913/1334/656 917/1400/723 988/1464/789
f 988/1469/789 917/1395/723 912/1285/607 984/1288/610
f 904/1386/712 911/1391/719 876/1356/678 865/1341/663
f 1043/1489/1 1050/1490/819 1016/1491/820 1010/1492/4
f 1064/1493/821 1033/1494/822 1080/1495/823 1073/1496/824
f 1048/1497/825 1065/1498/826 1075/1499/827 1094/1500/828
f 1032/1501/829 1018/1502/830 1087/1503/831 1081/1504/832
f 1011/1505/13 1019/1506/833 1035/1507/834 1026/1508/16
f 1059/1509/5 1066/1510/835 1051/1511/836 1042/1512/8
f 1017/1513/837 1049/1514/838 1096/1515/839 1088/1516/840
f 1027/1517/17 1034/1518/841 1067/1519/842 1058/1520/20
f 1074/1521/843 1082/1522/844 1089/1523/845 1095/1524/846
f 1009/1525/21 1012/1526/22 1013/1527/23 1015/1528/24
f 1010/1492/4 1014/1529/25 1013/1530/26 1012/1531/27
f 1011/1505/13 1015/1532/28 1013/1533/29 1014/1534/30
f 1016/1491/820 1020/1535/847 1021/1536/848 1024/1537/849
f 1017/1513/837 1022/1538/850 1021/1539/848 1020/1540/847
f 1018/1502/830 1023/1541/851 1021/1542/848 1022/1543/850
f 1019/1506/833 1024/1544/852 1021/1545/848 1023/1546/851
f 1025/1547/40 1028/1548/41 1029/1549/42 1031/1550/43
f 1026/1508/16 1030/1551/44 1029/1552/45 1028/1553/46
f 1027/1517/17 1031/1554/47 1029/1555/48 1030/1556/49
f 1032/1501/829 1036/1557/853 1037/1558/854 1040/1559/855
f 1033/1494/822 1038/1560/856 1037/1561/854 1036/1562/853
f 1034/1518/841 1039/1563/857 1037/1564/854 1038/1565/856
f 1035/1507/834 1040/1566/855 1037/1567/854 1039/1568/858
f 1041/1569/59 1044/1570/60 1045/1571/61 1047/1572/62
f 1042/1512/8 1046/1573/63 1045/1574/64 1044/1575/65
f 1043/1489/1 1047/1576/66 1045/1577/97 1046/1578/68
f 1048/1497/825 1052/1579/859 1053/1580/860 1056/1581/861
f 1049/1514/838 1054/1582/862 1053/1583/860 1052/1584/859
f 1050/1490/819 1055/1585/863 1053/1586/860 1054/1587/862
f 1051/1511/836 1056/1588/861 1053/1589/860 1055/1590/864
f 1057/1591/78 1060/1592/79 1061/1593/80 1063/1594/81
f 1058/1520/20 1062/1595/82 1061/1596/83 1060/1597/84
f 1059/1509/5 1063/1598/85 1061/1599/86 1062/1600/87
f 1064/1493/821 1068/1601/865 1069/1602/866 1072/1603/867
f 1065/1498/826 1070/1604/868 1069/1605/866 1068/1606/865
f 1066/1510/835 1071/1607/869 1069/1608/866 1070/1609/868
f 1067/1519/842 1072/1610/867 1069/1611/866 1071/1612/870
f 1073/1496/824 1076/1613/871 1077/1614/872 1079/1615/873
f 1074/1521/843 1078/1616/874 1077/1617/872 1076/1618/871
f 1075/1499/827 1079/1619/873 1077/1620/872 1078/1621/874
f 1080/1495/823 1083/1622/875 1084/1623/876 1086/1624/877
f 1081/1504/832 1085/1625/878 1084/1626/876 1083/1627/875
f 1082/1522/844 1086/1628/877 1084/1629/876 1085/1630/878
f 1087/1503/831 1090/1631/879 1091/1632/880 1093/1633/881
f 1088/1516/840 1092/1634/882 1091/1635/880 1090/1636/879
f 1089/1523/845 1093/1637/881 1091/1638/880 1092/1639/882
f 1094/1500/828 1097/1640/883 1098/1641/884 1100/1642/885
f 1095/1524/846 1099/1643/886 1098/1644/884 1097/1645/883
f 1096/1515/839 1100/1646/885 1098/1647/884 1099/1648/886
f 1025/1547/40 1009/1525/21 1015/1528/24 1028/1548/41
f 1028/1553/46 1015/1532/28 1011/1505/13 1026/1508/16
f 1010/1492/4 1016/1491/820 1024/1537/849 1014/1529/25
f 1014/1534/30 1024/1544/852 1019/1506/833 1011/1505/13
f 1018/1502/830 1032/1501/829 1040/1559/855 1023/1541/851
f 1023/1546/851 1040/1566/855 1035/1507/834 1019/1506/833
f 1034/1518/841 1027/1517/17 1030/1556/49 1039/1563/857
f 1039/1568/858 1030/1551/44 1026/1508/16 1035/1507/834
f 1057/1591/78 1025/1547/40 1031/1550/43 1060/1592/79
f 1060/1597/84 1031/1554/47 1027/1517/17 1058/1520/20
f 1033/1494/822 1064/1493/821 1072/1603/867 1038/1560/856
f 1038/1565/856 1072/1610/867 1067/1519/842 1034/1518/841
f 1066/1510/835 1059/1509/5 1062/1600/87 1071/1607/869
f 1071/1612/870 1062/1595/82 1058/1520/20 1067/1519/842
f 1041/1569/59 1057/1591/78 1063/1594/81 1044/1570/60
f 1044/1575/65 1063/1598/85 1059/1509/5 1042/1512/8
f 1065/1498/826 1048/1497/825 1056/1581/861 1070/1604/868
f 1070/1609/868 1056/1588/861 1051/1511/836 1066/1510/835
f 1050/1490/819 1043/1489/1 1046/1578/68 1055/1585/863
f 1055/1590/864 1046/1573/63 1042/1512/8 1051/1511/836
f 1009/1525/21 1041/1569/59 1047/1572/62 1012/1526/22
f 1012/1531/27 1047/1576/66 1043/1489/1 1010/1492/4
f 1049/1514/838 1017/1513/837 1020/1540/847 1054/1582/862
f 1054/1587/862 1020/1535/847 1016/1491/820 1050/1490/819
f 1082/1522/844 1074/1521/843 1076/1618/871 1086/1628/877
f 1086/1624/877 1076/1613/871 1073/1496/824 1080/1495/823
f 1074/1521/843 1095/1524/846 1097/1645/883 1078/1616/874
f 1078/1621/874 1097/1640/883 1094/1500/828 1075/1499/827
f 1089/1523/845 1082/1522/844 1085/1630/878 1093/1637/881
f 1093/1633/881 1085/1625/878 1081/1504/832 1087/1503/831
f 1095/1524/846 1089/1523/845 1092/1639/882 1099/1643/886
f 1099/1648/886 1092/1634/882 1088/1516/840 1096/1515/839
f 1075/1499/827 1065/1498/826 1068/1606/865 1079/1619/873
f 1079/1615/873 1068/1601/865 1064/1493/821 1073/1496/824
f 1032/1501/829 1081/1504/832 1083/1627/875 1036/1557/853
f 1036/1562/853 1083/1622/875 1080/1495/823 1033/1494/822
f 1017/1513/837 1088/1516/840 1090/1636/879 1022/1538/850
f 1022/1543/850 1090/1631/879 1087/1503/831 1018/1502/830
f 1048/1497/825 1094/1500/828 1100/1642/885 1052/1579/859
f 1052/1584/859 1100/1646/885 1096/1515/839 1049/1514/838
f 1025/1547/40 1057/1591/78 1041/1569/59 1009/1525/21
f 1134/1649/887 1132/1650/888 1122/1651/889 1114/1652/890
f 1131/1653/891 1128/1654/892 1107/1655/893 1123/1656/894
f 1144/1657/895 1147/1658/896 1101/1659/897 1120/1660/898
f 1108/1661/899 1110/1662/900 1120/1660/901 1101/1659/902
f 1114/1652/903 1122/1651/904 1105/1663/905 1116/1664/906
f 1135/1665/907 1126/1666/908 1230/1667/909 1233/1668/910
f 1126/1666/911 1135/1665/912 1113/1669/913 1111/1670/914
f 1141/1671/915 1137/1672/916 1116/1664/917 1105/1663/918
f 1129/1673/919 1125/1674/920 1110/1662/921 1108/1661/922
f 1117/1675/923 1119/1676/924 1111/1670/925 1113/1669/926
f 1138/1677/927 1143/1678/928 1119/1676/929 1117/1675/930
f 1123/1656/931 1107/1655/932 1102/1679/933 1104/1680/934
f 1212/1681/935 1203/1682/936 1158/1683/937 1149/1684/938
f 1125/1674/939 1129/1673/940 1224/1685/941 1231/1686/942
f 1147/1658/943 1144/1657/944 1239/1687/945 1242/1688/946
f 1143/1678/947 1138/1677/948 1236/1689/949 1240/1690/950
f 1186/1691/951 1197/1692/952 1240/1690/953 1236/1689/954
f 1214/1693/955 1169/1694/956 1231/1686/957 1224/1685/958
f 1178/1695/959 1205/1696/960 1227/1697/961 1234/1698/962
f 1170/1699/963 1213/1700/964 1152/1701/965 1195/1702/966
f 1206/1703/967 1177/1704/968 1188/1705/969 1159/1706/970
f 1204/1707/971 1215/1708/972 1225/1709/973 1228/1710/974
f 1176/1711/975 1167/1712/976 1194/1713/977 1185/1714/978
f 1132/1650/979 1134/1649/980 1234/1698/981 1227/1697/982
f 1137/1672/983 1141/1671/984 1221/1715/985 1237/1716/986
f 1128/1654/987 1131/1653/988 1228/1710/989 1225/1709/990
f 1140/1717/991 1146/1718/992 1243/1719/993 1222/1720/994
f 1160/1721/995 1187/1722/996 1237/1716/997 1221/1715/998
f 1168/1723/999 1179/1724/1000 1233/1668/1001 1230/1667/1002
f 1196/1725/1003 1151/1726/1004 1242/1688/1005 1239/1687/1006
f 1150/1727/1007 1161/1728/1008 1222/1720/1009 1243/1719/1010
f 1149/1684/938 1153/1729/1011 1154/1730/1012 1157/1731/1012
f 1150/1727/1007 1155/1732/1013 1154/1733/1014 1153/1734/1015
f 1151/1726/1004 1156/1735/1016 1154/1736/1014 1155/1737/1013
f 1152/1701/965 1157/1738/1017 1154/1739/1017 1156/1740/1018
f 1158/1683/937 1162/1741/1019 1163/1742/1019 1166/1743/1020
f 1159/1706/970 1164/1744/1021 1163/1745/1022 1162/1746/1022
f 1160/1721/995 1165/1747/1023 1163/1748/1024 1164/1749/1025
f 1161/1728/1008 1166/1750/1026 1163/1751/1024 1165/1752/1023
f 1167/1712/976 1171/1753/1027 1172/1754/1028 1175/1755/1028
f 1168/1723/999 1173/1756/1029 1172/1757/1030 1171/1758/1031
f 1169/1694/956 1174/1759/1032 1172/1760/1030 1173/1761/1029
f 1170/1699/963 1175/1762/1033 1172/1763/1033 1174/1764/1034
f 1176/1711/975 1180/1765/1035 1181/1766/1035 1184/1767/1036
f 1177/1704/968 1182/1768/1037 1181/1769/1038 1180/1770/1038
f 1178/1695/959 1183/1771/1039 1181/1772/1040 1182/1773/1041
f 1179/1724/1000 1184/1774/1042 1181/1775/1040 1183/1776/1039
f 1185/1714/978 1189/1777/1043 1190/1778/1044 1193/1779/1044
f 1186/1691/951 1191/1780/1045 1190/1781/1046 1189/1782/1047
f 1187/1722/996 1192/1783/1048 1190/1784/1046 1191/1785/1045
f 1188/1705/969 1193/1786/1049 1190/1787/1049 1192/1788/1050
f 1194/1713/977 1198/1789/1051 1199/1790/1051 1202/1791/1052
f 1195/1702/966 1200/1792/1053 1199/1793/1054 1198/1794/1054
f 1196/1725/1003 1201/1795/1055 1199/1796/1056 1200/1797/1057
f 1197/1692/952 1202/1798/1058 1199/1799/1056 1201/1800/1055
f 1203/1682/936 1207/1801/1059 1208/1802/1060 1211/1803/1060
f 1204/1707/971 1209/1804/1061 1208/1805/1062 1207/1806/1063
f 1205/1696/960 1210/1807/1064 1208/1808/1062 1209/1809/1061
f 1206/1703/967 1211/1810/1065 1208/1811/1065 1210/1812/1066
f 1212/1681/935 1216/1813/1067 1217/1814/1067 1220/1815/1068
f 1213/1700/964 1218/1816/1069 1217/1817/1070 1216/1818/1070
f 1214/1693/955 1219/1819/1071 1217/1820/1072 1218/1821/1073
f 1215/1708/972 1220/1822/1074 1217/1823/1072 1219/1824/1071
f 1102/1679/933 1107/1655/932 1109/1825/1075 1103/1826/1075
f 1103/1827/1076 1109/1828/1076 1108/1661/899 1101/1659/902
f 1120/1660/901 1110/1662/900 1112/1829/1077 1121/1830/1077
f 1121/1831/1078 1112/1832/1078 1111/1670/925 1119/1676/924
f 1114/1652/903 1116/1664/906 1118/1833/1079 1115/1834/1079
f 1115/1835/1080 1118/1836/1080 1117/1675/923 1113/1669/926
f 1123/1656/931 1104/1680/934 1106/1837/1081 1124/1838/1081
f 1124/1839/1082 1106/1840/1082 1105/1663/905 1122/1651/904
f 1138/1677/927 1117/1675/930 1118/1836/1083 1139/1841/1083
f 1139/1842/1083 1118/1833/1083 1116/1664/917 1137/1672/916
f 1147/1658/943 1242/1688/946 1244/1843/1084 1148/1844/1084
f 1148/1845/1085 1244/1846/1085 1243/1719/993 1146/1718/992
f 1144/1657/895 1120/1660/898 1121/1830/1086 1145/1847/1086
f 1145/1848/1086 1121/1831/1086 1119/1676/929 1143/1678/928
f 1126/1666/911 1111/1670/914 1112/1832/1087 1127/1849/1087
f 1127/1850/1087 1112/1829/1087 1110/1662/921 1125/1674/920
f 1228/1710/989 1131/1653/988 1133/1851/1088 1229/1852/1088
f 1229/1853/1089 1133/1854/1089 1132/1650/979 1227/1697/982
f 1146/1718/1090 1102/1679/1091 1103/1826/1092 1148/1845/1092
f 1148/1844/1092 1103/1827/1092 1101/1659/897 1147/1658/896
f 1135/1665/907 1233/1668/910 1235/1855/1093 1136/1856/1093
f 1136/1857/1094 1235/1858/1094 1234/1698/981 1134/1649/980
f 1134/1649/887 1114/1652/890 1115/1834/1095 1136/1857/1095
f 1136/1856/1095 1115/1835/1095 1113/1669/913 1135/1665/912
f 1107/1655/893 1128/1654/892 1130/1859/1096 1109/1825/1096
f 1109/1828/1096 1130/1860/1096 1129/1673/919 1108/1661/922
f 1122/1651/889 1132/1650/888 1133/1854/1097 1124/1839/1097
f 1124/1838/1097 1133/1851/1097 1131/1653/891 1123/1656/894
f 1104/1680/1098 1140/1717/1099 1142/1861/1100 1106/1837/1100
f 1106/1840/1100 1142/1862/1100 1141/1671/915 1105/1663/918
f 1149/1684/938 1158/1683/937 1166/1743/1020 1153/1729/1011
f 1153/1734/1015 1166/1750/1026 1161/1728/1008 1150/1727/1007
f 1167/1712/976 1176/1711/975 1184/1767/1036 1171/1753/1027
f 1171/1758/1031 1184/1774/1042 1179/1724/1000 1168/1723/999
f 1185/1714/978 1194/1713/977 1202/1791/1052 1189/1777/1043
f 1189/1782/1047 1202/1798/1058 1197/1692/952 1186/1691/951
f 1203/1682/936 1212/1681/935 1220/1815/1068 1207/1801/1059
f 1207/1806/1063 1220/1822/1074 1215/1708/972 1204/1707/971
f 1159/1706/970 1188/1705/969 1192/1788/1050 1164/1744/1021
f 1164/1749/1025 1192/1783/1048 1187/1722/996 1160/1721/995
f 1195/1702/966 1152/1701/965 1156/1740/1018 1200/1792/1053
f 1200/1797/1057 1156/1735/1016 1151/1726/1004 1196/1725/1003
f 1213/1700/964 1170/1699/963 1174/1764/1034 1218/1816/1069
f 1218/1821/1073 1174/1759/1032 1169/1694/956 1214/1693/955
f 1177/1704/968 1206/1703/967 1210/1812/1066 1182/1768/1037
f 1182/1773/1041 1210/1807/1064 1205/1696/960 1178/1695/959
f 1222/1720/1009 1161/1728/1008 1165/1752/1023 1223/1863/1101
f 1223/1864/1101 1165/1747/1023 1160/1721/995 1221/1715/998
f 1225/1709/973 1215/1708/972 1219/1824/1071 1226/1865/1102
f 1226/1866/1102 1219/1819/1071 1214/1693/955 1224/1685/958
f 1227/1697/961 1205/1696/960 1209/1809/1061 1229/1853/1103
f 1229/1852/1103 1209/1804/1061 1204/1707/971 1228/1710/974
f 1168/1723/999 1230/1667/1002 1232/1867/1104 1173/1756/1029
f 1173/1761/1029 1232/1868/1104 1231/1686/957 1169/1694/956
f 1178/1695/959 1234/1698/962 1235/1858/1105 1183/1771/1039
f 1183/1776/1039 1235/1855/1105 1233/1668/1001 1179/1724/1000
f 1186/1691/951 1236/1689/954 1238/1869/1106 1191/1780/1045
f 1191/1785/1045 1238/1870/1106 1237/1716/997 1187/1722/996
f 1196/1725/1003 1239/1687/1006 1241/1871/1107 1201/1795/1055
f 1201/1800/1055 1241/1872/1107 1240/1690/953 1197/1692/952
f 1150/1727/1007 1243/1719/1010 1244/1846/1108 1155/1732/1013
f 1155/1737/1013 1244/1843/1108 1242/1688/1005 1151/1726/1004
f 1221/1715/985 1141/1671/984 1142/1862/1109 1223/1864/1109
f 1223/1863/1110 1142/1861/1110 1140/1717/991 1222/1720/994
f 1125/1674/939 1231/1686/942 1232/1868/1111 1127/1850/1111
f 1127/1849/1112 1232/1867/1112 1230/1667/909 1126/1666/908
f 1143/1678/947 1240/1690/950 1241/1872/1113 1145/1848/1113
f 1145/1847/1114 1241/1871/1114 1239/1687/945 1144/1657/944
f 1224/1685/941 1129/1673/940 1130/1860/1115 1226/1866/1115
f 1226/1865/1116 1130/1859/1116 1128/1654/987 1225/1709/990
f 1137/1672/983 1237/1716/986 1238/1870/1117 1139/1842/1117
f 1139/1841/1118 1238/1869/1118 1236/1689/949 1138/1677/948
f 1158/1683/937 1203/1682/936 1211/1803/1119 1162/1741/1119
f 1162/1746/1120 1211/1810/1120 1206/1703/967 1159/1706/970
f 1176/1711/975 1185/1714/978 1193/1779/1121 1180/1765/1121
f 1180/1770/1122 1193/1786/1122 1188/1705/969 1177/1704/968
f 1170/1699/963 1195/1702/966 1198/1794/1123 1175/1762/1123
f 1175/1755/1124 1198/1789/1124 1194/1713/977 1167/1712/976
f 1212/1681/935 1149/1684/938 1157/1731/1125 1216/1813/1125
f 1216/1818/1126 1157/1738/1126 1152/1701/965 1213/1700/964
f 1146/1718/1090 1140/1717/1099 1104/1680/1098 1102/1679/1091
f 1260/1873/1127 1258/1874/1127 1252/1875/1128 1250/1876/1128
f 1256/1877/1129 1253/1878/1129 1246/1879/1130 1248/1880/1130
f 1245/1881/1131 1249/1882/1131 1259/1883/1132 1254/1884/1132
f 1246/1885/1133 1250/1886/1133 1252/1887/1133 1248/1888/1133
f 1255/1889/1134 1256/1890/1135 1258/1891/1135 1257/1892/1134
f 1259/1883/1132 1260/1893/1136 1253/1894/1136 1254/1884/1132
f 1256/1890/1135 1248/1895/1137 1252/1896/1137 1258/1891/1135
f 1245/1897/1138 1247/1898/1138 1251/1899/1138 1249/1900/1138
f 1254/1901/1139 1253/1878/1129 1256/1877/1129 1255/1902/1139
f 1257/1903/1140 1258/1874/1127 1260/1873/1127 1259/1904/1140
f 1247/1905/1141 1255/1889/1134 1257/1892/1134 1251/1906/1141
f 1247/1907/1142 1245/1908/1142 1254/1901/1139 1255/1902/1139
f 1249/1909/1143 1251/1910/1143 1257/1903/1140 1259/1904/1140
f 1246/1911/1144 1253/1894/1136 1260/1893/1136 1250/1912/1144
f 1271/1913/1145 1286/1914/1146 1357/1915/1147 1334/1916/1148
f 1262/1917/1149 1306/1918/1150 1384/1919/1151 1343/1920/1152
f 1285/1921/1153 1299/1922/1154 1350/1923/1155 1355/1924/1156
f 1319/1925/1157 1323/1926/1158 1279/1927/1159 1283/1928/1160
f 1319/1925/1157 1283/1928/1160 1273/1929/1161 1313/1930/1162
f 1282/1931/1163 1280/1932/1164 1302/1933/1165 1300/1934/1166
f 1264/1935/1167 1293/1936/1168 1302/1933/1165 1280/1932/1164
f 1329/1937/1169 1331/1938/1170 1356/1939/1171 1349/1940/1172
f 1383/1941/1173 1372/1942/1174 1326/1943/1175 1340/1944/1176
f 1370/1945/1177 1377/1946/1178 1332/1947/1179 1328/1948/1180
f 1329/1937/1169 1349/1940/1172 1353/1949/1181 1325/1950/1182
f 1341/1951/1183 1325/1950/1182 1353/1949/1181 1364/1952/1184
f 1320/1953/1185 1312/1954/1186 1375/1955/1187 1369/1956/1188
f 1305/1957/1189 1322/1958/1190 1373/1959/1191 1382/1960/1192
f 1307/1961/1193 1261/1962/1194 1279/1927/1159 1323/1926/1158
f 1314/1963/1195 1272/1964/1196 1333/1965/1197 1376/1966/1198
f 1303/1967/1199 1292/1968/1200 1362/1969/1201 1352/1970/1202
f 1282/1931/1163 1300/1934/1166 1287/1971/1203 1270/1972/1204
f 1352/1970/1202 1350/1923/1155 1299/1922/1154 1303/1967/1199
f 1294/1973/1205 1263/1974/1206 1342/1975/1207 1363/1976/1208
f 1370/1945/1177 1328/1948/1180 1326/1943/1175 1372/1942/1174
f 1322/1958/1190 1320/1953/1185 1369/1956/1188 1373/1959/1191
f 1261/1962/1194 1265/1977/1209 1266/1978/1210 1269/1979/1211
f 1262/1917/1149 1267/1980/1212 1266/1981/1213 1265/1982/1214
f 1263/1974/1206 1268/1983/1215 1266/1981/1213 1267/1980/1212
f 1264/1935/1167 1269/1979/1216 1266/1978/1217 1268/1984/1218
f 1270/1972/1204 1274/1985/1219 1275/1986/1220 1278/1987/1221
f 1271/1913/1145 1276/1988/1222 1275/1989/1223 1274/1990/1224
f 1272/1964/1196 1277/1991/1225 1275/1989/1223 1276/1988/1222
f 1273/1929/1161 1278/1987/1226 1275/1986/1227 1277/1992/1228
f 1285/1921/1153 1288/1993/1229 1289/1994/1230 1291/1995/1231
f 1286/1914/1146 1290/1996/1232 1289/1997/1233 1288/1998/1234
f 1287/1971/1203 1291/1999/1235 1289/2000/1236 1290/2001/1237
f 1292/1968/1200 1295/2002/1238 1296/2003/1239 1298/2004/1240
f 1293/1936/1168 1297/2005/1241 1296/2006/1242 1295/2007/1243
f 1294/1973/1205 1298/2008/1244 1296/2009/1245 1297/2010/1246
f 1305/1957/1189 1308/2011/1247 1309/2012/1248 1311/2013/1249
f 1306/1918/1150 1310/2014/1250 1309/2015/1251 1308/2016/1252
f 1307/1961/1193 1311/2017/1253 1309/2018/1254 1310/2019/1255
f 1312/1954/1186 1315/2020/1256 1316/2021/1257 1318/2022/1258
f 1313/1930/1162 1317/2023/1259 1316/2024/1260 1315/2025/1261
f 1314/1963/1195 1318/2026/1262 1316/2027/1263 1317/2028/1264
f 1331/1938/1170 1335/2029/1265 1336/2030/1266 1339/2031/1267
f 1332/1947/1179 1337/2032/1268 1336/2030/1269 1335/2029/1270
f 1333/1965/1197 1338/2033/1271 1336/2034/1272 1337/2035/1273
f 1334/1916/1148 1339/2036/1274 1336/2034/1272 1338/2033/1271
f 1340/1944/1176 1344/2037/1275 1345/2038/1275 1348/2039/1276
f 1341/1951/1183 1346/2040/1277 1345/2038/1278 1344/2037/1278
f 1342/1975/1207 1347/2041/1279 1345/2042/1280 1346/2043/1281
f 1343/1920/1152 1348/2044/1282 1345/2042/1280 1347/2041/1279
f 1355/1924/1156 1358/2045/1283 1359/2046/1284 1361/2047/1285
f 1356/1939/1171 1360/2048/1286 1359/2049/1287 1358/2050/1288
f 1357/1915/1147 1361/2051/1289 1359/2052/1290 1360/2053/1291
f 1362/1969/1201 1365/2054/1292 1366/2055/1293 1368/2056/1294
f 1363/1976/1208 1367/2057/1295 1366/2058/1296 1365/2059/1297
f 1364/1952/1184 1368/2060/1298 1366/2061/1299 1367/2062/1300
f 1375/1955/1187 1378/2063/1301 1379/2064/1302 1381/2065/1303
f 1376/1966/1198 1380/2066/1304 1379/2067/1305 1378/2068/1306
f 1377/1946/1178 1381/2069/1307 1379/2070/1308 1380/2071/1309
f 1382/1960/1192 1385/2072/1310 1386/2073/1311 1388/2074/1312
f 1383/1941/1173 1387/2075/1313 1386/2076/1314 1385/2077/1315
f 1384/1919/1151 1388/2078/1316 1386/2079/1317 1387/2080/1318
f 1280/1932/1164 1282/1931/1163 1284/2081/1319 1281/2082/1320
f 1281/2082/1321 1284/2081/1322 1283/1928/1160 1279/1927/1159
f 1282/1931/1163 1270/1972/1204 1278/1987/1221 1284/2081/1319
f 1284/2081/1322 1278/1987/1226 1273/1929/1161 1283/1928/1160
f 1264/1935/1167 1280/1932/1164 1281/2082/1320 1269/1979/1216
f 1269/1979/1211 1281/2082/1321 1279/1927/1159 1261/1962/1194
f 1303/1967/1199 1299/1922/1154 1301/2083/1323 1304/2084/1324
f 1304/2085/1325 1301/2086/1326 1300/1934/1166 1302/1933/1165
f 1299/1922/1154 1285/1921/1153 1291/1995/1231 1301/2083/1323
f 1301/2086/1326 1291/1999/1235 1287/1971/1203 1300/1934/1166
f 1292/1968/1200 1303/1967/1199 1304/2084/1324 1295/2002/1238
f 1295/2007/1243 1304/2085/1325 1302/1933/1165 1293/1936/1168
f 1320/1953/1185 1322/1958/1190 1324/2087/1327 1321/2088/1328
f 1321/2089/1329 1324/2090/1330 1323/1926/1158 1319/1925/1157
f 1312/1954/1186 1320/1953/1185 1321/2088/1328 1315/2020/1256
f 1315/2025/1261 1321/2089/1329 1319/1925/1157 1313/1930/1162
f 1322/1958/1190 1305/1957/1189 1311/2013/1249 1324/2087/1327
f 1324/2090/1330 1311/2017/1253 1307/1961/1193 1323/1926/1158
f 1272/1964/1196 1314/1963/1195 1317/2028/1264 1277/1991/1225
f 1277/1992/1228 1317/2023/1259 1313/1930/1162 1273/1929/1161
f 1286/1914/1146 1271/1913/1145 1274/1990/1224 1290/1996/1232
f 1290/2001/1237 1274/1985/1219 1270/1972/1204 1287/1971/1203
f 1293/1936/1168 1264/1935/1167 1268/1984/1218 1297/2005/1241
f 1297/2010/1246 1268/1983/1215 1263/1974/1206 1294/1973/1205
f 1306/1918/1150 1262/1917/1149 1265/1982/1214 1310/2014/1250
f 1310/2019/1255 1265/1977/1209 1261/1962/1194 1307/1961/1193
f 1326/1943/1175 1328/1948/1180 1330/2091/1331 1327/2092/1332
f 1327/2092/1333 1330/2091/1334 1329/1937/1169 1325/1950/1182
f 1328/1948/1180 1332/1947/1179 1335/2029/1270 1330/2091/1331
f 1330/2091/1334 1335/2029/1265 1331/1938/1170 1329/1937/1169
f 1340/1944/1176 1326/1943/1175 1327/2092/1332 1344/2037/1335
f 1344/2037/1336 1327/2092/1333 1325/1950/1182 1341/1951/1183
f 1353/1949/1181 1349/1940/1172 1351/2093/1337 1354/2094/1338
f 1354/2095/1339 1351/2096/1340 1350/1923/1155 1352/1970/1202
f 1349/1940/1172 1356/1939/1171 1358/2050/1288 1351/2093/1337
f 1351/2096/1340 1358/2045/1283 1355/1924/1156 1350/1923/1155
f 1364/1952/1184 1353/1949/1181 1354/2094/1338 1368/2060/1298
f 1368/2056/1294 1354/2095/1339 1352/1970/1202 1362/1969/1201
f 1370/1945/1177 1372/1942/1174 1374/2097/1341 1371/2098/1342
f 1371/2099/1343 1374/2100/1344 1373/1959/1191 1369/1956/1188
f 1377/1946/1178 1370/1945/1177 1371/2098/1342 1381/2069/1307
f 1381/2065/1303 1371/2099/1343 1369/1956/1188 1375/1955/1187
f 1372/1942/1174 1383/1941/1173 1385/2077/1315 1374/2097/1341
f 1374/2100/1344 1385/2072/1310 1382/1960/1192 1373/1959/1191
f 1332/1947/1179 1377/1946/1178 1380/2071/1309 1337/2032/1268
f 1337/2035/1273 1380/2066/1304 1376/1966/1198 1333/1965/1197
f 1356/1939/1171 1331/1938/1170 1339/2031/1267 1360/2048/1286
f 1360/2053/1291 1339/2036/1274 1334/1916/1148 1357/1915/1147
f 1363/1976/1208 1342/1975/1207 1346/2043/1281 1367/2057/1295
f 1367/2062/1300 1346/2040/1277 1341/1951/1183 1364/1952/1184
f 1383/1941/1173 1340/1944/1176 1348/2039/1276 1387/2075/1313
f 1387/2080/1318 1348/2044/1282 1343/1920/1152 1384/1919/1151
f 1384/1919/1151 1306/1918/1150 1308/2016/1252 1388/2078/1316
f 1388/2074/1312 1308/2011/1247 1305/1957/1189 1382/1960/1192
f 1271/1913/1145 1334/1916/1148 1338/2033/1271 1276/1988/1222
f 1276/1988/1222 1338/2033/1271 1333/1965/1197 1272/1964/1196
f 1375/1955/1187 1312/1954/1186 1318/2022/1258 1378/2063/1301
f 1378/2068/1306 1318/2026/1262 1314/1963/1195 1376/1966/1198
f 1285/1921/1153 1355/1924/1156 1361/2047/1285 1288/1993/1229
f 1288/1998/1234 1361/2051/1289 1357/1915/1147 1286/1914/1146
f 1262/1917/1149 1343/1920/1152 1347/2041/1279 1267/1980/1212
f 1267/1980/1212 1347/2041/1279 1342/1975/1207 1263/1974/1206
f 1362/1969/1201 1292/1968/1200 1298/2004/1240 1365/2054/1292
f 1365/2059/1297 1298/2008/1244 1294/1973/1205 1363/1976/1208
f 1410/2101/1345 1397/2102/1346 1561/2103/1347 1571/2104/1348
f 1391/2105/1349 1403/2106/1350 1464/2107/1351 1447/2108/1352
f 1502/2109/1353 1509/2110/1354 1524/2111/1355 1526/2112/1356
f 1440/2113/1357 1411/2114/1358 1570/2115/1359 1552/2116/1360
f 1396/2117/1361 1425/2118/1362 1543/2119/1363 1562/2120/1364
f 1424/2121/1365 1438/2122/1366 1551/2123/1367 1544/2124/1368
f 1390/2125/1369 1419/2126/1370 1432/2127/1371 1404/2128/1372
f 1475/2129/1373 1455/2130/1374 1510/2131/1375 1501/2132/1376
f 1481/2133/1377 1490/2134/1378 1521/2135/1379 1517/2136/1380
f 1466/2137/1381 1472/2138/1382 1500/2139/1383 1492/2140/1384
f 1448/2141/1385 1463/2142/1386 1491/2143/1387 1484/2144/1388
f 1523/2145/1389 1518/2146/1390 1529/2147/1391 1536/2148/1392
f 1508/2149/1393 1482/2150/1394 1518/2146/1395 1523/2145/1396
f 1517/2136/1397 1521/2135/1398 1532/2151/1399 1530/2152/1400
f 1493/2153/1401 1499/2154/1402 1527/2155/1403 1520/2156/1404
f 1541/2157/1405 1550/2158/1406 1584/2159/1407 1580/2160/1408
f 1529/2161/1138 1531/2162/1138 1530/2163/1138 1532/2164/1138 1534/2165/1138 1533/2166/1138 1538/2167/1138 1540/2168/1138 1539/2169/1138 1535/2170/1138 1537/2171/1138 1536/2172/1138
f 1520/2156/1409 1527/2155/1410 1538/2173/1411 1533/2174/1412
f 1526/2112/1413 1524/2111/1414 1535/2175/1415 1539/2176/1416
f 1586/2177/1417 1578/2178/1418 1591/2179/1419 1610/2180/1420
f 1433/2181/1421 1418/2182/1422 1456/2183/1423 1474/2184/1424
f 1398/2185/1425 1412/2186/1426 1439/2187/1427 1426/2188/1428
f 1405/2189/18 1431/2190/1429 1473/2191/1430 1465/2192/1431
f 1454/2193/1432 1445/2194/1433 1483/2195/1434 1511/2196/1435
f 1553/2197/1436 1569/2198/1437 1587/2199/1438 1583/2200/1439
f 1559/2201/1440 1542/2202/1441 1581/2203/1442 1577/2204/1443
f 1568/2205/1444 1560/2206/1445 1578/2178/1418 1586/2177/1417
f 1577/2204/1443 1581/2203/1442 1599/2207/1446 1592/2208/1447
f 1637/2209/1448 1641/2210/1449 1661/2211/1450 1653/2212/1451
f 1589/2213/1452 1598/2214/1453 1629/2215/1133 1625/2216/1133
f 1580/2160/1408 1584/2159/1407 1617/2217/1454 1600/2218/1455
f 1583/2200/1439 1587/2199/1438 1609/2219/1456 1618/2220/1457
f 1607/2221/1458 1590/2222/1459 1626/2223/1133 1634/2224/1133
f 1619/2225/1460 1608/2226/1461 1635/2227/1133 1631/2228/1133
f 1625/2229/1462 1629/2230/1463 1641/2231/1449 1637/2232/1448
f 1601/2233/1464 1616/2234/1465 1632/2235/1133 1628/2236/1133
f 1679/2237/1466 1656/2238/1467 1649/2239/1468 1674/2240/1469
f 1628/2241/1470 1632/2242/1471 1647/2243/1472 1640/2244/1473
f 1631/2245/1474 1635/2246/1475 1644/2247/1476 1646/2248/1477
f 1634/2249/1478 1626/2250/1479 1638/2251/1480 1643/2252/1481
f 1640/2253/1473 1647/2254/1472 1685/2255/1482 1662/2256/1483
f 1677/2257/1484 1652/2258/1485 1659/2259/1486 1682/2260/1487
f 1646/2261/1477 1644/2262/1476 1676/2263/1488 1686/2264/1489
f 1682/2260/1487 1659/2259/1486 1656/2238/1467 1679/2237/1466
f 1662/2256/1483 1685/2255/1482 1692/2265/1490 1667/2266/1491
f 1649/2239/1468 1651/2267/1492 1650/2268/1493 1664/2269/1494 1666/2270/1495 1665/2271/1496 1688/2272/1497 1690/2273/1498 1689/2274/1499 1673/2275/1500 1675/2276/1501 1674/2240/1469
f 1653/2212/1451 1661/2211/1450 1668/2277/1502 1658/2278/1503
f 1658/2278/1504 1668/2277/1505 1671/2279/1506 1655/2280/1507
f 1655/2280/1507 1671/2279/1506 1664/2269/1494 1650/2268/1493
f 1670/2281/1508 1695/2282/1509 1688/2272/1497 1665/2271/1496
f 1673/2275/1500 1689/2274/1499 1694/2283/1510 1680/2284/1511
f 1667/2266/1491 1692/2265/1490 1695/2282/1509 1670/2281/1508
f 1683/2285/1512 1691/2286/1513 1686/2264/1489 1676/2263/1488
f 1680/2284/1511 1694/2283/1510 1691/2286/1513 1683/2285/1512
f 1643/2287/1481 1638/2288/1480 1652/2258/1485 1677/2257/1484
f 1389/2289/1514 1392/2290/1515 1393/2291/436 1395/2292/1516
f 1390/2125/1369 1394/2293/1517 1393/2294/1518 1392/2295/36
f 1391/2105/1349 1395/2296/1519 1393/2297/1520 1394/2298/1521
f 1396/2117/1361 1399/2299/1522 1400/2300/160 1402/2301/1523
f 1397/2102/1346 1401/2302/1524 1400/2303/158 1399/2304/1525
f 1398/2185/1425 1402/2305/1526 1400/2306/1527 1401/2307/1528
f 1403/2106/1350 1406/2308/1529 1407/2309/1530 1409/2310/1531
f 1404/2128/1372 1408/2311/1532 1407/2312/1533 1406/2313/1534
f 1405/2189/18 1409/2314/1535 1407/2315/1536 1408/2316/1537
f 1410/2101/1345 1413/2317/1538 1414/2318/171 1416/2319/1539
f 1411/2114/1358 1415/2320/1540 1414/2321/172 1413/2322/49
f 1412/2186/1426 1416/2323/1541 1414/2324/1542 1415/2325/1543
f 1417/2326/1544 1420/2327/1545 1421/2328/1546 1423/2329/1547
f 1418/2182/1422 1422/2330/1548 1421/2331/1549 1420/2332/77
f 1419/2126/1370 1423/2333/1550 1421/2334/1551 1422/2335/1552
f 1424/2121/1365 1427/2336/1553 1428/2337/183 1430/2338/1554
f 1425/2118/1362 1429/2339/1555 1428/2340/184 1427/2341/1556
f 1426/2188/1428 1430/2342/1557 1428/2343/1558 1429/2344/1559
f 1431/2190/1429 1434/2345/1560 1435/2346/1561 1437/2347/1562
f 1432/2127/1371 1436/2348/1563 1435/2349/1564 1434/2350/1565
f 1433/2181/1421 1437/2351/1566 1435/2352/1567 1436/2353/1568
f 1438/2122/1366 1441/2354/1569 1442/2355/196 1444/2356/1570
f 1439/2187/1427 1443/2357/1571 1442/2358/1572 1441/2359/1573
f 1440/2113/1357 1444/2360/82 1442/2361/195 1443/2362/1574
f 1445/2194/1433 1449/2363/1575 1450/2364/1576 1453/2365/1577
f 1446/2366/1578 1451/2367/1579 1450/2368/1579 1449/2369/1580
f 1447/2108/1352 1452/2370/1581 1450/2371/1582 1451/2372/1582
f 1448/2141/1385 1453/2373/1577 1450/2374/1576 1452/2375/1583
f 1454/2193/1432 1458/2376/1584 1459/2377/1585 1462/2378/1586
f 1455/2130/1374 1460/2379/1587 1459/2380/1585 1458/2381/1584
f 1456/2183/1423 1461/2382/1588 1459/2383/1588 1460/2384/1589
f 1457/2385/1590 1462/2386/1591 1459/2387/1592 1461/2388/1592
f 1463/2142/1386 1467/2389/1593 1468/2390/1594 1471/2391/1595
f 1464/2107/1351 1469/2392/1596 1468/2393/1596 1467/2394/1597
f 1465/2192/1431 1470/2395/1598 1468/2396/1599 1469/2397/1599
f 1466/2137/1381 1471/2398/1595 1468/2399/1594 1470/2400/1600
f 1472/2138/1382 1476/2401/1601 1477/2402/1602 1480/2403/1603
f 1473/2191/1430 1478/2404/1604 1477/2405/1604 1476/2406/1605
f 1474/2184/1424 1479/2407/1606 1477/2408/1607 1478/2409/1607
f 1475/2129/1373 1480/2410/1603 1477/2411/1602 1479/2412/1608
f 1481/2133/1377 1485/2413/1609 1486/2414/1610 1489/2415/1611
f 1482/2150/1394 1487/2416/1612 1486/2417/1613 1485/2418/1614
f 1483/2195/1434 1488/2419/1615 1486/2420/1616 1487/2421/1617
f 1484/2144/1388 1489/2422/1618 1486/2423/1616 1488/2424/1615
f 1490/2134/1378 1494/2425/1619 1495/2426/1620 1498/2427/1621
f 1491/2143/1387 1496/2428/1622 1495/2429/1623 1494/2430/1624
f 1492/2140/1384 1497/2431/1625 1495/2432/1623 1496/2433/1622
f 1493/2153/1401 1498/2434/1626 1495/2435/1627 1497/2436/1628
f 1499/2154/1402 1503/2437/1629 1504/2438/1630 1507/2439/1631
f 1500/2139/1383 1505/2440/1632 1504/2441/1633 1503/2442/1634
f 1501/2132/1376 1506/2443/1635 1504/2444/1633 1505/2445/1632
f 1502/2109/1353 1507/2446/1636 1504/2447/1637 1506/2448/1638
f 1508/2149/1393 1512/2449/1639 1513/2450/1640 1516/2451/1641
f 1509/2110/1354 1514/2452/1642 1513/2453/1643 1512/2454/1644
f 1510/2131/1375 1515/2455/1645 1513/2456/1646 1514/2457/1647
f 1511/2196/1435 1516/2458/1648 1513/2459/1646 1515/2460/1645
f 1541/2157/1405 1545/2461/1649 1546/2462/1650 1549/2463/1651
f 1542/2202/1441 1547/2464/1652 1546/2465/1650 1545/2466/1649
f 1543/2119/1363 1548/2467/1653 1546/2468/1653 1547/2469/1654
f 1544/2124/1368 1549/2470/1655 1546/2471/1656 1548/2472/1656
f 1550/2158/1406 1554/2473/1657 1555/2474/1658 1558/2475/1659
f 1551/2123/1367 1556/2476/1660 1555/2477/1660 1554/2478/1661
f 1552/2116/1360 1557/2479/1662 1555/2480/1663 1556/2481/1663
f 1553/2197/1436 1558/2482/1659 1555/2483/1658 1557/2484/1664
f 1559/2201/1440 1563/2485/1665 1564/2486/1666 1567/2487/1667
f 1560/2206/1445 1565/2488/1668 1564/2489/1666 1563/2490/1665
f 1561/2103/1347 1566/2491/1669 1564/2492/1669 1565/2493/1670
f 1562/2120/1364 1567/2494/1671 1564/2495/1672 1566/2496/1672
f 1568/2205/1444 1572/2497/1673 1573/2498/1674 1576/2499/1675
f 1569/2198/1437 1574/2500/1676 1573/2501/1674 1572/2502/1673
f 1570/2115/1359 1575/2503/1677 1573/2504/1677 1574/2505/1678
f 1571/2104/1348 1576/2506/1679 1573/2507/1680 1575/2508/1680
f 1589/2213/1452 1593/2509/1681 1594/2510/1682 1597/2511/1683
f 1590/2222/1459 1595/2512/1684 1594/2513/1682 1593/2514/1681
f 1591/2179/1419 1596/2515/1685 1594/2516/1682 1595/2517/1684
f 1592/2208/1447 1597/2518/1683 1594/2519/1682 1596/2520/1685
f 1598/2214/1453 1602/2521/1686 1603/2522/1687 1606/2523/1688
f 1599/2207/1446 1604/2524/1689 1603/2525/1687 1602/2526/1686
f 1600/2218/1455 1605/2527/1690 1603/2528/1687 1604/2529/1689
f 1601/2233/1464 1606/2530/1688 1603/2531/1687 1605/2532/1690
f 1607/2221/1458 1611/2533/1691 1612/2534/1692 1615/2535/1693
f 1608/2226/1461 1613/2536/1694 1612/2537/1692 1611/2538/1691
f 1609/2219/1456 1614/2539/1695 1612/2540/1692 1613/2541/1694
f 1610/2180/1420 1615/2542/1693 1612/2543/1692 1614/2544/1695
f 1616/2234/1465 1620/2545/1696 1621/2546/1697 1624/2547/1698
f 1617/2217/1454 1622/2548/1699 1621/2549/1697 1620/2550/1696
f 1618/2220/1457 1623/2551/1700 1621/2552/1697 1622/2553/1699
f 1619/2225/1460 1624/2554/1698 1621/2555/1697 1623/2556/1700
f 1426/2188/1428 1439/2187/1427 1441/2359/1573 1430/2342/1557
f 1430/2338/1554 1441/2354/1569 1438/2122/1366 1424/2121/1365
f 1398/2185/1425 1426/2188/1428 1429/2344/1559 1402/2305/1526
f 1402/2301/1523 1429/2339/1555 1425/2118/1362 1396/2117/1361
f 1412/2186/1426 1398/2185/1425 1401/2307/1528 1416/2323/1541
f 1416/2319/1539 1401/2302/1524 1397/2102/1346 1410/2101/1345
f 1389/2289/1514 1417/2326/1544 1423/2329/1547 1392/2290/1515
f 1392/2295/36 1423/2333/1550 1419/2126/1370 1390/2125/1369
f 1390/2125/1369 1404/2128/1372 1406/2313/1534 1394/2293/1517
f 1394/2298/1521 1406/2308/1529 1403/2106/1350 1391/2105/1349
f 1411/2114/1358 1440/2113/1357 1443/2362/1574 1415/2320/1540
f 1415/2325/1543 1443/2357/1571 1439/2187/1427 1412/2186/1426
f 1404/2128/1372 1432/2127/1371 1434/2350/1565 1408/2311/1532
f 1408/2316/1537 1434/2345/1560 1431/2190/1429 1405/2189/18
f 1432/2127/1371 1419/2126/1370 1422/2335/1552 1436/2348/1563
f 1436/2353/1568 1422/2330/1548 1418/2182/1422 1433/2181/1421
f 1445/2194/1433 1454/2193/1432 1462/2378/1586 1449/2363/1575
f 1449/2369/1580 1462/2386/1591 1457/2385/1590 1446/2366/1578
f 1447/2108/1352 1464/2107/1351 1467/2394/1597 1452/2370/1581
f 1452/2375/1583 1467/2389/1593 1463/2142/1386 1448/2141/1385
f 1465/2192/1431 1473/2191/1430 1476/2406/1605 1470/2395/1598
f 1470/2400/1600 1476/2401/1601 1472/2138/1382 1466/2137/1381
f 1474/2184/1424 1456/2183/1423 1460/2384/1589 1479/2407/1606
f 1479/2412/1608 1460/2379/1587 1455/2130/1374 1475/2129/1373
f 1433/2181/1421 1474/2184/1424 1478/2409/1701 1437/2351/1566
f 1437/2347/1562 1478/2404/1702 1473/2191/1430 1431/2190/1429
f 1464/2107/1351 1403/2106/1350 1409/2310/1531 1469/2392/1703
f 1469/2397/1704 1409/2314/1535 1405/2189/18 1465/2192/1431
f 1446/2366/1578 1389/2289/1514 1395/2292/1516 1451/2367/1705
f 1451/2372/1706 1395/2296/1519 1391/2105/1349 1447/2108/1352
f 1417/2326/1544 1457/2385/1590 1461/2388/1707 1420/2327/1545
f 1420/2332/77 1461/2382/1708 1456/2183/1423 1418/2182/1422
f 1484/2144/1388 1491/2143/1387 1494/2430/1624 1489/2422/1618
f 1489/2415/1611 1494/2425/1619 1490/2134/1378 1481/2133/1377
f 1482/2150/1394 1508/2149/1393 1516/2451/1641 1487/2416/1612
f 1487/2421/1617 1516/2458/1648 1511/2196/1435 1483/2195/1434
f 1492/2140/1384 1500/2139/1383 1503/2442/1634 1497/2431/1625
f 1497/2436/1628 1503/2437/1629 1499/2154/1402 1493/2153/1401
f 1501/2132/1376 1510/2131/1375 1514/2457/1647 1506/2443/1635
f 1506/2448/1638 1514/2452/1642 1509/2110/1354 1502/2109/1353
f 1483/2195/1434 1445/2194/1433 1453/2365/1577 1488/2419/1615
f 1488/2424/1615 1453/2373/1577 1448/2141/1385 1484/2144/1388
f 1466/2137/1381 1492/2140/1384 1496/2433/1622 1471/2398/1595
f 1471/2391/1595 1496/2428/1622 1491/2143/1387 1463/2142/1386
f 1475/2129/1373 1501/2132/1376 1505/2445/1632 1480/2410/1603
f 1480/2403/1603 1505/2440/1632 1500/2139/1383 1472/2138/1382
f 1454/2193/1432 1511/2196/1435 1515/2460/1645 1458/2376/1584
f 1458/2381/1584 1515/2455/1645 1510/2131/1375 1455/2130/1374
f 1502/2109/1353 1526/2112/1356 1528/2557/1709 1507/2446/1636
f 1507/2439/1631 1528/2558/1710 1527/2155/1403 1499/2154/1402
f 1521/2135/1379 1490/2134/1378 1498/2427/1621 1522/2559/1711
f 1522/2560/1712 1498/2434/1626 1493/2153/1401 1520/2156/1404
f 1518/2146/1395 1482/2150/1394 1485/2418/1614 1519/2561/1713
f 1519/2562/1714 1485/2413/1609 1481/2133/1377 1517/2136/1380
f 1508/2149/1393 1523/2145/1396 1525/2563/1715 1512/2449/1639
f 1512/2454/1644 1525/2564/1716 1524/2111/1355 1509/2110/1354
f 1520/2156/1409 1533/2174/1412 1534/2565/1717 1522/2560/1717
f 1522/2559/1717 1534/2566/1717 1532/2151/1399 1521/2135/1398
f 1529/2147/1391 1518/2146/1390 1519/2561/1718 1531/2567/1718
f 1531/2568/1718 1519/2562/1718 1517/2136/1397 1530/2152/1400
f 1523/2145/1389 1536/2148/1392 1537/2569/1719 1525/2563/1719
f 1525/2564/1719 1537/2570/1719 1535/2175/1415 1524/2111/1414
f 1538/2173/1411 1527/2155/1410 1528/2558/1720 1540/2571/1720
f 1540/2572/1720 1528/2557/1720 1526/2112/1413 1539/2176/1416
f 1544/2124/1368 1551/2123/1367 1554/2478/1661 1549/2470/1655
f 1549/2463/1651 1554/2473/1657 1550/2158/1406 1541/2157/1405
f 1562/2120/1364 1543/2119/1363 1547/2469/1654 1567/2494/1671
f 1567/2487/1667 1547/2464/1652 1542/2202/1441 1559/2201/1440
f 1571/2104/1348 1561/2103/1347 1565/2493/1670 1576/2506/1679
f 1576/2499/1675 1565/2488/1668 1560/2206/1445 1568/2205/1444
f 1569/2198/1437 1553/2197/1436 1557/2484/1664 1574/2500/1676
f 1574/2505/1678 1557/2479/1662 1552/2116/1360 1570/2115/1359
f 1410/2101/1345 1571/2104/1348 1575/2508/1703 1413/2317/1538
f 1413/2322/49 1575/2503/1704 1570/2115/1359 1411/2114/1358
f 1551/2123/1367 1438/2122/1366 1444/2356/1570 1556/2476/1701
f 1556/2481/1702 1444/2360/82 1440/2113/1357 1552/2116/1360
f 1424/2121/1365 1544/2124/1368 1548/2472/1708 1427/2336/1553
f 1427/2341/1556 1548/2467/1707 1543/2119/1363 1425/2118/1362
f 1561/2103/1347 1397/2102/1346 1399/2304/1525 1566/2491/1706
f 1566/2496/1705 1399/2299/1522 1396/2117/1361 1562/2120/1364
f 1578/2178/1418 1560/2206/1445 1563/2490/1665 1579/2573/1721
f 1579/2574/1721 1563/2485/1665 1559/2201/1440 1577/2204/1443
f 1541/2157/1405 1580/2160/1408 1582/2575/1722 1545/2461/1649
f 1545/2466/1649 1582/2576/1722 1581/2203/1442 1542/2202/1441
f 1553/2197/1436 1583/2200/1439 1585/2577/1723 1558/2482/1659
f 1558/2475/1659 1585/2578/1723 1584/2159/1407 1550/2158/1406
f 1568/2205/1444 1586/2177/1417 1588/2579/1724 1572/2497/1673
f 1572/2502/1673 1588/2580/1724 1587/2199/1438 1569/2198/1437
f 1592/2208/1447 1599/2207/1446 1602/2526/1686 1597/2518/1683
f 1597/2511/1683 1602/2521/1686 1598/2214/1453 1589/2213/1452
f 1610/2180/1420 1591/2179/1419 1595/2517/1684 1615/2542/1693
f 1615/2535/1693 1595/2512/1684 1590/2222/1459 1607/2221/1458
f 1600/2218/1455 1617/2217/1454 1620/2550/1696 1605/2527/1690
f 1605/2532/1690 1620/2545/1696 1616/2234/1465 1601/2233/1464
f 1608/2226/1461 1619/2225/1460 1623/2556/1700 1613/2536/1694
f 1613/2541/1694 1623/2551/1700 1618/2220/1457 1609/2219/1456
f 1580/2160/1408 1600/2218/1455 1604/2529/1689 1582/2575/1722
f 1582/2576/1722 1604/2524/1689 1599/2207/1446 1581/2203/1442
f 1591/2179/1419 1578/2178/1418 1579/2573/1721 1596/2515/1685
f 1596/2520/1685 1579/2574/1721 1577/2204/1443 1592/2208/1447
f 1586/2177/1417 1610/2180/1420 1614/2544/1695 1588/2579/1724
f 1588/2580/1724 1614/2539/1695 1609/2219/1456 1587/2199/1438
f 1617/2217/1454 1584/2159/1407 1585/2578/1723 1622/2548/1699
f 1622/2553/1699 1585/2577/1723 1583/2200/1439 1618/2220/1457
f 1626/2223/1133 1590/2222/1459 1593/2514/1681 1627/2581/1725
f 1627/2582/1725 1593/2509/1681 1589/2213/1452 1625/2216/1133
f 1601/2233/1464 1628/2236/1133 1630/2583/1725 1606/2530/1688
f 1606/2523/1688 1630/2584/1725 1629/2215/1133 1598/2214/1453
f 1619/2225/1460 1631/2228/1133 1633/2585/1726 1624/2554/1698
f 1624/2547/1698 1633/2586/1726 1632/2235/1133 1616/2234/1465
f 1607/2221/1458 1634/2224/1133 1636/2587/1726 1611/2533/1691
f 1611/2538/1691 1636/2588/1726 1635/2227/1133 1608/2226/1461
f 1634/2249/1478 1643/2252/1481 1645/2589/1727 1636/2590/1727
f 1636/2591/1728 1645/2592/1728 1644/2247/1476 1635/2246/1475
f 1647/2243/1472 1632/2242/1471 1633/2593/1729 1648/2594/1729
f 1648/2595/1730 1633/2596/1730 1631/2245/1474 1646/2248/1477
f 1625/2229/1462 1637/2232/1448 1639/2597/1731 1627/2598/1731
f 1627/2599/1732 1639/2600/1732 1638/2251/1480 1626/2250/1479
f 1641/2231/1449 1629/2230/1463 1630/2601/1733 1642/2602/1733
f 1642/2603/1734 1630/2604/1734 1628/2241/1470 1640/2244/1473
f 1659/2259/1486 1652/2258/1485 1654/2605/1735 1660/2606/1736
f 1660/2607/1737 1654/2608/1738 1653/2212/1451 1658/2278/1503
f 1662/2256/1483 1667/2266/1491 1669/2609/1739 1663/2610/1740
f 1663/2611/1741 1669/2612/1742 1668/2277/1502 1661/2211/1450
f 1656/2238/1467 1659/2259/1486 1660/2606/1743 1657/2613/1744
f 1657/2614/1744 1660/2607/1743 1658/2278/1504 1655/2280/1507
f 1667/2266/1491 1670/2281/1508 1672/2615/1745 1669/2609/1746
f 1669/2612/1746 1672/2616/1745 1671/2279/1506 1668/2277/1505
f 1649/2239/1468 1656/2238/1467 1657/2613/1744 1651/2267/1492
f 1651/2267/1492 1657/2614/1744 1655/2280/1507 1650/2268/1493
f 1670/2281/1508 1665/2271/1496 1666/2270/1495 1672/2615/1745
f 1672/2616/1745 1666/2270/1495 1664/2269/1494 1671/2279/1506
f 1683/2285/1512 1676/2263/1488 1678/2617/1747 1684/2618/1748
f 1684/2619/1749 1678/2620/1750 1677/2257/1484 1682/2260/1487
f 1680/2284/1511 1683/2285/1512 1684/2618/1751 1681/2621/1752
f 1681/2622/1752 1684/2619/1751 1682/2260/1487 1679/2237/1466
f 1673/2275/1500 1680/2284/1511 1681/2621/1752 1675/2276/1501
f 1675/2276/1501 1681/2622/1752 1679/2237/1466 1674/2240/1469
f 1686/2264/1489 1691/2286/1513 1693/2623/1753 1687/2624/1754
f 1687/2625/1755 1693/2626/1756 1692/2265/1490 1685/2255/1482
f 1691/2286/1513 1694/2283/1510 1696/2627/1757 1693/2623/1758
f 1693/2626/1758 1696/2628/1757 1695/2282/1509 1692/2265/1490
f 1694/2283/1510 1689/2274/1499 1690/2273/1498 1696/2627/1757
f 1696/2628/1757 1690/2273/1498 1688/2272/1497 1695/2282/1509
f 1652/2258/1485 1638/2288/1480 1639/2629/1706 1654/2605/1735
f 1654/2608/1738 1639/2630/1705 1637/2209/1448 1653/2212/1451
f 1640/2253/1473 1662/2256/1483 1663/2610/1740 1642/2631/1708
f 1642/2632/1707 1663/2611/1741 1661/2211/1450 1641/2210/1449
f 1676/2263/1488 1644/2262/1476 1645/2633/1704 1678/2617/1747
f 1678/2620/1750 1645/2634/1703 1643/2287/1481 1677/2257/1484
f 1646/2261/1477 1686/2264/1489 1687/2624/1754 1648/2635/1702
f 1648/2636/1701 1687/2625/1755 1685/2255/1482 1647/2254/1472
f 1417/2326/1544 1389/2289/1514 1446/2366/1578 1457/2385/1590
f 1697/2637/1759 1698/2638/1760 1700/2639/1760 1699/2640/1761
f 1699/2640/1762 1700/2639/1701 1702/2641/1701 1701/2642/1763
f 1701/2642/1764 1702/2641/1708 1704/2643/1708 1703/2644/1765
f 1703/2644/1766 1704/2643/1766 1706/2645/1766 1705/2646/1766
f 1705/2646/1767 1706/2645/1767 1708/2647/1767 1707/2648/1767
f 1707/2648/1768 1708/2647/1706 1710/2649/1706 1709/2650/1769
f 1700/2651/1133 1698/2652/1133 1712/2653/1133 1710/2654/1133 1708/2655/1133 1706/2656/1133 1704/2657/1133 1702/2658/1133
f 1709/2650/1770 1710/2649/1703 1712/2659/1703 1711/2660/1771
f 1711/2660/1772 1712/2659/1773 1698/2661/1773 1697/2662/1774
f 1707/2648/1768 1709/2650/1769 1719/2663/1775 1718/2664/1776
f 1716/2665/1777 1717/2666/1778 1725/2667/1779 1724/2668/1780
f 1703/2644/1781 1705/2646/1781 1717/2666/1778 1716/2665/1777
f 1709/2650/1770 1711/2660/1771 1720/2669/1782 1719/2663/1783
f 1699/2640/1762 1701/2642/1763 1715/2670/1784 1714/2671/1785
f 1705/2646/1786 1707/2648/1786 1718/2664/1787 1717/2666/1788
f 1711/2660/1772 1697/2662/1774 1713/2672/1789 1720/2669/1790
f 1697/2637/1759 1699/2640/1761 1714/2671/1791 1713/2673/1792
f 1701/2642/1764 1703/2644/1765 1716/2665/1793 1715/2670/1794
f 1728/2674/1795 1721/2675/1796 1729/2676/1797 1736/2677/1798
f 1714/2671/1785 1715/2670/1784 1723/2678/1799 1722/2679/1800
f 1719/2663/1783 1720/2669/1782 1728/2674/1801 1727/2680/1802
f 1717/2666/1788 1718/2664/1787 1726/2681/1803 1725/2667/1804
f 1715/2670/1794 1716/2665/1793 1724/2668/1805 1723/2678/1806
f 1713/2673/1792 1714/2671/1791 1722/2679/1807 1721/2682/1808
f 1720/2669/1790 1713/2672/1789 1721/2675/1796 1728/2674/1795
f 1718/2664/1776 1719/2663/1775 1727/2680/1809 1726/2681/1810
f 1733/2683/1811 1734/2684/1811 1742/2685/1812 1741/2686/1813
f 1726/2681/1810 1727/2680/1809 1735/2687/1814 1734/2684/1815
f 1724/2668/1780 1725/2667/1779 1733/2683/1816 1732/2688/1816
f 1722/2679/1800 1723/2678/1799 1731/2689/1817 1730/2690/1818
f 1727/2680/1802 1728/2674/1801 1736/2677/1819 1735/2687/1820
f 1725/2667/1804 1726/2681/1803 1734/2684/1821 1733/2683/1821
f 1723/2678/1806 1724/2668/1805 1732/2688/1822 1731/2689/1823
f 1721/2682/1808 1722/2679/1807 1730/2690/1824 1729/2691/1825
f 1743/2692/1826 1744/2693/1827 1752/2694/1828 1751/2695/1829
f 1731/2689/1823 1732/2688/1822 1740/2696/1830 1739/2697/1831
f 1729/2691/1825 1730/2690/1824 1738/2698/1832 1737/2699/1833
f 1736/2677/1798 1729/2676/1797 1737/2700/1834 1744/2693/1835
f 1734/2684/1815 1735/2687/1814 1743/2692/1836 1742/2685/1837
f 1732/2688/1838 1733/2683/1838 1741/2686/1839 1740/2696/1840
f 1730/2690/1818 1731/2689/1817 1739/2697/1841 1738/2698/1842
f 1735/2687/1820 1736/2677/1819 1744/2693/1827 1743/2692/1826
f 1750/2701/1843 1751/2695/1844 1759/2702/1845 1758/2703/1846
f 1741/2686/1813 1742/2685/1812 1750/2701/1847 1749/2704/1848
f 1739/2697/1831 1740/2696/1830 1748/2705/1849 1747/2706/1850
f 1737/2699/1833 1738/2698/1832 1746/2707/1851 1745/2708/1852
f 1744/2693/1835 1737/2700/1834 1745/2709/1853 1752/2694/1854
f 1742/2685/1837 1743/2692/1836 1751/2695/1844 1750/2701/1843
f 1740/2696/1840 1741/2686/1839 1749/2704/1855 1748/2705/1856
f 1738/2698/1842 1739/2697/1841 1747/2706/1857 1746/2707/1858
f 1753/2710/1859 1754/2711/1860 1762/2712/1861 1761/2713/1862
f 1748/2705/1856 1749/2704/1855 1757/2714/1863 1756/2715/1864
f 1746/2707/1858 1747/2706/1857 1755/2716/1865 1754/2711/1866
f 1751/2695/1829 1752/2694/1828 1760/2717/1867 1759/2702/1868
f 1749/2704/1848 1750/2701/1847 1758/2703/1869 1757/2714/1870
f 1747/2706/1850 1748/2705/1849 1756/2715/1871 1755/2716/1872
f 1745/2708/1852 1746/2707/1851 1754/2711/1860 1753/2710/1859
f 1752/2694/1854 1745/2709/1853 1753/2718/1873 1760/2717/1874
f 1767/2719/1875 1768/2720/1876 1776/2721/1877 1775/2722/1878
f 1760/2717/1874 1753/2718/1873 1761/2723/1879 1768/2720/1880
f 1758/2703/1846 1759/2702/1845 1767/2719/1881 1766/2724/1882
f 1756/2715/1864 1757/2714/1863 1765/2725/1883 1764/2726/1884
f 1754/2711/1866 1755/2716/1865 1763/2727/1885 1762/2712/1886
f 1759/2702/1868 1760/2717/1867 1768/2720/1876 1767/2719/1875
f 1757/2714/1870 1758/2703/1869 1766/2724/1887 1765/2725/1888
f 1755/2716/1872 1756/2715/1871 1764/2726/1889 1763/2727/1890
f 1770/2728/1891 1771/2729/1892 1779/2730/1893 1778/2731/1894
f 1765/2725/1888 1766/2724/1887 1774/2732/1895 1773/2733/1896
f 1763/2727/1890 1764/2726/1889 1772/2734/1897 1771/2729/1898
f 1761/2713/1862 1762/2712/1861 1770/2728/1899 1769/2735/1900
f 1768/2720/1880 1761/2723/1879 1769/2736/1901 1776/2721/1902
f 1766/2724/1882 1767/2719/1881 1775/2722/1903 1774/2732/1904
f 1764/2726/1884 1765/2725/1883 1773/2733/1905 1772/2734/1906
f 1762/2712/1886 1763/2727/1885 1771/2729/1892 1770/2728/1891
f 1784/2737/1907 1777/2738/1908 1785/2739/1909 1792/2740/1910
f 1775/2722/1878 1776/2721/1877 1784/2737/1911 1783/2741/1912
f 1773/2733/1896 1774/2732/1895 1782/2742/1913 1781/2743/1914
f 1771/2729/1898 1772/2734/1897 1780/2744/1915 1779/2730/1916
f 1769/2735/1900 1770/2728/1899 1778/2731/1917 1777/2745/1918
f 1776/2721/1902 1769/2736/1901 1777/2738/1908 1784/2737/1907
f 1774/2732/1904 1775/2722/1903 1783/2741/1919 1782/2742/1920
f 1772/2734/1906 1773/2733/1905 1781/2743/1921 1780/2744/1922
f 1787/2746/1923 1788/2747/1924 1796/2748/1925 1795/2749/1926
f 1782/2742/1920 1783/2741/1919 1791/2750/1927 1790/2751/1928
f 1780/2744/1922 1781/2743/1921 1789/2752/1929 1788/2747/1930
f 1778/2731/1894 1779/2730/1893 1787/2746/1931 1786/2753/1932
f 1783/2741/1912 1784/2737/1911 1792/2740/1933 1791/2750/1934
f 1781/2743/1914 1782/2742/1913 1790/2751/1935 1789/2752/1936
f 1779/2730/1916 1780/2744/1915 1788/2747/1924 1787/2746/1923
f 1777/2745/1918 1778/2731/1917 1786/2753/1937 1785/2754/1938
f 1799/2755/1939 1800/2756/1940 1808/2757/1941 1807/2758/1942
f 1785/2754/1938 1786/2753/1937 1794/2759/1943 1793/2760/1944
f 1792/2740/1910 1785/2739/1909 1793/2761/1945 1800/2756/1946
f 1790/2751/1928 1791/2750/1927 1799/2755/1947 1798/2762/1948
f 1788/2747/1930 1789/2752/1929 1797/2763/1949 1796/2748/1950
f 1786/2753/1932 1787/2746/1931 1795/2749/1951 1794/2759/1952
f 1791/2750/1934 1792/2740/1933 1800/2756/1940 1799/2755/1939
f 1789/2752/1936 1790/2751/1935 1798/2762/1953 1797/2763/1954
f 1804/2764/1955 1805/2765/1956 1813/2766/1957 1812/2767/1958
f 1797/2763/1954 1798/2762/1953 1806/2768/1959 1805/2765/1960
f 1795/2749/1926 1796/2748/1925 1804/2764/1961 1803/2769/1962
f 1793/2760/1944 1794/2759/1943 1802/2770/1963 1801/2771/1964
f 1800/2756/1946 1793/2761/1945 1801/2772/1965 1808/2757/1966
f 1798/2762/1948 1799/2755/1947 1807/2758/1967 1806/2768/1968
f 1796/2748/1950 1797/2763/1949 1805/2765/1956 1804/2764/1955
f 1794/2759/1952 1795/2749/1951 1803/2769/1969 1802/2770/1970
f 1816/2773/1971 1809/2774/1972 1817/2775/1973 1824/2776/1974
f 1802/2770/1970 1803/2769/1969 1811/2777/1975 1810/2778/1976
f 1807/2758/1942 1808/2757/1941 1816/2773/1977 1815/2779/1978
f 1805/2765/1960 1806/2768/1959 1814/2780/1979 1813/2766/1980
f 1803/2769/1962 1804/2764/1961 1812/2767/1981 1811/2777/1982
f 1801/2771/1964 1802/2770/1963 1810/2778/1983 1809/2781/1984
f 1808/2757/1966 1801/2772/1965 1809/2774/1972 1816/2773/1971
f 1806/2768/1968 1807/2758/1967 1815/2779/1985 1814/2780/1986
f 1822/2782/1987 1823/2783/1988 1843/2784/1989 1840/2785/1990
f 1814/2780/1986 1815/2779/1985 1823/2783/1988 1822/2782/1987
f 1812/2767/1958 1813/2766/1957 1821/2786/1991 1820/2787/1992
f 1810/2778/1976 1811/2777/1975 1819/2788/1993 1818/2789/1994
f 1815/2779/1978 1816/2773/1977 1824/2776/1995 1823/2783/1996
f 1813/2766/1980 1814/2780/1979 1822/2782/1997 1821/2786/1998
f 1811/2777/1982 1812/2767/1981 1820/2787/1999 1819/2788/2000
f 1809/2781/1984 1810/2778/1983 1818/2789/2001 1817/2790/2002
f 1824/2776/1974 1817/2775/1973 1826/2791/2003 1846/2792/2004
f 1820/2787/1992 1821/2786/1991 1837/2793/2005 1834/2794/2006
f 1825/2795/2007 1829/2796/2008 1832/2797/2009 1835/2798/2010 1838/2799/2011 1841/2800/2012 1844/2801/2013 1847/2802/2014
f 1818/2789/1994 1819/2788/1993 1831/2803/2015 1828/2804/2016
f 1823/2783/1996 1824/2776/1995 1846/2792/2017 1843/2784/2018
f 1821/2786/1998 1822/2782/1997 1840/2785/2019 1837/2793/2020
f 1819/2788/2000 1820/2787/1999 1834/2794/2021 1831/2803/2022
f 1826/2805/2023 1828/2804/2024 1830/2806/2025 1827/2807/2025
f 1827/2807/2026 1830/2806/2027 1829/2808/2008 1825/2809/2007
f 1828/2804/2016 1831/2803/2015 1833/2810/2028 1830/2806/2028
f 1830/2806/2027 1833/2810/2029 1832/2811/2009 1829/2808/2008
f 1831/2803/2022 1834/2794/2021 1836/2812/2030 1833/2810/2030
f 1833/2810/2029 1836/2812/2031 1835/2813/2010 1832/2811/2009
f 1834/2794/2006 1837/2793/2005 1839/2814/2032 1836/2812/2032
f 1836/2812/2031 1839/2814/2033 1838/2815/2011 1835/2813/2010
f 1837/2793/2020 1840/2785/2019 1842/2816/2034 1839/2814/2034
f 1839/2814/2033 1842/2816/2035 1841/2817/2012 1838/2815/2011
f 1840/2785/1990 1843/2784/1989 1845/2818/2036 1842/2816/2036
f 1842/2816/2035 1845/2818/2037 1844/2819/2013 1841/2817/2012
f 1843/2784/2018 1846/2792/2017 1848/2820/2038 1845/2818/2038
f 1845/2818/2037 1848/2820/2039 1847/2821/2014 1844/2819/2013
f 1846/2792/2004 1826/2791/2003 1827/2822/2040 1848/2820/2040
f 1848/2820/2039 1827/2822/2026 1825/2823/2007 1847/2821/2014
f 1817/2790/2002 1818/2789/2001 1828/2804/2024 1826/2805/2023
f 1849/2824/1708 1857/2825/2041 1858/2826/2041 1850/2827/1708
f 1850/2827/1766 1858/2826/2042 1859/2828/2042 1851/2829/1766
f 1851/2829/1767 1859/2828/2043 1860/2830/2043 1852/2831/1767
f 1852/2831/1706 1860/2830/2044 1861/2832/2044 1853/2833/1706
f 1853/2834/1703 1861/2835/2045 1862/2836/2045 1854/2837/1703
f 1854/2837/1704 1862/2836/2046 1863/2838/2046 1855/2839/1704
f 1855/2839/1702 1863/2838/2047 1864/2840/2047 1856/2841/1702
f 1856/2841/1701 1864/2840/2048 1857/2825/2048 1849/2824/1701
f 1857/2825/2041 1865/2842/2049 1866/2843/2049 1858/2826/2041
f 1858/2826/2042 1866/2843/2050 1867/2844/2050 1859/2828/2042
f 1859/2828/2043 1867/2844/2051 1868/2845/2051 1860/2830/2043
f 1860/2830/2044 1868/2845/2052 1869/2846/2052 1861/2832/2044
f 1861/2835/2045 1869/2847/2053 1870/2848/2053 1862/2836/2045
f 1862/2836/2046 1870/2848/2054 1871/2849/2054 1863/2838/2046
f 1863/2838/2047 1871/2849/2055 1872/2850/2055 1864/2840/2047
f 1864/2840/2048 1872/2850/2056 1865/2842/2056 1857/2825/2048
f 1865/2842/2049 1873/2851/2057 1874/2852/2057 1866/2843/2049
f 1866/2843/2050 1874/2852/2058 1875/2853/2058 1867/2844/2050
f 1867/2844/2051 1875/2853/2059 1876/2854/2059 1868/2845/2051
f 1868/2845/2052 1876/2854/2060 1877/2855/2060 1869/2846/2052
f 1869/2847/2053 1877/2856/2061 1878/2857/2061 1870/2848/2053
f 1870/2848/2054 1878/2857/2062 1879/2858/2062 1871/2849/2054
f 1871/2849/2055 1879/2858/2063 1880/2859/2063 1872/2850/2055
f 1872/2850/2056 1880/2859/2064 1873/2851/2064 1865/2842/2056
f 1873/2851/2057 1881/2860/2065 1882/2861/2065 1874/2852/2057
f 1874/2852/2058 1882/2861/2066 1883/2862/2066 1875/2853/2058
f 1875/2853/2059 1883/2862/2067 1884/2863/2067 1876/2854/2059
f 1876/2854/2060 1884/2863/2068 1885/2864/2068 1877/2855/2060
f 1877/2856/2061 1885/2865/2069 1886/2866/2069 1878/2857/2061
f 1878/2857/2062 1886/2866/2070 1887/2867/2070 1879/2858/2062
f 1879/2858/2063 1887/2867/2071 1888/2868/2071 1880/2859/2063
f 1880/2859/2064 1888/2868/2072 1881/2860/2072 1873/2851/2064
f 1881/2860/2065 1889/2869/2073 1890/2870/2073 1882/2861/2065
f 1882/2861/2066 1890/2870/2074 1891/2871/2074 1883/2862/2066
f 1883/2862/2067 1891/2871/2075 1892/2872/2075 1884/2863/2067
f 1884/2863/2068 1892/2872/2076 1893/2873/2076 1885/2864/2068
f 1885/2865/2069 1893/2874/2077 1894/2875/2077 1886/2866/2069
f 1886/2866/2070 1894/2875/2078 1895/2876/2078 1887/2867/2070
f 1887/2867/2071 1895/2876/2079 1896/2877/2079 1888/2868/2071
f 1888/2868/2072 1896/2877/2080 1889/2869/2080 1881/2860/2072
f 1889/2869/2073 1897/2878/1706 1898/2879/1706 1890/2870/2073
f 1890/2870/2074 1898/2879/1767 1899/2880/1767 1891/2871/2074
f 1891/2871/2075 1899/2880/1766 1900/2881/1766 1892/2872/2075
f 1892/2872/2076 1900/2881/1708 1901/2882/1708 1893/2873/2076
f 1893/2874/2077 1901/2883/1701 1902/2884/1701 1894/2875/2077
f 1894/2875/2078 1902/2884/1702 1903/2885/1702 1895/2876/2078
f 1895/2876/2079 1903/2885/1704 1904/2886/1704 1896/2877/2079
f 1896/2877/2080 1904/2886/1703 1897/2878/1703 1889/2869/2080
f 1897/2878/1706 1905/2887/2044 1906/2888/2044 1898/2879/1706
f 1898/2879/1767 1906/2888/2043 1907/2889/2043 1899/2880/1767
f 1899/2880/1766 1907/2889/2042 1908/2890/2042 1900/2881/1766
f 1900/2881/1708 1908/2890/2041 1909/2891/2041 1901/2882/1708
f 1901/2883/1701 1909/2892/2048 1910/2893/2048 1902/2884/1701
f 1902/2884/1702 1910/2893/2047 1911/2894/2047 1903/2885/1702
f 1903/2885/1704 1911/2894/2046 1912/2895/2046 1904/2886/1704
f 1904/2886/1703 1912/2895/2045 1905/2887/2045 1897/2878/1703
f 1905/2887/2044 1913/2896/2052 1914/2897/2052 1906/2888/2044
f 1906/2888/2043 1914/2897/2051 1915/2898/2051 1907/2889/2043
f 1907/2889/2042 1915/2898/2050 1916/2899/2050 1908/2890/2042
f 1908/2890/2041 1916/2899/2049 1917/2900/2049 1909/2891/2041
f 1909/2892/2048 1917/2901/2056 1918/2902/2056 1910/2893/2048
f 1910/2893/2047 1918/2902/2055 1919/2903/2055 1911/2894/2047
f 1911/2894/2046 1919/2903/2054 1920/2904/2054 1912/2895/2046
f 1912/2895/2045 1920/2904/2053 1913/2896/2053 1905/2887/2045
f 1913/2896/2052 1921/2905/2060 1922/2906/2060 1914/2897/2052
f 1914/2897/2051 1922/2906/2059 1923/2907/2059 1915/2898/2051
f 1915/2898/2050 1923/2907/2058 1924/2908/2058 1916/2899/2050
f 1916/2899/2049 1924/2908/2057 1925/2909/2057 1917/2900/2049
f 1917/2901/2056 1925/2910/2064 1926/2911/2064 1918/2902/2056
f 1918/2902/2055 1926/2911/2063 1927/2912/2063 1919/2903/2055
f 1919/2903/2054 1927/2912/2062 1928/2913/2062 1920/2904/2054
f 1920/2904/2053 1928/2913/2061 1921/2905/2061 1913/2896/2053
f 1921/2914/2060 1929/2915/2068 1930/2916/2068 1922/2917/2060
f 1922/2917/2059 1930/2916/2067 1931/2918/2067 1923/2919/2059
f 1923/2919/2058 1931/2918/2066 1932/2920/2066 1924/2921/2058
f 1924/2921/2057 1932/2920/2065 1933/2922/2065 1925/2923/2057
f 1925/2924/2064 1933/2925/2072 1934/2926/2072 1926/2927/2064
f 1926/2927/2063 1934/2926/2081 1935/2928/2081 1927/2929/2063
f 1927/2929/2062 1935/2928/2082 1936/2930/2082 1928/2931/2062
f 1928/2931/2061 1936/2930/2069 1929/2915/2069 1921/2914/2061
f 1929/2915/2068 1937/2932/2076 1938/2933/2076 1930/2916/2068
f 1930/2916/2067 1938/2933/2075 1939/2934/2075 1931/2918/2067
f 1931/2918/2066 1939/2934/2074 1940/2935/2074 1932/2920/2066
f 1932/2920/2065 1940/2935/2073 1941/2936/2073 1933/2922/2065
f 1933/2925/2072 1941/2937/2080 1942/2938/2080 1934/2926/2072
f 1934/2926/2081 1942/2938/2079 1943/2939/2079 1935/2928/2081
f 1935/2928/2082 1943/2939/2078 1944/2940/2078 1936/2930/2082
f 1936/2930/2069 1944/2940/2077 1937/2932/2077 1929/2915/2069
f 1937/2932/2076 1849/2824/1708 1850/2827/1708 1938/2933/2076
f 1938/2933/2075 1850/2827/1766 1851/2829/1766 1939/2934/2075
f 1939/2934/2074 1851/2829/1767 1852/2831/1767 1940/2935/2074
f 1940/2935/2073 1852/2831/1706 1853/2833/1706 1941/2936/2073
f 1941/2937/2080 1853/2834/1703 1854/2837/1703 1942/2938/2080
f 1942/2938/2079 1854/2837/1704 1855/2839/1704 1943/2939/2079
f 1943/2939/2078 1855/2839/1702 1856/2841/1702 1944/2940/2078
f 1944/2940/2077 1856/2841/1701 1849/2824/1701 1937/2932/2077
f 1949/2941/2083 1945/2942/2084 1947/2943/2084 1954/2944/2083
f 1946/2945/2085 1953/2946/2086 1958/2947/2086 1948/2948/2085
f 1953/2946/2086 1952/2949/2087 1957/2950/2087 1958/2947/2086
f 1952/2949/2087 1951/2951/2088 1956/2952/2088 1957/2950/2087
f 1951/2951/2088 1950/2953/2089 1955/2954/2089 1956/2952/2088
f 1950/2953/2089 1949/2941/2083 1954/2944/2083 1955/2954/2089
f 1963/2955/2090 1968/2956/2090 1961/2957/2091 1959/2958/2091
f 1960/2959/2092 1962/2960/2092 1972/2961/2093 1967/2962/2093
f 1967/2962/2093 1972/2961/2093 1971/2963/2094 1966/2964/2094
f 1966/2964/2094 1971/2963/2094 1970/2965/2095 1965/2966/2095
f 1965/2966/2095 1970/2965/2095 1969/2967/2096 1964/2968/2096
f 1964/2968/2096 1969/2967/2096 1968/2956/2090 1963/2955/2090
f 1953/2946/2097 1946/2945/2098 1960/2969/2098 1967/2970/2097
f 1948/2948/2099 1958/2947/2100 1972/2971/2100 1962/2972/2099
f 1946/2945/2101 1948/2948/2101 1962/2973/2101 1960/2974/2101
f 1947/2943/2102 1945/2942/2102 1959/2975/2102 1961/2976/2102
f 1945/2942/2103 1949/2941/2104 1963/2977/2104 1959/2978/2103
f 1949/2941/2104 1950/2953/2105 1964/2979/2105 1963/2977/2104
f 1950/2953/2105 1951/2951/2106 1965/2980/2106 1964/2979/2105
f 1951/2951/2106 1952/2949/2107 1966/2981/2107 1965/2980/2106
f 1952/2949/2107 1953/2946/2097 1967/2970/2097 1966/2981/2107
f 1954/2944/2108 1947/2943/2109 1961/2982/2109 1968/2983/2108
f 1955/2954/2110 1954/2944/2108 1968/2983/2108 1969/2984/2110
f 1956/2952/2111 1955/2954/2110 1969/2984/2110 1970/2985/2111
f 1957/2950/2112 1956/2952/2111 1970/2985/2111 1971/2986/2112
f 1958/2947/2100 1957/2950/2112 1971/2986/2112 1972/2971/2100
f 2002/2987/2113 2001/2988/2114 1974/2989/2115 1975/2990/2116
f 2003/2991/2117 2002/2987/2117 1975/2990/2117 1976/2992/2117
f 2001/2988/2114 1973/2993/2118 1974/2989/2115
f 1976/2992/2119 1975/2990/2119 1978/2994/2119 1979/2995/2119
f 1974/2989/2115 1973/2993/2118 1977/2996/2120
f 1975/2990/2116 1974/2989/2115 1977/2996/2120 1978/2994/2121
f 1979/2995/2122 1978/2994/2122 1981/2997/2122 1982/2998/2122
f 1977/2996/2120 1973/2993/2118 1980/2999/2123
f 1978/2994/2121 1977/2996/2120 1980/2999/2123 1981/2997/2124
f 1982/2998/2125 1981/2997/2125 1984/3000/2125 1985/3001/2125
f 1980/2999/2123 1973/2993/2118 1983/3002/2126
f 1981/2997/2124 1980/2999/2123 1983/3002/2126 1984/3000/2127
f 1985/3001/2128 1984/3000/2128 1987/3003/2128 1988/3004/2128
f 1983/3002/2126 1973/2993/2118 1986/3005/2129
f 1984/3000/2127 1983/3002/2126 1986/3005/2129 1987/3003/2130
f 1988/3004/2131 1987/3003/2131 1990/3006/2131 1991/3007/2131
f 1986/3005/2129 1973/2993/2118 1989/3008/2132
f 1987/3003/2130 1986/3005/2129 1989/3008/2132 1990/3006/2133
f 1989/3008/2132 1973/2993/2118 1992/3009/2134
f 1990/3006/2133 1989/3008/2132 1992/3009/2134 1993/3010/2135
f 1991/3007/2136 1990/3006/2136 1993/3010/2136 1994/3011/2136
f 1993/3010/2135 1992/3009/2134 1995/3012/2137 1996/3013/2138
f 1994/3011/2139 1993/3010/2139 1996/3013/2139 1997/3014/2139
f 1992/3009/2134 1973/2993/2118 1995/3012/2137
f 1996/3013/2138 1995/3012/2137 1998/3015/2140 1999/3016/2141
f 1997/3014/2142 1996/3013/2142 1999/3016/2142 2000/3017/2142
f 1995/3012/2137 1973/2993/2118 1998/3015/2140
f 1999/3016/2141 1998/3015/2140 2001/3018/2114 2002/3019/2113
f 2000/3017/2143 1999/3016/2143 2002/3019/2143 2003/3020/2143
f 1998/3015/2140 1973/2993/2118 2001/3018/2114
f 2033/3021/2113 2032/3022/2114 2005/3023/2115 2006/3024/2144
f 2034/3025/2117 2033/3021/2117 2006/3024/2117 2007/3026/2117
f 2032/3022/2114 2004/3027/2118 2005/3023/2115
f 2007/3026/2119 2006/3024/2119 2009/3028/2119 2010/3029/2119
f 2005/3023/2115 2004/3027/2118 2008/3030/2120
f 2006/3024/2144 2005/3023/2115 2008/3030/2120 2009/3028/2121
f 2010/3029/2145 2009/3028/2145 2012/3031/2145 2013/3032/2145
f 2008/3030/2120 2004/3027/2118 2011/3033/2123
f 2009/3028/2121 2008/3030/2120 2011/3033/2123 2012/3031/2124
f 2013/3032/2125 2012/3031/2125 2015/3034/2125 2016/3035/2125
f 2011/3033/2123 2004/3027/2118 2014/3036/2126
f 2012/3031/2124 2011/3033/2123 2014/3036/2126 2015/3034/2127
f 2016/3035/2128 2015/3034/2128 2018/3037/2128 2019/3038/2128
f 2014/3036/2126 2004/3027/2118 2017/3039/2129
f 2015/3034/2127 2014/3036/2126 2017/3039/2129 2018/3037/2130
f 2019/3038/2131 2018/3037/2131 2021/3040/2131 2022/3041/2131
f 2017/3039/2129 2004/3027/2118 2020/3042/2132
f 2018/3037/2130 2017/3039/2129 2020/3042/2132 2021/3040/2146
f 2020/3042/2132 2004/3027/2118 2023/3043/2134
f 2021/3040/2146 2020/3042/2132 2023/3043/2134 2024/3044/2147
f 2022/3041/2136 2021/3040/2136 2024/3044/2136 2025/3045/2136
f 2024/3044/2147 2023/3043/2134 2026/3046/2137 2027/3047/2148
f 2025/3045/2139 2024/3044/2139 2027/3047/2139 2028/3048/2139
f 2023/3043/2134 2004/3027/2118 2026/3046/2137
f 2027/3047/2148 2026/3046/2137 2029/3049/2140 2030/3050/2149
f 2028/3048/2150 2027/3047/2150 2030/3050/2150 2031/3051/2150
f 2026/3046/2137 2004/3027/2118 2029/3049/2140
f 2030/3050/2149 2029/3049/2140 2032/3052/2114 2033/3053/2113
f 2031/3051/2143 2030/3050/2143 2033/3053/2143 2034/3054/2143
f 2029/3049/2140 2004/3027/2118 2032/3052/2114
f 2064/3055/2151 2063/3056/2152 2036/3057/2153 2037/3058/2154
f 2065/3059/2155 2064/3055/2155 2037/3058/2155 2038/3060/2155
f 2063/3056/2152 2035/3061/2156 2036/3057/2153
f 2038/3060/2157 2037/3058/2157 2040/3062/2157 2041/3063/2157
f 2036/3057/2153 2035/3061/2156 2039/3064/2158
f 2037/3058/2154 2036/3057/2153 2039/3064/2158 2040/3062/2159
f 2041/3063/2160 2040/3062/2160 2043/3065/2160 2044/3066/2160
f 2039/3064/2158 2035/3061/2156 2042/3067/2161
f 2040/3062/2159 2039/3064/2158 2042/3067/2161 2043/3065/2162
f 2044/3066/2163 2043/3065/2163 2046/3068/2163 2047/3069/2163
f 2042/3067/2161 2035/3061/2156 2045/3070/2164
f 2043/3065/2162 2042/3067/2161 2045/3070/2164 2046/3068/2165
f 2047/3069/2166 2046/3068/2166 2049/3071/2166 2050/3072/2166
f 2045/3070/2164 2035/3061/2156 2048/3073/2167
f 2046/3068/2165 2045/3070/2164 2048/3073/2167 2049/3071/2168
f 2050/3072/2169 2049/3071/2169 2052/3074/2169 2053/3075/2169
f 2048/3073/2167 2035/3061/2156 2051/3076/2170
f 2049/3071/2168 2048/3073/2167 2051/3076/2170 2052/3074/2171
f 2051/3076/2170 2035/3061/2156 2054/3077/2172
f 2052/3074/2171 2051/3076/2170 2054/3077/2172 2055/3078/2173
f 2053/3075/2174 2052/3074/2174 2055/3078/2174 2056/3079/2174
f 2055/3078/2173 2054/3077/2172 2057/3080/2175 2058/3081/2176
f 2056/3079/2177 2055/3078/2177 2058/3081/2177 2059/3082/2177
f 2054/3077/2172 2035/3061/2156 2057/3080/2175
f 2058/3081/2176 2057/3080/2175 2060/3083/2178 2061/3084/2179
f 2059/3082/2180 2058/3081/2180 2061/3084/2180 2062/3085/2180
f 2057/3080/2175 2035/3061/2156 2060/3083/2178
f 2061/3084/2179 2060/3083/2178 2063/3086/2152 2064/3087/2151
f 2062/3085/2181 2061/3084/2181 2064/3087/2181 2065/3088/2181
f 2060/3083/2178 2035/3061/2156 2063/3086/2152
f 2095/3089/2182 2068/3090/2183 2067/3091/2184 2094/3092/2185
f 2096/3093/2186 2069/3094/2186 2068/3090/2186 2095/3089/2186
f 2094/3092/2185 2067/3091/2184 2066/3095/2187
f 2069/3094/2188 2072/3096/2188 2071/3097/2188 2068/3090/2188
f 2067/3091/2184 2070/3098/2189 2066/3095/2187
f 2068/3090/2183 2071/3097/2190 2070/3098/2189 2067/3091/2184
f 2072/3096/2191 2075/3099/2191 2074/3100/2191 2071/3097/2191
f 2070/3098/2189 2073/3101/2192 2066/3095/2187
f 2071/3097/2190 2074/3100/2193 2073/3101/2192 2070/3098/2189
f 2075/3099/2194 2078/3102/2194 2077/3103/2194 2074/3100/2194
f 2073/3101/2192 2076/3104/2195 2066/3095/2187
f 2074/3100/2193 2077/3103/2196 2076/3104/2195 2073/3101/2192
f 2078/3102/2197 2081/3105/2197 2080/3106/2197 2077/3103/2197
f 2076/3104/2195 2079/3107/2198 2066/3095/2187
f 2077/3103/2196 2080/3106/2199 2079/3107/2198 2076/3104/2195
f 2081/3105/2200 2084/3108/2200 2083/3109/2200 2080/3106/2200
f 2079/3107/2198 2082/3110/2201 2066/3095/2187
f 2080/3106/2199 2083/3109/2202 2082/3110/2201 2079/3107/2198
f 2082/3110/2201 2085/3111/2203 2066/3095/2187
f 2083/3109/2202 2086/3112/2204 2085/3111/2203 2082/3110/2201
f 2084/3108/2205 2087/3113/2205 2086/3112/2205 2083/3109/2205
f 2086/3112/2204 2089/3114/2206 2088/3115/2207 2085/3111/2203
f 2087/3113/2208 2090/3116/2208 2089/3114/2208 2086/3112/2208
f 2085/3111/2203 2088/3115/2207 2066/3095/2187
f 2089/3114/2206 2092/3117/2209 2091/3118/2210 2088/3115/2207
f 2090/3116/2211 2093/3119/2211 2092/3117/2211 2089/3114/2211
f 2088/3115/2207 2091/3118/2210 2066/3095/2187
f 2092/3117/2209 2095/3120/2182 2094/3121/2185 2091/3118/2210
f 2093/3119/2212 2096/3122/2212 2095/3120/2212 2092/3117/2212
f 2091/3118/2210 2094/3121/2185 2066/3095/2187
f 2120/3123/2213 2098/3124/2214 2127/3125/2215 2147/3126/2216
f 2105/3127/2217 2099/3128/2218 2119/3129/2219 2112/3130/2220
f 2134/3131/2221 2141/3132/2222 2148/3133/2223 2126/3134/2224
f 2139/3135/2225 2133/3136/2226 2106/3137/2227 2111/3138/2228
f 2113/3139/2229 2118/3140/2230 2146/3141/2231 2140/3142/2232
f 2097/3143/2233 2100/3144/2234 2101/3145/2235 2103/3146/2236
f 2098/3124/2214 2102/3147/2237 2101/3148/2238 2100/3149/2239
f 2099/3128/2218 2103/3150/2240 2101/3151/2241 2102/3152/2242
f 2104/3153/2243 2107/3154/2244 2108/3155/2245 2110/3156/2246
f 2105/3127/2217 2109/3157/2247 2108/3158/2248 2107/3159/2249
f 2106/3137/2227 2110/3160/2250 2108/3161/2251 2109/3162/2252
f 2111/3138/2228 2114/3163/2253 2115/3164/2254 2117/3165/2255
f 2112/3130/2220 2116/3166/2256 2115/3167/2257 2114/3168/2258
f 2113/3139/2229 2117/3169/2259 2115/3170/2260 2116/3171/2261
f 2118/3140/2230 2121/3172/2262 2122/3173/2263 2124/3174/2264
f 2119/3129/2219 2123/3175/2265 2122/3176/2266 2121/3177/2267
f 2120/3123/2213 2124/3178/2268 2122/3179/2269 2123/3180/2270
f 2125/3181/2271 2128/3182/2272 2129/3183/2273 2131/3184/2274
f 2126/3134/2224 2130/3185/2275 2129/3186/2276 2128/3187/2277
f 2127/3125/2215 2131/3188/2278 2129/3189/2279 2130/3190/2280
f 2132/3191/2281 2135/3192/2282 2136/3193/2283 2138/3194/2284
f 2133/3136/2226 2137/3195/2285 2136/3196/2286 2135/3197/2287
f 2134/3131/2221 2138/3198/2288 2136/3199/2289 2137/3200/2290
f 2139/3135/2225 2142/3201/2291 2143/3202/2292 2145/3203/2293
f 2140/3142/2232 2144/3204/2294 2143/3205/2295 2142/3206/2296
f 2141/3132/2222 2145/3207/2297 2143/3208/2298 2144/3209/2299
f 2146/3141/2231 2149/3210/2300 2150/3211/2301 2152/3212/2302
f 2147/3126/2216 2151/3213/2303 2150/3214/2304 2149/3215/2305
f 2148/3133/2223 2152/3216/2306 2150/3217/2307 2151/3218/2308
f 2099/3128/2218 2105/3127/2217 2107/3159/2249 2103/3150/2240
f 2103/3146/2236 2107/3154/2244 2104/3153/2243 2097/3143/2233
f 2105/3127/2217 2112/3130/2220 2114/3168/2258 2109/3157/2247
f 2109/3162/2252 2114/3163/2253 2111/3138/2228 2106/3137/2227
f 2112/3130/2220 2119/3129/2219 2121/3177/2267 2116/3166/2256
f 2116/3171/2261 2121/3172/2262 2118/3140/2230 2113/3139/2229
f 2119/3129/2219 2099/3128/2218 2102/3152/2242 2123/3175/2265
f 2123/3180/2270 2102/3147/2237 2098/3124/2214 2120/3123/2213
f 2125/3181/2271 2132/3191/2281 2138/3194/2284 2128/3182/2272
f 2128/3187/2277 2138/3198/2288 2134/3131/2221 2126/3134/2224
f 2133/3136/2226 2139/3135/2225 2145/3203/2293 2137/3195/2285
f 2137/3200/2290 2145/3207/2297 2141/3132/2222 2134/3131/2221
f 2140/3142/2232 2146/3141/2231 2152/3212/2302 2144/3204/2294
f 2144/3209/2299 2152/3216/2306 2148/3133/2223 2141/3132/2222
f 2147/3126/2216 2127/3125/2215 2130/3190/2280 2151/3213/2303
f 2151/3218/2308 2130/3185/2275 2126/3134/2224 2148/3133/2223
f 2106/3137/2227 2133/3136/2226 2135/3197/2287 2110/3160/2250
f 2110/3156/2246 2135/3192/2282 2132/3191/2281 2104/3153/2243
f 2127/3125/2215 2098/3124/2214 2100/3149/2239 2131/3188/2278
f 2131/3184/2274 2100/3144/2234 2097/3143/2233 2125/3181/2271
f 2120/3123/2213 2147/3126/2216 2149/3215/2305 2124/3178/2268
f 2124/3174/2264 2149/3210/2300 2146/3141/2231 2118/3140/2230
f 2139/3135/2225 2111/3138/2228 2117/3165/2255 2142/3201/2291
f 2142/3206/2296 2117/3169/2259 2113/3139/2229 2140/3142/2232
f 2097/3143/2233 2104/3153/2243 2132/3191/2281 2125/3181/2271
f 2176/3219/2309 2154/3220/2310 2183/3221/2311 2203/3222/2312
f 2161/3223/2313 2155/3224/2314 2175/3225/2315 2168/3226/2316
f 2190/3227/2317 2197/3228/2318 2204/3229/2319 2182/3230/2320
f 2195/3231/2321 2189/3232/2322 2162/3233/2323 2167/3234/2324
f 2169/3235/2325 2174/3236/2326 2202/3237/2327 2196/3238/2328
f 2153/3239/2329 2156/3240/2330 2157/3241/2331 2159/3242/2332
f 2154/3220/2310 2158/3243/2333 2157/3244/2334 2156/3245/2335
f 2155/3224/2314 2159/3246/2336 2157/3247/2337 2158/3248/2338
f 2160/3249/2339 2163/3250/2340 2164/3251/2341 2166/3252/2342
f 2161/3223/2313 2165/3253/2343 2164/3254/2344 2163/3255/2345
f 2162/3233/2323 2166/3256/2346 2164/3257/2347 2165/3258/2348
f 2167/3234/2324 2170/3259/2349 2171/3260/2350 2173/3261/2351
f 2168/3226/2316 2172/3262/2352 2171/3263/2353 2170/3264/2354
f 2169/3235/2325 2173/3265/2355 2171/3266/2356 2172/3267/2357
f 2174/3236/2326 2177/3268/2358 2178/3269/2359 2180/3270/2360
f 2175/3225/2315 2179/3271/2361 2178/3272/2362 2177/3273/2363
f 2176/3219/2309 2180/3274/2364 2178/3275/2365 2179/3276/2366
f 2181/3277/2367 2184/3278/2368 2185/3279/2369 2187/3280/2370
f 2182/3230/2320 2186/3281/2371 2185/3282/2372 2184/3283/2373
f 2183/3221/2311 2187/3284/2374 2185/3285/2375 2186/3286/2376
f 2188/3287/2377 2191/3288/2378 2192/3289/2379 2194/3290/2380
f 2189/3232/2322 2193/3291/2381 2192/3292/2382 2191/3293/2383
f 2190/3227/2317 2194/3294/2384 2192/3295/2385 2193/3296/2386
f 2195/3231/2321 2198/3297/2387 2199/3298/2388 2201/3299/2389
f 2196/3238/2328 2200/3300/2390 2199/3301/2391 2198/3302/2392
f 2197/3228/2318 2201/3303/2393 2199/3304/2394 2200/3305/2395
f 2202/3237/2327 2205/3306/2396 2206/3307/2397 2208/3308/2398
f 2203/3222/2312 2207/3309/2399 2206/3310/2400 2205/3311/2401
f 2204/3229/2319 2208/3312/2402 2206/3313/2403 2207/3314/2404
f 2155/3224/2314 2161/3223/2313 2163/3255/2345 2159/3246/2336
f 2159/3242/2332 2163/3250/2340 2160/3249/2339 2153/3239/2329
f 2161/3223/2313 2168/3226/2316 2170/3264/2354 2165/3253/2343
f 2165/3258/2348 2170/3259/2349 2167/3234/2324 2162/3233/2323
f 2168/3226/2316 2175/3225/2315 2177/3273/2363 2172/3262/2352
f 2172/3267/2357 2177/3268/2358 2174/3236/2326 2169/3235/2325
f 2175/3225/2315 2155/3224/2314 2158/3248/2338 2179/3271/2361
f 2179/3276/2366 2158/3243/2333 2154/3220/2310 2176/3219/2309
f 2181/3277/2367 2188/3287/2377 2194/3290/2380 2184/3278/2368
f 2184/3283/2373 2194/3294/2384 2190/3227/2317 2182/3230/2320
f 2189/3232/2322 2195/3231/2321 2201/3299/2389 2193/3291/2381
f 2193/3296/2386 2201/3303/2393 2197/3228/2318 2190/3227/2317
f 2196/3238/2328 2202/3237/2327 2208/3308/2398 2200/3300/2390
f 2200/3305/2395 2208/3312/2402 2204/3229/2319 2197/3228/2318
f 2203/3222/2312 2183/3221/2311 2186/3286/2376 2207/3309/2399
f 2207/3314/2404 2186/3281/2371 2182/3230/2320 2204/3229/2319
f 2162/3233/2323 2189/3232/2322 2191/3293/2383 2166/3256/2346
f 2166/3252/2342 2191/3288/2378 2188/3287/2377 2160/3249/2339
f 2183/3221/2311 2154/3220/2310 2156/3245/2335 2187/3284/2374
f 2187/3280/2370 2156/3240/2330 2153/3239/2329 2181/3277/2367
f 2176/3219/2309 2203/3222/2312 2205/3311/2401 2180/3274/2364
f 2180/3270/2360 2205/3306/2396 2202/3237/2327 2174/3236/2326
f 2195/3231/2321 2167/3234/2324 2173/3261/2351 2198/3297/2387
f 2198/3302/2392 2173/3265/2355 2169/3235/2325 2196/3238/2328
f 2153/3239/2329 2160/3249/2339 2188/3287/2377 2181/3277/2367
