# 3ds Max Wavefront OBJ Exporter v0.99 - (c)2007 guruware
# File Created: 13.03.2026 17:13:08

mtllib burro.mtl

#
# object Donkey
#

v  10.3908 0.7307 7.1196
v  10.2754 0.8334 7.1583
v  10.3414 0.8169 7.2569
v  10.4578 0.7129 7.2185
v  10.5750 -0.0544 7.6884
v  10.5982 -0.0492 7.7102
v  10.6024 -0.0829 7.7045
v  10.5719 -0.0905 7.6786
v  10.1847 0.8623 7.1926
v  10.2419 0.8534 7.3036
v  10.2808 0.3512 7.2263
v  10.3190 0.3010 7.2956
v  10.2109 0.2764 7.3288
v  10.1775 0.3324 7.2567
v  10.4558 0.8153 7.4660
v  10.4989 0.8412 7.5668
v  10.5884 0.7410 7.5276
v  10.5618 0.7129 7.4079
v  10.4275 0.5050 7.1653
v  10.4135 0.6057 7.1298
v  10.4926 0.6056 7.2197
v  10.4833 0.5183 7.2308
v  10.6083 0.6023 7.5165
v  10.5837 0.6068 7.3952
v  10.1536 0.2857 6.8635
v  10.2085 0.2903 6.8586
v  10.1791 0.2190 6.8347
v  10.1437 0.2211 6.8358
v  10.0294 0.6543 6.8507
v  9.9951 0.6650 6.8577
v  10.0056 0.7126 6.8709
v  10.0585 0.6948 6.8561
v  10.3680 0.4610 7.0849
v  10.3238 0.5040 6.9566
v  10.3424 0.6616 6.9969
v  10.2158 0.6323 6.8604
v  10.1987 0.7294 6.8952
v  10.2957 0.7621 7.0119
v  10.1527 0.3703 7.0512
v  10.0895 0.3618 7.0835
v  10.0473 0.4630 6.9875
v  10.1012 0.4303 6.9396
v  10.1407 0.8019 6.9415
v  10.2179 0.8359 7.0349
v  10.1434 0.3699 7.1857
v  10.2375 0.3810 7.1597
v  10.2317 0.5043 6.8604
v  10.7080 0.7131 7.9890
v  10.7357 0.7745 8.0418
v  10.7015 0.7134 8.0787
v  10.6776 0.6561 8.0371
v  10.4076 0.8768 7.6181
v  10.4665 0.8886 7.7293
v  10.5504 0.8535 7.6832
v  10.6387 0.7633 7.6386
v  10.6614 0.6483 7.6340
v  10.6039 -0.0401 7.7357
v  10.5860 -0.0358 7.7569
v  10.5865 -0.0594 7.7625
v  10.6092 -0.0674 7.7356
v  10.6385 0.5747 7.9759
v  10.5973 0.4991 7.9169
v  10.6692 0.5498 7.8627
v  10.6831 0.6258 7.9220
v  10.5941 0.8922 7.8036
v  10.6271 0.9225 7.8886
v  10.6755 0.8493 7.8684
v  10.6681 0.8046 7.7654
v  10.8325 1.0890 8.1829
v  10.8500 1.0764 8.1363
v  10.8652 1.1101 8.1504
v  10.8435 1.1139 8.1901
v  10.6926 0.8980 7.9444
v  10.7161 0.9435 8.0047
v  10.7605 0.8770 8.0373
v  10.7181 0.8039 7.9577
v  10.6904 0.6658 7.7749
v  10.5296 0.9208 7.8457
v  10.5522 -0.0570 7.6914
v  10.5411 -0.0941 7.6838
v  10.5375 -0.0469 7.7468
v  10.5259 -0.0757 7.7509
v  10.5548 -0.0625 7.7708
v  10.5608 -0.0384 7.7635
v  10.6954 0.7320 7.8785
v  10.5704 0.9469 7.9202
v  10.7584 0.7823 8.0830
v  10.7179 0.7456 8.1037
v  10.7461 1.0560 8.1508
v  10.7073 1.0823 8.1630
v  10.7328 1.0669 8.2141
v  10.7909 1.0296 8.2048
v  10.7663 0.9383 8.0475
v  10.7998 0.9266 8.0760
v  10.8083 0.8508 8.0856
v  10.6720 1.0443 8.1009
v  10.7164 1.0241 8.0824
v  10.8006 0.6540 8.2577
v  10.8130 0.6284 8.2923
v  10.7829 0.6159 8.2904
v  10.7698 0.6382 8.2576
v  10.8385 0.7530 8.3993
v  10.8172 0.7628 8.4207
v  10.8263 0.7232 8.4441
v  10.8521 0.7172 8.4186
v  10.7435 0.6083 8.3021
v  10.7765 0.5828 8.3031
v  10.7463 0.5791 8.3117
v  10.8518 0.6827 8.3343
v  10.8447 0.7224 8.3676
v  10.8670 0.6865 8.3906
v  10.8663 0.6449 8.3682
v  10.8233 0.5919 8.3832
v  10.8447 0.6142 8.4101
v  10.8112 0.6074 8.4322
v  10.7939 0.5863 8.4021
v  10.8518 0.6591 8.4263
v  10.8152 0.6044 8.3811
v  10.7921 0.6025 8.3963
v  10.7910 0.6202 8.3915
v  10.8265 0.6197 8.3583
v  10.8041 0.7705 8.1582
v  10.7806 0.7288 8.1451
v  10.7929 1.0166 8.2463
v  10.7564 1.0408 8.2633
v  10.7807 1.0040 8.3154
v  10.8213 0.9782 8.2742
v  10.7421 0.7054 8.1502
v  10.8260 0.8747 8.1337
v  10.8317 0.8181 8.1782
v  10.6201 0.3781 7.6305
v  10.6138 0.4893 7.5659
v  10.6762 0.5078 7.6587
v  10.6661 0.3987 7.6838
v  10.5661 0.3531 7.6417
v  10.5176 0.3237 7.6952
v  10.4660 0.3471 7.7054
v  10.5451 0.4184 7.6072
v  10.5293 0.3274 7.7764
v  10.5025 0.3511 7.7847
v  10.6913 0.5231 7.7671
v  10.5867 0.3541 7.8215
v  10.5575 0.4168 7.8664
v  10.6355 0.3777 7.8027
v  10.6553 0.4807 7.8268
v  10.6752 0.3952 7.7558
v  10.5882 -0.1260 7.7034
v  10.5735 -0.1180 7.6872
v  10.5970 -0.1610 7.7194
v  10.6034 -0.1837 7.7086
v  10.5644 -0.1817 7.7239
v  10.5682 -0.1586 7.7307
v  10.6168 -0.1374 7.7384
v  10.6325 -0.1549 7.7425
v  10.5668 -0.1197 7.7975
v  10.5650 -0.1382 7.8112
v  10.6058 -0.1371 7.8034
v  10.5984 -0.1187 7.7897
v  10.5228 -0.0853 7.7082
v  10.5353 -0.0526 7.7119
v  10.6304 0.1717 7.7006
v  10.6397 0.1675 7.7447
v  10.6421 0.1385 7.7423
v  10.6299 0.1407 7.6927
v  10.5297 0.1724 7.6966
v  10.5155 0.1329 7.6896
v  10.5241 0.1321 7.7524
v  10.5356 0.1700 7.7519
v  10.5735 0.1680 7.7841
v  10.5678 0.1340 7.7883
v  10.6122 0.1364 7.7770
v  10.6074 0.1675 7.7773
v  10.5613 0.1741 7.6647
v  10.5526 0.1365 7.6513
v  10.6008 0.1727 7.6612
v  10.5946 0.1382 7.6474
v  10.6471 0.2631 7.6959
v  10.6121 0.2557 7.6599
v  10.6209 0.2550 7.7831
v  10.6537 0.2600 7.7477
v  10.5672 0.2485 7.6658
v  10.5421 0.2390 7.7607
v  10.5848 0.2479 7.7942
v  10.5344 0.2372 7.7019
v  10.8010 0.7274 8.2254
v  10.7852 0.6888 8.2061
v  10.7892 0.9425 8.3407
v  10.8227 0.9247 8.3069
v  10.7526 0.6689 8.2100
v  10.8309 0.7763 8.2422
v  10.5194 0.4408 7.8966
v  10.4630 0.3613 7.8002
v  10.4232 0.3472 7.7259
v  10.6831 0.6905 8.1741
v  10.7066 0.6577 8.2241
v  10.6660 0.7253 8.1362
v  10.8212 0.8440 8.3440
v  10.7983 0.8561 8.3708
v  10.8066 0.8092 8.3937
v  10.8282 0.7992 8.3712
v  10.8263 0.6616 8.4532
v  10.8161 0.6110 8.3473
v  10.8200 0.6388 8.3224
v  10.7656 0.6232 8.3422
v  10.7781 0.5942 8.3705
v  10.7289 0.6267 8.2715
v  10.8222 0.9346 8.1286
v  10.7368 0.9830 8.0371
v  10.6543 0.7102 8.1159
v  10.6266 0.6473 8.0721
v  10.5882 0.5667 8.0102
v  10.5480 0.4892 7.9445
v  10.6565 0.9578 7.9588
v  10.6816 0.9927 8.0202
v  10.1873 0.2402 7.0063
v  10.1555 0.1712 6.9345
v  10.1891 0.1619 6.9283
v  10.2440 0.2326 7.0112
v  10.1196 0.8684 7.0667
v  10.0668 0.8292 6.9712
v  10.1409 0.2608 6.9381
v  10.1253 0.1905 6.8907
v  10.0293 0.5323 6.9428
v  10.0158 0.5840 6.9093
v  10.0408 0.5906 6.8863
v  10.0734 0.5276 6.8863
v  10.4095 0.2905 7.5257
v  10.4476 0.3191 7.6077
v  10.3781 0.3014 7.6461
v  10.3350 0.2713 7.5678
v  10.3554 0.8554 7.5211
v  10.8520 0.6945 8.4311
v  10.8283 0.6964 8.4520
v  10.8147 0.5978 8.3188
v  10.8327 0.7662 8.3382
v  10.8405 0.7199 8.2983
v  10.8303 0.8218 8.3060
v  10.8189 0.6882 8.2709
v  10.8382 0.6162 8.3481
v  10.6071 0.9793 7.9859
v  10.6412 1.0124 8.0463
v  10.4821 0.3432 7.4647
v  10.5352 0.4141 7.4190
v  10.5484 0.4205 7.4951
v  10.5166 0.3594 7.5529
v  10.1214 0.1683 6.8060
v  10.1592 0.1652 6.8050
v  10.1511 0.1421 6.7931
v  10.1126 0.1455 6.7940
v  10.0847 0.1438 6.8252
v  10.0942 0.1654 6.8362
v  10.1641 0.1165 6.9022
v  10.1570 0.0898 6.8971
v  10.1819 0.0997 6.8826
v  10.1910 0.1275 6.8859
v  10.1020 0.1438 6.8697
v  10.0915 0.1216 6.8586
v  10.2309 0.3935 6.8700
v  10.1539 0.3843 6.8785
v  10.1329 0.4897 6.8565
v  10.1262 0.2778 6.9006
v  10.1184 0.2146 6.8634
v  10.2466 0.2693 6.8953
v  10.2679 0.2483 6.9655
v  10.2174 0.1746 6.9086
v  10.1996 0.1912 6.8629
v  10.1819 0.1391 6.8397
v  10.1733 0.1152 6.8279
v  10.1278 0.1036 6.9061
v  10.1325 0.1300 6.9114
v  10.6248 0.0969 7.7396
v  10.6089 0.0242 7.7358
v  10.6024 0.0253 7.7080
v  10.6166 0.0990 7.7032
v  10.5387 0.0939 7.7493
v  10.5308 0.0942 7.6997
v  10.5373 0.0176 7.7080
v  10.5423 0.0171 7.7436
v  10.5703 0.0956 7.7744
v  10.5664 0.0192 7.7629
v  10.5916 0.0223 7.7566
v  10.6028 0.0966 7.7657
v  10.5569 0.0957 7.6714
v  10.5562 0.0207 7.6863
v  10.5880 0.0964 7.6677
v  10.5803 0.0228 7.6835
v  10.1076 0.6311 6.8479
v  10.2262 0.3101 7.0950
v  10.2941 0.3119 7.0896
v  10.3645 0.4334 7.1608
v  10.3654 0.3909 7.2167
v  10.3944 0.3494 7.2743
v  10.2827 0.3633 6.9217
v  10.3174 0.3384 7.0263
v  10.1179 0.3710 6.9287
v  10.1544 0.3300 7.0048
v  10.5606 -0.1282 7.7185
v  10.5478 -0.1216 7.6905
v  10.5257 -0.1131 7.7159
v  10.5299 -0.1233 7.7343
v  10.5357 -0.1565 7.7554
v  10.5217 -0.1781 7.7563
v  10.5340 -0.1486 7.7951
v  10.5428 -0.2133 7.8392
v  10.5795 -0.2124 7.8616
v  10.6237 -0.2149 7.8490
v  10.6207 -0.2249 7.7345
v  10.5745 -0.2219 7.7536
v  10.6549 -0.2221 7.7787
v  10.6217 -0.1231 7.7638
v  10.6344 -0.1420 7.7691
v  10.5408 -0.1318 7.7809
v  10.5379 -0.1067 7.7645
v  10.5605 -0.0928 7.7772
v  10.6097 -0.0964 7.7462
v  10.6056 -0.1124 7.7244
v  10.5377 -0.1371 7.7453
v  10.5884 -0.0913 7.7691
v  10.5653 -0.1395 7.7254
v  10.5899 -0.1409 7.7152
v  10.6051 -0.2178 7.8100
v  10.6584 -0.2191 7.8138
v  10.5279 -0.2173 7.7885
v  10.1164 -0.1188 6.8031
v  10.1397 -0.1136 6.8249
v  10.1436 -0.1514 6.8193
v  10.1130 -0.1590 6.7933
v  10.1454 -0.1045 6.8504
v  10.1275 -0.1002 6.8717
v  10.1277 -0.1279 6.8773
v  10.1504 -0.1359 6.8504
v  10.0936 -0.1214 6.8062
v  10.0823 -0.1625 6.7986
v  10.0790 -0.1112 6.8615
v  10.0671 -0.1442 6.8657
v  10.0960 -0.1310 6.8856
v  10.1023 -0.1028 6.8782
v  10.1304 -0.1937 6.8200
v  10.1157 -0.1858 6.8038
v  10.1369 -0.2282 6.8363
v  10.1462 -0.2541 6.8268
v  10.1052 -0.2521 6.8432
v  10.1079 -0.2258 6.8477
v  10.1563 -0.2045 6.8555
v  10.1753 -0.2254 6.8607
v  10.1104 -0.1872 6.9125
v  10.1078 -0.2087 6.9294
v  10.1487 -0.2076 6.9216
v  10.1402 -0.1860 6.9057
v  10.0640 -0.1538 6.8229
v  10.0768 -0.1170 6.8266
v  10.1500 0.0173 6.8258
v  10.1563 0.0162 6.8536
v  10.1484 -0.0561 6.8508
v  10.1423 -0.0574 6.8244
v  10.0841 0.0131 6.8236
v  10.0797 -0.0639 6.8248
v  10.0838 -0.0628 6.8591
v  10.0899 0.0131 6.8613
v  10.1142 0.0148 6.8806
v  10.1071 -0.0593 6.8772
v  10.1315 -0.0564 6.8711
v  10.1392 0.0159 6.8739
v  10.1039 0.0143 6.8018
v  10.0975 -0.0626 6.8040
v  10.1279 0.0151 6.7989
v  10.1206 -0.0605 6.8012
v  10.1008 -0.1958 6.8361
v  10.0880 -0.1892 6.8080
v  10.0679 -0.1808 6.8325
v  10.0721 -0.1911 6.8509
v  10.0796 -0.2239 6.8703
v  10.0645 -0.2485 6.8745
v  10.0769 -0.2191 6.9133
v  10.0842 -0.2777 6.9540
v  10.1210 -0.2768 6.9764
v  10.1633 -0.2792 6.9647
v  10.1622 -0.2893 6.8492
v  10.1141 -0.2861 6.8694
v  10.1964 -0.2865 6.8934
v  10.1617 -0.1903 6.8807
v  10.1772 -0.2125 6.8873
v  10.0851 -0.1993 6.8955
v  10.0824 -0.1746 6.8799
v  10.1042 -0.1606 6.8929
v  10.1503 -0.1640 6.8637
v  10.1458 -0.1800 6.8420
v  10.0816 -0.2050 6.8610
v  10.1306 -0.1590 6.8857
v  10.1054 -0.2071 6.8430
v  10.1305 -0.2085 6.8326
v  10.1446 -0.2820 6.9258
v  10.1998 -0.2835 6.9286
v  10.0693 -0.2817 6.9033
v  10.0886 0.0994 6.8265
v  10.1116 0.1008 6.8009
v  10.0945 0.0858 6.8582
v  10.1240 0.0754 6.8930
v  10.1493 0.0673 6.8856
v  10.1697 0.0734 6.8706
v  10.1625 0.0832 6.8288
v  10.1423 0.0990 6.7995
v  10.4037 0.8075 7.3648
v  10.5196 0.7053 7.3069
v  10.2656 0.2484 7.4380
v  10.3590 0.2753 7.4007
v  10.4429 0.3426 7.3609
v  10.4461 0.4200 7.2490
v  10.5034 0.4146 7.3284
v  10.5443 0.6071 7.2990
v  10.3008 0.8469 7.4175
v  10.5409 0.5160 7.3078
v  10.4173 0.4328 7.2088
v  10.5735 0.5122 7.3993
v  10.7751 0.5674 8.3254
v  10.7961 0.5750 8.3487
v  10.7723 0.5687 8.3631
v  10.7559 0.5653 8.3322
v  10.7816 0.6568 8.3681
v  10.8272 0.6493 8.3269
v  10.8409 0.6475 8.3169
v  10.8351 0.6634 8.3074
v  10.8124 0.6631 8.3047
v  10.8199 0.6623 8.3160
v  10.7725 0.6809 8.3471
v  10.7594 0.6731 8.3230
v  10.8137 0.6519 8.3071
v  10.7572 0.6475 8.3226
v  10.8265 0.6651 8.2925
v  10.8272 0.6516 8.3002
v  10.8144 0.5912 8.3732
v  10.7879 0.5855 8.3906
v  10.8070 0.5955 8.3654
v  10.7837 0.5921 8.3816
v  10.8317 0.6418 8.3137
v  10.8276 0.6123 8.3435
v  10.8330 0.6429 8.3180
v  10.8280 0.6513 8.3119
v  10.8270 0.6511 8.3122
v  10.8253 0.6550 8.3067
v  10.8315 0.6424 8.3243
v  10.8268 0.6136 8.3533
v  10.8151 0.5980 8.3746
v  10.8169 0.5929 8.3767
v  10.8292 0.6134 8.3479
v  10.7892 0.5929 8.3921
v  10.7902 0.5881 8.3947
v  10.5855 0.4784 7.4991
v  10.8862 1.1696 8.1301
v  10.8864 1.2013 8.1677
v  10.8891 1.1952 8.1717
v  10.8883 1.1575 8.1443
v  10.8363 1.1768 8.1447
v  10.8238 1.1690 8.1655
v  10.8596 1.1968 8.1856
v  10.8669 1.2141 8.1752
v  10.8342 1.1611 8.1897
v  10.8652 1.1925 8.1964
v  10.8772 1.1548 8.1688
v  10.8821 1.1962 8.1880
v  10.7668 1.0376 8.1467
v  10.7397 1.0323 8.0941
v  10.8039 1.0203 8.1637
v  10.7514 1.0119 8.0578
v  10.8782 1.2117 8.1876
v  10.8756 1.2049 8.1645
v  10.8740 1.1867 8.1983
v  10.8546 1.1487 8.1922
v  10.8639 1.1730 8.1278
v  10.8521 1.0663 8.0768
v  10.8213 1.0772 8.0766
v  10.8455 1.1265 8.0955
v  10.8719 1.1173 8.0955
v  10.7850 1.0944 8.0933
v  10.8096 1.1374 8.1165
v  10.8114 1.1205 8.1920
v  10.7980 1.0940 8.1768
v  10.8597 1.0690 8.0986
v  10.8747 1.1091 8.1137
v  10.7968 1.1318 8.1506
v  10.7736 1.0972 8.1289
v  10.8109 0.9698 8.1132
v  10.7931 0.9665 8.0835
v  10.7993 0.9901 8.0842
v  10.8103 0.9977 8.1079
v  10.7551 1.0565 8.1094
v  10.7612 1.0421 8.0742
v  10.7792 1.0549 8.1530
v  10.8144 0.9962 8.1434
v  10.8140 1.0175 8.1353
v  10.8089 1.0399 8.1648
v  10.7819 1.0116 8.0767
v  10.7754 0.9840 8.0647
v  10.8332 1.0280 8.0983
v  10.8240 1.0234 8.0758
v  10.7641 1.0764 8.1186
v  10.7718 1.0690 8.0833
v  10.7871 1.0757 8.1625
v  10.8289 1.0501 8.1336
v  10.8175 1.0664 8.1694
v  10.7987 1.0474 8.0712
v  10.0112 0.5699 6.9025
v  10.0247 0.5699 6.8856
v  10.0878 0.7379 6.8704
v  10.1289 0.7050 6.8635
v  10.0075 0.5304 6.9012
v  10.0189 0.5292 6.8867
v  10.0045 0.5799 6.8561
v  9.9875 0.5822 6.8552
v  10.0271 0.5736 6.8653
v  10.0575 0.6226 6.8703
v  10.0189 0.7600 6.8895
v  10.0013 0.2586 6.8734
v  10.0195 0.2598 6.8872
v  9.9868 0.2151 6.9079
v  10.0011 0.4128 6.9062
v  10.0000 0.3706 6.9103
v  10.0081 0.3694 6.9001
v  10.0090 0.4120 6.8958
v  10.0206 0.5293 6.8704
v  10.0218 0.2610 6.9100
v  10.0022 0.5313 6.8632
v  9.9969 0.3680 6.8802
v  9.9988 0.3404 6.8738
v  9.9801 0.3409 6.8766
v  9.9847 0.3685 6.8813
v  10.0066 0.3684 6.8880
v  10.0156 0.3423 6.9036
v  10.0135 0.3410 6.8851
v  9.9752 0.2589 6.8792
v  10.0017 0.2623 6.9296
v  10.0060 0.3034 6.9318
v  10.0274 0.3017 6.9098
v  9.9735 0.2993 6.8701
v  10.0022 0.2987 6.8647
v  10.0245 0.3001 6.8817
v  10.0022 0.3437 6.9185
v  10.0087 0.4123 6.8844
v  9.9982 0.4134 6.8780
v  9.9866 0.4142 6.8782
v  10.0004 0.4723 6.8714
v  10.0144 0.4708 6.8777
v  10.0136 0.4706 6.8912
v  10.0041 0.4715 6.9035
v  9.9873 0.4733 6.8710
v  9.9874 0.5322 6.8625
v  10.8441 0.8939 8.1902
v  10.8370 0.8665 8.2171
v  10.8303 0.8578 8.2550
v  10.8381 0.8723 8.2872
v  10.7926 0.8981 8.3537
v  10.8215 0.8837 8.3259
v  10.8659 0.9333 8.2475
v  10.8507 0.9064 8.2739
v  10.8656 0.9371 8.2113
v  10.8456 0.9824 8.1901
v  10.8491 0.9148 8.2033
v  10.8398 0.8972 8.2046
v  10.8524 0.9209 8.1850
v  10.8316 0.8782 8.2254
v  10.8229 0.8746 8.2456
v  10.8312 0.8822 8.2658
v  10.8433 0.9014 8.2579
v  10.8495 0.9208 8.2184
v  10.8516 0.9179 8.2393
v  10.8460 0.8963 8.2325
v  9.9929 0.7612 7.3270
v  10.0335 0.7454 7.4396
v  10.1432 0.8320 7.3602
v  10.1020 0.8467 7.2487
v  10.2586 -0.0302 7.8532
v  10.2480 -0.0657 7.8473
v  10.2529 -0.0562 7.8866
v  10.2639 -0.0236 7.8844
v  10.1255 0.3159 7.3964
v  10.0966 0.3653 7.3222
v  10.2152 0.7696 7.7221
v  10.3099 0.8557 7.6653
v  10.2489 0.8311 7.5739
v  10.1292 0.7460 7.6333
v  9.9823 0.5391 7.3973
v  10.0058 0.5549 7.4796
v  10.0020 0.6432 7.4754
v  9.9733 0.6394 7.3591
v  10.1783 0.6353 7.7406
v  10.0938 0.6443 7.6506
v  9.8647 0.3078 7.0141
v  9.8400 0.2443 6.9941
v  9.8188 0.2466 7.0224
v  9.8302 0.3193 7.0557
v  9.9687 0.6590 6.8823
v  9.9615 0.7022 6.9066
v  9.8705 0.5387 7.1928
v  9.9451 0.4933 7.3053
v  9.9118 0.6945 7.2213
v  9.9182 0.7509 7.0414
v  9.8685 0.6589 7.0414
v  9.9626 0.7876 7.1855
v  10.0285 0.3798 7.1159
v  9.9737 0.4401 7.0060
v  9.9976 0.8129 7.0161
v  10.0342 0.8500 7.1307
v  10.0703 0.3938 7.2468
v  9.8442 0.5340 7.0624
v  10.5976 0.7214 8.1328
v  10.5554 0.7883 8.1358
v  10.5207 0.7275 8.0866
v  10.5703 0.6643 8.0930
v  10.3772 0.8668 7.7735
v  10.2496 0.6799 7.8486
v  10.2800 0.7908 7.8255
v  10.2826 -0.0155 7.9031
v  10.2762 -0.0419 7.9091
v  10.3120 -0.0384 7.9056
v  10.3105 -0.0147 7.9005
v  10.5327 0.5828 8.0310
v  10.4697 0.6422 8.0332
v  10.4200 0.5689 7.9926
v  10.4988 0.5067 7.9682
v  10.4570 0.8660 7.9823
v  10.5096 0.9315 7.9498
v  10.4553 0.9028 7.8759
v  10.3718 0.8273 7.9199
v  10.6535 1.1028 8.2761
v  10.6562 1.1282 8.2877
v  10.6110 1.1296 8.2829
v  10.6041 1.0952 8.2644
v  10.5500 0.8931 8.1470
v  10.5565 0.9557 8.0879
v  10.5152 0.9116 8.0369
v  10.5003 0.8206 8.0712
v  10.3503 0.6918 7.9521
v  10.2737 -0.0357 7.8365
v  10.2692 -0.0732 7.8255
v  10.3363 -0.0458 7.8847
v  10.3349 -0.0611 7.8504
v  10.3284 -0.0308 7.8558
v  10.3298 -0.0207 7.8839
v  10.4399 0.7516 8.0117
v  10.6126 0.7537 8.1586
v  10.5772 0.7962 8.1775
v  10.6723 1.0617 8.1893
v  10.6878 1.0375 8.2586
v  10.5654 0.9446 8.1982
v  10.5624 0.9539 8.1538
v  10.5592 0.8699 8.2154
v  10.6294 1.0307 8.1277
v  10.7126 0.6213 8.3270
v  10.6986 0.6371 8.3519
v  10.6805 0.6632 8.3203
v  10.6959 0.6439 8.2961
v  10.7864 0.7570 8.4265
v  10.7901 0.7219 8.4509
v  10.7226 0.5870 8.3312
v  10.7175 0.6930 8.4044
v  10.7324 0.6551 8.4379
v  10.7553 0.6950 8.4489
v  10.7533 0.7294 8.4152
v  10.7626 0.5966 8.4148
v  10.7751 0.6195 8.4463
v  10.7897 0.6638 8.4587
v  10.7669 0.6081 8.4062
v  10.7438 0.6260 8.4014
v  10.6089 0.7420 8.2346
v  10.6113 0.7852 8.2587
v  10.7190 1.0223 8.2848
v  10.7211 0.9858 8.3264
v  10.6320 0.7139 8.2076
v  10.6176 0.8345 8.2898
v  10.5914 0.8927 8.2559
v  10.2446 0.5409 7.8836
v  10.2019 0.5208 7.7806
v  10.2377 0.4074 7.8298
v  10.2577 0.4300 7.8967
v  10.2744 0.3754 7.7937
v  10.2660 0.4397 7.7527
v  10.3823 0.3535 7.7491
v  10.3420 0.3371 7.7867
v  10.4268 0.3569 7.8241
v  10.4020 0.3371 7.8427
v  10.3263 0.5510 7.9573
v  10.4702 0.4235 7.9119
v  10.4096 0.3676 7.9138
v  10.3903 0.5010 7.9650
v  10.3695 0.3980 7.9413
v  10.3109 0.4231 7.9457
v  10.2509 -0.0933 7.8553
v  10.2548 -0.1004 7.8772
v  10.2784 -0.1598 7.8730
v  10.2435 -0.1561 7.8961
v  10.2587 -0.1351 7.8957
v  10.2845 -0.1369 7.8785
v  10.2582 -0.1262 7.9376
v  10.2658 -0.1105 7.9213
v  10.3251 -0.1156 7.9497
v  10.3545 -0.1220 7.9210
v  10.3444 -0.1027 7.9134
v  10.3204 -0.0974 7.9346
v  10.3006 -0.0683 7.8240
v  10.3004 -0.0346 7.8343
v  10.2644 0.1998 7.8914
v  10.2544 0.1694 7.8883
v  10.2878 0.1656 7.9269
v  10.2946 0.1939 7.9246
v  10.3620 0.1445 7.8369
v  10.3157 0.1482 7.7938
v  10.3181 0.1886 7.8068
v  10.3596 0.1835 7.8436
v  10.3328 0.1578 7.9226
v  10.3668 0.1494 7.8930
v  10.3642 0.1841 7.8931
v  10.3394 0.1880 7.9169
v  10.2639 0.1586 7.8018
v  10.2744 0.1960 7.8143
v  10.2372 0.1655 7.8337
v  10.2490 0.1996 7.8445
v  10.2516 0.2833 7.8478
v  10.2620 0.2925 7.8966
v  10.3002 0.2871 7.9320
v  10.3471 0.2760 7.9258
v  10.2809 0.2704 7.8150
v  10.3757 0.2639 7.9032
v  10.3714 0.2521 7.8497
v  10.3275 0.2530 7.8097
v  10.6512 0.6991 8.2759
v  10.6627 0.7380 8.2975
v  10.7406 0.9310 8.3497
v  10.6705 0.6751 8.2528
v  10.6654 0.7890 8.3285
v  10.7620 0.8486 8.3749
v  10.7748 0.8032 8.3990
v  10.7396 0.6169 8.3872
v  10.7204 0.6464 8.3743
v  10.5966 0.9519 8.2462
v  10.5760 0.9953 8.1209
v  10.5946 0.9994 8.0655
v  10.5545 0.9656 8.0120
v  9.8826 0.1854 7.0880
v  9.9078 0.1901 7.0636
v  9.9567 0.2579 7.1265
v  9.9277 0.2568 7.1760
v  9.8915 0.2084 7.0125
v  9.9298 0.2770 7.0481
v  9.9577 0.5365 6.9466
v  9.9837 0.5949 6.9161
v  10.2609 0.3019 7.6032
v  10.3096 0.3296 7.6796
v  10.7977 0.6986 8.4593
v  10.7156 0.6054 8.3705
v  10.7414 0.7732 8.3857
v  10.6989 0.7308 8.3721
v  10.7232 0.8300 8.3618
v  10.6850 0.6985 8.3407
v  10.7284 0.6246 8.4053
v  10.1763 0.3666 7.6241
v  10.2307 0.3812 7.7019
v  10.1729 0.4492 7.6908
v  10.1175 0.4461 7.6367
v  9.8219 0.1913 6.9621
v  9.8144 0.1684 6.9494
v  9.7914 0.1696 6.9805
v  9.7994 0.1928 6.9925
v  9.8554 0.1614 6.9447
v  9.8616 0.1832 6.9575
v  9.8419 0.1258 7.0598
v  9.8667 0.1121 7.0484
v  9.8701 0.1391 7.0555
v  9.8429 0.1542 7.0673
v  9.8819 0.1606 6.9843
v  9.8761 0.1381 6.9708
v  9.8952 0.5079 6.9804
v  9.8886 0.4047 7.0168
v  9.8392 0.4235 7.0741
v  9.8760 0.2332 6.9898
v  9.9095 0.2944 7.0136
v  9.8361 0.3008 7.1093
v  9.8268 0.2198 7.0572
v  9.8521 0.2026 7.0990
v  9.8788 0.2781 7.1683
v  9.8117 0.1675 7.0327
v  9.8040 0.1434 7.0204
v  9.8922 0.1217 7.0289
v  9.8970 0.1480 7.0341
v  10.2687 0.0509 7.8819
v  10.2875 0.0488 7.9033
v  10.2904 0.1225 7.9139
v  10.2656 0.1258 7.8862
v  10.3466 0.1086 7.8494
v  10.3308 0.0333 7.8538
v  10.3046 0.0354 7.8293
v  10.3106 0.1111 7.8145
v  10.3141 0.0435 7.9013
v  10.3331 0.0371 7.8845
v  10.3495 0.1125 7.8895
v  10.3241 0.1179 7.9109
v  10.2765 0.0421 7.8321
v  10.2730 0.1175 7.8194
v  10.2609 0.0472 7.8500
v  10.2524 0.1221 7.8426
v  9.9194 0.6455 6.9460
v  9.9729 0.3365 7.2571
v  10.0155 0.3262 7.2049
v  10.0057 0.4609 7.3478
v  10.0714 0.3742 7.4427
v  10.0457 0.4154 7.3834
v  9.8485 0.3965 7.1480
v  9.9112 0.3695 7.2380
v  9.9849 0.3430 7.0932
v  9.9483 0.3840 7.0171
v  10.2825 -0.1069 7.8634
v  10.2676 -0.1002 7.8365
v  10.3019 -0.0959 7.8325
v  10.3133 -0.1068 7.8472
v  10.3233 -0.1402 7.8661
v  10.3293 -0.1633 7.8565
v  10.3785 -0.1970 7.9664
v  10.3809 -0.2009 7.9236
v  10.3575 -0.1351 7.8871
v  10.3428 -0.1934 7.9954
v  10.2920 -0.2002 7.9008
v  10.2500 -0.1966 7.9277
v  10.2670 -0.1924 7.9809
v  10.2855 -0.0974 7.9390
v  10.2804 -0.1149 7.9536
v  10.3442 -0.1168 7.8834
v  10.3347 -0.0755 7.8948
v  10.3354 -0.0912 7.8700
v  10.2637 -0.0863 7.9026
v  10.2811 -0.0713 7.9175
v  10.3162 -0.1201 7.8607
v  10.3125 -0.0701 7.9129
v  10.2841 -0.1180 7.8719
v  10.2617 -0.1157 7.8863
v  10.3212 -0.1961 7.9579
v  10.2941 -0.1912 8.0037
v  10.3475 -0.2035 7.8826
v  9.7879 -0.0936 6.9743
v  9.7771 -0.1332 6.9684
v  9.7819 -0.1237 7.0078
v  9.7932 -0.0871 7.0055
v  9.8119 -0.0790 7.0242
v  9.8053 -0.1094 7.0302
v  9.8410 -0.1059 7.0267
v  9.8399 -0.0782 7.0216
v  9.8030 -0.0991 6.9576
v  9.7983 -0.1408 6.9466
v  9.8653 -0.1134 7.0058
v  9.8639 -0.1286 6.9716
v  9.8577 -0.0943 6.9769
v  9.8591 -0.0842 7.0049
v  9.7809 -0.1601 6.9782
v  9.7848 -0.1673 7.0001
v  9.8110 -0.2295 6.9965
v  9.7742 -0.2257 7.0207
v  9.7903 -0.2017 7.0170
v  9.8164 -0.2034 6.9996
v  9.7889 -0.1958 7.0621
v  9.7978 -0.1771 7.0423
v  9.8558 -0.1852 7.0743
v  9.8851 -0.1916 7.0455
v  9.8724 -0.1689 7.0365
v  9.8501 -0.1638 7.0568
v  9.8296 -0.1359 6.9451
v  9.8297 -0.0981 6.9554
v  9.8038 0.0438 7.0062
v  9.7980 -0.0310 7.0038
v  9.8163 -0.0306 7.0239
v  9.8228 0.0417 7.0274
v  9.8588 -0.0456 6.9764
v  9.8330 -0.0450 6.9533
v  9.8387 0.0319 6.9514
v  9.8663 0.0302 6.9779
v  9.8424 -0.0343 7.0218
v  9.8608 -0.0404 7.0055
v  9.8685 0.0336 7.0086
v  9.8490 0.0381 7.0252
v  9.8061 -0.0403 6.9559
v  9.8099 0.0368 6.9550
v  9.7910 -0.0352 6.9730
v  9.7941 0.0406 6.9729
v  9.8144 -0.1738 6.9853
v  9.7996 -0.1671 6.9584
v  9.8319 -0.1627 6.9555
v  9.8434 -0.1736 6.9701
v  9.8510 -0.2064 6.9894
v  9.8600 -0.2329 6.9811
v  9.9078 -0.2605 7.0875
v  9.9102 -0.2644 7.0447
v  9.8882 -0.2047 7.0116
v  9.8741 -0.2570 7.1154
v  9.8233 -0.2638 7.0209
v  9.7793 -0.2600 7.0488
v  9.7963 -0.2558 7.1019
v  9.8171 -0.1639 7.0603
v  9.8110 -0.1844 7.0781
v  9.8714 -0.1830 7.0069
v  9.8631 -0.1422 7.0186
v  9.8631 -0.1578 6.9941
v  9.7957 -0.1532 7.0244
v  9.8128 -0.1382 7.0396
v  9.8445 -0.1868 6.9845
v  9.8425 -0.1369 7.0358
v  9.8162 -0.1850 6.9938
v  9.7933 -0.1827 7.0083
v  9.8525 -0.2597 7.0780
v  9.8234 -0.2546 7.1248
v  9.8768 -0.2670 7.0036
v  9.8489 0.1178 6.9514
v  9.8152 0.1235 6.9553
v  9.8699 0.1030 6.9753
v  9.8804 0.0940 7.0200
v  9.8590 0.0896 7.0369
v  9.8359 0.0990 7.0445
v  9.8071 0.1104 7.0141
v  9.7965 0.1254 6.9797
v  10.1948 0.8235 7.4737
v  10.0698 0.7398 7.5413
v  10.1856 0.2886 7.4911
v  10.0299 0.4519 7.4659
v  10.1137 0.3678 7.5325
v  10.0616 0.4485 7.5586
v  10.0375 0.6459 7.5631
v  10.0358 0.5547 7.5710
v  10.0149 0.4636 7.4185
v  10.0915 0.5491 7.6505
v  10.7478 0.5787 8.3739
v  10.7397 0.5701 8.3438
v  10.7213 0.6574 8.3821
v  10.7026 0.6735 8.3765
v  10.7052 0.6579 8.3876
v  10.7132 0.6707 8.3564
v  10.7181 0.6701 8.3690
v  10.7131 0.6596 8.3595
v  10.6998 0.6614 8.3666
v  10.6955 0.6751 8.3607
v  10.7594 0.5954 8.4019
v  10.7577 0.5992 8.3911
v  10.7302 0.6197 8.3943
v  10.7071 0.6514 8.3787
v  10.7089 0.6605 8.3740
v  10.7100 0.6523 8.3821
v  10.7066 0.6640 8.3685
v  10.7097 0.6601 8.3734
v  10.7160 0.6513 8.3845
v  10.7609 0.6022 8.4028
v  10.7388 0.6203 8.3991
v  10.7330 0.6207 8.3980
v  10.7610 0.5971 8.4059
v  10.1621 0.5109 7.7198
v  10.6251 1.2154 8.3092
v  10.6241 1.2214 8.3044
v  10.5898 1.1923 8.2846
v  10.5987 1.1796 8.2952
v  10.6307 1.1925 8.2519
v  10.6428 1.2313 8.2920
v  10.6534 1.2126 8.2930
v  10.6539 1.1820 8.2540
v  10.6584 1.2083 8.3041
v  10.6667 1.1739 8.2769
v  10.6247 1.1742 8.3004
v  10.6425 1.2145 8.3129
v  10.6268 1.0410 8.1529
v  10.6550 1.0461 8.2049
v  10.6458 1.0324 8.2460
v  10.5881 1.0244 8.1429
v  10.6462 1.2295 8.3085
v  10.6281 1.2238 8.2935
v  10.6543 1.2035 8.3128
v  10.6558 1.1639 8.2958
v  10.6010 1.1931 8.2648
v  10.5532 1.0892 8.2326
v  10.5634 1.1409 8.2563
v  10.5794 1.1468 8.2342
v  10.5717 1.0963 8.2066
v  10.6181 1.1521 8.2163
v  10.6080 1.1079 8.1856
v  10.6766 1.1308 8.2622
v  10.6687 1.1039 8.2442
v  10.5756 1.1320 8.2695
v  10.5670 1.0914 8.2511
v  10.6525 1.1428 8.2258
v  10.6438 1.1071 8.1965
v  10.5946 0.9864 8.2260
v  10.5940 1.0143 8.2207
v  10.5799 1.0069 8.1985
v  10.5800 0.9828 8.1945
v  10.5996 1.0544 8.1585
v  10.6335 1.0658 8.1727
v  10.6552 1.0644 8.2176
v  10.6204 1.0111 8.2445
v  10.6166 1.0326 8.2381
v  10.6462 1.0524 8.2496
v  10.5862 1.0266 8.1787
v  10.5768 0.9992 8.1682
v  10.5768 1.0477 8.2319
v  10.5631 1.0434 8.2117
v  10.6383 1.0861 8.1841
v  10.6042 1.0819 8.1706
v  10.6610 1.0854 8.2283
v  10.6107 1.0668 8.2473
v  10.6483 1.0794 8.2575
v  10.5766 1.0644 8.1870
v  9.9897 0.5726 6.9039
v  9.9618 0.7476 6.9361
v  9.9290 0.7203 6.9677
v  9.9890 0.5315 6.9023
v  9.9783 0.5819 6.8698
v  9.9722 0.5778 6.8939
v  9.9650 0.6297 6.9185
v  9.9557 0.2621 6.8972
v  9.9568 0.2646 6.9199
v  9.9869 0.3711 6.9111
v  9.9880 0.4136 6.9068
v  9.9748 0.5328 6.8943
v  9.9742 0.2646 6.9348
v  9.9796 0.5330 6.8751
v  9.9671 0.3428 6.8903
v  9.9768 0.3696 6.8907
v  9.9777 0.3706 6.9030
v  9.9682 0.3445 6.9088
v  9.9823 0.3449 6.9210
v  9.9758 0.3057 6.9367
v  9.9528 0.3025 6.8904
v  9.9543 0.3054 6.9183
v  9.9789 0.4146 6.8999
v  9.9798 0.4148 6.8876
v  9.9772 0.4737 6.8971
v  9.9801 0.4739 6.8819
v  9.9887 0.4726 6.9042
v  10.6295 0.9103 8.3020
v  10.6523 0.8807 8.3134
v  10.6859 0.8689 8.3302
v  10.7095 0.8822 8.3542
v  10.7518 0.8891 8.3622
v  10.6686 0.9484 8.3503
v  10.6956 0.9183 8.3547
v  10.6392 0.9982 8.2976
v  10.6398 0.9544 8.3290
v  10.6399 0.9308 8.3123
v  10.6238 0.9384 8.3041
v  10.6442 0.9122 8.3066
v  10.6634 0.8911 8.3131
v  10.6844 0.8853 8.3178
v  10.6971 0.8925 8.3357
v  10.6861 0.9134 8.3398
v  10.6527 0.9359 8.3209
v  10.6682 0.9320 8.3349
v  10.6633 0.9103 8.3277
v  10.8065 0.6004 8.3640
v  10.8015 0.6072 8.3604
v  10.7811 0.6045 8.3747
v  10.7832 0.5968 8.3800
v  10.8134 0.6453 8.3155
v  10.8201 0.6439 8.3124
v  10.8177 0.6510 8.3073
v  10.8115 0.6513 8.3109
v  10.8108 0.6238 8.3379
v  10.8169 0.6196 8.3380
v  10.8154 0.6309 8.3454
v  10.8062 0.6143 8.3678
v  10.7877 0.6039 8.3876
v  10.8112 0.6075 8.3715
v  10.7855 0.6116 8.3823
v  10.8215 0.6267 8.3455
v  10.8248 0.6510 8.3198
v  10.8223 0.6581 8.3147
v  10.8162 0.6584 8.3184
v  10.8181 0.6524 8.3229
v  10.7574 0.6042 8.3896
v  10.7581 0.6105 8.3830
v  10.7193 0.6525 8.3645
v  10.7174 0.6585 8.3600
v  10.7109 0.6592 8.3629
v  10.7129 0.6522 8.3683
v  10.7327 0.6260 8.3819
v  10.7365 0.6295 8.3766
v  10.7624 0.6176 8.3906
v  10.7408 0.6366 8.3842
v  10.7617 0.6113 8.3972
v  10.7172 0.6593 8.3759
v  10.7370 0.6331 8.3896
v  10.7152 0.6663 8.3706
v  10.7217 0.6656 8.3676
v  10.7236 0.6596 8.3722
# 1084 vertices

vn 0.7477 0.5102 -0.4250
vn 0.4421 0.8796 -0.1758
vn 0.4542 0.8714 -0.1854
vn 0.7304 0.5097 -0.4547
vn 0.3064 0.0870 -0.9479
vn 0.8602 0.0617 -0.5061
vn 0.8431 0.0037 -0.5378
vn 0.2476 -0.0108 -0.9688
vn 0.0878 0.9959 0.0220
vn 0.0930 0.9951 0.0322
vn 0.1520 -0.8029 -0.5764
vn 0.2211 -0.8472 -0.4831
vn -0.2403 -0.9141 -0.3267
vn -0.2759 -0.8735 -0.4011
vn 0.4120 0.8576 -0.3078
vn 0.4079 0.8522 -0.3276
vn 0.7840 0.4900 -0.3812
vn 0.8045 0.4934 -0.3305
vn 0.7611 -0.3258 -0.5609
vn 0.8427 0.0082 -0.5383
vn 0.8035 0.0407 -0.5940
vn 0.7637 -0.2569 -0.5923
vn 0.9419 0.0230 -0.3352
vn 0.9548 0.0523 -0.2927
vn -0.4863 0.2767 -0.8288
vn 0.3591 0.0744 -0.9303
vn 0.4152 0.2068 -0.8859
vn -0.3833 0.4953 -0.7796
vn -0.0352 -0.0016 -0.9994
vn -0.4431 0.1843 -0.8773
vn -0.4066 0.3714 -0.8347
vn -0.0656 0.1991 -0.9778
vn 0.9112 -0.2663 -0.3142
vn 0.8321 -0.0502 -0.5524
vn 0.8037 0.1838 -0.5659
vn 0.4290 0.1757 -0.8861
vn 0.4164 0.4992 -0.7599
vn 0.6457 0.5727 -0.5051
vn -0.5757 -0.8039 0.1497
vn -0.1795 -0.9626 -0.2029
vn -0.3760 -0.6885 -0.6202
vn -0.7731 -0.4769 -0.4182
vn 0.2188 0.7582 -0.6142
vn 0.3831 0.8496 -0.3626
vn -0.1277 -0.9867 -0.1001
vn 0.0581 -0.9944 0.0887
vn 0.4174 -0.0279 -0.9083
vn 0.9465 -0.3202 -0.0411
vn 0.8839 -0.3952 -0.2503
vn 0.7187 -0.6329 0.2881
vn 0.7298 -0.5771 0.3664
vn -0.0042 0.9882 -0.1533
vn -0.0172 0.9839 -0.1776
vn 0.4218 0.8379 -0.3465
vn 0.8088 0.4500 -0.3785
vn 0.9346 0.0871 -0.3450
vn 0.9732 0.0483 0.2247
vn 0.5359 0.0718 0.8412
vn 0.5226 0.2144 0.8252
vn 0.9771 0.1439 0.1567
vn 0.6713 -0.6104 0.4205
vn 0.5693 -0.6230 0.5364
vn 0.8958 -0.3345 0.2927
vn 0.9373 -0.3331 0.1029
vn 0.4111 0.8198 -0.3986
vn 0.4184 0.7739 -0.4754
vn 0.8398 0.3960 -0.3713
vn 0.8464 0.4366 -0.3050
vn 0.3184 -0.5362 0.7817
vn 0.7605 -0.5324 0.3717
vn 0.8196 -0.4309 0.3776
vn 0.4066 -0.3373 0.8491
vn 0.7629 0.3756 -0.5262
vn 0.6415 0.3851 -0.6634
vn 0.7799 -0.0228 -0.6255
vn 0.9419 -0.0121 -0.3357
vn 0.9948 0.0313 -0.0966
vn -0.0649 0.9618 -0.2659
vn -0.4650 0.1626 -0.8702
vn -0.5235 -0.0303 -0.8515
vn -0.8679 0.2501 0.4292
vn -0.8928 0.1605 0.4209
vn -0.2593 0.2661 0.9284
vn -0.2079 0.1785 0.9617
vn 0.9896 -0.0085 -0.1435
vn -0.1028 0.9366 -0.3349
vn 0.6989 -0.5033 -0.5082
vn 0.4837 -0.8188 -0.3091
vn 0.4119 0.8668 -0.2811
vn 0.0090 0.9917 -0.1285
vn 0.2087 0.9422 0.2620
vn 0.6200 0.7823 0.0604
vn 0.6658 0.1336 -0.7341
vn 0.8107 0.0895 -0.5786
vn 0.8289 -0.1942 -0.5247
vn -0.1395 0.9055 -0.4007
vn 0.1059 0.8048 -0.5840
vn 0.6357 -0.5025 -0.5860
vn 0.6497 -0.4814 -0.5884
vn 0.1979 -0.6381 -0.7441
vn 0.1969 -0.7830 -0.5900
vn 0.8757 0.4145 0.2476
vn 0.4204 0.5431 0.7269
vn 0.4404 0.4452 0.7796
vn 0.8694 0.3546 0.3442
vn -0.4015 -0.6132 -0.6803
vn 0.1471 -0.6456 -0.7494
vn -0.4014 -0.6134 -0.6801
vn 0.9447 0.0357 -0.3260
vn 0.9533 0.2812 -0.1099
vn 0.9903 0.1325 0.0412
vn 0.9607 -0.2472 -0.1260
vn 0.4343 -0.8982 -0.0675
vn 0.7350 -0.5823 0.3474
vn 0.3039 -0.6663 0.6810
vn 0.0320 -0.9782 0.2051
vn 0.8223 -0.1944 0.5348
vn -0.7212 -0.0957 -0.6860
vn -0.4659 -0.1008 -0.8791
vn -0.4299 -0.5008 -0.7513
vn -0.8292 -0.2720 -0.4883
vn 0.8539 -0.3830 -0.3524
vn 0.6290 -0.5754 -0.5228
vn 0.6431 0.7341 0.2181
vn 0.2855 0.8609 0.4212
vn 0.3910 0.6464 0.6552
vn 0.7528 0.5322 0.3874
vn 0.1676 -0.7720 -0.6131
vn 0.9397 -0.1111 -0.3235
vn 0.9561 -0.2288 -0.1829
vn 0.4537 -0.3334 -0.8264
vn 0.8056 -0.3459 -0.4809
vn 0.9378 -0.0931 -0.3343
vn 0.9189 -0.1744 -0.3538
vn -0.2861 -0.3955 -0.8728
vn -0.7508 -0.5222 -0.4044
vn 0.0168 -0.9979 0.0622
vn 0.4605 -0.7493 -0.4759
vn -0.6284 -0.5431 0.5570
vn -0.2190 -0.8631 0.4550
vn 0.9919 -0.0876 0.0917
vn 0.0826 -0.4032 0.9114
vn 0.2645 -0.6375 0.7236
vn 0.6499 -0.2377 0.7219
vn 0.7917 -0.3195 0.5207
vn 0.9607 -0.1734 0.2168
vn 0.4636 -0.5669 -0.6809
vn 0.2559 -0.5819 -0.7719
vn 0.1224 0.1887 -0.9744
vn 0.1645 -0.1062 -0.9807
vn -0.4898 -0.1537 -0.8582
vn -0.4894 0.0041 -0.8720
vn 0.7528 0.2847 -0.5935
vn 0.8055 0.2812 -0.5216
vn -0.2021 0.6057 0.7696
vn -0.2159 0.5826 0.7836
vn 0.4445 0.5834 0.6798
vn 0.4217 0.6310 0.6511
vn -0.9415 0.0874 -0.3254
vn -0.9213 0.2119 -0.3261
vn 0.9109 -0.0366 -0.4110
vn 0.9562 -0.0498 0.2885
vn 0.9634 -0.1518 0.2208
vn 0.8859 -0.1313 -0.4449
vn -0.9247 0.2386 -0.2967
vn -0.9435 -0.0301 -0.3300
vn -0.8832 -0.0403 0.4673
vn -0.8664 0.1537 0.4752
vn -0.2255 0.0311 0.9737
vn -0.2330 -0.0931 0.9680
vn 0.5289 -0.1396 0.8371
vn 0.4870 -0.0419 0.8724
vn -0.4342 0.2301 -0.8709
vn -0.4272 -0.0242 -0.9038
vn 0.4157 0.1000 -0.9040
vn 0.3556 -0.0725 -0.9318
vn 0.9002 -0.1656 -0.4028
vn 0.3906 -0.1642 -0.9058
vn 0.5602 -0.1732 0.8101
vn 0.9470 -0.1741 0.2701
vn -0.4357 -0.0881 -0.8958
vn -0.8564 -0.0914 0.5082
vn -0.1387 -0.1708 0.9755
vn -0.9516 -0.0447 -0.3039
vn 0.8785 -0.3127 -0.3613
vn 0.6741 -0.5525 -0.4903
vn 0.4533 0.3549 0.8176
vn 0.7833 0.2435 0.5720
vn 0.1985 -0.8014 -0.5643
vn 0.9703 -0.1734 -0.1685
vn 0.2719 -0.7285 0.6288
vn 0.1022 -0.9371 0.3339
vn 0.0576 -0.9659 0.2525
vn -0.3087 -0.8264 -0.4710
vn -0.2834 -0.8636 -0.4169
vn -0.0674 -0.9976 0.0173
vn 0.8976 0.2252 0.3790
vn 0.4460 0.4104 0.7954
vn 0.4298 0.5014 0.7510
vn 0.9059 0.3177 0.2802
vn 0.4390 -0.2112 0.8733
vn -0.2167 0.7618 0.6105
vn -0.1537 0.7046 0.6928
vn 0.3699 0.7040 0.6063
vn 0.3231 0.8021 0.5022
vn -0.2849 -0.8616 -0.4200
vn 0.9025 0.0908 -0.4211
vn 0.4301 0.4646 -0.7740
vn 0.2903 -0.6939 0.6589
vn 0.3114 -0.6502 0.6930
vn 0.2967 -0.6812 0.6693
vn 0.2965 -0.6815 0.6690
vn 0.3763 0.7380 -0.5602
vn 0.2643 0.7566 -0.5981
vn -0.5100 -0.5320 0.6759
vn -0.5052 -0.3784 0.7756
vn 0.3257 -0.6954 0.6406
vn 0.3924 -0.7790 0.4891
vn -0.0181 0.9836 -0.1792
vn -0.1655 0.8792 -0.4468
vn -0.8938 -0.1551 0.4207
vn -0.8820 0.0614 0.4671
vn -0.4248 -0.5240 -0.7382
vn -0.1383 -0.9830 -0.1209
vn 0.2034 -0.7492 -0.6303
vn -0.6144 -0.3780 -0.6925
vn 0.4225 -0.9063 0.0111
vn 0.4961 -0.8541 0.1561
vn 0.1060 -0.9342 0.3407
vn 0.0485 -0.9706 0.2356
vn -0.0031 0.9885 -0.1512
vn 0.8177 0.0956 0.5676
vn 0.4660 0.1450 0.8728
vn 0.6875 -0.5906 -0.4225
vn 0.9860 0.1662 -0.0130
vn 0.9618 -0.0211 -0.2730
vn 0.9958 0.0514 0.0759
vn 0.8455 -0.2205 -0.4864
vn 0.6036 -0.6608 -0.4461
vn -0.1373 0.9076 -0.3968
vn -0.1447 0.9006 -0.4099
vn 0.6437 -0.7520 -0.1415
vn 0.8074 -0.5422 -0.2324
vn 0.8463 -0.5236 -0.0979
vn 0.7250 -0.6883 0.0233
vn -0.3436 0.5558 -0.7570
vn 0.4821 0.2680 -0.8341
vn 0.4037 0.0656 -0.9125
vn -0.4105 0.2181 -0.8854
vn -0.9445 0.2148 -0.2484
vn -0.8847 0.4583 -0.0850
vn 0.3617 -0.4030 0.8407
vn 0.3664 -0.4155 0.8326
vn 0.8660 -0.3880 0.3154
vn 0.8921 -0.4259 0.1510
vn -0.8542 0.1546 0.4965
vn -0.9187 0.0158 0.3947
vn 0.3845 -0.0437 -0.9221
vn -0.4957 -0.0456 -0.8673
vn -0.3289 -0.2032 -0.9222
vn -0.9925 0.0614 -0.1061
vn -0.9357 0.3343 -0.1126
vn 0.8108 -0.1934 -0.5524
vn 0.8643 -0.4933 -0.0985
vn 0.8508 -0.5240 -0.0380
vn 0.8430 -0.1643 -0.5123
vn 0.8947 -0.1345 -0.4259
vn 0.8640 -0.2135 -0.4559
vn -0.3740 -0.2067 0.9041
vn -0.4621 -0.1497 0.8741
vn 0.9263 -0.3082 0.2169
vn 0.9622 -0.1498 0.2274
vn 0.8793 -0.1439 -0.4540
vn 0.8608 -0.2963 -0.4137
vn -0.8355 -0.2192 0.5039
vn -0.9190 -0.2735 -0.2838
vn -0.9562 -0.0386 -0.2903
vn -0.8734 -0.0022 0.4869
vn -0.1854 -0.2485 0.9507
vn -0.2019 -0.0518 0.9780
vn 0.5352 -0.1164 0.8367
vn 0.5220 -0.2688 0.8095
vn -0.4161 -0.3223 -0.8503
vn -0.4617 -0.1063 -0.8807
vn 0.3775 -0.3536 -0.8558
vn 0.3560 -0.1530 -0.9219
vn -0.0655 -0.0144 -0.9978
vn -0.3386 -0.6263 0.7022
vn 0.5425 -0.6892 0.4803
vn 0.6931 -0.6363 -0.3387
vn 0.3877 -0.6852 -0.6166
vn 0.4555 -0.7243 -0.5177
vn 0.8244 -0.1439 -0.5474
vn 0.9128 -0.3813 -0.1460
vn -0.9731 -0.1858 -0.1364
vn -0.8562 -0.3078 0.4149
vn -0.3183 -0.8133 -0.4871
vn -0.3684 -0.6838 -0.6298
vn -0.8528 -0.4839 -0.1963
vn -0.8486 -0.5279 -0.0353
vn -0.8682 0.2135 -0.4479
vn -0.9129 -0.0457 -0.4057
vn -0.8209 0.4147 0.3927
vn -0.6393 -0.4662 0.6116
vn -0.1232 -0.3571 0.9259
vn 0.4329 -0.3994 0.8082
vn 0.3165 -0.7493 -0.5816
vn -0.2749 -0.8924 -0.3579
vn 0.7594 -0.6190 -0.2005
vn 0.8282 0.5487 0.1139
vn 0.8607 0.4991 0.1004
vn -0.8485 0.3945 0.3527
vn -0.8338 0.0625 0.5485
vn -0.2260 0.3646 0.9033
vn 0.9503 0.2677 0.1591
vn 0.8940 -0.0496 -0.4452
vn -0.8935 -0.3271 -0.3076
vn 0.4905 0.4458 0.7488
vn -0.4452 -0.4830 -0.7540
vn 0.1955 -0.3557 -0.9139
vn -0.0303 -0.9956 0.0881
vn 0.8162 -0.4487 0.3639
vn -0.7418 -0.6703 -0.0189
vn 0.3017 0.0871 -0.9494
vn 0.8608 0.0554 -0.5060
vn 0.8497 -0.0265 -0.5266
vn 0.2431 -0.0523 -0.9686
vn 0.9730 0.0397 0.2274
vn 0.5348 0.0612 0.8428
vn 0.5237 0.2241 0.8219
vn 0.9809 0.1257 0.1487
vn -0.4679 0.1616 -0.8689
vn -0.5220 -0.0794 -0.8492
vn -0.8697 0.2388 0.4320
vn -0.8930 0.1258 0.4322
vn -0.2703 0.2491 0.9300
vn -0.2073 0.1656 0.9642
vn 0.4963 -0.5884 -0.6384
vn 0.2562 -0.6088 -0.7508
vn 0.1134 0.1420 -0.9833
vn 0.1708 -0.1386 -0.9755
vn -0.4926 -0.2193 -0.8421
vn -0.5001 -0.0424 -0.8649
vn 0.7562 0.2745 -0.5940
vn 0.8066 0.2801 -0.5206
vn -0.2148 0.6082 0.7641
vn -0.2216 0.5933 0.7739
vn 0.4417 0.5884 0.6773
vn 0.4228 0.6322 0.6493
vn -0.9452 0.0532 -0.3220
vn -0.9220 0.2084 -0.3263
vn 0.8894 -0.1212 -0.4408
vn 0.9571 -0.1939 0.2154
vn 0.9684 -0.0885 0.2334
vn 0.8823 -0.0738 -0.4648
vn -0.9557 0.0608 -0.2879
vn -0.9528 0.0561 -0.2983
vn -0.8745 0.0737 0.4794
vn -0.8720 0.0461 0.4873
vn -0.2566 -0.0668 0.9642
vn -0.2043 0.0121 0.9788
vn 0.5340 -0.0641 0.8430
vn 0.5066 -0.1982 0.8391
vn -0.4531 0.0232 -0.8911
vn -0.4713 0.0047 -0.8820
vn 0.3673 -0.0575 -0.9283
vn 0.3393 -0.0497 -0.9394
vn -0.3258 -0.8143 -0.4804
vn -0.3792 -0.7090 -0.5946
vn -0.8487 -0.4986 -0.1762
vn -0.8390 -0.5437 0.0190
vn -0.8767 0.1751 -0.4480
vn -0.9170 -0.0746 -0.3918
vn -0.8195 0.4193 0.3906
vn -0.6422 -0.4618 0.6118
vn -0.1271 -0.3552 0.9261
vn 0.4245 -0.3974 0.8135
vn 0.3223 -0.7470 -0.5815
vn -0.2741 -0.8958 -0.3498
vn 0.7614 -0.6156 -0.2032
vn 0.8331 0.5437 0.1012
vn 0.8583 0.5036 0.0983
vn -0.8532 0.3903 0.3460
vn -0.8117 0.0422 0.5826
vn -0.2281 0.3663 0.9021
vn 0.9505 0.2650 0.1621
vn 0.9104 -0.0687 -0.4080
vn -0.8986 -0.3302 -0.2889
vn 0.4871 0.4681 0.7373
vn -0.4548 -0.4728 -0.7548
vn 0.2034 -0.3603 -0.9104
vn 0.8164 -0.4461 0.3668
vn -0.7456 -0.6663 -0.0114
vn -0.9597 -0.0228 -0.2802
vn -0.4350 -0.0470 -0.8992
vn -0.9061 -0.0252 0.4222
vn -0.3585 -0.2351 0.9034
vn 0.4214 -0.3943 0.8167
vn 0.8914 -0.3939 0.2240
vn 0.8712 -0.2211 -0.4384
vn 0.3866 -0.1554 -0.9090
vn 0.4315 0.8708 -0.2355
vn 0.7518 0.5181 -0.4079
vn -0.0797 -0.9968 -0.0064
vn 0.3532 -0.9147 -0.1966
vn 0.5825 -0.7548 -0.3016
vn 0.6389 -0.5317 -0.5560
vn 0.7435 -0.5355 -0.4005
vn 0.8787 0.0710 -0.4720
vn 0.0570 0.9977 -0.0373
vn 0.8538 -0.2481 -0.4577
vn 0.5902 -0.5332 -0.6061
vn 0.9297 -0.2530 -0.2677
vn 0.2426 -0.9198 -0.3084
vn 0.5097 -0.8603 -0.0100
vn 0.0844 -0.9497 0.3016
vn -0.1660 -0.9703 -0.1760
vn -0.3923 -0.6424 -0.6583
vn -0.7804 -0.5119 -0.3591
vn 0.6122 -0.4119 -0.6749
vn 0.7577 -0.3258 -0.5654
vn -0.1075 -0.5202 0.8472
vn -0.5703 -0.8205 -0.0398
vn -0.1984 -0.9500 -0.2412
vn 0.3229 -0.6244 0.7112
vn 0.0393 0.4804 0.8762
vn 0.4461 0.4094 0.7959
vn 0.8433 -0.2343 -0.4836
vn 0.9630 -0.0372 -0.2668
vn 0.7243 -0.5769 0.3775
vn 0.3169 -0.6380 0.7018
vn -0.1938 0.9240 0.3297
vn 0.1380 0.9831 0.1203
vn 0.9795 0.0084 -0.2012
vn 0.9316 -0.3596 -0.0535
vn -0.3186 -0.6680 -0.6725
vn -0.3263 -0.7962 -0.5095
vn 0.4611 0.7085 0.5343
vn 0.7398 -0.4960 0.4546
vn 0.5957 0.5781 0.5577
vn 0.5748 0.4475 0.6851
vn 0.5543 0.4996 0.6657
vn -0.3189 -0.6770 -0.6633
vn -0.4088 -0.6692 -0.6206
vn 0.4168 0.5576 0.7179
vn -0.3890 -0.6522 -0.6506
vn 0.9051 -0.3785 -0.1938
vn 0.7239 0.3820 -0.5745
vn 0.7729 0.5886 -0.2370
vn 0.9809 0.0375 0.1910
vn 0.9808 -0.1850 0.0621
vn -0.5414 0.7407 -0.3978
vn -0.7810 0.5958 0.1871
vn -0.6701 0.6271 0.3972
vn -0.2705 0.9587 -0.0883
vn -0.5066 0.2963 0.8097
vn -0.2617 0.3720 0.8905
vn 0.8301 -0.3570 0.4283
vn 0.7842 0.0684 0.6167
vn -0.1352 0.9449 0.2982
vn -0.3125 0.8404 -0.4429
vn 0.7789 0.5511 0.2995
vn 0.1418 0.5493 -0.8235
vn 0.2981 0.8159 0.4955
vn 0.1477 0.8153 -0.5599
vn 0.4327 -0.1084 0.8950
vn 0.3823 -0.2237 0.8966
vn -0.0141 0.6658 -0.7460
vn 0.6108 -0.1598 -0.7755
vn -0.0444 0.2913 -0.9556
vn -0.0509 0.4990 -0.8651
vn 0.6716 0.1439 -0.7268
vn -0.5447 0.5508 -0.6324
vn -0.5426 0.6452 -0.5378
vn -0.5130 0.0735 0.8553
vn -0.6175 -0.1023 0.7799
vn 0.8933 -0.4494 0.0039
vn 0.9493 -0.3142 -0.0042
vn -0.8544 0.5032 0.1297
vn -0.8997 0.4263 0.0944
vn 0.9148 0.0799 -0.3960
vn 0.7969 0.0828 -0.5984
vn 0.6993 -0.2133 -0.6823
vn 0.9404 -0.3127 -0.1335
vn -0.9035 0.4236 0.0650
vn -0.3918 0.4316 -0.8126
vn -0.6556 0.0702 0.7519
vn 0.9617 0.2285 -0.1514
vn 0.9366 -0.2356 0.2595
vn 0.3389 -0.2304 0.9122
vn 0.3026 0.0445 -0.9521
vn 0.6093 0.1701 -0.7745
vn 0.8319 -0.5530 0.0454
vn 0.5166 -0.4235 -0.7442
vn -0.9273 0.3632 0.0907
vn -0.5594 0.4333 -0.7067
vn -0.6743 -0.0440 0.7372
vn 0.7758 -0.4952 0.3910
vn 0.2356 -0.5100 0.8273
vn -0.0382 0.0825 -0.9959
vn 0.4191 -0.3172 0.8507
vn 0.8759 -0.3509 0.3311
vn 0.0573 0.5191 -0.8528
vn 0.1663 0.3674 -0.9151
vn 0.4599 -0.0332 0.8873
vn 0.9260 -0.0893 0.3668
vn 0.1458 -0.1155 -0.9825
vn -0.4642 -0.0411 -0.8848
vn 0.7265 -0.3106 -0.6129
vn 0.0097 -0.2519 -0.9677
vn -0.3178 0.6360 -0.7032
vn 0.2184 -0.4265 -0.8777
vn 0.8090 -0.4037 -0.4272
vn -0.0342 -0.9961 0.0807
vn 0.4645 0.0468 0.8844
vn 0.4648 0.2016 0.8622
vn 0.9485 0.1468 0.2806
vn 0.9513 -0.0265 0.3072
vn 0.8347 -0.1651 -0.5253
vn 0.8792 -0.3501 0.3231
vn 0.1940 -0.1483 -0.9697
vn 0.2680 0.0866 -0.9595
vn 0.2417 0.2254 -0.9438
vn -0.4364 0.2266 -0.8707
vn -0.4525 0.1120 -0.8847
vn 0.8627 0.1063 -0.4945
vn 0.9164 0.2937 0.2720
vn 0.8338 0.2596 -0.4872
vn -0.4488 -0.3906 -0.8037
vn 0.4262 -0.2828 0.8593
vn 0.4660 0.1176 0.8769
vn 0.9436 0.0834 0.3205
vn -0.4621 0.0004 -0.8868
vn 0.2312 -0.0024 -0.9729
vn 0.8701 0.0420 -0.4911
vn 0.4568 0.3220 0.8292
vn 0.8609 -0.0955 -0.4997
vn 0.2480 -0.0990 -0.9637
vn -0.4651 -0.0638 -0.8830
vn 0.2127 -0.1362 -0.9676
vn 0.8475 -0.1362 -0.5131
vn 0.9362 -0.0551 0.3472
vn 0.4628 0.0116 0.8864
vn -0.4660 -0.1098 -0.8780
vn -0.4660 -0.1257 -0.8758
vn 0.9871 -0.1515 -0.0518
vn 0.9919 0.0340 0.1220
vn 0.9972 0.0606 -0.0448
vn 0.9926 -0.0537 0.1086
vn 0.4570 0.3204 0.8298
vn 0.8460 0.1657 0.5068
vn 0.9790 -0.0047 0.2039
vn 0.9605 -0.1675 0.2222
vn 0.9967 -0.0379 -0.0725
vn 0.8577 0.4984 -0.1264
vn 0.8962 -0.4398 0.0580
vn 0.9557 -0.2759 0.1024
vn 0.9530 -0.1395 -0.2691
vn 0.9612 -0.1372 0.2394
vn 0.9875 -0.1398 0.0730
vn 0.9101 -0.3304 -0.2503
vn 0.8546 -0.5132 -0.0798
vn 0.8891 -0.4567 -0.0320
vn 0.8565 -0.5075 -0.0936
vn 0.8886 -0.4586 -0.0030
vn -0.7085 0.6217 0.3339
vn -0.7230 0.6210 0.3027
vn -0.3037 0.9294 0.2096
vn -0.2880 0.9355 0.2048
vn -0.9363 0.1822 -0.3003
vn -0.9318 0.0795 -0.3542
vn -0.9152 0.1383 0.3786
vn -0.8921 0.1959 0.4071
vn -0.6208 -0.7827 -0.0443
vn -0.6526 -0.7413 -0.1571
vn -0.6957 0.6033 0.3900
vn -0.3958 0.9138 0.0913
vn -0.3814 0.9184 0.1057
vn -0.6656 0.6060 0.4356
vn -0.9272 -0.1965 0.3190
vn -0.9460 -0.1259 0.2987
vn -0.9342 0.1738 0.3116
vn -0.9149 0.1428 0.3776
vn -0.8035 0.1567 0.5744
vn -0.7726 0.1846 0.6075
vn -0.3681 0.2676 -0.8904
vn -0.3599 0.4935 -0.7918
vn -0.9329 0.3101 -0.1834
vn -0.9532 0.1749 -0.2464
vn -0.7957 0.0566 -0.6030
vn -0.7368 0.2505 -0.6280
vn -0.9273 0.0845 0.3645
vn -0.8037 -0.1349 0.5795
vn -0.8943 0.3138 0.3191
vn -0.7957 0.5920 -0.1282
vn -0.9445 0.2809 -0.1702
vn -0.7087 0.6764 0.2007
vn 0.3514 -0.8748 -0.3334
vn 0.0389 -0.5391 -0.8414
vn -0.5339 0.8159 -0.2219
vn -0.4107 0.9103 0.0511
vn -0.0797 -0.9838 0.1605
vn -0.9805 0.0791 -0.1797
vn -0.2473 -0.5589 0.7915
vn -0.7515 -0.2699 0.6020
vn -0.6072 -0.2012 0.7686
vn -0.1831 -0.5072 0.8421
vn -0.4208 0.9024 0.0926
vn -0.7996 0.2200 0.5588
vn -0.7124 0.5665 0.4142
vn -0.3613 0.1505 0.9202
vn -0.4075 0.2499 0.8783
vn 0.4034 0.2235 0.8873
vn 0.3919 0.0828 0.9163
vn -0.1098 -0.5506 0.8276
vn -0.4861 -0.2241 0.8447
vn -0.3080 -0.2423 0.9200
vn 0.0409 -0.5826 0.8118
vn -0.7304 0.5163 0.4471
vn -0.5317 0.8467 0.0197
vn -0.4595 0.8865 0.0551
vn -0.6752 0.5531 0.4880
vn 0.3934 -0.5420 0.7426
vn 0.4224 -0.3385 0.8409
vn -0.2072 -0.3522 0.9127
vn -0.1907 -0.4596 0.8674
vn -0.9542 0.1100 0.2783
vn -0.8580 0.4999 0.1180
vn -0.8158 0.4965 0.2965
vn -0.8081 0.1219 0.5763
vn -0.6377 0.1563 0.7542
vn -0.4275 0.1598 -0.8898
vn -0.4023 -0.0396 -0.9147
vn 0.9361 0.1746 0.3054
vn 0.8676 0.0256 -0.4966
vn 0.8710 0.1170 -0.4771
vn 0.9237 0.0919 0.3720
vn -0.6778 0.1192 0.7255
vn -0.6240 -0.7340 0.2681
vn -0.8703 -0.3832 0.3096
vn -0.3585 0.9258 0.1204
vn -0.2076 0.8456 0.4917
vn -0.9199 0.2221 0.3233
vn -0.9595 0.2581 0.1129
vn -0.9202 -0.0603 0.3869
vn -0.4399 0.8466 -0.2996
vn -0.7956 -0.5620 -0.2264
vn -0.9053 -0.3623 0.2219
vn -0.8979 -0.3850 0.2133
vn -0.6867 -0.7153 -0.1296
vn -0.2436 0.5002 0.8309
vn -0.1684 0.4341 0.8850
vn -0.7720 -0.5752 -0.2704
vn -0.7960 0.1690 0.5812
vn -0.6759 -0.1219 0.7269
vn -0.5106 0.2474 0.8234
vn -0.5952 0.3998 0.6971
vn -0.4085 -0.8337 0.3717
vn -0.2021 -0.5105 0.8358
vn -0.0520 -0.1275 0.9905
vn -0.1633 -0.1384 -0.9768
vn 0.0380 -0.3384 -0.9402
vn -0.8513 -0.4620 0.2487
vn -0.8164 -0.2551 0.5180
vn -0.0978 0.7908 0.6042
vn -0.0458 0.5934 0.8036
vn -0.6876 -0.7066 -0.1674
vn -0.7175 -0.1006 0.6893
vn -0.8087 0.0228 0.5877
vn -0.8144 0.0411 0.5789
vn -0.8895 -0.2161 0.4025
vn -0.9709 -0.2243 -0.0840
vn -0.8293 -0.0405 0.5573
vn -0.5977 -0.3716 -0.7104
vn -0.7386 -0.6574 0.1490
vn -0.0784 -0.9906 0.1118
vn 0.0320 -0.5822 -0.8124
vn 0.3917 -0.9099 0.1368
vn 0.7447 -0.6483 -0.1586
vn -0.4967 0.0264 0.8675
vn 0.3643 -0.6452 0.6716
vn 0.6485 -0.4465 0.6165
vn -0.0612 -0.2542 0.9652
vn 0.1930 -0.2027 0.9600
vn -0.3873 -0.0701 0.9193
vn -0.8444 -0.4977 -0.1985
vn -0.8858 -0.4636 0.0223
vn -0.4416 -0.1574 -0.8833
vn -0.9059 -0.0242 -0.4228
vn -0.8416 0.2626 -0.4719
vn -0.4342 -0.0001 -0.9008
vn -0.8474 0.4078 0.3399
vn -0.8759 0.4094 0.2553
vn 0.3732 0.5888 0.7170
vn 0.8313 0.5024 0.2378
vn 0.8149 0.5278 0.2396
vn 0.3684 0.6351 0.6789
vn 0.2775 -0.0060 -0.9607
vn 0.2804 0.1199 -0.9524
vn -0.8549 0.0986 0.5093
vn -0.8798 0.0039 0.4753
vn -0.3830 -0.0487 0.9225
vn -0.3114 0.0473 0.9491
vn 0.8760 -0.1750 -0.4495
vn 0.2608 -0.1223 -0.9576
vn 0.3096 0.1441 -0.9399
vn 0.8962 0.0187 -0.4434
vn 0.3672 -0.1272 0.9214
vn 0.9104 -0.1807 0.3721
vn 0.9258 -0.0571 0.3738
vn 0.4314 -0.0376 0.9014
vn -0.4987 -0.0187 -0.8666
vn -0.4374 0.2304 -0.8693
vn -0.9701 0.0290 -0.2410
vn -0.9607 0.2054 -0.1867
vn -0.9797 -0.0592 -0.1916
vn -0.8576 -0.0310 0.5133
vn -0.3361 -0.0758 0.9388
vn 0.3234 -0.1550 0.9335
vn -0.4950 -0.0836 -0.8649
vn 0.8539 -0.2468 0.4582
vn 0.8881 -0.2249 -0.4009
vn 0.2849 -0.1394 -0.9484
vn -0.8476 -0.4359 0.3027
vn -0.8292 -0.1819 0.5286
vn 0.0529 0.2995 0.9526
vn -0.6688 -0.7349 -0.1123
vn -0.7071 -0.0450 0.7057
vn -0.1714 0.3070 0.9361
vn -0.2457 0.4059 0.8803
vn 0.7120 0.6907 0.1265
vn 0.7367 0.6364 0.2287
vn -0.8431 0.2245 0.4886
vn -0.8191 0.5603 -0.1230
vn -0.5468 0.8187 -0.1754
vn -0.5814 0.8113 -0.0611
vn 0.2551 -0.6900 0.6774
vn 0.8732 -0.4839 0.0573
vn 0.7762 -0.6305 0.0056
vn 0.0838 -0.7554 0.6499
vn 0.8874 -0.0741 -0.4550
vn 0.8302 -0.2871 -0.4778
vn -0.2628 -0.4050 -0.8757
vn -0.7191 -0.6786 -0.1496
vn -0.3386 -0.8480 0.4077
vn -0.2556 -0.7966 0.5479
vn 0.0121 0.1573 0.9875
vn -0.8044 -0.4763 0.3550
vn -0.5484 0.2837 0.7866
vn -0.7692 0.1115 0.6292
vn -0.4952 0.1656 0.8529
vn -0.9015 -0.0867 0.4240
vn -0.7846 -0.5545 0.2773
vn -0.5697 -0.6591 0.4909
vn -0.4736 -0.5965 0.6480
vn -0.6213 -0.4112 0.6670
vn -0.7113 -0.4259 0.5591
vn -0.3567 0.5568 -0.7502
vn -0.4641 0.2222 -0.8575
vn -0.9650 0.1704 -0.1992
vn -0.9211 0.3755 -0.1028
vn 0.3573 0.1151 -0.9269
vn 0.4860 0.3534 -0.7994
vn -0.2790 -0.3003 0.9121
vn 0.4223 -0.4197 0.8034
vn 0.4330 -0.4084 0.8035
vn -0.4324 -0.3245 0.8413
vn 0.9067 0.0198 -0.4212
vn 0.8436 -0.1191 -0.5237
vn -0.5908 -0.1831 -0.7858
vn -0.4327 -0.0504 -0.9001
vn -0.9751 0.0604 -0.2135
vn 0.4774 0.2261 -0.8491
vn 0.4822 -0.0515 -0.8746
vn -0.9325 -0.0599 0.3561
vn -0.9144 -0.0297 0.4036
vn -0.5751 -0.4148 0.7051
vn -0.6283 -0.3790 0.6794
vn -0.8697 0.0007 0.4936
vn -0.8863 -0.0795 0.4563
vn 0.9244 -0.3061 0.2275
vn 0.9566 -0.2584 0.1347
vn -0.8850 -0.0088 0.4654
vn -0.3766 -0.0473 0.9252
vn -0.3839 -0.2079 0.8997
vn -0.8600 -0.1646 0.4831
vn 0.8574 -0.3489 -0.3783
vn 0.8910 -0.1373 -0.4326
vn 0.2993 -0.1347 -0.9446
vn 0.2554 -0.3635 -0.8959
vn 0.3660 -0.1034 0.9248
vn 0.9060 -0.1367 0.4007
vn 0.8508 -0.3278 0.4107
vn 0.3330 -0.2543 0.9080
vn -0.4702 -0.1056 -0.8762
vn -0.4971 -0.3161 -0.8081
vn -0.9719 -0.0513 -0.2299
vn -0.9542 -0.2516 -0.1618
vn -0.7788 0.0402 -0.6260
vn 0.0024 -0.6478 0.7618
vn 0.6894 -0.7050 0.1665
vn -0.7446 -0.5262 0.4106
vn -0.7668 -0.6306 0.1194
vn -0.8046 -0.5939 0.0047
vn -0.9302 -0.0095 0.3670
vn -0.6812 -0.2592 0.6847
vn 0.7859 -0.4336 -0.4409
vn 0.4168 -0.2923 -0.8607
vn -0.3149 -0.8136 -0.4888
vn -0.3875 -0.6823 -0.6199
vn 0.2642 -0.5695 -0.7784
vn 0.3878 -0.6226 -0.6797
vn 0.1512 0.1354 -0.9792
vn 0.1798 -0.1294 -0.9752
vn 0.7823 -0.4265 0.4540
vn 0.8047 -0.5767 -0.1409
vn 0.8344 0.2879 -0.4700
vn 0.3667 -0.3943 0.8427
vn -0.2436 -0.8948 -0.3743
vn -0.7434 -0.6682 -0.0292
vn -0.6673 -0.5098 0.5430
vn -0.3097 0.6358 0.7070
vn -0.3450 0.5915 0.7288
vn 0.8150 0.2671 -0.5142
vn 0.9086 0.2778 0.3120
vn 0.9266 -0.0723 -0.3690
vn -0.8749 0.0859 0.4767
vn -0.3756 0.3692 0.8501
vn 0.2151 -0.4120 -0.8854
vn 0.3870 0.4537 0.8028
vn -0.4213 -0.4848 -0.7665
vn -0.8989 -0.2719 -0.3435
vn -0.2186 -0.3695 0.9032
vn 0.3238 -0.7519 -0.5743
vn -0.9349 0.1818 -0.3050
vn -0.9340 0.0379 -0.3551
vn -0.9134 0.1085 0.3923
vn -0.8930 0.1897 0.4080
vn -0.3600 0.1418 0.9221
vn -0.4183 0.2329 0.8779
vn 0.4013 0.2335 0.8857
vn 0.3925 0.0721 0.9169
vn -0.4249 0.1583 -0.8913
vn -0.4072 -0.0882 -0.9091
vn 0.9415 0.1563 0.2985
vn 0.8728 -0.0094 -0.4880
vn 0.8730 0.1053 -0.4762
vn 0.9238 0.0790 0.3747
vn -0.8305 -0.5256 -0.1845
vn -0.8721 -0.4836 0.0748
vn -0.4348 -0.2238 -0.8723
vn -0.9091 -0.0558 -0.4127
vn -0.8494 0.2158 -0.4816
vn -0.4279 -0.0480 -0.9025
vn -0.8474 0.4067 0.3414
vn -0.8794 0.3998 0.2584
vn 0.3734 0.5936 0.7129
vn 0.8279 0.5129 0.2269
vn 0.8179 0.5291 0.2259
vn 0.3664 0.6365 0.6787
vn 0.2783 -0.0405 -0.9597
vn 0.2802 0.1163 -0.9529
vn -0.8772 0.0141 0.4798
vn -0.8871 0.0617 0.4574
vn -0.3679 0.0138 0.9298
vn -0.3888 -0.0908 0.9168
vn 0.8946 -0.0618 -0.4426
vn 0.3023 -0.0401 -0.9524
vn 0.3129 -0.0364 -0.9491
vn 0.8963 -0.0893 -0.4343
vn 0.3781 -0.0521 0.9243
vn 0.9157 -0.0737 0.3952
vn 0.9238 -0.1572 0.3490
vn 0.3743 -0.1880 0.9080
vn -0.4525 0.0032 -0.8918
vn -0.4680 0.0243 -0.8834
vn -0.9643 0.0501 -0.2600
vn -0.9721 0.0451 -0.2303
vn -0.3053 -0.8159 -0.4911
vn -0.3557 -0.7108 -0.6068
vn 0.2765 -0.5847 -0.7626
vn 0.4249 -0.6405 -0.6397
vn 0.1513 0.0963 -0.9838
vn 0.1900 -0.1593 -0.9688
vn 0.7849 -0.4250 0.4508
vn 0.8070 -0.5728 -0.1435
vn 0.8325 0.2928 -0.4703
vn 0.3760 -0.3937 0.8388
vn -0.2378 -0.8986 -0.3687
vn -0.7463 -0.6651 -0.0245
vn -0.6702 -0.5060 0.5429
vn -0.3235 0.6323 0.7040
vn -0.3448 0.5958 0.7253
vn 0.8117 0.2628 -0.5216
vn 0.9090 0.2792 0.3095
vn 0.9395 -0.0919 -0.3301
vn -0.8560 0.0666 0.5126
vn -0.3736 0.3664 0.8521
vn 0.2330 -0.4168 -0.8786
vn 0.3822 0.4761 0.7920
vn -0.4153 -0.4758 -0.7753
vn -0.9011 -0.2757 -0.3348
vn -0.2160 -0.3670 0.9048
vn 0.3325 -0.7488 -0.5733
vn 0.3114 -0.1201 -0.9427
vn -0.4932 -0.0425 -0.8689
vn 0.8540 -0.1600 -0.4951
vn 0.9117 -0.3324 0.2415
vn 0.3807 -0.3912 0.8379
vn -0.3687 -0.2974 0.8807
vn -0.8769 -0.0872 0.4726
vn -0.9790 -0.0508 -0.1973
vn -0.3318 0.9293 0.1623
vn -0.6959 0.6290 0.3465
vn -0.4699 -0.8516 0.2323
vn -0.8787 -0.4155 0.2349
vn -0.6660 -0.6592 0.3491
vn -0.8115 -0.4164 0.4099
vn -0.8736 0.2052 0.4412
vn -0.8861 -0.1148 0.4491
vn -0.8923 -0.4197 0.1665
vn -0.7746 -0.1225 0.6205
vn -0.3996 -0.7906 0.4639
vn -0.4991 -0.8630 0.0782
vn 0.0870 -0.5783 -0.8111
vn -0.9290 -0.1966 0.3136
vn -0.9463 -0.2926 0.1373
vn 0.6897 -0.5813 0.4318
vn 0.1917 -0.8788 -0.4369
vn 0.7503 0.4260 0.5056
vn -0.7668 0.0953 0.6347
vn -0.8997 -0.1008 0.4248
vn -0.1709 -0.5084 0.8440
vn 0.4894 0.8716 -0.0264
vn -0.6136 -0.2413 0.7518
vn -0.7172 0.1383 0.6830
vn -0.3267 -0.7961 -0.5094
vn -0.4485 -0.6581 -0.6048
vn -0.1070 -0.4312 0.8959
vn 0.2601 0.7239 0.6390
vn 0.1874 0.6094 0.7704
vn 0.2896 0.5199 0.8036
vn 0.2876 0.4695 0.8348
vn -0.3554 -0.6733 -0.6484
vn -0.4421 -0.6675 -0.5992
vn -0.7154 -0.2544 0.6508
vn -0.3944 0.1428 0.9078
vn -0.5600 0.6907 0.4576
vn -0.8324 0.5012 0.2366
vn -0.5263 -0.0696 0.8475
vn 0.0704 0.6938 -0.7167
vn 0.1959 0.9229 -0.3313
vn 0.7783 0.5161 -0.3576
vn 0.6659 0.4850 -0.5669
vn 0.9193 0.2816 0.2751
vn 0.9827 0.1822 0.0336
vn -0.1629 -0.2809 0.9458
vn 0.0679 0.1232 0.9901
vn -0.0839 0.8229 -0.5620
vn 0.4330 0.9014 0.0021
vn -0.1301 0.6207 0.7732
vn -0.6862 0.6128 -0.3920
vn 0.3335 0.8132 0.4770
vn -0.4426 0.8605 -0.2522
vn 0.4725 -0.1115 0.8742
vn 0.4885 -0.2318 0.8412
vn -0.5209 0.7046 -0.4819
vn -0.9974 -0.0367 0.0626
vn -0.9556 0.2685 0.1212
vn -0.6173 0.5423 -0.5699
vn -0.7196 0.3430 -0.6037
vn -0.0546 0.6078 -0.7922
vn -0.1419 0.5199 -0.8423
vn 0.9968 -0.0421 0.0684
vn 0.9733 -0.2241 -0.0492
vn -0.5780 -0.1973 0.7918
vn -0.5560 -0.3384 0.7592
vn 0.6494 0.3881 -0.6540
vn 0.6370 0.3086 -0.7064
vn -0.8309 0.2136 0.5138
vn -0.6783 -0.1888 0.7101
vn -0.9778 -0.0848 0.1917
vn -0.9291 0.2149 0.3011
vn -0.3897 0.4314 -0.8137
vn 0.6149 0.3073 -0.7263
vn 0.9927 -0.0560 -0.1071
vn -0.6401 0.3512 0.6834
vn -0.3463 -0.1374 0.9280
vn 0.5250 -0.2446 0.8152
vn -0.9426 0.1399 -0.3031
vn -0.9561 0.2900 0.0413
vn -0.4998 -0.4510 0.7394
vn -0.9501 -0.3112 0.0203
vn 0.6421 0.2430 -0.7271
vn -0.2083 0.4064 -0.8897
vn 0.9776 -0.1705 -0.1237
vn -0.1792 -0.4221 0.8887
vn 0.4806 -0.5287 0.6996
vn -0.7811 0.1393 -0.6087
vn -0.2674 -0.2634 0.9269
vn -0.6660 0.5745 -0.4759
vn -0.7966 0.4412 -0.4133
vn -0.2352 -0.0004 0.9720
vn -0.8980 -0.0356 -0.4385
vn -0.9483 -0.1823 0.2599
vn -0.8253 -0.1879 -0.5326
vn -0.8908 -0.3416 -0.2997
vn -0.8545 -0.2763 0.4398
vn -0.2899 0.2416 0.9260
vn -0.2905 0.0686 0.9544
vn -0.9205 -0.0307 0.3894
vn -0.2756 -0.2617 0.9250
vn -0.9187 -0.0631 -0.3898
vn -0.8798 0.3113 -0.3593
vn -0.9241 0.1779 -0.3382
vn -0.8786 0.2397 0.4130
vn -0.8380 0.3876 0.3841
vn -0.2612 0.3838 0.8857
vn -0.2622 0.1757 0.9489
vn -0.9248 0.0862 -0.3705
vn -0.8878 0.1766 0.4250
vn -0.9061 0.0399 0.4212
vn -0.9384 -0.0081 -0.3454
vn -0.9143 -0.0013 0.4051
vn -0.9261 -0.0490 -0.3740
vn -0.2528 0.0359 0.9668
vn -0.6188 -0.0285 0.7851
vn -0.4574 0.1450 0.8773
vn -0.5932 0.1824 0.7841
vn -0.4793 0.0591 0.8757
vn -0.0452 0.2340 0.9712
vn -0.3879 0.1000 0.9162
vn -0.3820 -0.0647 0.9219
vn -0.5284 0.6046 0.5960
vn -0.6274 0.0865 0.7739
vn -0.5123 -0.3319 0.7921
vn -0.7753 -0.0071 0.6316
vn -0.4901 -0.1652 0.8559
vn -0.3648 -0.0357 0.9304
vn -0.5158 -0.0247 0.8564
vn -0.7586 -0.2026 0.6193
vn -0.6100 -0.4010 0.6834
vn -0.5837 -0.3439 0.7355
vn -0.6217 -0.3943 0.6768
vn -0.5600 -0.3477 0.7520
vn 0.3881 0.6145 0.6868
vn 0.4231 0.6267 0.6544
vn 0.4243 0.6285 0.6518
vn 0.4173 0.6425 0.6427
vn 0.8515 -0.5233 -0.0349
vn -0.4370 0.7705 -0.4641
vn 0.4284 -0.7715 0.4703
vn -0.9058 0.3579 0.2267
vn 0.2920 -0.7768 0.5579
vn -0.8698 0.0581 0.4900
vn 0.9065 -0.3528 -0.2321
vn 0.8773 -0.0807 -0.4731
vn -0.8543 0.5180 0.0417
vn 0.4145 0.6125 0.6731
vn 0.3698 0.6308 0.6822
vn 0.3672 0.6329 0.6816
vn 0.3654 0.6464 0.6697
vn -0.5728 -0.4142 0.7074
vn -0.0391 0.7400 -0.6715
vn 0.0489 -0.7425 0.6681
vn 0.7402 0.2319 -0.6311
vn 0.1969 -0.7696 0.6074
vn 0.8987 -0.0773 -0.4316
vn -0.7443 -0.2263 0.6283
vn -0.8919 0.0547 0.4489
vn 0.5793 0.4082 -0.7055
# 1071 vertex normals

vt 0.2846 0.2055 0.0000
vt 0.3337 0.2057 0.0000
vt 0.3252 0.2428 0.0000
vt 0.2707 0.2430 0.0000
vt 0.7442 0.7605 0.0000
vt 0.7510 0.7726 0.0000
vt 0.7373 0.7760 0.0000
vt 0.7309 0.7633 0.0000
vt 0.3637 0.2033 0.0000
vt 0.3638 0.2425 0.0000
vt 0.1194 0.1582 0.0000
vt 0.0929 0.1923 0.0000
vt 0.0483 0.1589 0.0000
vt 0.0811 0.1210 0.0000
vt 0.3168 0.3290 0.0000
vt 0.3203 0.3730 0.0000
vt 0.2641 0.3674 0.0000
vt 0.2573 0.3189 0.0000
vt 0.2033 0.2022 0.0000
vt 0.2423 0.2014 0.0000
vt 0.2316 0.2412 0.0000
vt 0.2004 0.2347 0.0000
vt 0.2076 0.3580 0.0000
vt 0.2175 0.3106 0.0000
vt 0.9011 0.1384 0.0000
vt 0.9017 0.1596 0.0000
vt 0.8717 0.1456 0.0000
vt 0.8754 0.1321 0.0000
vt 0.3438 0.0587 0.0000
vt 0.3632 0.0597 0.0000
vt 0.3633 0.0831 0.0000
vt 0.3407 0.0824 0.0000
vt 0.2025 0.1622 0.0000
vt 0.2366 0.1308 0.0000
vt 0.2748 0.1611 0.0000
vt 0.2894 0.1095 0.0000
vt 0.3142 0.1251 0.0000
vt 0.3063 0.1674 0.0000
vt 0.1733 0.0724 0.0000
vt 0.1528 0.0456 0.0000
vt 0.2222 0.0162 0.0000
vt 0.2270 0.0549 0.0000
vt 0.3409 0.1347 0.0000
vt 0.3360 0.1677 0.0000
vt 0.1117 0.0880 0.0000
vt 0.1423 0.1258 0.0000
vt 0.2561 0.0992 0.0000
vt 0.2260 0.5783 0.0000
vt 0.2587 0.6075 0.0000
vt 0.2205 0.6262 0.0000
vt 0.1896 0.5995 0.0000
vt 0.3642 0.3769 0.0000
vt 0.3644 0.4292 0.0000
vt 0.3207 0.4259 0.0000
vt 0.2652 0.4182 0.0000
vt 0.2178 0.4123 0.0000
vt 0.7590 0.7827 0.0000
vt 0.7658 0.7948 0.0000
vt 0.7556 0.8001 0.0000
vt 0.7468 0.7865 0.0000
vt 0.1471 0.5603 0.0000
vt 0.1097 0.5216 0.0000
vt 0.1560 0.5016 0.0000
vt 0.1854 0.5380 0.0000
vt 0.3290 0.4832 0.0000
vt 0.3352 0.5246 0.0000
vt 0.2954 0.5207 0.0000
vt 0.2772 0.4744 0.0000
vt 0.6579 0.7260 0.0000
vt 0.6511 0.7096 0.0000
vt 0.6643 0.7110 0.0000
vt 0.6667 0.7248 0.0000
vt 0.3140 0.5561 0.0000
vt 0.3292 0.5822 0.0000
vt 0.3043 0.6007 0.0000
vt 0.2715 0.5650 0.0000
vt 0.2161 0.4737 0.0000
vt 0.3646 0.4887 0.0000
vt 0.7398 0.7525 0.0000
vt 0.7257 0.7541 0.0000
vt 0.7727 0.8210 0.0000
vt 0.7624 0.8284 0.0000
vt 0.7599 0.8140 0.0000
vt 0.7697 0.8073 0.0000
vt 0.2399 0.5243 0.0000
vt 0.3647 0.5270 0.0000
vt 0.2687 0.6280 0.0000
vt 0.2402 0.6413 0.0000
vt 0.3575 0.6186 0.0000
vt 0.3650 0.6176 0.0000
vt 0.3650 0.6262 0.0000
vt 0.3550 0.6310 0.0000
vt 0.3254 0.6031 0.0000
vt 0.3232 0.6156 0.0000
vt 0.3033 0.6262 0.0000
vt 0.3650 0.6026 0.0000
vt 0.3531 0.6029 0.0000
vt 0.2871 0.7291 0.0000
vt 0.2972 0.7489 0.0000
vt 0.2820 0.7556 0.0000
vt 0.2715 0.7367 0.0000
vt 0.3566 0.7131 0.0000
vt 0.3653 0.7122 0.0000
vt 0.3653 0.7237 0.0000
vt 0.3570 0.7241 0.0000
vt 0.2630 0.7666 0.0000
vt 0.2824 0.7727 0.0000
vt 0.2701 0.7817 0.0000
vt 0.3313 0.7289 0.0000
vt 0.3448 0.7182 0.0000
vt 0.3489 0.7305 0.0000
vt 0.3430 0.7410 0.0000
vt 0.3535 0.7605 0.0000
vt 0.3557 0.7483 0.0000
vt 0.3654 0.7505 0.0000
vt 0.3655 0.7628 0.0000
vt 0.3575 0.7373 0.0000
vt 0.0345 0.7767 0.0000
vt 0.0463 0.7739 0.0000
vt 0.0464 0.7816 0.0000
vt 0.0268 0.7869 0.0000
vt 0.2892 0.6614 0.0000
vt 0.2695 0.6676 0.0000
vt 0.3578 0.6375 0.0000
vt 0.3651 0.6355 0.0000
vt 0.3651 0.6458 0.0000
vt 0.3550 0.6464 0.0000
vt 0.2504 0.6756 0.0000
vt 0.3167 0.6364 0.0000
vt 0.3099 0.6571 0.0000
vt 0.8800 0.6469 0.0000
vt 0.9003 0.6010 0.0000
vt 0.9329 0.6278 0.0000
vt 0.9054 0.6616 0.0000
vt 0.9341 0.8458 0.0000
vt 0.9365 0.8103 0.0000
vt 0.9609 0.8008 0.0000
vt 0.9622 0.8646 0.0000
vt 0.9345 0.7700 0.0000
vt 0.9492 0.7701 0.0000
vt 0.1578 0.3693 0.0000
vt 0.1615 0.4140 0.0000
vt 0.1590 0.4579 0.0000
vt 0.9357 0.7341 0.0000
vt 0.9696 0.7310 0.0000
vt 0.9319 0.7097 0.0000
vt 0.9673 0.6853 0.0000
vt 0.9232 0.6847 0.0000
vt 0.9639 0.6551 0.0000
vt 0.7202 0.7755 0.0000
vt 0.7226 0.7675 0.0000
vt 0.7082 0.7858 0.0000
vt 0.7023 0.7900 0.0000
vt 0.6962 0.7805 0.0000
vt 0.7030 0.7767 0.0000
vt 0.7186 0.7931 0.0000
vt 0.7130 0.7978 0.0000
vt 0.7341 0.8225 0.0000
vt 0.7279 0.8260 0.0000
vt 0.7225 0.8156 0.0000
vt 0.7291 0.8126 0.0000
vt 0.7838 0.8441 0.0000
vt 0.7723 0.8524 0.0000
vt 0.7688 0.8422 0.0000
vt 0.7793 0.8348 0.0000
vt 0.8338 0.7234 0.0000
vt 0.8429 0.7395 0.0000
vt 0.8326 0.7443 0.0000
vt 0.8225 0.7287 0.0000
vt 0.8668 0.8120 0.0000
vt 0.8517 0.8157 0.0000
vt 0.8473 0.7950 0.0000
vt 0.8618 0.7902 0.0000
vt 0.8561 0.7703 0.0000
vt 0.8437 0.7757 0.0000
vt 0.8392 0.7597 0.0000
vt 0.8510 0.7567 0.0000
vt 0.8705 0.8287 0.0000
vt 0.8564 0.8332 0.0000
vt 0.8110 0.6960 0.0000
vt 0.8212 0.7081 0.0000
vt 0.8091 0.7141 0.0000
vt 0.7978 0.7048 0.0000
vt 0.8641 0.7001 0.0000
vt 0.8480 0.6870 0.0000
vt 0.8850 0.7378 0.0000
vt 0.8765 0.7184 0.0000
vt 0.8564 0.6446 0.0000
vt 0.8326 0.6777 0.0000
vt 0.8913 0.7801 0.0000
vt 0.8891 0.7545 0.0000
vt 0.8975 0.8272 0.0000
vt 0.8938 0.8072 0.0000
vt 0.2939 0.6932 0.0000
vt 0.2747 0.7005 0.0000
vt 0.3651 0.6577 0.0000
vt 0.3547 0.6584 0.0000
vt 0.2583 0.7097 0.0000
vt 0.3145 0.6828 0.0000
vt 0.0778 0.4817 0.0000
vt 0.0614 0.5029 0.0000
vt 0.0335 0.4405 0.0000
vt 0.0540 0.4348 0.0000
vt 0.0482 0.3943 0.0000
vt 0.0242 0.3981 0.0000
vt 0.2203 0.6910 0.0000
vt 0.2358 0.7218 0.0000
vt 0.2106 0.6629 0.0000
vt 0.3543 0.6811 0.0000
vt 0.3652 0.6806 0.0000
vt 0.3653 0.6964 0.0000
vt 0.3553 0.6971 0.0000
vt 0.3654 0.7368 0.0000
vt 0.0287 0.8438 0.0000
vt 0.0244 0.8275 0.0000
vt 0.0470 0.8349 0.0000
vt 0.0472 0.8501 0.0000
vt 0.2521 0.7496 0.0000
vt 0.3296 0.6284 0.0000
vt 0.3393 0.5962 0.0000
vt 0.1996 0.6523 0.0000
vt 0.1650 0.6230 0.0000
vt 0.1220 0.5814 0.0000
vt 0.0836 0.5358 0.0000
vt 0.3425 0.5578 0.0000
vt 0.3495 0.5826 0.0000
vt 0.8567 0.2406 0.0000
vt 0.8223 0.2048 0.0000
vt 0.8353 0.1924 0.0000
vt 0.8774 0.2295 0.0000
vt 0.3636 0.1643 0.0000
vt 0.3635 0.1344 0.0000
vt 0.8214 0.2488 0.0000
vt 0.7976 0.2181 0.0000
vt 0.2683 0.0152 0.0000
vt 0.3024 0.0221 0.0000
vt 0.3046 0.0400 0.0000
vt 0.2730 0.0485 0.0000
vt 0.0530 0.2976 0.0000
vt 0.0541 0.3428 0.0000
vt 0.0128 0.3454 0.0000
vt 0.0092 0.2952 0.0000
vt 0.3641 0.3322 0.0000
vt 0.3588 0.7296 0.0000
vt 0.3654 0.7297 0.0000
vt 0.3005 0.7672 0.0000
vt 0.3415 0.7019 0.0000
vt 0.3220 0.7116 0.0000
vt 0.3408 0.6817 0.0000
vt 0.3036 0.7187 0.0000
vt 0.3366 0.7550 0.0000
vt 0.3648 0.5594 0.0000
vt 0.3649 0.5845 0.0000
vt 0.1012 0.2947 0.0000
vt 0.1418 0.2952 0.0000
vt 0.1333 0.3254 0.0000
vt 0.0969 0.3347 0.0000
vt 0.8634 0.6167 0.0000
vt 0.8563 0.1178 0.0000
vt 0.8510 0.1308 0.0000
vt 0.8433 0.1248 0.0000
vt 0.8479 0.1119 0.0000
vt 0.7582 0.2209 0.0000
vt 0.7515 0.2130 0.0000
vt 0.7638 0.2047 0.0000
vt 0.7701 0.2115 0.0000
vt 0.8123 0.1732 0.0000
vt 0.8020 0.1638 0.0000
vt 0.8151 0.1582 0.0000
vt 0.8272 0.1654 0.0000
vt 0.7810 0.1999 0.0000
vt 0.7723 0.1927 0.0000
vt 0.9426 0.1661 0.0000
vt 0.9375 0.1376 0.0000
vt 0.9756 0.1274 0.0000
vt 0.9837 0.1623 0.0000
vt 0.8045 0.2568 0.0000
vt 0.7863 0.2303 0.0000
vt 0.8953 0.1814 0.0000
vt 0.8886 0.2109 0.0000
vt 0.8506 0.1829 0.0000
vt 0.8595 0.1606 0.0000
vt 0.8382 0.1457 0.0000
vt 0.8295 0.1372 0.0000
vt 0.7942 0.1770 0.0000
vt 0.8017 0.1873 0.0000
vt 0.8176 0.7536 0.0000
vt 0.7876 0.7697 0.0000
vt 0.7817 0.7581 0.0000
vt 0.8093 0.7403 0.0000
vt 0.8323 0.7967 0.0000
vt 0.8366 0.8166 0.0000
vt 0.8055 0.8223 0.0000
vt 0.7996 0.8081 0.0000
vt 0.8284 0.7804 0.0000
vt 0.7952 0.7942 0.0000
vt 0.7920 0.7820 0.0000
vt 0.8236 0.7668 0.0000
vt 0.8391 0.8315 0.0000
vt 0.8105 0.8326 0.0000
vt 0.7879 0.7187 0.0000
vt 0.7973 0.7264 0.0000
vt 0.7735 0.7464 0.0000
vt 0.7669 0.7392 0.0000
vt 0.1313 0.4765 0.0000
vt 0.7866 0.2625 0.0000
vt 0.7734 0.2393 0.0000
vt 0.2600 0.0724 0.0000
vt 0.3091 0.0781 0.0000
vt 0.9137 0.2991 0.0000
vt 0.8923 0.2712 0.0000
vt 0.9135 0.2584 0.0000
vt 0.9622 0.2873 0.0000
vt 0.1486 0.1883 0.0000
vt 0.1272 0.2116 0.0000
vt 0.1755 0.1764 0.0000
vt 0.9867 0.2100 0.0000
vt 0.9335 0.1945 0.0000
vt 0.9266 0.2356 0.0000
vt 0.9735 0.2598 0.0000
vt 0.8641 0.2964 0.0000
vt 0.8187 0.3192 0.0000
vt 0.8149 0.2957 0.0000
vt 0.8486 0.2791 0.0000
vt 0.7847 0.3386 0.0000
vt 0.7915 0.2990 0.0000
vt 0.7109 0.7688 0.0000
vt 0.7175 0.7603 0.0000
vt 0.7600 0.8460 0.0000
vt 0.7633 0.8574 0.0000
vt 0.7523 0.8564 0.0000
vt 0.7526 0.8439 0.0000
vt 0.7372 0.8459 0.0000
vt 0.7415 0.8590 0.0000
vt 0.7344 0.8622 0.0000
vt 0.7301 0.8478 0.0000
vt 0.7311 0.8352 0.0000
vt 0.7156 0.8385 0.0000
vt 0.7101 0.8336 0.0000
vt 0.6983 0.8283 0.0000
vt 0.6974 0.7988 0.0000
vt 0.6846 0.7932 0.0000
vt 0.7002 0.8080 0.0000
vt 0.7242 0.8016 0.0000
vt 0.7175 0.8039 0.0000
vt 0.7379 0.8333 0.0000
vt 0.7490 0.8306 0.0000
vt 0.7469 0.8182 0.0000
vt 0.7354 0.7940 0.0000
vt 0.7272 0.7854 0.0000
vt 0.7453 0.8449 0.0000
vt 0.7422 0.8063 0.0000
vt 0.7477 0.8573 0.0000
vt 0.7143 0.7803 0.0000
vt 0.7079 0.7725 0.0000
vt 0.6854 0.8160 0.0000
vt 0.6986 0.8460 0.0000
vt 0.7011 0.8146 0.0000
vt 0.7202 0.8458 0.0000
vt 0.7163 0.8614 0.0000
vt 0.7568 0.0623 0.0000
vt 0.7475 0.0729 0.0000
vt 0.7388 0.0595 0.0000
vt 0.7489 0.0492 0.0000
vt 0.7406 0.0840 0.0000
vt 0.7314 0.0945 0.0000
vt 0.7213 0.0851 0.0000
vt 0.7316 0.0721 0.0000
vt 0.7632 0.0555 0.0000
vt 0.7561 0.0408 0.0000
vt 0.7090 0.1103 0.0000
vt 0.6968 0.1025 0.0000
vt 0.7096 0.0943 0.0000
vt 0.7210 0.1024 0.0000
vt 0.7330 0.0434 0.0000
vt 0.7416 0.0428 0.0000
vt 0.7190 0.0348 0.0000
vt 0.7116 0.0308 0.0000
vt 0.7186 0.0207 0.0000
vt 0.7259 0.0262 0.0000
vt 0.7155 0.0475 0.0000
vt 0.7077 0.0430 0.0000
vt 0.6926 0.0720 0.0000
vt 0.6859 0.0663 0.0000
vt 0.6941 0.0576 0.0000
vt 0.7002 0.0640 0.0000
vt 0.6913 0.1300 0.0000
vt 0.6771 0.1212 0.0000
vt 0.6860 0.1138 0.0000
vt 0.6984 0.1219 0.0000
vt 0.7908 0.1141 0.0000
vt 0.7827 0.1252 0.0000
vt 0.7568 0.1012 0.0000
vt 0.7649 0.0917 0.0000
vt 0.7371 0.1597 0.0000
vt 0.7157 0.1359 0.0000
vt 0.7261 0.1249 0.0000
vt 0.7503 0.1499 0.0000
vt 0.7630 0.1424 0.0000
vt 0.7373 0.1167 0.0000
vt 0.7474 0.1097 0.0000
vt 0.7735 0.1348 0.0000
vt 0.7282 0.1675 0.0000
vt 0.7089 0.1447 0.0000
vt 0.8017 0.0918 0.0000
vt 0.7975 0.1006 0.0000
vt 0.7731 0.0806 0.0000
vt 0.7783 0.0729 0.0000
vt 0.7363 0.0310 0.0000
vt 0.7473 0.0347 0.0000
vt 0.6792 0.1061 0.0000
vt 0.6695 0.1132 0.0000
vt 0.6667 0.1016 0.0000
vt 0.6786 0.0980 0.0000
vt 0.6706 0.0837 0.0000
vt 0.6603 0.0918 0.0000
vt 0.6538 0.0849 0.0000
vt 0.6662 0.0760 0.0000
vt 0.6782 0.0724 0.0000
vt 0.6706 0.0598 0.0000
vt 0.6735 0.0528 0.0000
vt 0.6748 0.0400 0.0000
vt 0.7028 0.0296 0.0000
vt 0.7041 0.0149 0.0000
vt 0.6952 0.0352 0.0000
vt 0.7090 0.0559 0.0000
vt 0.7034 0.0492 0.0000
vt 0.6834 0.0798 0.0000
vt 0.6901 0.0893 0.0000
vt 0.7013 0.0829 0.0000
vt 0.7201 0.0641 0.0000
vt 0.7254 0.0533 0.0000
vt 0.6746 0.0911 0.0000
vt 0.7109 0.0745 0.0000
vt 0.6642 0.0973 0.0000
vt 0.7263 0.0389 0.0000
vt 0.7317 0.0294 0.0000
vt 0.6823 0.0234 0.0000
vt 0.6576 0.0464 0.0000
vt 0.6894 0.0382 0.0000
vt 0.6651 0.0670 0.0000
vt 0.6491 0.0690 0.0000
vt 0.7568 0.1899 0.0000
vt 0.7451 0.1971 0.0000
vt 0.7666 0.1785 0.0000
vt 0.7844 0.1658 0.0000
vt 0.7930 0.1546 0.0000
vt 0.8042 0.1476 0.0000
vt 0.8164 0.1310 0.0000
vt 0.8278 0.1187 0.0000
vt 0.8320 0.1074 0.0000
vt 0.3191 0.2860 0.0000
vt 0.2601 0.2791 0.0000
vt 0.0198 0.2178 0.0000
vt 0.0671 0.2370 0.0000
vt 0.1144 0.2504 0.0000
vt 0.1615 0.2230 0.0000
vt 0.1528 0.2598 0.0000
vt 0.2247 0.2736 0.0000
vt 0.3640 0.2878 0.0000
vt 0.1925 0.2690 0.0000
vt 0.1704 0.2050 0.0000
vt 0.1824 0.3036 0.0000
vt 0.2864 0.7839 0.0000
vt 0.3004 0.7858 0.0000
vt 0.2964 0.7988 0.0000
vt 0.2801 0.7913 0.0000
vt 0.0466 0.7975 0.0000
vt 0.0247 0.8058 0.0000
vt 0.3225 0.7430 0.0000
vt 0.3171 0.7363 0.0000
vt 0.0305 0.8161 0.0000
vt 0.0286 0.8120 0.0000
vt 0.0467 0.8085 0.0000
vt 0.0468 0.8167 0.0000
vt 0.0286 0.8194 0.0000
vt 0.0469 0.8248 0.0000
vt 0.3092 0.7335 0.0000
vt 0.3094 0.7415 0.0000
vt 0.3155 0.7863 0.0000
vt 0.3146 0.8012 0.0000
vt 0.0355 0.8524 0.0000
vt 0.0473 0.8553 0.0000
vt 0.3124 0.7493 0.0000
vt 0.3145 0.7687 0.0000
vt 0.3210 0.7468 0.0000
vt 0.3161 0.7436 0.0000
vt 0.3146 0.7448 0.0000
vt 0.3132 0.7415 0.0000
vt 0.3166 0.7520 0.0000
vt 0.3182 0.7715 0.0000
vt 0.3185 0.7853 0.0000
vt 0.3521 0.7639 0.0000
vt 0.3361 0.7592 0.0000
vt 0.3185 0.8006 0.0000
vt 0.3655 0.7660 0.0000
vt 0.1115 0.3681 0.0000
vt 0.1588 0.3387 0.0000
vt 0.6811 0.7004 0.0000
vt 0.6923 0.7087 0.0000
vt 0.6905 0.7102 0.0000
vt 0.6787 0.7052 0.0000
vt 0.6937 0.7448 0.0000
vt 0.6845 0.7395 0.0000
vt 0.6942 0.7243 0.0000
vt 0.7031 0.7221 0.0000
vt 0.6806 0.7305 0.0000
vt 0.6912 0.7211 0.0000
vt 0.6791 0.7129 0.0000
vt 0.6922 0.7151 0.0000
vt 0.3530 0.6203 0.0000
vt 0.3512 0.6087 0.0000
vt 0.3489 0.6269 0.0000
vt 0.3440 0.6041 0.0000
vt 0.6990 0.7152 0.0000
vt 0.6952 0.7059 0.0000
vt 0.7016 0.7078 0.0000
vt 0.6892 0.7186 0.0000
vt 0.6777 0.7233 0.0000
vt 0.6935 0.6861 0.0000
vt 0.6841 0.6940 0.0000
vt 0.6465 0.6893 0.0000
vt 0.6471 0.6780 0.0000
vt 0.6667 0.6845 0.0000
vt 0.6639 0.6933 0.0000
vt 0.6530 0.6608 0.0000
vt 0.6759 0.6701 0.0000
vt 0.6665 0.7344 0.0000
vt 0.6560 0.7381 0.0000
vt 0.6486 0.6965 0.0000
vt 0.6626 0.6994 0.0000
vt 0.6690 0.7496 0.0000
vt 0.6524 0.7597 0.0000
vt 0.6771 0.7637 0.0000
vt 0.6546 0.7764 0.0000
vt 0.5999 0.7028 0.0000
vt 0.5963 0.6868 0.0000
vt 0.6086 0.6862 0.0000
vt 0.6133 0.6996 0.0000
vt 0.6184 0.7755 0.0000
vt 0.6320 0.7684 0.0000
vt 0.6280 0.7861 0.0000
vt 0.6141 0.7950 0.0000
vt 0.6262 0.7488 0.0000
vt 0.6360 0.7450 0.0000
vt 0.6124 0.7172 0.0000
vt 0.6226 0.7137 0.0000
vt 0.6236 0.7281 0.0000
vt 0.6332 0.7282 0.0000
vt 0.6084 0.6571 0.0000
vt 0.6251 0.6585 0.0000
vt 0.6149 0.6729 0.0000
vt 0.6003 0.6726 0.0000
vt 0.6310 0.6965 0.0000
vt 0.6283 0.6868 0.0000
vt 0.6422 0.7642 0.0000
vt 0.6412 0.7812 0.0000
vt 0.6466 0.7424 0.0000
vt 0.6386 0.7119 0.0000
vt 0.6462 0.7279 0.0000
vt 0.6393 0.6583 0.0000
vt 0.6330 0.6734 0.0000
vt 0.0088 0.6834 0.0000
vt 0.0129 0.6782 0.0000
vt 0.0216 0.6827 0.0000
vt 0.0185 0.6938 0.0000
vt 0.3402 0.1025 0.0000
vt 0.3233 0.1021 0.0000
vt 0.0185 0.6623 0.0000
vt 0.0263 0.6643 0.0000
vt 0.0344 0.7231 0.0000
vt 0.0418 0.6895 0.0000
vt 0.0493 0.6900 0.0000
vt 0.0501 0.7262 0.0000
vt 0.0305 0.6871 0.0000
vt 0.0195 0.7103 0.0000
vt 0.3634 0.1011 0.0000
vt 0.0418 0.5607 0.0000
vt 0.0371 0.5596 0.0000
vt 0.0464 0.5449 0.0000
vt 0.0258 0.6121 0.0000
vt 0.0243 0.5935 0.0000
vt 0.0302 0.5926 0.0000
vt 0.0315 0.6123 0.0000
vt 0.0334 0.6661 0.0000
vt 0.0323 0.5568 0.0000
vt 0.0422 0.6673 0.0000
vt 0.3185 0.0542 0.0000
vt 0.0416 0.5919 0.0000
vt 0.0410 0.5800 0.0000
vt 0.0471 0.5798 0.0000
vt 0.0474 0.5915 0.0000
vt 0.0359 0.5921 0.0000
vt 0.0282 0.5807 0.0000
vt 0.0348 0.5804 0.0000
vt 0.0467 0.5606 0.0000
vt 0.0262 0.5498 0.0000
vt 0.0167 0.5643 0.0000
vt 0.0281 0.5667 0.0000
vt 0.0469 0.5686 0.0000
vt 0.0410 0.5685 0.0000
vt 0.0352 0.5680 0.0000
vt 0.0203 0.5821 0.0000
vt 0.0367 0.6129 0.0000
vt 0.0424 0.6133 0.0000
vt 0.0478 0.6134 0.0000
vt 0.0425 0.6405 0.0000
vt 0.0357 0.6397 0.0000
vt 0.0298 0.6385 0.0000
vt 0.0231 0.6374 0.0000
vt 0.0484 0.6408 0.0000
vt 0.0489 0.6676 0.0000
vt 0.3286 0.6462 0.0000
vt 0.3274 0.6557 0.0000
vt 0.3327 0.6646 0.0000
vt 0.3432 0.6663 0.0000
vt 0.3652 0.6682 0.0000
vt 0.3544 0.6690 0.0000
vt 0.3439 0.6492 0.0000
vt 0.3449 0.6571 0.0000
vt 0.3401 0.6446 0.0000
vt 0.3438 0.6362 0.0000
vt 0.3348 0.6462 0.0000
vt 0.3314 0.6487 0.0000
vt 0.3338 0.6423 0.0000
vt 0.3313 0.6554 0.0000
vt 0.3342 0.6595 0.0000
vt 0.3394 0.6613 0.0000
vt 0.3410 0.6564 0.0000
vt 0.3378 0.6482 0.0000
vt 0.3403 0.6511 0.0000
vt 0.3429 0.6259 0.0000
vt 0.3357 0.6218 0.0000
vt 0.3336 0.6144 0.0000
vt 0.3373 0.6081 0.0000
vt 0.3360 0.6533 0.0000
vt 0.0221 0.8128 0.0000
vt 0.0190 0.8074 0.0000
vt 0.0241 0.8160 0.0000
vt 0.0218 0.8190 0.0000
vt 0.0184 0.8268 0.0000
vt 0.0326 0.8573 0.0000
vt 0.0233 0.8466 0.0000
vt 0.0210 0.7869 0.0000
vt 0.0308 0.7720 0.0000
vt 0.0474 0.8611 0.0000
vt 0.0462 0.7665 0.0000
vt 0.4428 0.2050 0.0000
vt 0.4569 0.2424 0.0000
vt 0.4024 0.2425 0.0000
vt 0.3937 0.2055 0.0000
vt 0.1206 0.7491 0.0000
vt 0.1148 0.7369 0.0000
vt 0.1287 0.7343 0.0000
vt 0.1344 0.7472 0.0000
vt 0.6788 0.1569 0.0000
vt 0.6344 0.1906 0.0000
vt 0.6077 0.1566 0.0000
vt 0.6458 0.1192 0.0000
vt 0.4643 0.3668 0.0000
vt 0.4082 0.3727 0.0000
vt 0.4114 0.3287 0.0000
vt 0.4708 0.3182 0.0000
vt 0.5241 0.2012 0.0000
vt 0.5271 0.2337 0.0000
vt 0.4960 0.2404 0.0000
vt 0.4851 0.2006 0.0000
vt 0.5208 0.3570 0.0000
vt 0.5106 0.3097 0.0000
vt 0.9074 0.5105 0.0000
vt 0.8850 0.5245 0.0000
vt 0.8772 0.5128 0.0000
vt 0.9014 0.4902 0.0000
vt 0.3827 0.0585 0.0000
vt 0.3859 0.0823 0.0000
vt 0.4903 0.1300 0.0000
vt 0.5246 0.1611 0.0000
vt 0.4523 0.1606 0.0000
vt 0.4127 0.1248 0.0000
vt 0.4374 0.1090 0.0000
vt 0.4208 0.1670 0.0000
vt 0.5532 0.0712 0.0000
vt 0.4995 0.0541 0.0000
vt 0.5040 0.0153 0.0000
vt 0.5736 0.0443 0.0000
vt 0.3860 0.1345 0.0000
vt 0.3911 0.1676 0.0000
vt 0.6150 0.0864 0.0000
vt 0.5846 0.1244 0.0000
vt 0.4706 0.0985 0.0000
vt 0.5096 0.6253 0.0000
vt 0.4713 0.6069 0.0000
vt 0.5038 0.5774 0.0000
vt 0.5403 0.5983 0.0000
vt 0.4081 0.4256 0.0000
vt 0.5109 0.4114 0.0000
vt 0.4635 0.4175 0.0000
vt 0.1473 0.7474 0.0000
vt 0.1429 0.7354 0.0000
vt 0.1590 0.7341 0.0000
vt 0.1610 0.7455 0.0000
vt 0.5825 0.5589 0.0000
vt 0.5441 0.5369 0.0000
vt 0.5733 0.5003 0.0000
vt 0.6197 0.5200 0.0000
vt 0.4340 0.5203 0.0000
vt 0.3942 0.5244 0.0000
vt 0.4001 0.4830 0.0000
vt 0.4519 0.4738 0.0000
vt 0.5441 0.8032 0.0000
vt 0.5352 0.8034 0.0000
vt 0.5353 0.7894 0.0000
vt 0.5481 0.7859 0.0000
vt 0.4256 0.6003 0.0000
vt 0.4006 0.5820 0.0000
vt 0.4156 0.5557 0.0000
vt 0.4582 0.5644 0.0000
vt 0.5131 0.4727 0.0000
vt 0.1116 0.7505 0.0000
vt 0.1043 0.7383 0.0000
vt 0.1726 0.7291 0.0000
vt 0.1856 0.7224 0.0000
vt 0.1860 0.7350 0.0000
vt 0.1732 0.7410 0.0000
vt 0.4896 0.5235 0.0000
vt 0.4900 0.6405 0.0000
vt 0.4614 0.6274 0.0000
vt 0.3725 0.6186 0.0000
vt 0.3751 0.6309 0.0000
vt 0.4068 0.6153 0.0000
vt 0.4046 0.6028 0.0000
vt 0.4268 0.6258 0.0000
vt 0.3768 0.6028 0.0000
vt 0.4489 0.7550 0.0000
vt 0.4337 0.7485 0.0000
vt 0.4436 0.7286 0.0000
vt 0.4592 0.7361 0.0000
vt 0.3740 0.7131 0.0000
vt 0.3737 0.7240 0.0000
vt 0.4680 0.7660 0.0000
vt 0.4610 0.7811 0.0000
vt 0.4486 0.7722 0.0000
vt 0.3994 0.7286 0.0000
vt 0.3878 0.7409 0.0000
vt 0.3819 0.7303 0.0000
vt 0.3859 0.7180 0.0000
vt 0.3774 0.7604 0.0000
vt 0.3752 0.7482 0.0000
vt 0.3733 0.7372 0.0000
vt 0.0581 0.7764 0.0000
vt 0.0661 0.7864 0.0000
vt 0.4609 0.6670 0.0000
vt 0.4411 0.6609 0.0000
vt 0.3723 0.6375 0.0000
vt 0.3752 0.6463 0.0000
vt 0.4800 0.6748 0.0000
vt 0.4203 0.6568 0.0000
vt 0.4134 0.6361 0.0000
vt 0.1297 0.9797 0.0000
vt 0.0886 0.9700 0.0000
vt 0.1128 0.9260 0.0000
vt 0.1399 0.9373 0.0000
vt 0.3036 0.8483 0.0000
vt 0.3357 0.8591 0.0000
vt 0.2842 0.8969 0.0000
vt 0.2769 0.8717 0.0000
vt 0.2527 0.9062 0.0000
vt 0.2437 0.8946 0.0000
vt 0.5707 0.3680 0.0000
vt 0.5673 0.4127 0.0000
vt 0.5700 0.4566 0.0000
vt 0.2341 0.9462 0.0000
vt 0.2158 0.9174 0.0000
vt 0.1963 0.9721 0.0000
vt 0.1942 0.9291 0.0000
vt 0.1691 0.9374 0.0000
vt 0.1703 0.9877 0.0000
vt 0.1130 0.7277 0.0000
vt 0.1180 0.7210 0.0000
vt 0.1074 0.6989 0.0000
vt 0.1186 0.6979 0.0000
vt 0.1188 0.7052 0.0000
vt 0.1084 0.7066 0.0000
vt 0.1314 0.7017 0.0000
vt 0.1310 0.7090 0.0000
vt 0.1512 0.6984 0.0000
vt 0.1628 0.6964 0.0000
vt 0.1637 0.7035 0.0000
vt 0.1528 0.7055 0.0000
vt 0.2004 0.7191 0.0000
vt 0.2107 0.7156 0.0000
vt 0.2111 0.7299 0.0000
vt 0.2010 0.7319 0.0000
vt 0.1456 0.8429 0.0000
vt 0.1428 0.8307 0.0000
vt 0.1614 0.8292 0.0000
vt 0.1639 0.8403 0.0000
vt 0.2107 0.8101 0.0000
vt 0.2297 0.8011 0.0000
vt 0.2360 0.8153 0.0000
vt 0.2156 0.8245 0.0000
vt 0.1776 0.8252 0.0000
vt 0.1931 0.8190 0.0000
vt 0.1964 0.8321 0.0000
vt 0.1824 0.8363 0.0000
vt 0.2466 0.7942 0.0000
vt 0.2515 0.8082 0.0000
vt 0.1100 0.8414 0.0000
vt 0.1089 0.8256 0.0000
vt 0.1231 0.8289 0.0000
vt 0.1257 0.8421 0.0000
vt 0.1252 0.8763 0.0000
vt 0.1454 0.8811 0.0000
vt 0.1674 0.8798 0.0000
vt 0.1880 0.8748 0.0000
vt 0.0967 0.9086 0.0000
vt 0.1084 0.8696 0.0000
vt 0.2038 0.8679 0.0000
vt 0.2255 0.8541 0.0000
vt 0.2485 0.8397 0.0000
vt 0.2667 0.8305 0.0000
vt 0.4558 0.6999 0.0000
vt 0.4366 0.6928 0.0000
vt 0.3756 0.6583 0.0000
vt 0.4723 0.7090 0.0000
vt 0.4160 0.6825 0.0000
vt 0.6953 0.4384 0.0000
vt 0.6679 0.5010 0.0000
vt 0.6514 0.4799 0.0000
vt 0.6748 0.4328 0.0000
vt 0.6804 0.3923 0.0000
vt 0.7044 0.3960 0.0000
vt 0.5102 0.6900 0.0000
vt 0.4949 0.7210 0.0000
vt 0.5197 0.6619 0.0000
vt 0.3761 0.6810 0.0000
vt 0.3752 0.6970 0.0000
vt 0.0656 0.8434 0.0000
vt 0.0695 0.8269 0.0000
vt 0.4788 0.7488 0.0000
vt 0.4005 0.6282 0.0000
vt 0.3906 0.5960 0.0000
vt 0.5306 0.6512 0.0000
vt 0.5650 0.6217 0.0000
vt 0.6459 0.5340 0.0000
vt 0.6078 0.5798 0.0000
vt 0.3803 0.5825 0.0000
vt 0.3872 0.5577 0.0000
vt 0.8281 0.4795 0.0000
vt 0.8119 0.4718 0.0000
vt 0.8335 0.4271 0.0000
vt 0.8566 0.4313 0.0000
vt 0.7843 0.4669 0.0000
vt 0.7974 0.4302 0.0000
vt 0.4578 0.0146 0.0000
vt 0.4534 0.0479 0.0000
vt 0.4218 0.0396 0.0000
vt 0.4239 0.0218 0.0000
vt 0.6750 0.2957 0.0000
vt 0.7188 0.2930 0.0000
vt 0.7155 0.3432 0.0000
vt 0.6741 0.3409 0.0000
vt 0.3720 0.7296 0.0000
vt 0.4305 0.7668 0.0000
vt 0.3891 0.7017 0.0000
vt 0.4087 0.7113 0.0000
vt 0.3896 0.6816 0.0000
vt 0.4271 0.7183 0.0000
vt 0.3943 0.7549 0.0000
vt 0.6268 0.2930 0.0000
vt 0.6313 0.3330 0.0000
vt 0.5949 0.3239 0.0000
vt 0.5862 0.2938 0.0000
vt 0.0787 0.9312 0.0000
vt 0.8713 0.5440 0.0000
vt 0.8651 0.5522 0.0000
vt 0.8567 0.5414 0.0000
vt 0.8621 0.5333 0.0000
vt 0.7563 0.4900 0.0000
vt 0.7420 0.4860 0.0000
vt 0.7460 0.4764 0.0000
vt 0.7602 0.4817 0.0000
vt 0.8195 0.5183 0.0000
vt 0.8053 0.5170 0.0000
vt 0.8122 0.5050 0.0000
vt 0.8288 0.5077 0.0000
vt 0.7741 0.4893 0.0000
vt 0.7681 0.4988 0.0000
vt 0.9817 0.4978 0.0000
vt 0.9423 0.4999 0.0000
vt 0.9383 0.4713 0.0000
vt 0.9785 0.4622 0.0000
vt 0.7698 0.4588 0.0000
vt 0.7789 0.4279 0.0000
vt 0.8886 0.4714 0.0000
vt 0.8610 0.5023 0.0000
vt 0.8456 0.4839 0.0000
vt 0.8730 0.4454 0.0000
vt 0.8453 0.5231 0.0000
vt 0.8397 0.5338 0.0000
vt 0.7939 0.5070 0.0000
vt 0.7977 0.4948 0.0000
vt 0.1415 0.7804 0.0000
vt 0.1543 0.7780 0.0000
vt 0.1597 0.8116 0.0000
vt 0.1441 0.8131 0.0000
vt 0.2029 0.7971 0.0000
vt 0.1920 0.7642 0.0000
vt 0.2070 0.7604 0.0000
vt 0.2213 0.7885 0.0000
vt 0.1667 0.7741 0.0000
vt 0.1783 0.7692 0.0000
vt 0.1875 0.8039 0.0000
vt 0.1738 0.8084 0.0000
vt 0.2181 0.7581 0.0000
vt 0.2346 0.7815 0.0000
vt 0.1140 0.8092 0.0000
vt 0.1175 0.7801 0.0000
vt 0.1272 0.7810 0.0000
vt 0.1257 0.8120 0.0000
vt 0.5978 0.4751 0.0000
vt 0.7547 0.4542 0.0000
vt 0.7601 0.4281 0.0000
vt 0.4175 0.0778 0.0000
vt 0.4666 0.0717 0.0000
vt 0.8820 0.3926 0.0000
vt 0.8579 0.3870 0.0000
vt 0.8695 0.3537 0.0000
vt 0.9194 0.3500 0.0000
vt 0.6003 0.2101 0.0000
vt 0.5787 0.1869 0.0000
vt 0.5517 0.1752 0.0000
vt 0.9208 0.4471 0.0000
vt 0.9665 0.4158 0.0000
vt 0.9386 0.3726 0.0000
vt 0.9015 0.4101 0.0000
vt 0.8232 0.3717 0.0000
vt 0.8139 0.3930 0.0000
vt 0.7767 0.3877 0.0000
vt 0.7730 0.3641 0.0000
vt 0.7533 0.3918 0.0000
vt 0.7347 0.3563 0.0000
vt 0.1070 0.7176 0.0000
vt 0.1043 0.7281 0.0000
vt 0.1981 0.7098 0.0000
vt 0.1920 0.7052 0.0000
vt 0.2017 0.6973 0.0000
vt 0.2092 0.7055 0.0000
vt 0.1842 0.6917 0.0000
vt 0.1814 0.6849 0.0000
vt 0.1955 0.6796 0.0000
vt 0.1972 0.6872 0.0000
vt 0.1580 0.6777 0.0000
vt 0.1652 0.6791 0.0000
vt 0.1720 0.6934 0.0000
vt 0.1466 0.6715 0.0000
vt 0.1104 0.6819 0.0000
vt 0.1226 0.6886 0.0000
vt 0.1317 0.6853 0.0000
vt 0.1411 0.7083 0.0000
vt 0.1389 0.7016 0.0000
vt 0.1746 0.6999 0.0000
vt 0.1681 0.7162 0.0000
vt 0.1792 0.7104 0.0000
vt 0.1301 0.7205 0.0000
vt 0.1419 0.7219 0.0000
vt 0.1883 0.6988 0.0000
vt 0.1558 0.7198 0.0000
vt 0.1997 0.6932 0.0000
vt 0.1182 0.7134 0.0000
vt 0.1081 0.7131 0.0000
vt 0.1290 0.6687 0.0000
vt 0.1609 0.6610 0.0000
vt 0.1374 0.6820 0.0000
vt 0.1839 0.6658 0.0000
vt 0.1739 0.6783 0.0000
vt 0.7938 0.6276 0.0000
vt 0.7903 0.6425 0.0000
vt 0.7775 0.6359 0.0000
vt 0.7816 0.6204 0.0000
vt 0.7716 0.6120 0.0000
vt 0.7667 0.6261 0.0000
vt 0.7530 0.6169 0.0000
vt 0.7597 0.6049 0.0000
vt 0.8020 0.6321 0.0000
vt 0.7997 0.6483 0.0000
vt 0.7390 0.6118 0.0000
vt 0.7243 0.6079 0.0000
vt 0.7335 0.5967 0.0000
vt 0.7473 0.6005 0.0000
vt 0.7853 0.6508 0.0000
vt 0.7769 0.6530 0.0000
vt 0.7702 0.6790 0.0000
vt 0.7604 0.6715 0.0000
vt 0.7663 0.6654 0.0000
vt 0.7755 0.6715 0.0000
vt 0.7530 0.6611 0.0000
vt 0.7590 0.6545 0.0000
vt 0.7356 0.6514 0.0000
vt 0.7251 0.6457 0.0000
vt 0.7297 0.6382 0.0000
vt 0.7394 0.6435 0.0000
vt 0.7105 0.6006 0.0000
vt 0.6998 0.5963 0.0000
vt 0.7106 0.5835 0.0000
vt 0.7198 0.5890 0.0000
vt 0.8101 0.5678 0.0000
vt 0.7924 0.5972 0.0000
vt 0.7817 0.5906 0.0000
vt 0.7990 0.5598 0.0000
vt 0.7452 0.5775 0.0000
vt 0.7319 0.5704 0.0000
vt 0.7449 0.5411 0.0000
vt 0.7604 0.5463 0.0000
vt 0.7702 0.5855 0.0000
vt 0.7584 0.5819 0.0000
vt 0.7749 0.5495 0.0000
vt 0.7872 0.5535 0.0000
vt 0.7228 0.5641 0.0000
vt 0.7340 0.5364 0.0000
vt 0.8274 0.5857 0.0000
vt 0.8110 0.6109 0.0000
vt 0.8036 0.6052 0.0000
vt 0.8206 0.5786 0.0000
vt 0.7840 0.6638 0.0000
vt 0.7932 0.6569 0.0000
vt 0.7064 0.6099 0.0000
vt 0.7084 0.6178 0.0000
vt 0.6960 0.6181 0.0000
vt 0.6950 0.6062 0.0000
vt 0.7052 0.6339 0.0000
vt 0.7034 0.6425 0.0000
vt 0.6889 0.6379 0.0000
vt 0.6929 0.6294 0.0000
vt 0.7175 0.6624 0.0000
vt 0.7126 0.6565 0.0000
vt 0.7160 0.6423 0.0000
vt 0.7226 0.6741 0.0000
vt 0.7582 0.6889 0.0000
vt 0.7525 0.6754 0.0000
vt 0.7435 0.6724 0.0000
vt 0.7503 0.6484 0.0000
vt 0.7470 0.6565 0.0000
vt 0.7186 0.6337 0.0000
vt 0.7346 0.6252 0.0000
vt 0.7220 0.6226 0.0000
vt 0.7667 0.6458 0.0000
vt 0.7583 0.6372 0.0000
vt 0.7067 0.6257 0.0000
vt 0.7463 0.6302 0.0000
vt 0.6949 0.6230 0.0000
vt 0.7719 0.6594 0.0000
vt 0.7800 0.6667 0.0000
vt 0.7349 0.6876 0.0000
vt 0.7044 0.6733 0.0000
vt 0.7371 0.6714 0.0000
vt 0.6893 0.6545 0.0000
vt 0.7051 0.6515 0.0000
vt 0.7543 0.5063 0.0000
vt 0.7409 0.5031 0.0000
vt 0.7671 0.5141 0.0000
vt 0.7880 0.5206 0.0000
vt 0.7996 0.5286 0.0000
vt 0.8124 0.5318 0.0000
vt 0.8292 0.5438 0.0000
vt 0.8439 0.5520 0.0000
vt 0.8514 0.5615 0.0000
vt 0.4088 0.2857 0.0000
vt 0.4677 0.2784 0.0000
vt 0.7077 0.2156 0.0000
vt 0.6605 0.2351 0.0000
vt 0.5660 0.2217 0.0000
vt 0.6132 0.2488 0.0000
vt 0.5749 0.2584 0.0000
vt 0.5031 0.2727 0.0000
vt 0.5353 0.2679 0.0000
vt 0.5570 0.2037 0.0000
vt 0.5457 0.3025 0.0000
vt 0.4348 0.7984 0.0000
vt 0.4307 0.7853 0.0000
vt 0.4447 0.7834 0.0000
vt 0.4510 0.7907 0.0000
vt 0.0686 0.8053 0.0000
vt 0.4137 0.7360 0.0000
vt 0.4083 0.7428 0.0000
vt 0.0632 0.8157 0.0000
vt 0.0649 0.8116 0.0000
vt 0.0651 0.8190 0.0000
vt 0.4214 0.7411 0.0000
vt 0.4216 0.7332 0.0000
vt 0.4166 0.8009 0.0000
vt 0.4156 0.7860 0.0000
vt 0.0589 0.8521 0.0000
vt 0.4165 0.7683 0.0000
vt 0.4184 0.7490 0.0000
vt 0.4147 0.7433 0.0000
vt 0.4098 0.7465 0.0000
vt 0.4176 0.7412 0.0000
vt 0.4163 0.7445 0.0000
vt 0.4143 0.7517 0.0000
vt 0.4126 0.7850 0.0000
vt 0.4128 0.7712 0.0000
vt 0.3948 0.7590 0.0000
vt 0.3788 0.7638 0.0000
vt 0.4127 0.8003 0.0000
vt 0.6170 0.3665 0.0000
vt 0.5694 0.3374 0.0000
vt 0.5093 0.7929 0.0000
vt 0.5073 0.7917 0.0000
vt 0.5170 0.7817 0.0000
vt 0.5201 0.7860 0.0000
vt 0.5118 0.8276 0.0000
vt 0.4989 0.8067 0.0000
vt 0.5079 0.8074 0.0000
vt 0.5200 0.8209 0.0000
vt 0.5104 0.8037 0.0000
vt 0.5224 0.8113 0.0000
vt 0.5210 0.7937 0.0000
vt 0.5084 0.7981 0.0000
vt 0.3788 0.6086 0.0000
vt 0.3770 0.6202 0.0000
vt 0.3812 0.6268 0.0000
vt 0.3860 0.6040 0.0000
vt 0.5018 0.7992 0.0000
vt 0.5040 0.7894 0.0000
vt 0.4979 0.7924 0.0000
vt 0.5120 0.8010 0.0000
vt 0.5241 0.8038 0.0000
vt 0.5024 0.7696 0.0000
vt 0.5130 0.7759 0.0000
vt 0.5493 0.7651 0.0000
vt 0.5328 0.7719 0.0000
vt 0.5286 0.7637 0.0000
vt 0.5469 0.7541 0.0000
vt 0.5172 0.7509 0.0000
vt 0.5383 0.7381 0.0000
vt 0.5370 0.8129 0.0000
vt 0.5479 0.8149 0.0000
vt 0.5351 0.7777 0.0000
vt 0.5484 0.7726 0.0000
vt 0.5369 0.8283 0.0000
vt 0.5550 0.8355 0.0000
vt 0.5312 0.8435 0.0000
vt 0.5556 0.8524 0.0000
vt 0.5975 0.7709 0.0000
vt 0.5838 0.7699 0.0000
vt 0.5862 0.7559 0.0000
vt 0.5985 0.7545 0.0000
vt 0.5833 0.8576 0.0000
vt 0.5766 0.8408 0.0000
vt 0.5911 0.8456 0.0000
vt 0.5985 0.8642 0.0000
vt 0.5688 0.8184 0.0000
vt 0.5791 0.8206 0.0000
vt 0.5875 0.7871 0.0000
vt 0.5769 0.7853 0.0000
vt 0.5688 0.8014 0.0000
vt 0.5782 0.7997 0.0000
vt 0.5778 0.7438 0.0000
vt 0.5655 0.7312 0.0000
vt 0.5817 0.7272 0.0000
vt 0.5922 0.7412 0.0000
vt 0.5658 0.7697 0.0000
vt 0.5669 0.7597 0.0000
vt 0.5658 0.8383 0.0000
vt 0.5696 0.8550 0.0000
vt 0.5578 0.8175 0.0000
vt 0.5609 0.7861 0.0000
vt 0.5559 0.8031 0.0000
vt 0.5514 0.7334 0.0000
vt 0.5600 0.7472 0.0000
vt 0.0768 0.6816 0.0000
vt 0.0853 0.6768 0.0000
vt 0.0896 0.6818 0.0000
vt 0.0803 0.6926 0.0000
vt 0.3865 0.1024 0.0000
vt 0.4034 0.1018 0.0000
vt 0.0713 0.6634 0.0000
vt 0.0791 0.6610 0.0000
vt 0.0569 0.6892 0.0000
vt 0.0656 0.7225 0.0000
vt 0.0680 0.6864 0.0000
vt 0.0800 0.7090 0.0000
vt 0.0517 0.5605 0.0000
vt 0.0563 0.5593 0.0000
vt 0.0646 0.5919 0.0000
vt 0.0705 0.5926 0.0000
vt 0.0698 0.6112 0.0000
vt 0.0640 0.6117 0.0000
vt 0.0643 0.6655 0.0000
vt 0.0610 0.5562 0.0000
vt 0.0556 0.6670 0.0000
vt 0.4080 0.0539 0.0000
vt 0.0532 0.5798 0.0000
vt 0.0531 0.5916 0.0000
vt 0.0589 0.5916 0.0000
vt 0.0594 0.5799 0.0000
vt 0.0660 0.5799 0.0000
vt 0.0668 0.5490 0.0000
vt 0.0769 0.5631 0.0000
vt 0.0656 0.5659 0.0000
vt 0.0528 0.5683 0.0000
vt 0.0585 0.5675 0.0000
vt 0.0740 0.5810 0.0000
vt 0.0589 0.6124 0.0000
vt 0.0532 0.6131 0.0000
vt 0.0610 0.6392 0.0000
vt 0.0542 0.6403 0.0000
vt 0.0734 0.6364 0.0000
vt 0.0668 0.6377 0.0000
vt 0.4016 0.6460 0.0000
vt 0.4028 0.6554 0.0000
vt 0.3976 0.6644 0.0000
vt 0.3871 0.6662 0.0000
vt 0.3760 0.6689 0.0000
vt 0.3864 0.6491 0.0000
vt 0.3854 0.6569 0.0000
vt 0.3863 0.6361 0.0000
vt 0.3901 0.6444 0.0000
vt 0.3954 0.6460 0.0000
vt 0.3964 0.6421 0.0000
vt 0.3988 0.6484 0.0000
vt 0.3990 0.6552 0.0000
vt 0.3961 0.6593 0.0000
vt 0.3909 0.6611 0.0000
vt 0.3893 0.6562 0.0000
vt 0.3925 0.6480 0.0000
vt 0.3900 0.6509 0.0000
vt 0.3872 0.6257 0.0000
vt 0.3944 0.6216 0.0000
vt 0.3964 0.6142 0.0000
vt 0.3927 0.6079 0.0000
vt 0.3942 0.6531 0.0000
vt 0.0744 0.8067 0.0000
vt 0.0714 0.8122 0.0000
vt 0.0719 0.8184 0.0000
vt 0.0695 0.8154 0.0000
vt 0.0754 0.8261 0.0000
vt 0.0711 0.8460 0.0000
vt 0.0621 0.8569 0.0000
vt 0.0617 0.7716 0.0000
vt 0.0719 0.7862 0.0000
vt 0.3739 0.9612 0.0000
vt 0.3739 0.9678 0.0000
vt 0.3525 0.9678 0.0000
vt 0.3525 0.9612 0.0000
vt 0.4255 0.9678 0.0000
vt 0.4255 0.9612 0.0000
vt 0.4322 0.9612 0.0000
vt 0.4322 0.9678 0.0000
vt 0.3990 0.9678 0.0000
vt 0.3990 0.9612 0.0000
vt 0.3990 0.9773 0.0000
vt 0.3739 0.9773 0.0000
vt 0.3525 0.9517 0.0000
vt 0.3739 0.9517 0.0000
vt 0.3525 0.9773 0.0000
vt 0.3990 0.9517 0.0000
vt 0.4255 0.9517 0.0000
vt 0.4412 0.9612 0.0000
vt 0.4412 0.9678 0.0000
vt 0.4322 0.9517 0.0000
vt 0.4255 0.9773 0.0000
vt 0.4322 0.9773 0.0000
vt 0.3311 0.9612 0.0000
vt 0.3311 0.9678 0.0000
vt 0.2794 0.9678 0.0000
vt 0.2727 0.9678 0.0000
vt 0.2727 0.9612 0.0000
vt 0.2794 0.9612 0.0000
vt 0.3059 0.9612 0.0000
vt 0.3059 0.9678 0.0000
vt 0.3311 0.9773 0.0000
vt 0.3059 0.9773 0.0000
vt 0.3311 0.9517 0.0000
vt 0.2794 0.9517 0.0000
vt 0.3059 0.9517 0.0000
vt 0.2638 0.9612 0.0000
vt 0.2638 0.9678 0.0000
vt 0.2727 0.9517 0.0000
vt 0.2794 0.9773 0.0000
vt 0.2727 0.9773 0.0000
# 1282 texture coords

o Donkey
g Donkey
usemtl burro_donkey
s 1
f 1/1/1 2/2/2 3/3/3 
f 3/3/3 4/4/4 1/1/1 
f 5/5/5 6/6/6 7/7/7 
f 7/7/7 8/8/8 5/5/5 
f 2/2/2 9/9/9 10/10/10 
f 10/10/10 3/3/3 2/2/2 
f 11/11/11 12/12/12 13/13/13 
f 13/13/13 14/14/14 11/11/11 
f 15/15/15 16/16/16 17/17/17 
f 17/17/17 18/18/18 15/15/15 
f 19/19/19 20/20/20 21/21/21 
f 21/21/21 22/22/22 19/19/19 
f 18/18/18 17/17/17 23/23/23 
f 23/23/23 24/24/24 18/18/18 
f 25/25/25 26/26/26 27/27/27 
f 27/27/27 28/28/28 25/25/25 
f 29/29/29 30/30/30 31/31/31 
f 31/31/31 32/32/32 29/29/29 
f 20/20/20 33/33/33 34/34/34 
f 34/34/34 35/35/35 20/20/20 
f 35/35/35 36/36/36 37/37/37 
f 37/37/37 38/38/38 35/35/35 
f 39/39/39 40/40/40 41/41/41 
f 41/41/41 42/42/42 39/39/39 
f 38/38/38 37/37/37 43/43/43 
f 43/43/43 44/44/44 38/38/38 
f 2/2/2 1/1/1 38/38/38 
f 38/38/38 44/44/44 2/2/2 
f 45/45/45 40/40/40 39/39/39 
f 39/39/39 46/46/46 45/45/45 
f 1/1/1 20/20/20 35/35/35 
f 35/35/35 38/38/38 1/1/1 
f 36/36/36 35/35/35 34/34/34 
f 34/34/34 47/47/47 36/36/36 
f 48/48/48 49/49/49 50/50/50 
f 50/50/50 51/51/51 48/48/48 
f 52/52/52 53/53/53 54/54/54 
f 54/54/54 16/16/16 52/52/52 
f 17/17/17 55/55/55 56/56/56 
f 56/56/56 23/23/23 17/17/17 
f 57/57/57 58/58/58 59/59/59 
f 59/59/59 60/60/60 57/57/57 
f 61/61/61 62/62/62 63/63/63 
f 63/63/63 64/64/64 61/61/61 
f 65/65/65 66/66/66 67/67/67 
f 67/67/67 68/68/68 65/65/65 
f 69/69/69 70/70/70 71/71/71 
f 71/71/71 72/72/72 69/69/69 
f 73/73/73 74/74/74 75/75/75 
f 75/75/75 76/76/76 73/73/73 
f 55/55/55 68/68/68 77/77/77 
f 77/77/77 56/56/56 55/55/55 
f 53/53/53 78/78/78 65/65/65 
f 65/65/65 54/54/54 53/53/53 
f 79/79/79 5/5/5 8/8/8 
f 8/8/8 80/80/80 79/79/79 
f 81/81/81 82/82/82 83/83/83 
f 83/83/83 84/84/84 81/81/81 
f 68/68/68 67/67/67 85/85/85 
f 85/85/85 77/77/77 68/68/68 
f 78/78/78 86/86/86 66/66/66 
f 66/66/66 65/65/65 78/78/78 
f 49/49/49 87/87/87 88/88/88 
f 88/88/88 50/50/50 49/49/49 
f 89/89/89 90/90/90 91/91/91 
f 91/91/91 92/92/92 89/89/89 
f 75/75/75 93/93/93 94/94/94 
f 94/94/94 95/95/95 75/75/75 
f 96/96/96 90/90/90 89/89/89 
f 89/89/89 97/97/97 96/96/96 
f 87/87/87 49/49/49 75/75/75 
f 75/75/75 95/95/95 87/87/87 
f 98/98/98 99/99/99 100/100/100 
f 100/100/100 101/101/101 98/98/98 
f 102/102/102 103/103/103 104/104/104 
f 104/104/104 105/105/105 102/102/102 
f 106/106/106 100/100/100 107/107/107 
f 107/107/107 108/108/108 106/106/106 
f 109/109/109 110/110/110 111/111/111 
f 111/111/111 112/112/112 109/109/109 
f 113/113/113 114/114/114 115/115/115 
f 115/115/115 116/116/116 113/113/113 
f 112/112/112 111/111/111 117/117/117 
f 117/117/117 114/114/114 112/112/112 
f 118/118/118 119/119/119 120/120/120 
f 120/120/120 121/121/121 118/118/118 
f 87/87/87 95/95/95 122/122/122 
f 122/122/122 123/123/123 87/87/87 
f 124/124/124 125/125/125 126/126/126 
f 126/126/126 127/127/127 124/124/124 
f 88/88/88 87/87/87 123/123/123 
f 123/123/123 128/128/128 88/88/88 
f 95/95/95 129/129/129 130/130/130 
f 130/130/130 122/122/122 95/95/95 
f 131/131/131 132/132/132 133/133/133 
f 133/133/133 134/134/134 131/131/131 
f 135/135/135 136/136/136 137/137/137 
f 137/137/137 138/138/138 135/135/135 
f 136/136/136 139/139/139 140/140/140 
f 140/140/140 137/137/137 136/136/136 
f 132/141/132 23/23/23 56/56/56 
f 56/56/56 133/142/133 132/141/132 
f 141/143/141 133/142/133 56/56/56 
f 56/56/56 77/77/77 141/143/141 
f 142/144/142 143/145/143 140/140/140 
f 140/140/140 139/139/139 142/144/142 
f 144/146/144 145/147/145 143/145/143 
f 143/145/143 142/144/142 144/146/144 
f 146/148/146 134/134/134 133/133/133 
f 133/133/133 141/149/141 146/148/146 
f 8/8/8 7/7/7 147/150/147 
f 147/150/147 148/151/148 8/8/8 
f 149/152/149 150/153/150 151/154/151 
f 151/154/151 152/155/152 149/152/149 
f 149/152/149 153/156/153 154/157/154 
f 154/157/154 150/153/150 149/152/149 
f 155/158/155 156/159/156 157/160/157 
f 157/160/157 158/161/158 155/158/155 
f 79/162/79 80/163/80 159/164/159 
f 159/164/159 160/165/160 79/162/79 
f 84/84/84 83/83/83 59/59/59 
f 59/59/59 58/58/58 84/84/84 
f 160/165/160 159/164/159 82/82/82 
f 82/82/82 81/81/81 160/165/160 
f 6/6/6 57/57/57 60/60/60 
f 60/60/60 7/7/7 6/6/6 
f 161/166/161 162/167/162 163/168/163 
f 163/168/163 164/169/164 161/166/161 
f 165/170/165 166/171/166 167/172/167 
f 167/172/167 168/173/168 165/170/165 
f 169/174/169 170/175/170 171/176/171 
f 171/176/171 172/177/172 169/174/169 
f 165/170/165 173/178/173 174/179/174 
f 174/179/174 166/171/166 165/170/165 
f 168/173/168 167/172/167 170/175/170 
f 170/175/170 169/174/169 168/173/168 
f 173/180/173 175/181/175 176/182/176 
f 176/182/176 174/183/174 173/180/173 
f 162/167/162 172/177/172 171/176/171 
f 171/176/171 163/168/163 162/167/162 
f 175/181/175 161/166/161 164/169/164 
f 164/169/164 176/182/176 175/181/175 
f 131/131/131 134/134/134 177/184/177 
f 177/184/177 178/185/178 131/131/131 
f 144/146/144 179/186/179 180/187/180 
f 180/187/180 146/148/146 144/146/144 
f 135/188/135 131/131/131 178/185/178 
f 178/185/178 181/189/181 135/188/135 
f 139/139/139 182/190/182 183/191/183 
f 183/191/183 142/144/142 139/139/139 
f 136/136/136 135/135/135 181/192/181 
f 181/192/181 184/193/184 136/136/136 
f 142/144/142 183/191/183 179/186/179 
f 179/186/179 144/146/144 142/144/142 
f 136/136/136 184/193/184 182/190/182 
f 182/190/182 139/139/139 136/136/136 
f 146/148/146 180/187/180 177/184/177 
f 177/184/177 134/134/134 146/148/146 
f 123/123/123 122/122/122 185/194/185 
f 185/194/185 186/195/186 123/123/123 
f 127/127/127 126/126/126 187/196/187 
f 187/196/187 188/197/188 127/127/127 
f 128/128/128 123/123/123 186/195/186 
f 186/195/186 189/198/189 128/128/128 
f 122/122/122 130/130/130 190/199/190 
f 190/199/190 185/194/185 122/122/122 
f 143/200/143 191/201/191 192/202/192 
f 192/202/192 140/203/140 143/200/143 
f 137/204/137 140/203/140 192/202/192 
f 192/202/192 193/205/193 137/204/137 
f 194/206/194 128/128/128 189/198/189 
f 189/198/189 195/207/195 194/206/194 
f 196/208/196 88/88/88 128/128/128 
f 128/128/128 194/206/194 196/208/196 
f 197/209/197 198/210/198 199/211/199 
f 199/211/199 200/212/200 197/209/197 
f 115/115/115 114/114/114 117/117/117 
f 117/117/117 201/213/201 115/115/115 
f 202/214/202 203/215/203 204/216/204 
f 204/216/204 205/217/205 202/214/202 
f 110/110/110 102/102/102 105/105/105 
f 105/105/105 111/111/111 110/110/110 
f 206/218/206 101/101/101 100/100/100 
f 100/100/100 106/106/106 206/218/206 
f 129/129/129 95/95/95 94/94/94 
f 94/94/94 207/219/207 129/129/129 
f 93/93/93 75/75/75 74/74/74 
f 74/74/74 208/220/208 93/93/93 
f 50/50/50 88/88/88 196/208/196 
f 196/208/196 209/221/209 50/50/50 
f 51/51/51 50/50/50 209/221/209 
f 209/221/209 210/222/210 51/51/51 
f 62/62/62 61/61/61 211/223/211 
f 211/223/211 212/224/212 62/62/62 
f 54/54/54 65/65/65 68/68/68 
f 68/68/68 55/55/55 54/54/54 
f 213/225/213 214/226/214 74/74/74 
f 74/74/74 73/73/73 213/225/213 
f 16/16/16 54/54/54 55/55/55 
f 55/55/55 17/17/17 16/16/16 
f 215/227/215 216/228/216 217/229/217 
f 217/229/217 218/230/218 215/227/215 
f 9/9/9 2/2/2 44/44/44 
f 44/44/44 219/231/219 9/9/9 
f 219/231/219 44/44/44 43/43/43 
f 43/43/43 220/232/220 219/231/219 
f 221/233/221 222/234/222 216/228/216 
f 216/228/216 215/227/215 221/233/221 
f 223/235/223 224/236/224 225/237/225 
f 225/237/225 226/238/226 223/235/223 
f 227/239/227 228/240/228 229/241/229 
f 229/241/229 230/242/230 227/239/227 
f 231/243/231 52/52/52 16/16/16 
f 16/16/16 15/15/15 231/243/231 
f 20/20/20 1/1/1 4/4/4 
f 4/4/4 21/21/21 20/20/20 
f 232/244/232 105/105/105 104/104/104 
f 104/104/104 233/245/233 232/244/232 
f 100/100/100 99/99/99 234/246/234 
f 234/246/234 107/107/107 100/100/100 
f 235/247/235 200/212/200 102/102/102 
f 102/102/102 110/110/110 235/247/235 
f 236/248/236 235/247/235 110/110/110 
f 110/110/110 109/109/109 236/248/236 
f 200/212/200 199/211/199 103/103/103 
f 103/103/103 102/102/102 200/212/200 
f 190/199/190 237/249/237 235/247/235 
f 235/247/235 236/248/236 190/199/190 
f 186/195/186 185/194/185 238/250/238 
f 238/250/238 98/98/98 186/195/186 
f 239/251/239 112/112/112 114/114/114 
f 114/114/114 113/113/113 239/251/239 
f 240/252/240 241/253/241 214/226/214 
f 214/226/214 213/225/213 240/252/240 
f 242/254/242 243/255/243 244/256/244 
f 244/256/244 245/257/245 242/254/242 
f 145/147/145 144/146/144 146/148/146 
f 146/148/146 141/149/141 145/147/145 
f 131/131/131 135/188/135 138/258/138 
f 138/258/138 132/132/132 131/131/131 
f 246/259/246 247/260/247 248/261/248 
f 248/261/248 249/262/249 246/259/246 
f 246/263/246 249/264/249 250/265/250 
f 250/265/250 251/266/251 246/263/246 
f 252/267/252 253/268/253 254/269/254 
f 254/269/254 255/270/255 252/267/252 
f 256/271/256 251/266/251 250/265/250 
f 250/265/250 257/272/257 256/271/256 
f 258/273/258 259/274/259 260/275/260 
f 260/275/260 47/276/47 258/273/258 
f 41/41/41 223/235/223 226/238/226 
f 226/238/226 42/42/42 41/41/41 
f 261/277/261 262/278/262 222/234/222 
f 222/234/222 221/233/221 261/277/261 
f 263/279/263 264/280/264 265/281/265 
f 265/281/265 266/282/266 263/279/263 
f 267/283/267 255/270/255 254/269/254 
f 254/269/254 268/284/268 267/283/267 
f 256/271/256 257/272/257 269/285/269 
f 269/285/269 270/286/270 256/271/256 
f 252/267/252 270/286/270 269/285/269 
f 269/285/269 253/268/253 252/267/252 
f 267/283/267 268/284/268 248/261/248 
f 248/261/248 247/260/247 267/283/267 
f 271/287/271 272/288/272 273/289/273 
f 273/289/273 274/290/274 271/287/271 
f 275/291/275 276/292/276 277/293/277 
f 277/293/277 278/294/278 275/291/275 
f 279/295/279 280/296/280 281/297/281 
f 281/297/281 282/298/282 279/295/279 
f 276/292/276 283/299/283 284/300/284 
f 284/300/284 277/293/277 276/292/276 
f 275/291/275 278/294/278 280/296/280 
f 280/296/280 279/295/279 275/291/275 
f 283/301/283 285/302/285 286/303/286 
f 286/303/286 284/304/284 283/301/283 
f 282/298/282 281/297/281 272/288/272 
f 272/288/272 271/287/271 282/298/282 
f 285/302/285 274/290/274 273/289/273 
f 273/289/273 286/303/286 285/302/285 
f 164/169/164 274/290/274 285/302/285 
f 285/302/285 176/182/176 164/169/164 
f 171/176/171 282/298/282 271/287/271 
f 271/287/271 163/168/163 171/176/171 
f 174/183/174 176/182/176 285/302/285 
f 285/302/285 283/301/283 174/183/174 
f 167/172/167 275/291/275 279/295/279 
f 279/295/279 170/175/170 167/172/167 
f 166/171/166 174/179/174 283/299/283 
f 283/299/283 276/292/276 166/171/166 
f 170/175/170 279/295/279 282/298/282 
f 282/298/282 171/176/171 170/175/170 
f 167/172/167 166/171/166 276/292/276 
f 276/292/276 275/291/275 167/172/167 
f 163/168/163 271/287/271 274/290/274 
f 274/290/274 164/169/164 163/168/163 
f 178/185/178 177/184/177 161/166/161 
f 161/166/161 175/181/175 178/185/178 
f 179/186/179 172/177/172 162/167/162 
f 162/167/162 180/187/180 179/186/179 
f 181/189/181 178/185/178 175/181/175 
f 175/181/175 173/180/173 181/189/181 
f 182/190/182 168/173/168 169/174/169 
f 169/174/169 183/191/183 182/190/182 
f 184/193/184 181/192/181 173/178/173 
f 173/178/173 165/170/165 184/193/184 
f 183/191/183 169/174/169 172/177/172 
f 172/177/172 179/186/179 183/191/183 
f 184/193/184 165/170/165 168/173/168 
f 168/173/168 182/190/182 184/193/184 
f 180/187/180 162/167/162 161/166/161 
f 161/166/161 177/184/177 180/187/180 
f 141/143/141 77/77/77 63/63/63 
f 63/63/63 145/305/145 141/143/141 
f 62/62/62 212/224/212 191/201/191 
f 191/201/191 143/200/143 62/62/62 
f 62/62/62 143/200/143 145/305/145 
f 145/305/145 63/63/63 62/62/62 
f 77/77/77 85/85/85 64/64/64 
f 64/64/64 63/63/63 77/77/77 
f 25/306/25 28/307/28 262/278/262 
f 262/278/262 261/277/261 25/306/25 
f 36/36/36 47/47/47 260/308/260 
f 260/308/260 287/309/287 36/36/36 
f 46/310/46 288/311/288 289/312/289 
f 289/312/289 290/313/290 46/310/46 
f 227/239/227 242/254/242 245/257/245 
f 245/257/245 228/240/228 227/239/227 
f 11/11/11 291/314/291 292/315/292 
f 292/315/292 12/12/12 11/11/11 
f 33/33/33 20/20/20 19/19/19 
f 19/19/19 290/316/290 33/33/33 
f 47/276/47 34/317/34 293/318/293 
f 293/318/293 258/273/258 47/276/47 
f 26/26/26 263/279/263 266/282/266 
f 266/282/266 27/27/27 26/26/26 
f 289/312/289 294/319/294 33/320/33 
f 33/320/33 290/313/290 289/312/289 
f 39/321/39 42/322/42 295/323/295 
f 295/323/295 296/324/296 39/321/39 
f 34/317/34 33/320/33 294/319/294 
f 294/319/294 293/318/293 34/317/34 
f 39/321/39 296/324/296 288/311/288 
f 288/311/288 46/310/46 39/321/39 
f 42/322/42 260/325/260 259/326/259 
f 259/326/259 295/323/295 42/322/42 
f 148/151/148 147/150/147 297/327/297 
f 297/327/297 298/328/298 148/151/148 
f 299/329/299 298/330/298 297/331/297 
f 297/331/297 300/332/300 299/329/299 
f 80/80/80 8/8/8 148/151/148 
f 148/151/148 298/328/298 80/80/80 
f 301/333/301 152/334/152 151/335/151 
f 151/335/151 302/336/302 301/333/301 
f 159/164/159 299/329/299 300/332/300 
f 300/332/300 82/82/82 159/164/159 
f 80/163/80 298/330/298 299/329/299 
f 299/329/299 159/164/159 80/163/80 
f 156/159/156 303/337/303 304/338/304 
f 304/338/304 305/339/305 156/159/156 
f 157/160/157 156/159/156 305/339/305 
f 305/339/305 306/340/306 157/160/157 
f 150/153/150 307/341/307 308/342/308 
f 308/342/308 151/154/151 150/153/150 
f 154/157/154 309/343/309 307/341/307 
f 307/341/307 150/153/150 154/157/154 
f 310/344/310 158/161/158 157/160/157 
f 157/160/157 311/345/311 310/344/310 
f 301/333/301 302/336/302 303/337/303 
f 303/337/303 312/346/312 301/333/301 
f 153/156/153 310/344/310 311/345/311 
f 311/345/311 154/157/154 153/156/153 
f 312/346/312 303/337/303 156/159/156 
f 156/159/156 155/158/155 312/346/312 
f 273/289/273 272/288/272 57/57/57 
f 57/57/57 6/6/6 273/289/273 
f 277/293/277 160/165/160 81/81/81 
f 81/81/81 278/294/278 277/293/277 
f 280/296/280 84/84/84 58/58/58 
f 58/58/58 281/297/281 280/296/280 
f 277/293/277 284/300/284 79/162/79 
f 79/162/79 160/165/160 277/293/277 
f 278/294/278 81/81/81 84/84/84 
f 84/84/84 280/296/280 278/294/278 
f 284/304/284 286/303/286 5/5/5 
f 5/5/5 79/79/79 284/304/284 
f 281/297/281 58/58/58 57/57/57 
f 57/57/57 272/288/272 281/297/281 
f 286/303/286 273/289/273 6/6/6 
f 6/6/6 5/5/5 286/303/286 
f 82/82/82 313/347/313 314/348/314 
f 314/348/314 83/83/83 82/82/82 
f 7/7/7 60/60/60 315/349/315 
f 315/349/315 316/350/316 7/7/7 
f 300/332/300 317/351/317 313/347/313 
f 313/347/313 82/82/82 300/332/300 
f 60/60/60 59/59/59 318/352/318 
f 318/352/318 315/349/315 60/60/60 
f 297/331/297 319/353/319 317/351/317 
f 317/351/317 300/332/300 297/331/297 
f 83/83/83 314/348/314 318/352/318 
f 318/352/318 59/59/59 83/83/83 
f 147/150/147 7/7/7 316/350/316 
f 316/350/316 320/354/320 147/150/147 
f 297/327/297 147/150/147 320/354/320 
f 320/354/320 319/355/319 297/327/297 
f 321/356/321 308/342/308 307/341/307 
f 307/341/307 309/343/309 321/356/321 
f 321/357/321 306/340/306 305/339/305 
f 305/339/305 304/338/304 321/357/321 
f 321/356/321 309/343/309 322/358/322 
f 322/358/322 306/340/306 321/356/321 
f 321/357/321 304/338/304 323/359/323 
f 323/359/323 308/360/308 321/357/321 
f 303/337/303 302/336/302 323/359/323 
f 323/359/323 304/338/304 303/337/303 
f 302/336/302 151/335/151 308/360/308 
f 308/360/308 323/359/323 302/336/302 
f 157/160/157 306/340/306 322/358/322 
f 322/358/322 311/345/311 157/160/157 
f 311/345/311 322/358/322 309/343/309 
f 309/343/309 154/157/154 311/345/311 
f 314/348/314 313/347/313 312/346/312 
f 312/346/312 155/158/155 314/348/314 
f 315/349/315 310/344/310 153/156/153 
f 153/156/153 316/350/316 315/349/315 
f 317/351/317 301/333/301 312/346/312 
f 312/346/312 313/347/313 317/351/317 
f 318/352/318 158/161/158 310/344/310 
f 310/344/310 315/349/315 318/352/318 
f 317/351/317 319/353/319 152/334/152 
f 152/334/152 301/333/301 317/351/317 
f 318/352/318 314/348/314 155/158/155 
f 155/158/155 158/161/158 318/352/318 
f 320/354/320 316/350/316 153/156/153 
f 153/156/153 149/152/149 320/354/320 
f 320/354/320 149/152/149 152/155/152 
f 152/155/152 319/355/319 320/354/320 
f 324/361/324 325/362/325 326/363/326 
f 326/363/326 327/364/327 324/361/324 
f 328/365/328 329/366/329 330/367/330 
f 330/367/330 331/368/331 328/365/328 
f 332/369/332 324/361/324 327/364/327 
f 327/364/327 333/370/333 332/369/332 
f 334/371/334 335/372/335 336/373/336 
f 336/373/336 337/374/337 334/371/334 
f 326/363/326 338/375/338 339/376/339 
f 339/376/339 327/364/327 326/363/326 
f 340/377/340 341/378/341 342/379/342 
f 342/379/342 343/380/343 340/377/340 
f 340/377/340 344/381/344 345/382/345 
f 345/382/345 341/378/341 340/377/340 
f 346/383/346 347/384/347 348/385/348 
f 348/385/348 349/386/349 346/383/346 
f 332/387/332 333/388/333 350/389/350 
f 350/389/350 351/390/351 332/387/332 
f 337/374/337 336/373/336 330/367/330 
f 330/367/330 329/366/329 337/374/337 
f 351/390/351 350/389/350 335/372/335 
f 335/372/335 334/371/334 351/390/351 
f 325/362/325 328/365/328 331/368/331 
f 331/368/331 326/363/326 325/362/325 
f 352/391/352 353/392/353 354/393/354 
f 354/393/354 355/394/355 352/391/352 
f 356/395/356 357/396/357 358/397/358 
f 358/397/358 359/398/359 356/395/356 
f 360/399/360 361/400/361 362/401/362 
f 362/401/362 363/402/363 360/399/360 
f 356/395/356 364/403/364 365/404/365 
f 365/404/365 357/396/357 356/395/356 
f 359/398/359 358/397/358 361/400/361 
f 361/400/361 360/399/360 359/398/359 
f 364/405/364 366/406/366 367/407/367 
f 367/407/367 365/408/365 364/405/364 
f 363/402/363 362/401/362 354/393/354 
f 354/393/354 353/392/353 363/402/363 
f 366/406/366 352/391/352 355/394/355 
f 355/394/355 367/407/367 366/406/366 
f 339/376/339 338/375/338 368/409/368 
f 368/409/368 369/410/369 339/376/339 
f 370/411/370 369/412/369 368/413/368 
f 368/413/368 371/414/371 370/411/370 
f 333/370/333 327/364/327 339/376/339 
f 339/376/339 369/410/369 333/370/333 
f 372/415/372 343/416/343 342/417/342 
f 342/417/342 373/418/373 372/415/372 
f 350/389/350 370/411/370 371/414/371 
f 371/414/371 335/372/335 350/389/350 
f 333/388/333 369/412/369 370/411/370 
f 370/411/370 350/389/350 333/388/333 
f 347/384/347 374/419/374 375/420/375 
f 375/420/375 376/421/376 347/384/347 
f 348/385/348 347/384/347 376/421/376 
f 376/421/376 377/422/377 348/385/348 
f 341/378/341 378/423/378 379/424/379 
f 379/424/379 342/379/342 341/378/341 
f 345/382/345 380/425/380 378/423/378 
f 378/423/378 341/378/341 345/382/345 
f 381/426/381 349/386/349 348/385/348 
f 348/385/348 382/427/382 381/426/381 
f 372/415/372 373/418/373 374/419/374 
f 374/419/374 383/428/383 372/415/372 
f 344/381/344 381/426/381 382/427/382 
f 382/427/382 345/382/345 344/381/344 
f 383/428/383 374/419/374 347/384/347 
f 347/384/347 346/383/346 383/428/383 
f 355/394/355 354/393/354 328/365/328 
f 328/365/328 325/362/325 355/394/355 
f 357/396/357 351/390/351 334/371/334 
f 334/371/334 358/397/358 357/396/357 
f 361/400/361 337/374/337 329/366/329 
f 329/366/329 362/401/362 361/400/361 
f 357/396/357 365/404/365 332/387/332 
f 332/387/332 351/390/351 357/396/357 
f 358/397/358 334/371/334 337/374/337 
f 337/374/337 361/400/361 358/397/358 
f 365/408/365 367/407/367 324/361/324 
f 324/361/324 332/369/332 365/408/365 
f 354/393/354 362/401/362 329/366/329 
f 329/366/329 328/365/328 354/393/354 
f 367/407/367 355/394/355 325/362/325 
f 325/362/325 324/361/324 367/407/367 
f 336/373/336 335/372/335 384/429/384 
f 384/429/384 385/430/385 336/373/336 
f 331/368/331 386/431/386 387/432/387 
f 387/432/387 326/363/326 331/368/331 
f 371/414/371 388/433/388 384/429/384 
f 384/429/384 335/372/335 371/414/371 
f 330/367/330 389/434/389 386/431/386 
f 386/431/386 331/368/331 330/367/330 
f 368/413/368 390/435/390 388/433/388 
f 388/433/388 371/414/371 368/413/368 
f 330/367/330 336/373/336 385/430/385 
f 385/430/385 389/434/389 330/367/330 
f 338/375/338 326/363/326 387/432/387 
f 387/432/387 391/436/391 338/375/338 
f 368/409/368 338/375/338 391/436/391 
f 391/436/391 390/437/390 368/409/368 
f 392/438/321 379/424/379 378/423/378 
f 378/423/378 380/425/380 392/438/321 
f 392/439/321 377/422/377 376/421/376 
f 376/421/376 375/420/375 392/439/321 
f 392/438/321 380/425/380 393/440/392 
f 393/440/392 377/422/377 392/438/321 
f 392/439/321 375/420/375 394/441/393 
f 394/441/393 379/442/379 392/439/321 
f 374/419/374 373/418/373 394/441/393 
f 394/441/393 375/420/375 374/419/374 
f 373/418/373 342/417/342 379/442/379 
f 379/442/379 394/441/393 373/418/373 
f 348/385/348 377/422/377 393/440/392 
f 393/440/392 382/427/382 348/385/348 
f 382/427/382 393/440/392 380/425/380 
f 380/425/380 345/382/345 382/427/382 
f 385/430/385 384/429/384 383/428/383 
f 383/428/383 346/383/346 385/430/385 
f 386/431/386 381/426/381 344/381/344 
f 344/381/344 387/432/387 386/431/386 
f 388/433/388 372/415/372 383/428/383 
f 383/428/383 384/429/384 388/433/388 
f 389/434/389 349/386/349 381/426/381 
f 381/426/381 386/431/386 389/434/389 
f 388/433/388 390/435/390 343/416/343 
f 343/416/343 372/415/372 388/433/388 
f 389/434/389 385/430/385 346/383/346 
f 346/383/346 349/386/349 389/434/389 
f 391/436/391 387/432/387 344/381/344 
f 344/381/344 340/377/340 391/436/391 
f 391/436/391 340/377/340 343/380/343 
f 343/380/343 390/437/390 391/436/391 
f 364/403/364 356/395/356 395/443/394 
f 395/443/394 396/444/395 364/403/364 
f 356/395/356 359/398/359 397/445/396 
f 397/445/396 395/443/394 356/395/356 
f 397/445/396 359/398/359 360/399/360 
f 360/399/360 398/446/397 397/445/396 
f 360/399/360 363/402/363 399/447/398 
f 399/447/398 398/446/397 360/399/360 
f 399/447/398 363/402/363 353/392/353 
f 353/392/353 400/448/399 399/447/398 
f 353/392/353 352/391/352 401/449/400 
f 401/449/400 400/448/399 353/392/353 
f 401/449/400 352/391/352 366/406/366 
f 366/406/366 402/450/401 401/449/400 
f 366/406/366 364/405/364 396/451/395 
f 396/451/395 402/450/401 366/406/366 
f 266/282/266 267/283/267 247/260/247 
f 247/260/247 27/27/27 266/282/266 
f 216/228/216 270/286/270 252/267/252 
f 252/267/252 217/229/217 216/228/216 
f 222/234/222 256/271/256 270/286/270 
f 270/286/270 216/228/216 222/234/222 
f 266/282/266 265/281/265 255/270/255 
f 255/270/255 267/283/267 266/282/266 
f 222/234/222 262/278/262 251/266/251 
f 251/266/251 256/271/256 222/234/222 
f 217/229/217 252/267/252 255/270/255 
f 255/270/255 265/281/265 217/229/217 
f 262/278/262 28/307/28 246/263/246 
f 246/263/246 251/266/251 262/278/262 
f 28/28/28 27/27/27 247/260/247 
f 247/260/247 246/259/246 28/28/28 
f 402/450/401 396/451/395 249/262/249 
f 249/262/249 248/261/248 402/450/401 
f 268/284/268 401/449/400 402/450/401 
f 402/450/401 248/261/248 268/284/268 
f 400/448/399 401/449/400 268/284/268 
f 268/284/268 254/269/254 400/448/399 
f 253/268/253 399/447/398 400/448/399 
f 400/448/399 254/269/254 253/268/253 
f 398/446/397 399/447/398 253/268/253 
f 253/268/253 269/285/269 398/446/397 
f 397/445/396 398/446/397 269/285/269 
f 269/285/269 257/272/257 397/445/396 
f 395/443/394 397/445/396 257/272/257 
f 257/272/257 250/265/250 395/443/394 
f 396/444/395 395/443/394 250/265/250 
f 250/265/250 249/264/249 396/444/395 
f 294/319/294 289/312/289 218/230/218 
f 218/230/218 264/280/264 294/319/294 
f 293/318/293 294/319/294 264/280/264 
f 264/280/264 263/279/263 293/318/293 
f 26/26/26 25/25/25 259/274/259 
f 259/274/259 258/273/258 26/26/26 
f 293/318/293 263/279/263 26/26/26 
f 26/26/26 258/273/258 293/318/293 
f 288/311/288 215/227/215 218/230/218 
f 218/230/218 289/312/289 288/311/288 
f 261/277/261 295/323/295 259/326/259 
f 259/326/259 25/306/25 261/277/261 
f 296/324/296 221/233/221 215/227/215 
f 215/227/215 288/311/288 296/324/296 
f 295/323/295 261/277/261 221/233/221 
f 221/233/221 296/324/296 295/323/295 
f 218/230/218 217/229/217 265/281/265 
f 265/281/265 264/280/264 218/230/218 
f 403/452/402 404/453/403 4/4/4 
f 4/4/4 3/3/3 403/452/402 
f 405/454/404 13/13/13 12/12/12 
f 12/12/12 406/455/405 405/454/404 
f 407/456/406 292/315/292 408/457/407 
f 408/457/407 409/458/408 407/456/406 
f 404/453/403 410/459/409 21/21/21 
f 21/21/21 4/4/4 404/453/403 
f 411/460/410 403/452/402 3/3/3 
f 3/3/3 10/10/10 411/460/410 
f 407/456/406 406/455/405 12/12/12 
f 12/12/12 292/315/292 407/456/406 
f 410/459/409 412/461/411 22/22/22 
f 22/22/22 21/21/21 410/459/409 
f 291/314/291 413/462/412 408/457/407 
f 408/457/407 292/315/292 291/314/291 
f 24/24/24 414/463/413 412/461/411 
f 412/461/411 410/459/409 24/24/24 
f 242/254/242 227/239/227 406/455/405 
f 406/455/405 407/456/406 242/254/242 
f 15/15/15 403/452/402 411/460/410 
f 411/460/410 231/243/231 15/15/15 
f 24/24/24 410/459/409 404/453/403 
f 404/453/403 18/18/18 24/24/24 
f 243/255/243 242/254/242 407/456/406 
f 407/456/406 409/458/408 243/255/243 
f 230/242/230 405/454/404 406/455/405 
f 406/455/405 227/239/227 230/242/230 
f 18/18/18 404/453/403 403/452/402 
f 403/452/402 15/15/15 18/18/18 
f 201/213/201 117/117/117 232/244/232 
f 232/244/232 233/245/233 201/213/201 
f 111/111/111 105/105/105 232/244/232 
f 232/244/232 117/117/117 111/111/111 
f 415/464/414 416/465/415 417/466/416 
f 417/466/416 418/467/417 415/464/414 
f 108/108/108 107/107/107 415/464/414 
f 415/464/414 418/467/417 108/108/108 
f 107/107/107 234/246/234 416/465/415 
f 416/465/415 415/464/414 107/107/107 
f 189/198/189 186/195/186 98/98/98 
f 98/98/98 101/101/101 189/198/189 
f 185/194/185 190/199/190 236/248/236 
f 236/248/236 238/250/238 185/194/185 
f 237/249/237 197/209/197 200/212/200 
f 200/212/200 235/247/235 237/249/237 
f 195/207/195 189/198/189 101/101/101 
f 101/101/101 206/218/206 195/207/195 
f 121/121/121 120/120/120 419/468/418 
f 419/468/418 420/469/419 121/121/121 
f 109/109/109 421/470/420 422/471/421 
f 422/471/421 236/248/236 109/109/109 
f 423/472/422 424/473/423 425/474/424 
f 425/474/424 426/475/425 423/472/422 
f 203/215/203 427/476/426 428/477/427 
f 428/477/427 204/216/204 203/215/203 
f 98/98/98 238/250/238 429/478/428 
f 429/478/428 430/479/429 98/98/98 
f 416/465/415 431/480/430 432/481/431 
f 432/481/431 417/466/416 416/465/415 
f 238/250/238 236/248/236 422/471/421 
f 422/471/421 429/478/428 238/250/238 
f 433/482/432 202/214/202 205/217/205 
f 205/217/205 434/483/433 433/482/432 
f 424/473/423 420/469/419 419/468/418 
f 419/468/418 425/474/424 424/473/423 
f 234/246/234 99/99/99 435/484/434 
f 435/484/434 436/485/435 234/246/234 
f 421/470/420 109/109/109 112/112/112 
f 112/112/112 239/251/239 421/470/420 
f 416/465/415 234/246/234 436/485/435 
f 436/485/435 431/480/430 416/465/415 
f 99/99/99 98/98/98 430/479/429 
f 430/479/429 435/484/434 99/99/99 
f 421/470/420 437/486/436 438/487/437 
f 438/487/437 422/471/421 421/470/420 
f 439/488/438 430/479/429 429/478/428 
f 429/478/428 440/489/439 439/488/438 
f 435/484/434 430/479/429 439/488/438 
f 439/488/438 441/490/440 435/484/434 
f 431/480/430 436/485/435 442/491/441 
f 442/491/441 443/492/442 431/480/430 
f 440/489/439 429/478/428 422/471/421 
f 422/471/421 438/487/437 440/489/439 
f 113/113/113 444/493/443 445/494/444 
f 445/494/444 239/251/239 113/113/113 
f 431/480/430 443/492/442 446/495/445 
f 446/495/445 432/481/431 431/480/430 
f 116/116/116 447/496/446 444/493/443 
f 444/493/443 113/113/113 116/116/116 
f 436/485/435 435/484/434 441/490/440 
f 441/490/440 442/491/441 436/485/435 
f 239/251/239 445/494/444 437/486/436 
f 437/486/436 421/470/420 239/251/239 
f 423/472/422 426/475/425 428/477/427 
f 428/477/427 427/476/426 423/472/422 
f 413/462/412 291/314/291 290/316/290 
f 290/316/290 19/19/19 413/462/412 
f 228/240/228 245/257/245 138/497/138 
f 138/497/138 137/204/137 228/240/228 
f 14/14/14 45/45/45 46/46/46 
f 46/46/46 11/11/11 14/14/14 
f 229/241/229 228/240/228 137/204/137 
f 137/204/137 193/205/193 229/241/229 
f 11/11/11 46/46/46 290/316/290 
f 290/316/290 291/314/291 11/11/11 
f 409/458/408 412/461/411 414/463/413 
f 414/463/413 243/255/243 409/458/408 
f 413/462/412 19/19/19 22/22/22 
f 22/22/22 408/457/407 413/462/412 
f 414/463/413 24/24/24 23/23/23 
f 23/23/23 448/498/447 414/463/413 
f 409/458/408 408/457/407 22/22/22 
f 22/22/22 412/461/411 409/458/408 
f 243/255/243 414/463/413 448/498/447 
f 448/498/447 244/256/244 243/255/243 
f 138/497/138 245/257/245 244/256/244 
f 244/256/244 448/498/447 138/497/138 
f 23/23/23 132/141/132 448/498/447 
f 48/48/48 64/64/64 85/85/85 
f 85/85/85 76/76/76 48/48/48 
f 64/64/64 48/48/48 51/51/51 
f 51/51/51 61/61/61 64/64/64 
f 76/76/76 85/85/85 67/67/67 
f 67/67/67 73/73/73 76/76/76 
f 86/86/86 240/252/240 213/225/213 
f 213/225/213 66/66/66 86/86/86 
f 61/61/61 51/51/51 210/222/210 
f 210/222/210 211/223/211 61/61/61 
f 66/66/66 213/225/213 73/73/73 
f 73/73/73 67/67/67 66/66/66 
f 76/76/76 75/75/75 49/49/49 
f 49/49/49 48/48/48 76/76/76 
f 449/499/448 450/500/449 451/501/450 
f 451/501/450 452/502/451 449/499/448 
f 453/503/452 454/504/453 455/505/454 
f 455/505/454 456/506/455 453/503/452 
f 457/507/456 458/508/457 455/505/454 
f 455/505/454 454/504/453 457/507/456 
f 459/509/458 452/502/451 451/501/450 
f 451/501/450 460/510/459 459/509/458 
f 89/89/89 461/511/460 462/512/461 
f 462/512/461 97/97/97 89/89/89 
f 92/92/92 463/513/462 461/511/460 
f 461/511/460 89/89/89 92/92/92 
f 97/97/97 462/512/461 464/514/463 
f 464/514/463 208/220/208 97/97/97 
f 450/500/449 465/515/464 460/510/459 
f 460/510/459 451/501/450 450/500/449 
f 466/516/465 456/517/455 465/515/464 
f 465/515/464 450/500/449 466/516/465 
f 455/505/454 458/508/457 465/515/464 
f 465/515/464 456/506/455 455/505/454 
f 458/508/457 467/518/466 460/510/459 
f 460/510/459 465/515/464 458/508/457 
f 468/519/467 467/518/466 458/508/457 
f 458/508/457 457/507/456 468/519/467 
f 453/520/452 456/517/455 466/516/465 
f 466/516/465 469/521/468 453/520/452 
f 459/509/458 460/510/459 467/518/466 
f 467/518/466 468/519/467 459/509/458 
f 449/499/448 469/521/468 466/516/465 
f 466/516/465 450/500/449 449/499/448 
f 470/522/469 471/523/470 472/524/471 
f 472/524/471 473/525/472 470/522/469 
f 474/526/473 475/527/474 472/524/471 
f 472/524/471 471/523/470 474/526/473 
f 69/69/69 72/72/72 476/528/475 
f 476/528/475 477/529/476 69/69/69 
f 70/70/70 478/530/477 479/531/478 
f 479/531/478 71/71/71 70/70/70 
f 477/529/476 476/528/475 480/532/479 
f 480/532/479 481/533/480 477/529/476 
f 481/533/480 480/532/479 475/534/474 
f 475/534/474 474/535/473 481/533/480 
f 478/530/477 470/522/469 473/525/472 
f 473/525/472 479/531/478 478/530/477 
f 482/536/481 483/537/482 484/538/483 
f 484/538/483 485/539/484 482/536/481 
f 462/540/461 486/541/485 487/542/486 
f 487/542/486 464/543/463 462/540/461 
f 461/544/460 488/545/487 486/541/485 
f 486/541/485 462/540/461 461/544/460 
f 489/546/488 482/536/481 485/539/484 
f 485/539/484 490/547/489 489/546/488 
f 463/548/462 491/549/490 488/545/487 
f 488/545/487 461/544/460 463/548/462 
f 464/550/463 487/551/486 492/552/491 
f 492/552/491 493/553/492 464/550/463 
f 493/553/492 492/552/491 484/538/483 
f 484/538/483 483/537/482 493/553/492 
f 463/548/462 489/546/488 490/547/489 
f 490/547/489 491/549/490 463/548/462 
f 494/554/493 495/555/494 470/522/469 
f 470/522/469 478/530/477 494/554/493 
f 496/556/495 481/533/480 474/535/473 
f 474/535/473 497/557/496 496/556/495 
f 498/558/497 477/529/476 481/533/480 
f 481/533/480 496/556/495 498/558/497 
f 499/559/498 494/554/493 478/530/477 
f 478/530/477 70/70/70 499/559/498 
f 500/560/499 69/69/69 477/529/476 
f 477/529/476 498/558/497 500/560/499 
f 497/561/496 474/526/473 471/523/470 
f 471/523/470 501/562/500 497/561/496 
f 495/555/494 501/562/500 471/523/470 
f 471/523/470 470/522/469 495/555/494 
f 500/560/499 499/559/498 70/70/70 
f 70/70/70 69/69/69 500/560/499 
f 473/525/472 472/524/471 469/521/468 
f 469/521/468 449/499/448 473/525/472 
f 72/72/72 71/71/71 459/509/458 
f 459/509/458 468/519/467 72/72/72 
f 475/527/474 453/520/452 469/521/468 
f 469/521/468 472/524/471 475/527/474 
f 72/72/72 468/519/467 457/507/456 
f 457/507/456 476/528/475 72/72/72 
f 71/71/71 479/531/478 452/502/451 
f 452/502/451 459/509/458 71/71/71 
f 476/528/475 457/507/456 454/504/453 
f 454/504/453 480/532/479 476/528/475 
f 480/532/479 454/504/453 453/503/452 
f 453/503/452 475/534/474 480/532/479 
f 479/531/478 473/525/472 449/499/448 
f 449/499/448 452/502/451 479/531/478 
f 491/549/490 490/547/489 499/559/498 
f 499/559/498 500/560/499 491/549/490 
f 492/552/491 501/562/500 495/555/494 
f 495/555/494 484/538/483 492/552/491 
f 487/551/486 497/561/496 501/562/500 
f 501/562/500 492/552/491 487/551/486 
f 491/549/490 500/560/499 498/558/497 
f 498/558/497 488/545/487 491/549/490 
f 490/547/489 485/539/484 494/554/493 
f 494/554/493 499/559/498 490/547/489 
f 488/545/487 498/558/497 496/556/495 
f 496/556/495 486/541/485 488/545/487 
f 486/541/485 496/556/495 497/557/496 
f 497/557/496 487/542/486 486/541/485 
f 485/539/484 484/538/483 495/555/494 
f 495/555/494 494/554/493 485/539/484 
f 224/563/224 502/564/501 503/565/502 
f 503/565/502 225/566/225 224/563/224 
f 504/567/503 43/43/43 37/37/37 
f 37/37/37 505/568/504 504/567/503 
f 502/564/501 506/569/505 507/570/506 
f 507/570/506 503/565/502 502/564/501 
f 29/571/29 508/572/507 509/573/508 
f 509/573/508 30/574/30 29/571/29 
f 225/566/225 503/565/502 510/575/509 
f 510/575/509 511/576/510 225/566/225 
f 220/232/220 43/43/43 504/567/503 
f 504/567/503 512/577/511 220/232/220 
f 513/578/512 514/579/513 515/580/514 
f 516/581/515 517/582/516 518/583/517 
f 518/583/517 519/584/518 516/581/515 
f 503/565/502 507/570/506 520/585/519 
f 520/585/519 510/575/509 503/565/502 
f 505/568/504 37/37/37 36/36/36 
f 36/36/36 287/309/287 505/568/504 
f 514/579/513 521/586/520 515/580/514 
f 511/576/510 510/575/509 508/572/507 
f 508/572/507 29/571/29 511/576/510 
f 32/32/32 504/567/503 505/568/504 
f 505/568/504 287/309/287 32/32/32 
f 510/575/509 520/585/519 522/587/521 
f 522/587/521 508/572/507 510/575/509 
f 511/588/510 29/29/29 32/32/32 
f 32/32/32 287/309/287 511/588/510 
f 32/32/32 31/31/31 512/577/511 
f 512/577/511 504/567/503 32/32/32 
f 523/589/522 524/590/523 525/591/524 
f 525/591/524 526/592/525 523/589/522 
f 527/593/526 518/583/517 528/594/527 
f 528/594/527 529/595/528 527/593/526 
f 530/596/529 513/578/512 515/580/514 
f 521/586/520 531/597/530 515/580/514 
f 532/598/531 531/597/530 521/586/520 
f 521/586/520 533/599/532 532/598/531 
f 534/600/533 535/601/534 513/578/512 
f 513/578/512 530/596/529 534/600/533 
f 533/599/532 521/586/520 514/579/513 
f 514/579/513 536/602/535 533/599/532 
f 536/602/535 514/579/513 513/578/512 
f 513/578/512 535/601/534 536/602/535 
f 523/589/522 527/593/526 529/595/528 
f 529/595/528 524/590/523 523/589/522 
f 518/583/517 517/582/516 537/603/536 
f 537/603/536 528/594/527 518/583/517 
f 529/595/528 536/602/535 535/601/534 
f 535/601/534 524/590/523 529/595/528 
f 528/594/527 533/599/532 536/602/535 
f 536/602/535 529/595/528 528/594/527 
f 524/590/523 535/601/534 534/600/533 
f 534/600/533 525/591/524 524/590/523 
f 528/594/527 537/603/536 532/598/531 
f 532/598/531 533/599/532 528/594/527 
f 538/604/537 527/593/526 523/589/522 
f 523/589/522 539/605/538 538/604/537 
f 539/605/538 523/589/522 526/592/525 
f 526/592/525 540/606/539 539/605/538 
f 519/584/518 518/583/517 527/593/526 
f 527/593/526 538/604/537 519/584/518 
f 539/605/538 541/607/540 542/608/541 
f 542/608/541 538/604/537 539/605/538 
f 541/607/540 522/587/521 520/585/519 
f 520/585/519 542/608/541 541/607/540 
f 519/584/518 543/609/542 544/610/543 
f 544/610/543 516/581/515 519/584/518 
f 543/609/542 507/570/506 506/569/505 
f 506/569/505 544/610/543 543/609/542 
f 540/606/539 545/611/544 541/607/540 
f 541/607/540 539/605/538 540/606/539 
f 545/611/544 546/612/545 522/587/521 
f 522/587/521 541/607/540 545/611/544 
f 538/604/537 542/608/541 543/609/542 
f 543/609/542 519/584/518 538/604/537 
f 542/608/541 520/585/519 507/570/506 
f 507/570/506 543/609/542 542/608/541 
f 508/572/507 522/587/521 546/612/545 
f 546/612/545 509/573/508 508/572/507 
f 547/613/546 548/614/547 130/130/130 
f 130/130/130 129/129/129 547/613/546 
f 549/615/548 190/199/190 130/130/130 
f 130/130/130 548/614/547 549/615/548 
f 549/615/548 550/616/549 237/249/237 
f 237/249/237 190/199/190 549/615/548 
f 188/197/188 187/196/187 551/617/550 
f 551/617/550 552/618/551 188/197/188 
f 553/619/552 127/127/127 188/197/188 
f 188/197/188 554/620/553 553/619/552 
f 553/619/552 555/621/554 556/622/555 
f 556/622/555 127/127/127 553/619/552 
f 550/616/549 554/620/553 188/197/188 
f 188/197/188 552/618/551 550/616/549 
f 552/618/551 551/617/550 198/210/198 
f 198/210/198 197/209/197 552/618/551 
f 557/623/556 558/624/557 547/613/546 
f 547/613/546 559/625/558 557/623/556 
f 558/624/557 560/626/559 548/614/547 
f 548/614/547 547/613/546 558/624/557 
f 561/627/560 549/615/548 548/614/547 
f 548/614/547 560/626/559 561/627/560 
f 562/628/561 550/616/549 549/615/548 
f 549/615/548 561/627/560 562/628/561 
f 562/628/561 563/629/562 554/620/553 
f 554/620/553 550/616/549 562/628/561 
f 557/623/556 559/625/558 555/621/554 
f 555/621/554 564/630/563 557/623/556 
f 565/631/564 553/619/552 554/620/553 
f 554/620/553 563/629/562 565/631/564 
f 564/630/563 555/621/554 553/619/552 
f 553/619/552 565/631/564 564/630/563 
f 550/616/549 552/618/551 197/209/197 
f 197/209/197 237/249/237 550/616/549 
f 559/625/558 547/613/546 129/129/129 
f 129/129/129 207/219/207 559/625/558 
f 556/622/555 555/621/554 559/625/558 
f 559/625/558 207/219/207 556/622/555 
f 489/632/488 556/622/555 207/219/207 
f 207/219/207 482/633/481 489/632/488 
f 556/622/555 489/632/488 463/513/462 
f 463/513/462 92/92/92 556/622/555 
f 92/92/92 91/91/91 125/125/125 
f 125/125/125 124/124/124 92/92/92 
f 556/622/555 92/92/92 124/124/124 
f 124/124/124 127/127/127 556/622/555 
f 94/94/94 483/634/482 482/633/481 
f 482/633/481 207/219/207 94/94/94 
f 208/220/208 464/514/463 493/635/492 
f 493/635/492 93/93/93 208/220/208 
f 93/93/93 493/635/492 483/634/482 
f 483/634/482 94/94/94 93/93/93 
f 208/220/208 74/74/74 214/226/214 
f 214/226/214 97/97/97 208/220/208 
f 97/97/97 214/226/214 241/253/241 
f 241/253/241 96/96/96 97/97/97 
f 566/636/565 558/624/557 557/623/556 
f 566/636/565 560/626/559 558/624/557 
f 566/636/565 561/627/560 560/626/559 
f 566/636/565 562/628/561 561/627/560 
f 566/636/565 563/629/562 562/628/561 
f 566/636/565 557/623/556 564/630/563 
f 566/636/565 565/631/564 563/629/562 
f 566/636/565 564/630/563 565/631/564 
f 226/238/226 287/309/287 260/308/260 
f 260/308/260 42/42/42 226/238/226 
f 287/309/287 226/238/226 225/237/225 
f 225/237/225 511/588/510 287/309/287 
f 448/498/447 132/141/132 138/497/138 
f 420/469/419 424/473/423 438/637/437 
f 438/637/437 437/638/436 420/469/419 
f 440/639/439 423/472/422 427/476/426 
f 427/476/426 439/640/438 440/639/439 
f 203/215/203 441/641/440 439/640/438 
f 439/640/438 427/476/426 203/215/203 
f 433/482/432 443/642/442 442/643/441 
f 442/643/441 202/214/202 433/482/432 
f 438/637/437 424/473/423 423/472/422 
f 423/472/422 440/639/439 438/637/437 
f 121/121/121 445/644/444 444/645/443 
f 444/645/443 118/118/118 121/121/121 
f 433/482/432 434/483/433 446/646/445 
f 446/646/445 443/642/442 433/482/432 
f 118/118/118 444/645/443 447/647/446 
f 447/647/446 119/119/119 118/118/118 
f 203/215/203 202/214/202 442/643/441 
f 442/643/441 441/641/440 203/215/203 
f 420/469/419 437/638/436 445/644/444 
f 445/644/444 121/121/121 420/469/419 
f 567/648/566 568/649/567 569/650/568 
f 569/650/568 570/651/569 567/648/566 
f 571/652/570 572/653/571 573/654/572 
f 573/654/572 574/655/573 571/652/570 
f 570/651/569 569/650/568 10/10/10 
f 10/10/10 9/9/9 570/651/569 
f 13/656/13 575/657/574 576/658/575 
f 576/658/575 14/659/14 13/656/13 
f 577/660/576 578/661/577 579/662/578 
f 579/662/578 580/663/579 577/660/576 
f 581/664/580 582/665/581 583/666/582 
f 583/666/582 584/667/583 581/664/580 
f 585/668/584 577/660/576 580/663/579 
f 580/663/579 586/669/585 585/668/584 
f 587/670/586 588/671/587 589/672/588 
f 589/672/588 590/673/589 587/670/586 
f 31/31/31 30/30/30 591/674/590 
f 591/674/590 592/675/591 31/31/31 
f 593/676/592 594/677/593 584/667/583 
f 584/667/583 595/678/594 593/676/592 
f 596/679/595 597/680/596 595/678/594 
f 595/678/594 598/681/597 596/679/595 
f 599/682/598 600/683/599 41/684/41 
f 41/684/41 40/685/40 599/682/598 
f 601/686/600 596/679/595 598/681/597 
f 598/681/597 602/687/601 601/686/600 
f 570/651/569 602/687/601 598/681/597 
f 598/681/597 567/648/566 570/651/569 
f 599/682/598 40/685/40 45/688/45 
f 45/688/45 603/689/602 599/682/598 
f 567/648/566 598/681/597 595/678/594 
f 595/678/594 584/667/583 567/648/566 
f 597/680/596 604/690/603 593/676/592 
f 593/676/592 595/678/594 597/680/596 
f 605/691/604 606/692/605 607/693/606 
f 607/693/606 608/694/607 605/691/604 
f 609/695/608 53/53/53 52/52/52 
f 52/52/52 578/661/577 609/695/608 
f 610/696/609 611/697/610 577/660/576 
f 577/660/576 585/668/584 610/696/609 
f 612/698/611 613/699/612 614/700/613 
f 614/700/613 615/701/614 612/698/611 
f 616/702/615 617/703/616 618/704/617 
f 618/704/617 619/705/618 616/702/615 
f 620/706/619 621/707/620 622/708/621 
f 622/708/621 623/709/622 620/706/619 
f 624/710/623 625/711/624 626/712/625 
f 626/712/625 627/713/626 624/710/623 
f 628/714/627 629/715/628 630/716/629 
f 630/716/629 631/717/630 628/714/627 
f 632/718/631 623/709/622 611/697/610 
f 611/697/610 610/696/609 632/718/631 
f 622/708/621 78/78/78 53/53/53 
f 53/53/53 609/695/608 622/708/621 
f 633/719/632 634/720/633 572/653/571 
f 572/653/571 571/652/570 633/719/632 
f 635/721/634 636/722/635 637/723/636 
f 637/723/636 638/724/637 635/721/634 
f 639/725/638 620/706/619 623/709/622 
f 623/709/622 632/718/631 639/725/638 
f 621/707/620 86/86/86 78/78/78 
f 78/78/78 622/708/621 621/707/620 
f 640/726/639 641/727/640 606/692/605 
f 606/692/605 605/691/604 640/726/639 
f 642/728/641 643/729/642 91/91/91 
f 91/91/91 90/90/90 642/728/641 
f 644/730/643 645/731/644 628/714/627 
f 628/714/627 646/732/645 644/730/643 
f 642/728/641 90/90/90 96/96/96 
f 96/96/96 647/733/646 642/728/641 
f 641/727/640 646/732/645 628/714/627 
f 628/714/627 606/692/605 641/727/640 
f 648/734/647 649/735/648 650/736/649 
f 650/736/649 651/737/650 648/734/647 
f 652/738/651 653/739/652 104/104/104 
f 104/104/104 103/103/103 652/738/651 
f 106/740/106 108/741/108 654/742/653 
f 654/742/653 648/734/647 106/740/106 
f 655/743/654 656/744/655 657/745/656 
f 657/745/656 658/746/657 655/743/654 
f 659/747/658 116/116/116 115/115/115 
f 115/115/115 660/748/659 659/747/658 
f 661/749/660 657/745/656 656/744/655 
f 656/744/655 660/748/659 661/749/660 
f 120/120/120 119/119/119 662/750/661 
f 662/750/661 663/751/662 120/120/120 
f 641/727/640 664/752/663 665/753/664 
f 665/753/664 646/732/645 641/727/640 
f 666/754/665 667/755/666 126/126/126 
f 126/126/126 125/125/125 666/754/665 
f 640/726/639 668/756/667 664/752/663 
f 664/752/663 641/727/640 640/726/639 
f 646/732/645 665/753/664 669/757/668 
f 669/757/668 670/758/669 646/732/645 
f 671/759/670 672/760/671 673/761/672 
f 673/761/672 674/762/673 671/759/670 
f 675/763/674 676/764/675 677/765/676 
f 677/765/676 678/766/677 675/763/674 
f 678/766/677 677/765/676 679/767/678 
f 679/767/678 680/768/679 678/766/677 
f 610/696/609 585/668/584 672/769/671 
f 672/769/671 671/770/670 610/696/609 
f 681/771/680 632/718/631 610/696/609 
f 610/696/609 671/770/670 681/771/680 
f 679/767/678 682/772/681 683/773/682 
f 683/773/682 680/768/679 679/767/678 
f 682/772/681 684/774/683 685/775/684 
f 685/775/684 683/773/682 682/772/681 
f 686/776/685 681/777/680 671/759/670 
f 671/759/670 674/762/673 686/776/685 
f 572/653/571 687/778/686 688/779/687 
f 688/779/687 573/654/572 572/653/571 
f 689/780/688 690/781/689 691/782/690 
f 691/782/690 692/783/691 689/780/688 
f 691/782/690 690/781/689 693/784/692 
f 693/784/692 694/785/693 691/782/690 
f 695/786/694 696/787/695 697/788/696 
f 697/788/696 698/789/697 695/786/694 
f 699/790/698 634/791/633 633/792/632 
f 633/792/632 700/793/699 699/790/698 
f 614/700/613 635/721/634 638/724/637 
f 638/724/637 615/701/614 614/700/613 
f 636/722/635 699/790/698 700/793/699 
f 700/793/699 637/723/636 636/722/635 
f 574/655/573 573/654/572 613/699/612 
f 613/699/612 612/698/611 574/655/573 
f 701/794/700 702/795/701 703/796/702 
f 703/796/702 704/797/703 701/794/700 
f 705/798/704 706/799/705 707/800/706 
f 707/800/706 708/801/707 705/798/704 
f 709/802/708 710/803/709 711/804/710 
f 711/804/710 712/805/711 709/802/708 
f 707/800/706 706/799/705 713/806/712 
f 713/806/712 714/807/713 707/800/706 
f 710/803/709 705/798/704 708/801/707 
f 708/801/707 711/804/710 710/803/709 
f 714/808/713 713/809/712 715/810/714 
f 715/810/714 716/811/715 714/808/713 
f 704/797/703 703/796/702 709/802/708 
f 709/802/708 712/805/711 704/797/703 
f 716/811/715 715/810/714 702/795/701 
f 702/795/701 701/794/700 716/811/715 
f 673/761/672 717/812/716 718/813/717 
f 718/813/717 674/762/673 673/761/672 
f 719/814/718 720/815/719 685/775/684 
f 685/775/684 686/776/685 719/814/718 
f 675/816/674 721/817/720 717/812/716 
f 717/812/716 673/761/672 675/816/674 
f 722/818/721 723/819/722 680/768/679 
f 680/768/679 683/773/682 722/818/721 
f 678/766/677 724/820/723 721/821/720 
f 721/821/720 675/763/674 678/766/677 
f 720/815/719 722/818/721 683/773/682 
f 683/773/682 685/775/684 720/815/719 
f 723/819/722 724/820/723 678/766/677 
f 678/766/677 680/768/679 723/819/722 
f 718/813/717 719/814/718 686/776/685 
f 686/776/685 674/762/673 718/813/717 
f 664/752/663 725/822/724 726/823/725 
f 726/823/725 665/753/664 664/752/663 
f 667/755/666 727/824/726 187/196/187 
f 187/196/187 126/126/126 667/755/666 
f 668/756/667 728/825/727 725/822/724 
f 725/822/724 664/752/663 668/756/667 
f 665/753/664 726/823/725 729/826/728 
f 729/826/728 669/757/668 665/753/664 
f 192/827/192 191/828/191 682/829/681 
f 682/829/681 679/830/678 192/827/192 
f 677/831/676 193/832/193 192/827/192 
f 192/827/192 679/830/678 677/831/676 
f 194/833/194 195/834/195 728/825/727 
f 728/825/727 668/756/667 194/833/194 
f 196/835/196 194/833/194 668/756/667 
f 668/756/667 640/726/639 196/835/196 
f 730/836/729 731/837/730 199/211/199 
f 199/211/199 198/210/198 730/836/729 
f 115/115/115 201/213/201 661/749/660 
f 661/749/660 660/748/659 115/115/115 
f 732/838/731 205/217/205 204/216/204 
f 204/216/204 733/839/732 732/838/731 
f 658/746/657 657/745/656 653/739/652 
f 653/739/652 652/738/651 658/746/657 
f 206/840/206 106/740/106 648/734/647 
f 648/734/647 651/737/650 206/840/206 
f 670/758/669 734/841/733 644/730/643 
f 644/730/643 646/732/645 670/758/669 
f 629/715/628 628/714/627 645/731/644 
f 645/731/644 735/842/734 629/715/628 
f 196/835/196 640/726/639 605/691/604 
f 605/691/604 209/843/209 196/835/196 
f 209/843/209 605/691/604 608/694/607 
f 608/694/607 210/844/210 209/843/209 
f 619/705/618 212/845/212 211/846/211 
f 211/846/211 616/702/615 619/705/618 
f 623/709/622 622/708/621 609/695/608 
f 609/695/608 611/697/610 623/709/622 
f 629/715/628 736/847/735 737/848/736 
f 737/848/736 630/716/629 629/715/628 
f 611/697/610 609/695/608 578/661/577 
f 578/661/577 577/660/576 611/697/610 
f 738/849/737 739/850/738 740/851/739 
f 740/851/739 741/852/740 738/849/737 
f 9/9/9 219/231/219 602/687/601 
f 602/687/601 570/651/569 9/9/9 
f 219/231/219 220/232/220 601/686/600 
f 601/686/600 602/687/601 219/231/219 
f 739/850/738 742/853/741 743/854/742 
f 743/854/742 740/851/739 739/850/738 
f 223/855/223 744/856/743 745/857/744 
f 745/857/744 224/858/224 223/855/223 
f 746/859/745 230/860/230 229/861/229 
f 229/861/229 747/862/746 746/859/745 
f 578/661/577 52/52/52 231/243/231 
f 231/243/231 579/662/578 578/661/577 
f 584/667/583 583/666/582 568/649/567 
f 568/649/567 567/648/566 584/667/583 
f 104/104/104 653/739/652 748/863/747 
f 748/863/747 233/245/233 104/104/104 
f 648/734/647 654/742/653 749/864/748 
f 749/864/748 649/735/648 648/734/647 
f 750/865/749 658/746/657 652/738/651 
f 652/738/651 731/837/730 750/865/749 
f 751/866/750 655/743/654 658/746/657 
f 658/746/657 750/865/749 751/866/750 
f 731/837/730 652/738/651 103/103/103 
f 103/103/103 199/211/199 731/837/730 
f 729/826/728 751/866/750 750/865/749 
f 750/865/749 752/867/751 729/826/728 
f 725/822/724 650/736/649 753/868/752 
f 753/868/752 726/823/725 725/822/724 
f 754/869/753 659/747/658 660/748/659 
f 660/748/659 656/744/655 754/869/753 
f 736/847/735 241/253/241 240/252/240 
f 240/252/240 737/848/736 736/847/735 
f 755/870/754 756/871/755 757/872/756 
f 757/872/756 758/873/757 755/870/754 
f 684/774/683 681/777/680 686/776/685 
f 686/776/685 685/775/684 684/774/683 
f 676/874/675 675/816/674 673/761/672 
f 673/761/672 672/760/671 676/874/675 
f 759/875/758 760/876/759 761/877/760 
f 761/877/760 762/878/761 759/875/758 
f 763/879/762 760/880/759 759/881/758 
f 759/881/758 764/882/763 763/879/762 
f 765/883/764 766/884/765 767/885/766 
f 767/885/766 768/886/767 765/883/764 
f 769/887/768 770/888/769 763/879/762 
f 763/879/762 764/882/763 769/887/768 
f 771/889/770 772/890/771 773/891/772 
f 773/891/772 604/892/603 771/889/770 
f 41/684/41 600/683/599 744/856/743 
f 744/856/743 223/855/223 41/684/41 
f 742/853/741 774/893/773 775/894/774 
f 775/894/774 743/854/742 742/853/741 
f 776/895/775 777/896/776 778/897/777 
f 778/897/777 779/898/778 776/895/775 
f 780/899/779 781/900/780 765/883/764 
f 765/883/764 768/886/767 780/899/779 
f 782/901/781 770/888/769 769/887/768 
f 769/887/768 783/902/782 782/901/781 
f 767/885/766 766/884/765 782/901/781 
f 782/901/781 783/902/782 767/885/766 
f 761/877/760 781/900/780 780/899/779 
f 780/899/779 762/878/761 761/877/760 
f 784/903/783 785/904/784 786/905/785 
f 786/905/785 787/906/786 784/903/783 
f 788/907/787 789/908/788 790/909/789 
f 790/909/789 791/910/790 788/907/787 
f 792/911/791 793/912/792 794/913/793 
f 794/913/793 795/914/794 792/911/791 
f 791/910/790 790/909/789 796/915/795 
f 796/915/795 797/916/796 791/910/790 
f 793/912/792 789/908/788 788/907/787 
f 788/907/787 794/913/793 793/912/792 
f 797/917/796 796/918/795 798/919/797 
f 798/919/797 799/920/798 797/917/796 
f 785/904/784 792/911/791 795/914/794 
f 795/914/794 786/905/785 785/904/784 
f 799/920/798 798/919/797 784/903/783 
f 784/903/783 787/906/786 799/920/798 
f 799/920/798 787/906/786 702/795/701 
f 702/795/701 715/810/714 799/920/798 
f 786/905/785 795/914/794 709/802/708 
f 709/802/708 703/796/702 786/905/785 
f 713/809/712 797/917/796 799/920/798 
f 799/920/798 715/810/714 713/809/712 
f 794/913/793 788/907/787 705/798/704 
f 705/798/704 710/803/709 794/913/793 
f 706/799/705 791/910/790 797/916/796 
f 797/916/796 713/806/712 706/799/705 
f 795/914/794 794/913/793 710/803/709 
f 710/803/709 709/802/708 795/914/794 
f 705/798/704 788/907/787 791/910/790 
f 791/910/790 706/799/705 705/798/704 
f 787/906/786 786/905/785 703/796/702 
f 703/796/702 702/795/701 787/906/786 
f 717/812/716 716/811/715 701/794/700 
f 701/794/700 718/813/717 717/812/716 
f 704/797/703 712/805/711 720/815/719 
f 720/815/719 719/814/718 704/797/703 
f 721/817/720 714/808/713 716/811/715 
f 716/811/715 717/812/716 721/817/720 
f 711/804/710 708/801/707 723/819/722 
f 723/819/722 722/818/721 711/804/710 
f 724/820/723 707/800/706 714/807/713 
f 714/807/713 721/821/720 724/820/723 
f 712/805/711 711/804/710 722/818/721 
f 722/818/721 720/815/719 712/805/711 
f 708/801/707 707/800/706 724/820/723 
f 724/820/723 723/819/722 708/801/707 
f 701/794/700 704/797/703 719/814/718 
f 719/814/718 718/813/717 701/794/700 
f 618/704/617 632/718/631 681/771/680 
f 681/771/680 684/921/683 618/704/617 
f 191/828/191 212/845/212 619/705/618 
f 619/705/618 682/829/681 191/828/191 
f 619/705/618 618/704/617 684/921/683 
f 684/921/683 682/829/681 619/705/618 
f 617/703/616 639/725/638 632/718/631 
f 632/718/631 618/704/617 617/703/616 
f 774/893/773 588/922/587 587/923/586 
f 587/923/586 775/894/774 774/893/773 
f 597/680/596 800/924/799 771/925/770 
f 771/925/770 604/690/603 597/680/596 
f 801/926/800 802/927/801 603/928/602 
f 603/928/602 803/929/802 801/926/800 
f 746/859/745 747/862/746 756/871/755 
f 756/871/755 755/870/754 746/859/745 
f 576/658/575 575/657/574 804/930/803 
f 804/930/803 805/931/804 576/658/575 
f 581/664/580 584/667/583 594/677/593 
f 594/677/593 803/932/802 581/664/580 
f 604/892/603 773/891/772 806/933/805 
f 806/933/805 593/934/592 604/892/603 
f 590/673/589 589/672/588 777/896/776 
f 777/896/776 776/895/775 590/673/589 
f 594/935/593 807/936/806 801/926/800 
f 801/926/800 803/929/802 594/935/593 
f 599/937/598 808/938/807 809/939/808 
f 809/939/808 600/940/599 599/937/598 
f 593/934/592 806/933/805 807/936/806 
f 807/936/806 594/935/593 593/934/592 
f 802/927/801 808/938/807 599/937/598 
f 599/937/598 603/928/602 802/927/801 
f 600/940/599 809/939/808 772/941/771 
f 772/941/771 771/942/770 600/940/599 
f 810/943/809 688/779/687 687/778/686 
f 687/778/686 811/944/810 810/943/809 
f 812/945/811 813/946/812 810/947/809 
f 810/947/809 811/948/810 812/945/811 
f 634/720/633 811/944/810 687/778/686 
f 687/778/686 572/653/571 634/720/633 
f 814/949/813 815/950/814 689/951/688 
f 689/951/688 692/952/691 814/949/813 
f 813/946/812 812/945/811 699/790/698 
f 699/790/698 636/722/635 813/946/812 
f 812/945/811 811/948/810 634/791/633 
f 634/791/633 699/790/698 812/945/811 
f 696/787/695 816/953/815 817/954/816 
f 817/954/816 818/955/817 696/787/695 
f 695/786/694 819/956/818 816/953/815 
f 816/953/815 696/787/695 695/786/694 
f 820/957/819 821/958/820 690/781/689 
f 690/781/689 689/780/688 820/957/819 
f 821/958/820 822/959/821 693/784/692 
f 693/784/692 690/781/689 821/958/820 
f 823/960/822 824/961/823 695/786/694 
f 695/786/694 698/789/697 823/960/822 
f 818/955/817 815/950/814 814/949/813 
f 814/949/813 825/962/824 818/955/817 
f 694/785/693 693/784/692 824/961/823 
f 824/961/823 823/960/822 694/785/693 
f 696/787/695 818/955/817 825/962/824 
f 825/962/824 697/788/696 696/787/695 
f 784/903/783 574/655/573 612/698/611 
f 612/698/611 785/904/784 784/903/783 
f 637/723/636 700/793/699 790/909/789 
f 790/909/789 789/908/788 637/723/636 
f 615/701/614 638/724/637 793/912/792 
f 793/912/792 792/911/791 615/701/614 
f 790/909/789 700/793/699 633/792/632 
f 633/792/632 796/915/795 790/909/789 
f 638/724/637 637/723/636 789/908/788 
f 789/908/788 793/912/792 638/724/637 
f 796/918/795 633/719/632 571/652/570 
f 571/652/570 798/919/797 796/918/795 
f 612/698/611 615/701/614 792/911/791 
f 792/911/791 785/904/784 612/698/611 
f 798/919/797 571/652/570 574/655/573 
f 574/655/573 784/903/783 798/919/797 
f 826/963/825 827/964/826 636/722/635 
f 636/722/635 635/721/634 826/963/825 
f 573/654/572 828/965/827 829/966/828 
f 829/966/828 613/699/612 573/654/572 
f 827/964/826 830/967/829 813/946/812 
f 813/946/812 636/722/635 827/964/826 
f 613/699/612 829/966/828 831/968/830 
f 831/968/830 614/700/613 613/699/612 
f 830/967/829 832/969/831 810/947/809 
f 810/947/809 813/946/812 830/967/829 
f 831/968/830 826/963/825 635/721/634 
f 635/721/634 614/700/613 831/968/830 
f 688/779/687 833/970/832 828/965/827 
f 828/965/827 573/654/572 688/779/687 
f 810/943/809 832/971/831 833/970/832 
f 833/970/832 688/779/687 810/943/809 
f 821/958/820 820/957/819 834/972/321 
f 834/972/321 822/959/821 821/958/820 
f 816/953/815 819/956/818 834/973/321 
f 834/973/321 817/954/816 816/953/815 
f 834/972/321 819/956/818 835/974/833 
f 835/974/833 822/959/821 834/972/321 
f 834/973/321 820/975/819 836/976/834 
f 836/976/834 817/954/816 834/973/321 
f 818/955/817 817/954/816 836/976/834 
f 836/976/834 815/950/814 818/955/817 
f 815/950/814 836/976/834 820/975/819 
f 820/975/819 689/951/688 815/950/814 
f 835/974/833 819/956/818 695/786/694 
f 695/786/694 824/961/823 835/974/833 
f 822/959/821 835/974/833 824/961/823 
f 824/961/823 693/784/692 822/959/821 
f 826/963/825 697/788/696 825/962/824 
f 825/962/824 827/964/826 826/963/825 
f 694/785/693 823/960/822 829/966/828 
f 829/966/828 828/965/827 694/785/693 
f 825/962/824 814/949/813 830/967/829 
f 830/967/829 827/964/826 825/962/824 
f 823/960/822 698/789/697 831/968/830 
f 831/968/830 829/966/828 823/960/822 
f 830/967/829 814/949/813 692/952/691 
f 692/952/691 832/969/831 830/967/829 
f 831/968/830 698/789/697 697/788/696 
f 697/788/696 826/963/825 831/968/830 
f 833/970/832 691/782/690 694/785/693 
f 694/785/693 828/965/827 833/970/832 
f 692/783/691 691/782/690 833/970/832 
f 833/970/832 832/971/831 692/783/691 
f 837/977/835 838/978/836 839/979/837 
f 839/979/837 840/980/838 837/977/835 
f 841/981/839 842/982/840 843/983/841 
f 843/983/841 844/984/842 841/981/839 
f 845/985/843 846/986/844 838/978/836 
f 838/978/836 837/977/835 845/985/843 
f 847/987/845 848/988/846 849/989/847 
f 849/989/847 850/990/848 847/987/845 
f 851/991/849 852/992/850 839/979/837 
f 839/979/837 838/978/836 851/991/849 
f 853/993/851 854/994/852 855/995/853 
f 855/995/853 856/996/854 853/993/851 
f 855/995/853 854/994/852 857/997/855 
f 857/997/855 858/998/856 855/995/853 
f 859/999/857 860/1000/858 861/1001/859 
f 861/1001/859 862/1002/860 859/999/857 
f 863/1003/861 846/1004/844 845/1005/843 
f 845/1005/843 864/1006/862 863/1003/861 
f 843/983/841 847/987/845 850/990/848 
f 850/990/848 844/984/842 843/983/841 
f 848/988/846 863/1003/861 864/1006/862 
f 864/1006/862 849/989/847 848/988/846 
f 840/980/838 839/979/837 842/982/840 
f 842/982/840 841/981/839 840/980/838 
f 865/1007/863 866/1008/864 867/1009/865 
f 867/1009/865 868/1010/866 865/1007/863 
f 869/1011/867 870/1012/868 871/1013/869 
f 871/1013/869 872/1014/870 869/1011/867 
f 873/1015/871 874/1016/872 875/1017/873 
f 875/1017/873 876/1018/874 873/1015/871 
f 871/1013/869 870/1012/868 877/1019/875 
f 877/1019/875 878/1020/876 871/1013/869 
f 874/1016/872 869/1011/867 872/1014/870 
f 872/1014/870 875/1017/873 874/1016/872 
f 878/1021/876 877/1022/875 879/1023/877 
f 879/1023/877 880/1024/878 878/1021/876 
f 867/1009/865 873/1015/871 876/1018/874 
f 876/1018/874 868/1010/866 867/1009/865 
f 880/1024/878 879/1023/877 866/1008/864 
f 866/1008/864 865/1007/863 880/1024/878 
f 881/1025/879 852/992/850 851/991/849 
f 851/991/849 882/1026/880 881/1025/879 
f 883/1027/881 884/1028/882 881/1029/879 
f 881/1029/879 882/1030/880 883/1027/881 
f 846/986/844 882/1026/880 851/991/849 
f 851/991/849 838/978/836 846/986/844 
f 885/1031/883 886/1032/884 853/1033/851 
f 853/1033/851 856/1034/854 885/1031/883 
f 884/1028/882 883/1027/881 863/1003/861 
f 863/1003/861 848/988/846 884/1028/882 
f 883/1027/881 882/1030/880 846/1004/844 
f 846/1004/844 863/1003/861 883/1027/881 
f 860/1000/858 887/1035/885 888/1036/886 
f 888/1036/886 889/1037/887 860/1000/858 
f 859/999/857 890/1038/888 887/1035/885 
f 887/1035/885 860/1000/858 859/999/857 
f 891/1039/889 892/1040/890 854/994/852 
f 854/994/852 853/993/851 891/1039/889 
f 892/1040/890 893/1041/891 857/997/855 
f 857/997/855 854/994/852 892/1040/890 
f 894/1042/892 895/1043/893 859/999/857 
f 859/999/857 862/1002/860 894/1042/892 
f 889/1037/887 886/1032/884 885/1031/883 
f 885/1031/883 896/1044/894 889/1037/887 
f 858/998/856 857/997/855 895/1043/893 
f 895/1043/893 894/1042/892 858/998/856 
f 860/1000/858 889/1037/887 896/1044/894 
f 896/1044/894 861/1001/859 860/1000/858 
f 866/1008/864 840/980/838 841/981/839 
f 841/981/839 867/1009/865 866/1008/864 
f 849/989/847 864/1006/862 870/1012/868 
f 870/1012/868 869/1011/867 849/989/847 
f 844/984/842 850/990/848 874/1016/872 
f 874/1016/872 873/1015/871 844/984/842 
f 870/1012/868 864/1006/862 845/1005/843 
f 845/1005/843 877/1019/875 870/1012/868 
f 850/990/848 849/989/847 869/1011/867 
f 869/1011/867 874/1016/872 850/990/848 
f 877/1022/875 845/985/843 837/977/835 
f 837/977/835 879/1023/877 877/1022/875 
f 867/1009/865 841/981/839 844/984/842 
f 844/984/842 873/1015/871 867/1009/865 
f 879/1023/877 837/977/835 840/980/838 
f 840/980/838 866/1008/864 879/1023/877 
f 847/987/845 897/1045/895 898/1046/896 
f 898/1046/896 848/988/846 847/987/845 
f 899/1047/897 900/1048/898 842/982/840 
f 842/982/840 839/979/837 899/1047/897 
f 898/1046/896 901/1049/899 884/1028/882 
f 884/1028/882 848/988/846 898/1046/896 
f 900/1048/898 902/1050/900 843/983/841 
f 843/983/841 842/982/840 900/1048/898 
f 901/1049/899 903/1051/901 881/1029/879 
f 881/1029/879 884/1028/882 901/1049/899 
f 843/983/841 902/1050/900 897/1045/895 
f 897/1045/895 847/987/845 843/983/841 
f 852/992/850 904/1052/902 899/1047/897 
f 899/1047/897 839/979/837 852/992/850 
f 881/1025/879 903/1053/901 904/1052/902 
f 904/1052/902 852/992/850 881/1025/879 
f 892/1040/890 891/1039/889 905/1054/321 
f 905/1054/321 893/1041/891 892/1040/890 
f 887/1035/885 890/1038/888 905/1055/321 
f 905/1055/321 888/1036/886 887/1035/885 
f 905/1054/321 890/1038/888 906/1056/903 
f 906/1056/903 893/1041/891 905/1054/321 
f 905/1055/321 891/1057/889 907/1058/904 
f 907/1058/904 888/1036/886 905/1055/321 
f 889/1037/887 888/1036/886 907/1058/904 
f 907/1058/904 886/1032/884 889/1037/887 
f 886/1032/884 907/1058/904 891/1057/889 
f 891/1057/889 853/1033/851 886/1032/884 
f 906/1056/903 890/1038/888 859/999/857 
f 859/999/857 895/1043/893 906/1056/903 
f 893/1041/891 906/1056/903 895/1043/893 
f 895/1043/893 857/997/855 893/1041/891 
f 897/1045/895 861/1001/859 896/1044/894 
f 896/1044/894 898/1046/896 897/1045/895 
f 858/998/856 894/1042/892 900/1048/898 
f 900/1048/898 899/1047/897 858/998/856 
f 896/1044/894 885/1031/883 901/1049/899 
f 901/1049/899 898/1046/896 896/1044/894 
f 894/1042/892 862/1002/860 902/1050/900 
f 902/1050/900 900/1048/898 894/1042/892 
f 901/1049/899 885/1031/883 856/1034/854 
f 856/1034/854 903/1051/901 901/1049/899 
f 902/1050/900 862/1002/860 861/1001/859 
f 861/1001/859 897/1045/895 902/1050/900 
f 904/1052/902 855/995/853 858/998/856 
f 858/998/856 899/1047/897 904/1052/902 
f 856/996/854 855/995/853 904/1052/902 
f 904/1052/902 903/1053/901 856/996/854 
f 908/1059/905 871/1013/869 878/1020/876 
f 878/1020/876 909/1060/906 908/1059/905 
f 910/1061/907 872/1014/870 871/1013/869 
f 871/1013/869 908/1059/905 910/1061/907 
f 910/1061/907 911/1062/908 875/1017/873 
f 875/1017/873 872/1014/870 910/1061/907 
f 912/1063/909 876/1018/874 875/1017/873 
f 875/1017/873 911/1062/908 912/1063/909 
f 912/1063/909 913/1064/910 868/1010/866 
f 868/1010/866 876/1018/874 912/1063/909 
f 914/1065/911 865/1007/863 868/1010/866 
f 868/1010/866 913/1064/910 914/1065/911 
f 914/1065/911 915/1066/912 880/1024/878 
f 880/1024/878 865/1007/863 914/1065/911 
f 909/1067/906 878/1021/876 880/1024/878 
f 880/1024/878 915/1066/912 909/1067/906 
f 762/878/761 780/899/779 777/896/776 
f 777/896/776 589/672/588 762/878/761 
f 767/885/766 783/902/782 739/850/738 
f 739/850/738 738/849/737 767/885/766 
f 783/902/782 769/887/768 742/853/741 
f 742/853/741 739/850/738 783/902/782 
f 777/896/776 780/899/779 768/886/767 
f 768/886/767 778/897/777 777/896/776 
f 742/853/741 769/887/768 764/882/763 
f 764/882/763 774/893/773 742/853/741 
f 768/886/767 767/885/766 738/849/737 
f 738/849/737 778/897/777 768/886/767 
f 774/893/773 764/882/763 759/881/758 
f 759/881/758 588/922/587 774/893/773 
f 588/671/587 759/875/758 762/878/761 
f 762/878/761 589/672/588 588/671/587 
f 760/876/759 909/1067/906 915/1066/912 
f 915/1066/912 761/877/760 760/876/759 
f 781/900/780 761/877/760 915/1066/912 
f 915/1066/912 914/1065/911 781/900/780 
f 781/900/780 914/1065/911 913/1064/910 
f 913/1064/910 765/883/764 781/900/780 
f 766/884/765 765/883/764 913/1064/910 
f 913/1064/910 912/1063/909 766/884/765 
f 766/884/765 912/1063/909 911/1062/908 
f 911/1062/908 782/901/781 766/884/765 
f 782/901/781 911/1062/908 910/1061/907 
f 910/1061/907 770/888/769 782/901/781 
f 770/888/769 910/1061/907 908/1059/905 
f 908/1059/905 763/879/762 770/888/769 
f 763/879/762 908/1059/905 909/1060/906 
f 909/1060/906 760/880/759 763/879/762 
f 807/936/806 779/898/778 741/852/740 
f 741/852/740 801/926/800 807/936/806 
f 806/933/805 776/895/775 779/898/778 
f 779/898/778 807/936/806 806/933/805 
f 590/673/589 773/891/772 772/890/771 
f 772/890/771 587/670/586 590/673/589 
f 590/673/589 776/895/775 806/933/805 
f 806/933/805 773/891/772 590/673/589 
f 741/852/740 740/851/739 802/927/801 
f 802/927/801 801/926/800 741/852/740 
f 772/941/771 809/939/808 775/894/774 
f 775/894/774 587/923/586 772/941/771 
f 740/851/739 743/854/742 808/938/807 
f 808/938/807 802/927/801 740/851/739 
f 743/854/742 775/894/774 809/939/808 
f 809/939/808 808/938/807 743/854/742 
f 778/897/777 738/849/737 741/852/740 
f 741/852/740 779/898/778 778/897/777 
f 916/1068/913 569/650/568 568/649/567 
f 568/649/567 917/1069/914 916/1068/913 
f 575/657/574 13/656/13 405/1070/404 
f 405/1070/404 918/1071/915 575/657/574 
f 919/1072/916 804/930/803 920/1073/917 
f 920/1073/917 921/1074/918 919/1072/916 
f 917/1069/914 568/649/567 583/666/582 
f 583/666/582 922/1075/919 917/1069/914 
f 411/460/410 10/10/10 569/650/568 
f 569/650/568 916/1068/913 411/460/410 
f 920/1073/917 804/930/803 575/657/574 
f 575/657/574 918/1071/915 920/1073/917 
f 922/1075/919 583/666/582 582/665/581 
f 582/665/581 923/1076/920 922/1075/919 
f 805/931/804 804/930/803 919/1072/916 
f 919/1072/916 924/1077/921 805/931/804 
f 586/669/585 922/1075/919 923/1076/920 
f 923/1076/920 925/1078/922 586/669/585 
f 755/870/754 920/1073/917 918/1071/915 
f 918/1071/915 746/859/745 755/870/754 
f 411/460/410 916/1068/913 579/662/578 
f 579/662/578 231/243/231 411/460/410 
f 917/1069/914 922/1075/919 586/669/585 
f 586/669/585 580/663/579 917/1069/914 
f 758/873/757 921/1074/918 920/1073/917 
f 920/1073/917 755/870/754 758/873/757 
f 918/1071/915 405/1070/404 230/860/230 
f 230/860/230 746/859/745 918/1071/915 
f 916/1068/913 917/1069/914 580/663/579 
f 580/663/579 579/662/578 916/1068/913 
f 201/213/201 233/245/233 748/863/747 
f 748/863/747 661/749/660 201/213/201 
f 748/863/747 653/739/652 657/745/656 
f 657/745/656 661/749/660 748/863/747 
f 417/1079/416 926/1080/923 927/1081/924 
f 927/1081/924 418/1082/417 417/1079/416 
f 108/741/108 418/1082/417 927/1081/924 
f 927/1081/924 654/742/653 108/741/108 
f 926/1080/923 749/864/748 654/742/653 
f 654/742/653 927/1081/924 926/1080/923 
f 728/825/727 651/737/650 650/736/649 
f 650/736/649 725/822/724 728/825/727 
f 726/823/725 753/868/752 751/866/750 
f 751/866/750 729/826/728 726/823/725 
f 752/867/751 750/865/749 731/837/730 
f 731/837/730 730/836/729 752/867/751 
f 195/834/195 206/840/206 651/737/650 
f 651/737/650 728/825/727 195/834/195 
f 419/468/418 120/120/120 663/751/662 
f 663/751/662 928/1083/925 419/468/418 
f 929/1084/926 930/1085/927 655/743/654 
f 655/743/654 751/866/750 929/1084/926 
f 931/1086/928 426/475/425 425/474/424 
f 425/474/424 932/1087/929 931/1086/928 
f 733/839/732 204/216/204 428/477/427 
f 428/477/427 933/1088/930 733/839/732 
f 650/736/649 934/1089/931 935/1090/932 
f 935/1090/932 753/868/752 650/736/649 
f 432/1091/431 936/1092/933 926/1080/923 
f 926/1080/923 417/1079/416 432/1091/431 
f 753/868/752 935/1090/932 929/1084/926 
f 929/1084/926 751/866/750 753/868/752 
f 937/1093/934 434/483/433 205/217/205 
f 205/217/205 732/838/731 937/1093/934 
f 932/1087/929 425/474/424 419/468/418 
f 419/468/418 928/1083/925 932/1087/929 
f 749/864/748 938/1094/935 939/1095/936 
f 939/1095/936 649/735/648 749/864/748 
f 930/1085/927 754/869/753 656/744/655 
f 656/744/655 655/743/654 930/1085/927 
f 926/1080/923 936/1092/933 938/1094/935 
f 938/1094/935 749/864/748 926/1080/923 
f 649/735/648 939/1095/936 934/1089/931 
f 934/1089/931 650/736/649 649/735/648 
f 940/1096/937 941/1097/938 930/1085/927 
f 930/1085/927 929/1084/926 940/1096/937 
f 942/1098/939 935/1090/932 934/1089/931 
f 934/1089/931 943/1099/940 942/1098/939 
f 939/1095/936 944/1100/941 943/1099/940 
f 943/1099/940 934/1089/931 939/1095/936 
f 936/1092/933 945/1101/942 946/1102/943 
f 946/1102/943 938/1094/935 936/1092/933 
f 940/1096/937 929/1084/926 935/1090/932 
f 935/1090/932 942/1098/939 940/1096/937 
f 947/1103/944 948/1104/945 659/747/658 
f 659/747/658 754/869/753 947/1103/944 
f 446/1105/445 945/1101/942 936/1092/933 
f 936/1092/933 432/1091/431 446/1105/445 
f 948/1104/945 447/496/446 116/116/116 
f 116/116/116 659/747/658 948/1104/945 
f 938/1094/935 946/1102/943 944/1100/941 
f 944/1100/941 939/1095/936 938/1094/935 
f 941/1097/938 947/1103/944 754/869/753 
f 754/869/753 930/1085/927 941/1097/938 
f 428/477/427 426/475/425 931/1086/928 
f 931/1086/928 933/1088/930 428/477/427 
f 924/1077/921 581/664/580 803/932/802 
f 803/932/802 805/931/804 924/1077/921 
f 747/862/746 677/831/676 676/1106/675 
f 676/1106/675 756/871/755 747/862/746 
f 603/689/602 45/688/45 14/659/14 
f 14/659/14 576/658/575 603/689/602 
f 229/861/229 193/832/193 677/831/676 
f 677/831/676 747/862/746 229/861/229 
f 803/932/802 603/689/602 576/658/575 
f 576/658/575 805/931/804 803/932/802 
f 925/1078/922 923/1076/920 921/1074/918 
f 921/1074/918 758/873/757 925/1078/922 
f 582/665/581 581/664/580 924/1077/921 
f 924/1077/921 919/1072/916 582/665/581 
f 925/1078/922 949/1107/946 585/668/584 
f 585/668/584 586/669/585 925/1078/922 
f 921/1074/918 923/1076/920 582/665/581 
f 582/665/581 919/1072/916 921/1074/918 
f 949/1107/946 925/1078/922 758/873/757 
f 758/873/757 757/872/756 949/1107/946 
f 676/1106/675 949/1107/946 757/872/756 
f 757/872/756 756/871/755 676/1106/675 
f 585/668/584 949/1107/946 672/769/671 
f 639/725/638 617/703/616 607/693/606 
f 607/693/606 631/717/630 639/725/638 
f 608/694/607 607/693/606 617/703/616 
f 617/703/616 616/702/615 608/694/607 
f 620/706/619 639/725/638 631/717/630 
f 631/717/630 630/716/629 620/706/619 
f 737/848/736 240/252/240 86/86/86 
f 86/86/86 621/707/620 737/848/736 
f 210/844/210 608/694/607 616/702/615 
f 616/702/615 211/846/211 210/844/210 
f 630/716/629 737/848/736 621/707/620 
f 621/707/620 620/706/619 630/716/629 
f 606/692/605 628/714/627 631/717/630 
f 631/717/630 607/693/606 606/692/605 
f 950/1108/947 951/1109/948 952/1110/949 
f 952/1110/949 953/1111/950 950/1108/947 
f 954/1112/951 955/1113/952 956/1114/953 
f 956/1114/953 957/1115/954 954/1112/951 
f 956/1114/953 958/1116/955 959/1117/956 
f 959/1117/956 957/1115/954 956/1114/953 
f 960/1118/957 961/1119/958 950/1108/947 
f 950/1108/947 953/1111/950 960/1118/957 
f 962/1120/959 963/1121/960 642/728/641 
f 642/728/641 647/733/646 962/1120/959 
f 963/1121/960 964/1122/961 643/729/642 
f 643/729/642 642/728/641 963/1121/960 
f 965/1123/962 962/1120/959 647/733/646 
f 647/733/646 735/842/734 965/1123/962 
f 951/1109/948 950/1108/947 961/1119/958 
f 961/1119/958 966/1124/963 951/1109/948 
f 967/1125/964 951/1109/948 966/1124/963 
f 966/1124/963 955/1126/952 967/1125/964 
f 966/1124/963 958/1116/955 956/1114/953 
f 956/1114/953 955/1113/952 966/1124/963 
f 961/1119/958 968/1127/965 958/1116/955 
f 958/1116/955 966/1124/963 961/1119/958 
f 958/1116/955 968/1127/965 969/1128/966 
f 969/1128/966 959/1117/956 958/1116/955 
f 967/1125/964 955/1126/952 954/1129/951 
f 954/1129/951 970/1130/967 967/1125/964 
f 968/1127/965 961/1119/958 960/1118/957 
f 960/1118/957 969/1128/966 968/1127/965 
f 952/1110/949 951/1109/948 967/1125/964 
f 967/1125/964 970/1130/967 952/1110/949 
f 971/1131/968 972/1132/969 973/1133/970 
f 973/1133/970 974/1134/971 971/1131/968 
f 973/1133/970 975/1135/972 976/1136/973 
f 976/1136/973 974/1134/971 973/1133/970 
f 977/1137/974 625/711/624 624/710/623 
f 624/710/623 978/1138/975 977/1137/974 
f 627/713/626 626/712/625 979/1139/976 
f 979/1139/976 980/1140/977 627/713/626 
f 981/1141/978 977/1137/974 978/1138/975 
f 978/1138/975 982/1142/979 981/1141/978 
f 975/1143/972 981/1141/978 982/1142/979 
f 982/1142/979 976/1144/973 975/1143/972 
f 980/1140/977 979/1139/976 972/1132/969 
f 972/1132/969 971/1131/968 980/1140/977 
f 983/1145/980 984/1146/981 985/1147/982 
f 985/1147/982 986/1148/983 983/1145/980 
f 987/1149/984 988/1150/985 962/1151/959 
f 962/1151/959 965/1152/962 987/1149/984 
f 988/1150/985 989/1153/986 963/1154/960 
f 963/1154/960 962/1151/959 988/1150/985 
f 990/1155/987 991/1156/988 984/1146/981 
f 984/1146/981 983/1145/980 990/1155/987 
f 989/1153/986 992/1157/989 964/1158/961 
f 964/1158/961 963/1154/960 989/1153/986 
f 993/1159/990 987/1160/984 965/1161/962 
f 965/1161/962 994/1162/991 993/1159/990 
f 985/1147/982 993/1159/990 994/1162/991 
f 994/1162/991 986/1148/983 985/1147/982 
f 964/1158/961 992/1157/989 991/1156/988 
f 991/1156/988 990/1155/987 964/1158/961 
f 995/1163/992 980/1140/977 971/1131/968 
f 971/1131/968 996/1164/993 995/1163/992 
f 976/1144/973 982/1142/979 997/1165/994 
f 997/1165/994 998/1166/995 976/1144/973 
f 982/1142/979 978/1138/975 999/1167/996 
f 999/1167/996 997/1165/994 982/1142/979 
f 1000/1168/997 627/713/626 980/1140/977 
f 980/1140/977 995/1163/992 1000/1168/997 
f 978/1138/975 624/710/623 1001/1169/998 
f 1001/1169/998 999/1167/996 978/1138/975 
f 974/1134/971 976/1136/973 998/1170/995 
f 998/1170/995 1002/1171/999 974/1134/971 
f 996/1164/993 971/1131/968 974/1134/971 
f 974/1134/971 1002/1171/999 996/1164/993 
f 1001/1169/998 624/710/623 627/713/626 
f 627/713/626 1000/1168/997 1001/1169/998 
f 972/1132/969 952/1110/949 970/1130/967 
f 970/1130/967 973/1133/970 972/1132/969 
f 625/711/624 969/1128/966 960/1118/957 
f 960/1118/957 626/712/625 625/711/624 
f 970/1130/967 954/1129/951 975/1135/972 
f 975/1135/972 973/1133/970 970/1130/967 
f 959/1117/956 969/1128/966 625/711/624 
f 625/711/624 977/1137/974 959/1117/956 
f 626/712/625 960/1118/957 953/1111/950 
f 953/1111/950 979/1139/976 626/712/625 
f 957/1115/954 959/1117/956 977/1137/974 
f 977/1137/974 981/1141/978 957/1115/954 
f 954/1112/951 957/1115/954 981/1141/978 
f 981/1141/978 975/1143/972 954/1112/951 
f 979/1139/976 953/1111/950 952/1110/949 
f 952/1110/949 972/1132/969 979/1139/976 
f 992/1157/989 1001/1169/998 1000/1168/997 
f 1000/1168/997 991/1156/988 992/1157/989 
f 996/1164/993 1002/1171/999 993/1159/990 
f 993/1159/990 985/1147/982 996/1164/993 
f 1002/1171/999 998/1170/995 987/1160/984 
f 987/1160/984 993/1159/990 1002/1171/999 
f 999/1167/996 1001/1169/998 992/1157/989 
f 992/1157/989 989/1153/986 999/1167/996 
f 991/1156/988 1000/1168/997 995/1163/992 
f 995/1163/992 984/1146/981 991/1156/988 
f 997/1165/994 999/1167/996 989/1153/986 
f 989/1153/986 988/1150/985 997/1165/994 
f 998/1166/995 997/1165/994 988/1150/985 
f 988/1150/985 987/1149/984 998/1166/995 
f 984/1146/981 995/1163/992 996/1164/993 
f 996/1164/993 985/1147/982 984/1146/981 
f 1003/1172/1000 502/1173/501 224/1174/224 
f 224/1174/224 745/1175/744 1003/1172/1000 
f 1004/1176/1001 1005/1177/1002 596/679/595 
f 596/679/595 601/686/600 1004/1176/1001 
f 1006/1178/1003 506/1179/505 502/1173/501 
f 502/1173/501 1003/1172/1000 1006/1178/1003 
f 509/573/508 1007/1180/1004 591/1181/590 
f 591/1181/590 30/574/30 509/573/508 
f 1008/1182/1005 1003/1172/1000 745/1175/744 
f 745/1175/744 1009/1183/1006 1008/1182/1005 
f 220/232/220 512/577/511 1004/1176/1001 
f 1004/1176/1001 601/686/600 220/232/220 
f 1010/1184/1007 515/580/514 1011/1185/1008 
f 1012/1186/1009 517/1187/516 516/1188/515 
f 516/1188/515 1013/1189/1010 1012/1186/1009 
f 1014/1190/1011 1006/1178/1003 1003/1172/1000 
f 1003/1172/1000 1008/1182/1005 1014/1190/1011 
f 1005/1177/1002 800/924/799 597/680/596 
f 597/680/596 596/679/595 1005/1177/1002 
f 1011/1185/1008 515/580/514 1015/1191/1012 
f 1007/1180/1004 1008/1182/1005 1009/1183/1006 
f 1009/1183/1006 591/1181/590 1007/1180/1004 
f 1005/1177/1002 1004/1176/1001 592/675/591 
f 592/675/591 800/924/799 1005/1177/1002 
f 1016/1192/1013 1014/1190/1011 1008/1182/1005 
f 1008/1182/1005 1007/1180/1004 1016/1192/1013 
f 1009/1193/1006 800/924/799 592/675/591 
f 592/675/591 591/674/590 1009/1193/1006 
f 512/577/511 31/31/31 592/675/591 
f 592/675/591 1004/1176/1001 512/577/511 
f 525/591/524 1017/1194/1014 1018/1195/1015 
f 1018/1195/1015 526/592/525 525/591/524 
f 1019/1196/1016 1020/1197/1017 1021/1198/1018 
f 1021/1198/1018 1012/1186/1009 1019/1196/1016 
f 530/596/529 515/580/514 1010/1184/1007 
f 1015/1191/1012 515/580/514 531/1199/530 
f 1015/1191/1012 531/1199/530 532/1200/531 
f 532/1200/531 1022/1201/1019 1015/1191/1012 
f 534/600/533 530/596/529 1010/1184/1007 
f 1010/1184/1007 1023/1202/1020 534/600/533 
f 1011/1185/1008 1015/1191/1012 1022/1201/1019 
f 1022/1201/1019 1024/1203/1021 1011/1185/1008 
f 1010/1184/1007 1011/1185/1008 1024/1203/1021 
f 1024/1203/1021 1023/1202/1020 1010/1184/1007 
f 1018/1195/1015 1017/1194/1014 1020/1197/1017 
f 1020/1197/1017 1019/1196/1016 1018/1195/1015 
f 1012/1186/1009 1021/1198/1018 537/1204/536 
f 537/1204/536 517/1187/516 1012/1186/1009 
f 1023/1202/1020 1024/1203/1021 1020/1197/1017 
f 1020/1197/1017 1017/1194/1014 1023/1202/1020 
f 1024/1203/1021 1022/1201/1019 1021/1198/1018 
f 1021/1198/1018 1020/1197/1017 1024/1203/1021 
f 534/600/533 1023/1202/1020 1017/1194/1014 
f 1017/1194/1014 525/591/524 534/600/533 
f 1021/1198/1018 1022/1201/1019 532/1200/531 
f 532/1200/531 537/1204/536 1021/1198/1018 
f 1018/1195/1015 1019/1196/1016 1025/1205/1022 
f 1025/1205/1022 1026/1206/1023 1018/1195/1015 
f 526/592/525 1018/1195/1015 1026/1206/1023 
f 1026/1206/1023 540/606/539 526/592/525 
f 1019/1196/1016 1012/1186/1009 1013/1189/1010 
f 1013/1189/1010 1025/1205/1022 1019/1196/1016 
f 1027/1207/1024 1028/1208/1025 1026/1206/1023 
f 1026/1206/1023 1025/1205/1022 1027/1207/1024 
f 1014/1190/1011 1016/1192/1013 1028/1208/1025 
f 1028/1208/1025 1027/1207/1024 1014/1190/1011 
f 544/1209/543 1029/1210/1026 1013/1189/1010 
f 1013/1189/1010 516/1188/515 544/1209/543 
f 506/1179/505 1006/1178/1003 1029/1210/1026 
f 1029/1210/1026 544/1209/543 506/1179/505 
f 1028/1208/1025 545/611/544 540/606/539 
f 540/606/539 1026/1206/1023 1028/1208/1025 
f 1016/1192/1013 546/612/545 545/611/544 
f 545/611/544 1028/1208/1025 1016/1192/1013 
f 1029/1210/1026 1027/1207/1024 1025/1205/1022 
f 1025/1205/1022 1013/1189/1010 1029/1210/1026 
f 1006/1178/1003 1014/1190/1011 1027/1207/1024 
f 1027/1207/1024 1029/1210/1026 1006/1178/1003 
f 546/612/545 1016/1192/1013 1007/1180/1004 
f 1007/1180/1004 509/573/508 546/612/545 
f 1030/1211/1027 670/758/669 669/757/668 
f 669/757/668 1031/1212/1028 1030/1211/1027 
f 669/757/668 729/826/728 1032/1213/1029 
f 1032/1213/1029 1031/1212/1028 669/757/668 
f 1032/1213/1029 729/826/728 752/867/751 
f 752/867/751 1033/1214/1030 1032/1213/1029 
f 551/617/550 187/196/187 727/824/726 
f 727/824/726 1034/1215/1031 551/617/550 
f 727/824/726 667/755/666 1035/1216/1032 
f 1035/1216/1032 1036/1217/1033 727/824/726 
f 1035/1216/1032 667/755/666 1037/1218/1034 
f 1037/1218/1034 1038/1219/1035 1035/1216/1032 
f 1033/1214/1030 1034/1215/1031 727/824/726 
f 727/824/726 1036/1217/1033 1033/1214/1030 
f 198/210/198 551/617/550 1034/1215/1031 
f 1034/1215/1031 730/836/729 198/210/198 
f 1039/1220/1036 1040/1221/1037 1030/1211/1027 
f 1030/1211/1027 1041/1222/1038 1039/1220/1036 
f 1041/1222/1038 1030/1211/1027 1031/1212/1028 
f 1031/1212/1028 1042/1223/1039 1041/1222/1038 
f 1031/1212/1028 1032/1213/1029 1043/1224/1040 
f 1043/1224/1040 1042/1223/1039 1031/1212/1028 
f 1032/1213/1029 1033/1214/1030 1044/1225/1041 
f 1044/1225/1041 1043/1224/1040 1032/1213/1029 
f 1044/1225/1041 1033/1214/1030 1036/1217/1033 
f 1036/1217/1033 1045/1226/1042 1044/1225/1041 
f 1038/1219/1035 1040/1221/1037 1039/1220/1036 
f 1039/1220/1036 1046/1227/1043 1038/1219/1035 
f 1036/1217/1033 1035/1216/1032 1047/1228/1044 
f 1047/1228/1044 1045/1226/1042 1036/1217/1033 
f 1035/1216/1032 1038/1219/1035 1046/1227/1043 
f 1046/1227/1043 1047/1228/1044 1035/1216/1032 
f 730/836/729 1034/1215/1031 1033/1214/1030 
f 1033/1214/1030 752/867/751 730/836/729 
f 670/758/669 1030/1211/1027 1040/1221/1037 
f 1040/1221/1037 734/841/733 670/758/669 
f 1037/1218/1034 734/841/733 1040/1221/1037 
f 1040/1221/1037 1038/1219/1035 1037/1218/1034 
f 990/1229/987 983/1230/980 734/841/733 
f 734/841/733 1037/1218/1034 990/1229/987 
f 1037/1218/1034 643/729/642 964/1122/961 
f 964/1122/961 990/1229/987 1037/1218/1034 
f 643/729/642 666/754/665 125/125/125 
f 125/125/125 91/91/91 643/729/642 
f 666/754/665 643/729/642 1037/1218/1034 
f 1037/1218/1034 667/755/666 666/754/665 
f 983/1230/980 986/1231/983 644/730/643 
f 644/730/643 734/841/733 983/1230/980 
f 994/1232/991 965/1123/962 735/842/734 
f 735/842/734 645/731/644 994/1232/991 
f 986/1231/983 994/1232/991 645/731/644 
f 645/731/644 644/730/643 986/1231/983 
f 736/847/735 629/715/628 735/842/734 
f 735/842/734 647/733/646 736/847/735 
f 241/253/241 736/847/735 647/733/646 
f 647/733/646 96/96/96 241/253/241 
f 1048/1233/1045 1039/1220/1036 1041/1222/1038 
f 1048/1233/1045 1041/1222/1038 1042/1223/1039 
f 1048/1233/1045 1042/1223/1039 1043/1224/1040 
f 1048/1233/1045 1043/1224/1040 1044/1225/1041 
f 1048/1233/1045 1044/1225/1041 1045/1226/1042 
f 1048/1233/1045 1046/1227/1043 1039/1220/1036 
f 1048/1233/1045 1045/1226/1042 1047/1228/1044 
f 1048/1233/1045 1047/1228/1044 1046/1227/1043 
f 744/856/743 600/683/599 771/925/770 
f 771/925/770 800/924/799 744/856/743 
f 800/924/799 1009/1193/1006 745/857/744 
f 745/857/744 744/856/743 800/924/799 
f 949/1107/946 676/1106/675 672/769/671 
f 928/1083/925 941/1234/938 940/1235/937 
f 940/1235/937 932/1087/929 928/1083/925 
f 943/1236/940 933/1088/930 931/1086/928 
f 931/1086/928 942/1237/939 943/1236/940 
f 943/1236/940 944/1238/941 733/839/732 
f 733/839/732 933/1088/930 943/1236/940 
f 946/1239/943 945/1240/942 937/1093/934 
f 937/1093/934 732/838/731 946/1239/943 
f 942/1237/939 931/1086/928 932/1087/929 
f 932/1087/929 940/1235/937 942/1237/939 
f 948/1241/945 947/1242/944 663/751/662 
f 663/751/662 662/750/661 948/1241/945 
f 937/1093/934 945/1240/942 446/646/445 
f 446/646/445 434/483/433 937/1093/934 
f 447/647/446 948/1241/945 662/750/661 
f 662/750/661 119/119/119 447/647/446 
f 733/839/732 944/1238/941 946/1239/943 
f 946/1239/943 732/838/731 733/839/732 
f 947/1242/944 941/1234/938 928/1083/925 
f 928/1083/925 663/751/662 947/1242/944 
s off
f 1049/1243/1046 1050/1244/1046 1051/1245/1046 
f 1051/1245/1046 1052/1246/1046 1049/1243/1046 
f 1053/1247/1047 1054/1248/1047 1055/1249/1047 
f 1055/1249/1047 1056/1250/1047 1053/1247/1047 
f 1054/1248/1048 1053/1247/1048 1057/1251/1048 
f 1057/1251/1048 1058/1252/1048 1054/1248/1048 
f 1058/1252/1049 1057/1251/1049 1050/1244/1049 
f 1050/1244/1049 1049/1243/1049 1058/1252/1049 
f 1050/1244/1050 1057/1251/1050 1059/1253/1050 
f 1059/1253/1050 1060/1254/1050 1050/1244/1050 
f 1049/1243/1051 1052/1246/1051 1061/1255/1051 
f 1061/1255/1051 1062/1256/1051 1049/1243/1051 
f 1050/1244/1052 1060/1254/1052 1063/1257/1052 
f 1063/1257/1052 1051/1245/1052 1050/1244/1052 
f 1058/1252/1053 1064/1258/1053 1065/1259/1053 
f 1065/1259/1053 1054/1248/1053 1058/1252/1053 
f 1066/1260/1054 1067/1261/1054 1056/1250/1054 
f 1056/1250/1054 1055/1249/1054 1066/1260/1054 
f 1055/1249/1055 1054/1248/1055 1065/1259/1055 
f 1065/1259/1055 1066/1262/1055 1055/1249/1055 
f 1053/1247/1056 1068/1263/1056 1059/1253/1056 
f 1059/1253/1056 1057/1251/1056 1053/1247/1056 
f 1067/1264/1057 1068/1263/1057 1053/1247/1057 
f 1053/1247/1057 1056/1250/1057 1067/1264/1057 
f 1049/1243/1058 1062/1256/1058 1064/1258/1058 
f 1064/1258/1058 1058/1252/1058 1049/1243/1058 
f 1069/1265/1059 1052/1246/1059 1051/1245/1059 
f 1051/1245/1059 1070/1266/1059 1069/1265/1059 
f 1071/1267/1060 1072/1268/1060 1073/1269/1060 
f 1073/1269/1060 1074/1270/1060 1071/1267/1060 
f 1074/1270/1061 1075/1271/1061 1076/1272/1061 
f 1076/1272/1061 1071/1267/1061 1074/1270/1061 
f 1075/1271/1062 1069/1265/1062 1070/1266/1062 
f 1070/1266/1062 1076/1272/1062 1075/1271/1062 
f 1070/1266/1063 1077/1273/1063 1078/1274/1063 
f 1078/1274/1063 1076/1272/1063 1070/1266/1063 
f 1069/1265/1064 1079/1275/1064 1061/1255/1064 
f 1061/1255/1064 1052/1246/1064 1069/1265/1064 
f 1063/1257/1065 1077/1273/1065 1070/1266/1065 
f 1070/1266/1065 1051/1245/1065 1063/1257/1065 
f 1080/1276/1066 1081/1277/1066 1075/1271/1066 
f 1075/1271/1066 1074/1270/1066 1080/1276/1066 
f 1082/1278/1067 1073/1269/1067 1072/1268/1067 
f 1072/1268/1067 1083/1279/1067 1082/1278/1067 
f 1073/1269/1068 1082/1280/1068 1080/1276/1068 
f 1080/1276/1068 1074/1270/1068 1073/1269/1068 
f 1078/1274/1069 1084/1281/1069 1071/1267/1069 
f 1071/1267/1069 1076/1272/1069 1078/1274/1069 
f 1083/1282/1070 1072/1268/1070 1071/1267/1070 
f 1071/1267/1070 1084/1281/1070 1083/1282/1070 
f 1081/1277/1071 1079/1275/1071 1069/1265/1071 
f 1069/1265/1071 1075/1271/1071 1081/1277/1071 
# 2144 faces

