# 3ds Max Wavefront OBJ Exporter v0.99 - (c)2007 guruware
# File Created: 13.03.2026 19:51:29

mtllib carretilla.mtl

#
# object CART_8_low_001
#

v  -0.8180 -0.2289 10.0891
v  -0.8433 -0.2304 10.0610
v  -0.8316 -0.2301 10.0562
v  -0.8451 -0.2243 10.0238
v  -0.8696 -0.2122 9.9977
v  -0.8579 -0.2118 9.9930
v  -0.8047 -0.2207 10.1211
v  -0.8296 -0.2292 10.0940
v  -0.7922 -0.2060 10.1510
v  -0.8163 -0.2211 10.1260
v  -0.7811 -0.1852 10.1777
v  -0.8039 -0.2063 10.1560
v  -0.7718 -0.1592 10.2001
v  -0.7927 -0.1855 10.1827
v  -0.7646 -0.1290 10.2174
v  -0.7834 -0.1594 10.2052
v  -0.7598 -0.0956 10.2290
v  -0.7762 -0.1291 10.2226
v  -0.7576 -0.0605 10.2343
v  -0.7714 -0.0957 10.2341
v  -0.7581 -0.0249 10.2331
v  -0.7692 -0.0605 10.2395
v  -0.7612 0.0097 10.2256
v  -0.7696 -0.0249 10.2383
v  -0.7669 0.0421 10.2120
v  -0.7728 0.0098 10.2308
v  -0.7748 0.0710 10.1929
v  -0.7784 0.0423 10.2172
v  -0.7848 0.0953 10.1688
v  -0.7864 0.0712 10.1980
v  -0.7964 0.1141 10.1409
v  -0.7964 0.0956 10.1739
v  -0.8092 0.1266 10.1101
v  -0.8080 0.1144 10.1459
v  -0.8227 0.1323 10.0777
v  -0.8209 0.1269 10.1151
v  -0.8363 0.1311 10.0448
v  -0.8344 0.1327 10.0826
v  -0.8496 0.1230 10.0128
v  -0.8481 0.1315 10.0497
v  -0.8621 0.1082 9.9829
v  -0.8614 0.1233 10.0176
v  -0.8732 0.0875 9.9562
v  -0.8738 0.1085 9.9876
v  -0.8825 0.0615 9.9338
v  -0.8850 0.0877 9.9609
v  -0.8897 0.0312 9.9165
v  -0.8943 0.0617 9.9384
v  -0.8945 -0.0021 9.9049
v  -0.9015 0.0314 9.9210
v  -0.8967 -0.0373 9.8996
v  -0.9063 -0.0020 9.9095
v  -0.8962 -0.0728 9.9008
v  -0.9085 -0.0372 9.9042
v  -0.8931 -0.1075 9.9083
v  -0.9081 -0.0729 9.9053
v  -0.8875 -0.1399 9.9219
v  -0.9049 -0.1076 9.9128
v  -0.8795 -0.1688 9.9410
v  -0.8993 -0.1401 9.9264
v  -0.8695 -0.1931 9.9651
v  -0.8913 -0.1690 9.9456
v  -0.8813 -0.1934 9.9697
v  -0.7494 -0.0947 10.2208
v  -0.7426 -0.0928 10.2101
v  -0.7472 -0.0603 10.2260
v  -0.7411 -0.0895 10.1961
v  -0.7405 -0.0598 10.2151
v  -0.7459 -0.0852 10.1807
v  -0.7392 -0.0590 10.2007
v  -0.7541 -0.1274 10.2095
v  -0.7471 -0.1241 10.1993
v  -0.7452 -0.1184 10.1861
v  -0.7496 -0.1111 10.1718
v  -0.7612 -0.1570 10.1925
v  -0.7539 -0.1525 10.1830
v  -0.7515 -0.1447 10.1711
v  -0.7552 -0.1346 10.1583
v  -0.7703 -0.1825 10.1705
v  -0.7626 -0.1769 10.1620
v  -0.7596 -0.1673 10.1516
v  -0.7624 -0.1548 10.1409
v  -0.7812 -0.2028 10.1444
v  -0.7730 -0.1964 10.1369
v  -0.7692 -0.1853 10.1284
v  -0.7710 -0.1709 10.1201
v  -0.7933 -0.2173 10.1151
v  -0.7847 -0.2102 10.1089
v  -0.7800 -0.1981 10.1024
v  -0.7807 -0.1823 10.0969
v  -0.8064 -0.2252 10.0837
v  -0.7972 -0.2178 10.0788
v  -0.7916 -0.2051 10.0747
v  -0.7910 -0.1887 10.0721
v  -0.8198 -0.2264 10.0515
v  -0.8100 -0.2190 10.0480
v  -0.8034 -0.2062 10.0461
v  -0.8016 -0.1896 10.0466
v  -0.8568 -0.2247 10.0285
v  -0.7442 -0.0579 10.1848
v  -0.7396 -0.0281 10.1998
v  -0.7410 -0.0264 10.2141
v  -0.7477 -0.0254 10.2249
v  -0.7445 -0.0303 10.1840
v  -0.7423 0.0020 10.1932
v  -0.7439 0.0061 10.2070
v  -0.7508 0.0085 10.2176
v  -0.7469 -0.0034 10.1781
v  -0.7472 0.0301 10.1814
v  -0.7492 0.0365 10.1943
v  -0.7563 0.0403 10.2042
v  -0.7513 0.0218 10.1676
v  -0.7541 0.0552 10.1648
v  -0.7567 0.0636 10.1763
v  -0.7641 0.0686 10.1854
v  -0.7575 0.0442 10.1527
v  -0.7628 0.0763 10.1439
v  -0.7661 0.0865 10.1537
v  -0.7739 0.0924 10.1619
v  -0.7653 0.0631 10.1340
v  -0.7728 0.0926 10.1197
v  -0.7770 0.1041 10.1275
v  -0.7853 0.1108 10.1345
v  -0.7743 0.0777 10.1123
v  -0.7840 0.1034 10.0930
v  -0.7890 0.1158 10.0986
v  -0.7978 0.1230 10.1044
v  -0.7842 0.0874 10.0884
v  -0.7957 0.1084 10.0648
v  -0.8016 0.1212 10.0682
v  -0.8110 0.1287 10.0726
v  -0.7947 0.0918 10.0632
v  -0.8075 0.1074 10.0363
v  -0.8144 0.1200 10.0373
v  -0.8244 0.1275 10.0404
v  -0.8053 0.0909 10.0377
v  -0.8191 0.1003 10.0085
v  -0.8269 0.1124 10.0073
v  -0.8374 0.1195 10.0090
v  -0.8156 0.0846 10.0129
v  -0.8299 0.0875 9.9825
v  -0.8386 0.0986 9.9792
v  -0.8496 0.1051 9.9797
v  -0.8253 0.0731 9.9896
v  -0.8395 0.0695 9.9593
v  -0.8490 0.0791 9.9542
v  -0.8605 0.0847 9.9536
v  -0.8339 0.0570 9.9689
v  -0.8476 0.0469 9.9399
v  -0.8578 0.0547 9.9331
v  -0.8696 0.0592 9.9316
v  -0.8411 0.0368 9.9515
v  -0.8538 0.0206 9.9248
v  -0.8645 0.0263 9.9168
v  -0.8767 0.0296 9.9146
v  -0.8467 0.0133 9.9380
v  -0.8580 -0.0083 9.9148
v  -0.8690 -0.0050 9.9060
v  -0.8814 -0.0031 9.9033
v  -0.8505 -0.0126 9.9291
v  -0.8599 -0.0388 9.9102
v  -0.8711 -0.0380 9.9010
v  -0.8835 -0.0375 9.8981
v  -0.8522 -0.0399 9.9250
v  -0.8595 -0.0697 9.9112
v  -0.8706 -0.0714 9.9021
v  -0.8831 -0.0723 9.8992
v  -0.8518 -0.0675 9.9258
v  -0.8568 -0.0998 9.9177
v  -0.8677 -0.1039 9.9091
v  -0.8800 -0.1063 9.9066
v  -0.8494 -0.0944 9.9317
v  -0.8519 -0.1279 9.9295
v  -0.8624 -0.1343 9.9219
v  -0.8745 -0.1380 9.9199
v  -0.8450 -0.1196 9.9422
v  -0.8450 -0.1530 9.9462
v  -0.8549 -0.1614 9.9399
v  -0.8667 -0.1664 9.9387
v  -0.8388 -0.1420 9.9571
v  -0.8363 -0.1741 9.9670
v  -0.8456 -0.1842 9.9624
v  -0.8569 -0.1902 9.9622
v  -0.8311 -0.1609 9.9758
v  -0.8262 -0.1904 9.9913
v  -0.8347 -0.2018 9.9887
v  -0.8455 -0.2086 9.9896
v  -0.8220 -0.1754 9.9975
v  -0.8151 -0.2012 10.0180
v  -0.8227 -0.2136 10.0175
v  -0.8330 -0.2208 10.0197
v  -0.8121 -0.1851 10.0214
v  -0.8154 -0.1442 10.0345
v  -0.8224 -0.1375 10.0178
v  -0.8287 -0.1273 10.0026
v  -0.8341 -0.1141 9.9896
v  -0.8384 -0.0983 9.9791
v  -0.8415 -0.0807 9.9718
v  -0.8432 -0.0619 9.9677
v  -0.8434 -0.0426 9.9671
v  -0.8422 -0.0235 9.9700
v  -0.8396 -0.0054 9.9762
v  -0.8357 0.0111 9.9856
v  -0.8307 0.0252 9.9978
v  -0.8246 0.0365 10.0123
v  -0.8179 0.0445 10.0286
v  -0.8106 0.0489 10.0460
v  -0.8032 0.0496 10.0638
v  -0.7959 0.0465 10.0815
v  -0.7889 0.0397 10.0982
v  -0.7826 0.0295 10.1134
v  -0.7772 0.0163 10.1264
v  -0.7729 0.0006 10.1369
v  -0.7698 -0.0170 10.1443
v  -0.7681 -0.0359 10.1483
v  -0.7678 -0.0552 10.1490
v  -0.7690 -0.0743 10.1461
v  -0.7717 -0.0924 10.1398
v  -0.7756 -0.1089 10.1304
v  -0.7806 -0.1230 10.1182
v  -0.7867 -0.1343 10.1037
v  -0.7934 -0.1423 10.0874
v  -0.8007 -0.1467 10.0700
v  -0.8081 -0.1474 10.0522
v  -0.8414 -0.2289 10.0988
v  -0.8685 -0.2243 10.0335
v  -0.8281 -0.2207 10.1308
v  -0.8156 -0.2060 10.1607
v  -0.8045 -0.1852 10.1874
v  -0.7952 -0.1592 10.2098
v  -0.7880 -0.1290 10.2271
v  -0.7832 -0.0956 10.2387
v  -0.7810 -0.0605 10.2440
v  -0.7815 -0.0249 10.2429
v  -0.7846 0.0097 10.2354
v  -0.7902 0.0421 10.2218
v  -0.7982 0.0710 10.2026
v  -0.8082 0.0953 10.1786
v  -0.8198 0.1141 10.1506
v  -0.8326 0.1266 10.1198
v  -0.8461 0.1323 10.0874
v  -0.8597 0.1311 10.0546
v  -0.8730 0.1230 10.0226
v  -0.8855 0.1082 9.9926
v  -0.8966 0.0875 9.9660
v  -0.9059 0.0615 9.9435
v  -0.9131 0.0312 9.9262
v  -0.9179 -0.0021 9.9147
v  -0.9201 -0.0373 9.9094
v  -0.9196 -0.0728 9.9105
v  -0.9165 -0.1075 9.9180
v  -0.9108 -0.1399 9.9316
v  -0.9029 -0.1688 9.9508
v  -0.8929 -0.1931 9.9748
v  -0.8813 -0.2118 10.0027
v  -0.7963 -0.0947 10.2403
v  -0.7942 -0.0603 10.2455
v  -0.8087 -0.0928 10.2376
v  -0.8066 -0.0598 10.2426
v  -0.8197 -0.0895 10.2288
v  -0.8178 -0.0590 10.2334
v  -0.8272 -0.0852 10.2145
v  -0.8255 -0.0579 10.2187
v  -0.8010 -0.1274 10.2290
v  -0.8132 -0.1241 10.2268
v  -0.8239 -0.1184 10.2188
v  -0.8310 -0.1111 10.2056
v  -0.8081 -0.1570 10.2120
v  -0.8199 -0.1525 10.2105
v  -0.8301 -0.1447 10.2038
v  -0.8366 -0.1346 10.1921
v  -0.8172 -0.1825 10.1900
v  -0.8287 -0.1769 10.1895
v  -0.8382 -0.1673 10.1843
v  -0.8438 -0.1548 10.1747
v  -0.8281 -0.2028 10.1639
v  -0.8391 -0.1964 10.1644
v  -0.8478 -0.1853 10.1611
v  -0.8524 -0.1709 10.1540
v  -0.8403 -0.2173 10.1346
v  -0.8508 -0.2102 10.1363
v  -0.8586 -0.1981 10.1351
v  -0.8621 -0.1823 10.1307
v  -0.8533 -0.2252 10.1032
v  -0.8633 -0.2178 10.1063
v  -0.8702 -0.2051 10.1073
v  -0.8724 -0.1887 10.1059
v  -0.8667 -0.2264 10.0710
v  -0.8761 -0.2190 10.0755
v  -0.8820 -0.2062 10.0788
v  -0.8830 -0.1896 10.0804
v  -0.8550 -0.2301 10.0659
v  -0.8182 -0.0281 10.2324
v  -0.8259 -0.0303 10.2178
v  -0.8071 -0.0264 10.2415
v  -0.7946 -0.0254 10.2444
v  -0.8209 0.0020 10.2259
v  -0.8283 -0.0034 10.2120
v  -0.8100 0.0061 10.2345
v  -0.7977 0.0085 10.2371
v  -0.8258 0.0301 10.2141
v  -0.8327 0.0218 10.2014
v  -0.8153 0.0365 10.2217
v  -0.8032 0.0403 10.2237
v  -0.8327 0.0552 10.1975
v  -0.8389 0.0442 10.1865
v  -0.8228 0.0636 10.2037
v  -0.8110 0.0686 10.2049
v  -0.8414 0.0763 10.1766
v  -0.8466 0.0631 10.1678
v  -0.8321 0.0865 10.1812
v  -0.8208 0.0924 10.1814
v  -0.8515 0.0926 10.1524
v  -0.8557 0.0777 10.1462
v  -0.8430 0.1041 10.1550
v  -0.8322 0.1108 10.1540
v  -0.8626 0.1034 10.1256
v  -0.8656 0.0874 10.1222
v  -0.8550 0.1158 10.1261
v  -0.8447 0.1230 10.1239
v  -0.8743 0.1084 10.0975
v  -0.8761 0.0918 10.0971
v  -0.8677 0.1212 10.0956
v  -0.8579 0.1287 10.0921
v  -0.8861 0.1074 10.0690
v  -0.8867 0.0909 10.0716
v  -0.8805 0.1200 10.0648
v  -0.8713 0.1275 10.0599
v  -0.8977 0.1003 10.0412
v  -0.8970 0.0846 10.0467
v  -0.8930 0.1124 10.0348
v  -0.8843 0.1195 10.0285
v  -0.9085 0.0875 10.0152
v  -0.9067 0.0731 10.0235
v  -0.9047 0.0986 10.0067
v  -0.8965 0.1051 9.9992
v  -0.9181 0.0695 9.9920
v  -0.9153 0.0570 10.0027
v  -0.9151 0.0791 9.9816
v  -0.9074 0.0847 9.9731
v  -0.9262 0.0469 9.9725
v  -0.9225 0.0368 9.9853
v  -0.9238 0.0547 9.9606
v  -0.9165 0.0592 9.9511
v  -0.9325 0.0206 9.9575
v  -0.9281 0.0133 9.9719
v  -0.9306 0.0263 9.9443
v  -0.9236 0.0296 9.9341
v  -0.9366 -0.0083 9.9475
v  -0.9318 -0.0126 9.9629
v  -0.9351 -0.0050 9.9335
v  -0.9283 -0.0031 9.9228
v  -0.9385 -0.0388 9.9429
v  -0.9335 -0.0399 9.9588
v  -0.9372 -0.0380 9.9285
v  -0.9305 -0.0375 9.9176
v  -0.9381 -0.0697 9.9439
v  -0.9332 -0.0675 9.9597
v  -0.9367 -0.0714 9.9296
v  -0.9300 -0.0723 9.9187
v  -0.9354 -0.0998 9.9504
v  -0.9308 -0.0944 9.9655
v  -0.9338 -0.1039 9.9366
v  -0.9269 -0.1063 9.9261
v  -0.9305 -0.1279 9.9622
v  -0.9264 -0.1196 9.9760
v  -0.9285 -0.1343 9.9494
v  -0.9214 -0.1380 9.9394
v  -0.9236 -0.1530 9.9788
v  -0.9202 -0.1420 9.9909
v  -0.9210 -0.1614 9.9674
v  -0.9136 -0.1664 9.9582
v  -0.9149 -0.1741 9.9997
v  -0.9124 -0.1609 10.0096
v  -0.9116 -0.1842 9.9899
v  -0.9038 -0.1902 9.9817
v  -0.9049 -0.1904 10.0239
v  -0.9034 -0.1754 10.0313
v  -0.9007 -0.2018 10.0161
v  -0.8924 -0.2086 10.0091
v  -0.8937 -0.2012 10.0507
v  -0.8935 -0.1851 10.0552
v  -0.8887 -0.2136 10.0450
v  -0.8799 -0.2208 10.0393
v  -0.8818 -0.1442 10.0621
v  -0.8745 -0.1474 10.0798
v  -0.8888 -0.1375 10.0454
v  -0.8951 -0.1273 10.0302
v  -0.9005 -0.1141 10.0172
v  -0.9048 -0.0983 10.0067
v  -0.9079 -0.0807 9.9994
v  -0.9096 -0.0619 9.9953
v  -0.9099 -0.0426 9.9947
v  -0.9087 -0.0235 9.9976
v  -0.9060 -0.0054 10.0038
v  -0.9021 0.0111 10.0132
v  -0.8971 0.0252 10.0254
v  -0.8910 0.0365 10.0399
v  -0.8843 0.0445 10.0562
v  -0.8770 0.0489 10.0736
v  -0.8696 0.0496 10.0914
v  -0.8623 0.0465 10.1091
v  -0.8553 0.0397 10.1258
v  -0.8490 0.0295 10.1410
v  -0.8436 0.0163 10.1540
v  -0.8393 0.0006 10.1645
v  -0.8362 -0.0170 10.1719
v  -0.8345 -0.0359 10.1759
v  -0.8342 -0.0552 10.1766
v  -0.8354 -0.0743 10.1737
v  -0.8381 -0.0924 10.1674
v  -0.8420 -0.1089 10.1580
v  -0.8470 -0.1230 10.1458
v  -0.8531 -0.1343 10.1313
v  -0.8598 -0.1423 10.1150
v  -0.8671 -0.1467 10.0976
v  -0.8716 0.2663 10.1728
v  -0.9588 0.3039 10.2671
v  -0.9786 0.2666 10.2146
v  -0.9119 0.2671 9.3809
v  -0.8891 0.2975 9.3737
v  -0.8914 0.2671 9.3819
v  -0.6028 0.2663 9.9410
v  -0.8366 0.2979 9.4302
v  -0.5772 0.3027 9.9767
v  -0.7442 0.2663 10.1198
v  -0.6159 0.3039 10.1245
v  -0.7232 0.3038 10.1702
v  -0.5893 0.2664 9.9772
v  -0.5577 0.3034 10.0521
v  -0.5857 0.2666 10.0084
v  -0.9354 0.2671 9.3876
v  -0.9109 0.2975 9.3722
v  -0.8954 0.0772 9.4348
v  -0.8909 0.0661 9.4454
v  -0.8983 0.0669 9.4406
v  -0.5620 0.3031 10.0172
v  -0.9116 0.0595 9.4505
v  -0.9091 0.0552 9.4651
v  -0.9149 0.0555 9.4646
v  -0.9079 0.0675 9.4392
v  -0.9033 0.0590 9.4514
v  -1.2557 0.2671 9.5208
v  -1.1621 0.2973 9.4737
v  -1.1591 0.2669 9.4810
v  -0.9057 0.0778 9.4330
v  -0.8161 0.2952 9.4228
v  -0.5587 0.3027 9.9858
v  -1.0348 0.2973 9.4208
v  -0.9356 0.2975 9.3792
v  -0.9216 0.0598 9.4525
v  -0.9223 0.0557 9.4659
v  -0.8821 0.2590 10.1473
v  -0.9580 0.3132 10.2628
v  -0.8519 0.3131 10.2202
v  -0.9197 0.0678 9.4413
v  -0.6223 0.2594 9.9248
v  -0.8427 0.3073 9.4367
v  -0.8512 0.2619 9.4416
v  -0.7548 0.2590 10.0944
v  -0.6194 0.3132 10.1221
v  -0.6548 0.2593 10.0495
v  -0.9185 0.0782 9.4349
v  -0.9333 0.0598 9.4568
v  -0.9315 0.0558 9.4692
v  -0.8993 0.0824 9.4461
v  -0.8937 0.0729 9.4564
v  -0.8912 0.0815 9.4518
v  -0.9341 0.0679 9.4464
v  -0.9146 0.0677 9.4590
v  -0.9102 0.0639 9.4720
v  -0.9055 0.0672 9.4604
v  -0.9116 0.0744 9.4495
v  -0.9015 0.0738 9.4511
v  -1.2460 0.2620 9.5293
v  -1.1592 0.3067 9.4807
v  -1.2555 0.3067 9.5207
v  -0.9342 0.0783 9.4403
v  -0.5845 0.3121 9.9782
v  -0.8157 0.3047 9.4224
v  -0.9362 0.2620 9.4005
v  -1.0319 0.3067 9.4278
v  -1.0275 0.2620 9.4384
v  -0.7902 0.0284 9.7456
v  -0.8851 0.0230 9.7811
v  -0.7998 0.0243 9.7340
v  -1.1403 0.0782 9.5260
v  -1.2150 0.0679 9.5631
v  -1.2192 0.0783 9.5587
v  -0.5649 0.3037 10.0816
v  -0.5926 0.2666 10.0347
v  -0.5841 0.3039 10.1057
v  -0.6102 0.2667 10.0564
v  -0.6391 0.2666 10.0735
v  -0.5435 0.3032 10.0288
v  -0.5405 0.3037 10.0652
v  -0.5500 0.3040 10.0956
v  -0.5723 0.3042 10.1209
v  -0.6078 0.3042 10.1417
v  -0.5586 0.3121 9.9856
v  -0.5693 0.3125 10.0180
v  -0.5433 0.3127 10.0287
v  -0.5648 0.3128 10.0521
v  -0.5404 0.3131 10.0651
v  -0.5713 0.3130 10.0807
v  -0.5501 0.3135 10.0956
v  -0.5894 0.3132 10.1040
v  -0.5725 0.3136 10.1209
v  -0.6078 0.3136 10.1416
v  -0.7356 0.1013 9.7647
v  -0.7700 0.0472 9.7226
v  -0.7299 0.1002 9.7817
v  -0.7705 0.0458 9.7327
v  -0.7294 0.0992 9.7966
v  -0.7750 0.0447 9.7421
v  -0.7343 0.0984 9.8098
v  -0.7836 0.0439 9.7508
v  -0.7448 0.0977 9.8215
v  -0.7965 0.0435 9.7592
v  -0.7611 0.0974 9.8318
v  -0.9098 0.0830 9.4442
v  -0.9255 0.0680 9.4608
v  -0.9173 0.0643 9.4709
v  -0.9239 0.0747 9.4514
v  -0.9228 0.0833 9.4460
v  -0.9384 0.0680 9.4655
v  -0.9261 0.0646 9.4722
v  -1.1320 0.0680 9.5460
v  -1.1921 0.0647 9.5820
v  -1.1281 0.0647 9.5554
v  -0.8698 0.2976 9.3837
v  -0.8734 0.2670 9.3908
v  -0.8525 0.2977 9.4025
v  -0.8574 0.2670 9.4077
v  -0.8429 0.2670 9.4329
v  -0.9094 0.2967 9.3552
v  -0.8804 0.2961 9.3562
v  -0.8557 0.2955 9.3679
v  -0.8345 0.2951 9.3901
v  -0.9434 0.3065 9.3648
v  -0.9126 0.3067 9.3815
v  -0.9108 0.3062 9.3551
v  -0.8923 0.3067 9.3830
v  -0.8822 0.3056 9.3554
v  -0.8742 0.3069 9.3925
v  -0.8572 0.3049 9.3662
v  -0.8578 0.3071 9.4104
v  -0.8352 0.3045 9.3884
v  -0.9381 0.1281 9.4387
v  -0.9208 0.1280 9.4331
v  -0.9063 0.1277 9.4320
v  -0.8943 0.1273 9.4354
v  -0.8845 0.1266 9.4435
v  -0.8851 0.0802 9.4613
v  -0.8766 0.1257 9.4564
v  -0.9388 0.0748 9.4566
v  -0.9388 0.0834 9.4514
v  -0.8037 0.0374 9.7493
v  -0.8859 0.0326 9.7793
v  -0.8806 0.0364 9.7919
v  -1.1371 0.0835 9.5338
v  -1.2044 0.0748 9.5670
v  -1.1353 0.0748 9.5382
v  -1.0070 0.0597 9.4876
v  -1.0024 0.0557 9.4989
v  -0.8985 0.0664 9.4652
v  -0.9048 0.0633 9.4756
v  -0.8882 0.0718 9.4652
v  -0.8936 0.0653 9.4731
v  -0.9009 0.0625 9.4817
v  -0.7815 0.0418 9.7037
v  -0.7734 0.0486 9.7113
v  -0.7933 0.0373 9.6973
v  -0.8062 0.0361 9.6931
v  -0.7783 0.0404 9.7145
v  -0.7903 0.0360 9.7075
v  -0.8035 0.0350 9.7020
v  -0.7789 0.0393 9.7244
v  -0.7909 0.0350 9.7168
v  -0.8036 0.0342 9.7100
v  -0.7833 0.0384 9.7333
v  -0.7951 0.0343 9.7250
v  -0.8068 0.0336 9.7172
v  -0.7916 0.0377 9.7415
v  -0.8028 0.0338 9.7323
v  -0.8131 0.0332 9.7239
v  -0.8137 0.0336 9.7393
v  -0.8225 0.0329 9.7301
v  -1.0903 0.0435 9.8813
v  -1.0078 0.0364 9.8447
v  -1.0922 0.0374 9.8693
v  -1.0131 0.0326 9.8321
v  -1.0923 0.0336 9.8551
v  -1.0178 0.0319 9.8208
v  -1.0926 0.0329 9.8424
v  -0.8970 0.0583 9.4554
v  -0.9048 0.0547 9.4676
v  -0.8875 0.0762 9.4402
v  -0.8856 0.0650 9.4535
v  -0.8927 0.0574 9.4621
v  -0.9018 0.0541 9.4720
v  -0.8817 0.0750 9.4494
v  -0.7705 0.0322 9.7121
v  -0.7832 0.0267 9.7076
v  -0.7976 0.0250 9.7051
v  -0.7616 0.0403 9.7193
v  -0.7682 0.0311 9.7205
v  -0.7816 0.0259 9.7142
v  -0.7965 0.0245 9.7092
v  -0.7589 0.0389 9.7289
v  -0.7693 0.0301 9.7278
v  -0.7828 0.0252 9.7200
v  -0.7970 0.0242 9.7130
v  -0.7599 0.0376 9.7369
v  -0.7736 0.0293 9.7341
v  -0.7865 0.0248 9.7250
v  -0.7991 0.0239 9.7166
v  -0.7644 0.0364 9.7438
v  -0.7806 0.0287 9.7398
v  -0.7923 0.0245 9.7295
v  -0.8028 0.0237 9.7200
v  -0.7722 0.0355 9.7502
v  -0.8084 0.0235 9.7235
v  -1.1015 0.0350 9.8891
v  -1.0066 0.0272 9.8476
v  -1.0015 0.0339 9.8598
v  -1.1044 0.0284 9.8762
v  -1.0123 0.0230 9.8339
v  -1.1058 0.0243 9.8612
v  -1.0174 0.0223 9.8217
v  -1.1685 0.3065 9.4583
v  -1.2680 0.3039 9.4954
v  -1.2663 0.3065 9.4990
v  -0.9110 0.3036 9.3512
v  -0.9448 0.3039 9.3610
v  -0.8809 0.3029 9.3519
v  -0.8546 0.3022 9.3634
v  -0.8317 0.3017 9.3863
v  -0.8121 0.3019 9.4206
v  -0.5547 0.3095 9.9840
v  -0.5398 0.3103 10.0280
v  -0.5375 0.3107 10.0655
v  -0.5470 0.3111 10.0973
v  -0.5698 0.3112 10.1241
v  -0.6059 0.3112 10.1454
v  -0.9523 0.3136 10.2848
v  -0.8409 0.3110 10.2467
v  -0.8425 0.3134 10.2428
v  -0.9510 0.3112 10.2889
v  -0.8409 0.3064 10.2467
v  -1.1700 0.2994 9.4546
v  -1.2660 0.2970 9.4991
v  -1.2678 0.2994 9.4954
v  -0.9103 0.2990 9.3513
v  -0.9448 0.2994 9.3612
v  -0.9435 0.2970 9.3651
v  -0.8800 0.2983 9.3523
v  -0.8538 0.2976 9.3643
v  -0.8313 0.2971 9.3872
v  -0.8123 0.2973 9.4208
v  -0.5548 0.3050 9.9841
v  -0.5399 0.3057 10.0280
v  -0.5376 0.3062 10.0655
v  -0.5469 0.3065 10.0973
v  -0.5697 0.3067 10.1241
v  -0.6059 0.3067 10.1454
v  -0.9510 0.3067 10.2889
v  -0.8425 0.3039 10.2429
v  -1.2616 0.2975 9.5146
v  -1.1684 0.2970 9.4585
v  -1.2770 0.2671 9.5327
v  -1.2982 0.2975 9.5437
v  -1.2839 0.2975 9.5273
v  -1.0981 0.2663 10.1468
v  -1.2952 0.2979 9.6208
v  -1.2889 0.2670 9.6183
v  -0.7151 0.3039 10.1899
v  -1.0820 0.2664 10.1820
v  -1.0511 0.3034 10.2572
v  -1.0729 0.3031 10.2295
v  -1.2505 0.0772 9.5824
v  -1.2462 0.0661 9.5931
v  -1.2522 0.0762 9.5918
v  -1.0908 0.3027 10.1902
v  -1.2279 0.0595 9.5820
v  -1.2193 0.0552 9.5941
v  -1.2331 0.0590 9.5885
v  -1.2385 0.0675 9.5767
v  -1.2444 0.0669 9.5844
v  -1.0427 0.2994 9.4017
v  -1.0411 0.2970 9.4056
v  -1.2445 0.0778 9.5738
v  -1.3149 0.2952 9.6301
v  -1.2195 0.0598 9.5763
v  -1.2156 0.0555 9.5896
v  -1.2287 0.0678 9.5697
v  -1.0958 0.2594 10.1216
v  -1.2863 0.3073 9.6211
v  -1.0846 0.3121 10.1861
v  -0.7245 0.3131 10.1672
v  -1.2341 0.0782 9.5660
v  -1.2081 0.0598 9.5710
v  -1.2094 0.0557 9.5853
v  -1.2397 0.0824 9.5876
v  -1.2363 0.0729 9.5988
v  -1.2346 0.0738 9.5896
v  -1.2198 0.0677 9.5859
v  -1.2136 0.0639 9.5981
v  -1.2095 0.0643 9.5923
v  -1.2287 0.0744 9.5813
v  -1.2252 0.0672 9.5933
v  -1.0412 0.3065 9.4054
v  -1.0428 0.3039 9.4016
v  -1.3155 0.3047 9.6301
v  -1.0977 0.3121 10.2096
v  -0.9356 0.3067 9.3878
v  -0.8902 0.0223 9.7688
v  -1.0109 0.0678 9.4784
v  -1.0624 0.2666 10.2065
v  -1.0252 0.3037 10.2729
v  -1.0389 0.2666 10.2202
v  -0.9945 0.3039 10.2763
v  -1.0111 0.2667 10.2230
v  -1.0777 0.3032 10.2508
v  -1.0974 0.3027 10.2097
v  -1.0540 0.3037 10.2786
v  -1.0257 0.3040 10.2934
v  -0.9921 0.3042 10.2953
v  -0.9523 0.3042 10.2849
v  -1.0671 0.3125 10.2249
v  -1.0779 0.3127 10.2509
v  -1.0461 0.3128 10.2522
v  -1.0541 0.3131 10.2786
v  -1.0212 0.3130 10.2677
v  -1.0257 0.3135 10.2933
v  -0.9920 0.3132 10.2714
v  -0.9920 0.3136 10.2952
v  -1.1294 0.1013 9.9283
v  -1.1350 0.0472 9.8743
v  -1.1406 0.0486 9.8639
v  -1.1214 0.1002 9.9444
v  -1.1274 0.0458 9.8811
v  -1.1111 0.0992 9.9553
v  -1.1176 0.0447 9.8845
v  -1.0983 0.0984 9.9611
v  -1.1053 0.0439 9.8845
v  -1.0827 0.0977 9.9619
v  -1.2337 0.0830 9.5788
v  -1.2108 0.0680 9.5794
v  -1.2023 0.0646 9.5870
v  -1.2186 0.0747 9.5739
v  -1.2232 0.0833 9.5708
v  -1.1984 0.0680 9.5736
v  -0.8905 0.0319 9.7680
v  -1.2908 0.2671 9.5479
v  -1.3047 0.2976 9.5645
v  -1.2972 0.2670 9.5670
v  -1.3036 0.2977 9.5900
v  -1.2965 0.2670 9.5903
v  -1.2970 0.2967 9.5164
v  -1.3168 0.2961 9.5376
v  -1.3259 0.2955 9.5634
v  -1.3251 0.2951 9.5940
v  -1.2761 0.3067 9.5325
v  -1.2961 0.3062 9.5153
v  -1.2894 0.3067 9.5480
v  -1.3161 0.3056 9.5357
v  -1.2954 0.3069 9.5676
v  -1.3260 0.3049 9.5611
v  -1.2943 0.3071 9.5918
v  -1.3259 0.3045 9.5923
v  -1.2176 0.1281 9.5548
v  -1.2081 0.0834 9.5634
v  -1.2338 0.1280 9.5632
v  -1.2448 0.1277 9.5727
v  -1.2508 0.1273 9.5836
v  -1.2414 0.0815 9.5974
v  -1.2520 0.1266 9.5963
v  -1.2390 0.0802 9.6084
v  -1.0080 0.0748 9.4853
v  -1.0048 0.0680 9.4931
v  -0.9369 0.0647 9.4759
v  -1.1343 0.0597 9.5405
v  -1.2006 0.0558 9.5810
v  -1.2267 0.0664 9.6017
v  -1.2149 0.0633 9.6045
v  -1.2340 0.0718 9.6090
v  -1.2247 0.0653 9.6107
v  -1.2134 0.0625 9.6116
v  -1.1402 0.0418 9.8528
v  -1.1364 0.0373 9.8400
v  -1.1303 0.0361 9.8278
v  -1.1348 0.0404 9.8627
v  -1.1314 0.0360 9.8492
v  -1.1259 0.0350 9.8360
v  -1.1274 0.0393 9.8692
v  -1.1244 0.0350 9.8554
v  -1.1202 0.0342 9.8415
v  -1.1180 0.0384 9.8724
v  -1.1155 0.0343 9.8581
v  -1.1128 0.0336 9.8444
v  -1.1063 0.0377 9.8723
v  -1.1049 0.0338 9.8579
v  -1.1037 0.0332 9.8447
v  -1.1381 0.0678 9.5313
v  -0.8760 0.0426 9.8031
v  -1.2348 0.0583 9.5958
v  -1.2206 0.0547 9.5989
v  -1.2441 0.0650 9.6025
v  -1.2499 0.0750 9.6024
v  -1.2331 0.0574 9.6036
v  -1.2196 0.0541 9.6040
v  -1.1420 0.0322 9.8666
v  -1.1432 0.0403 9.8779
v  -1.1362 0.0267 9.8544
v  -1.1278 0.0250 9.8424
v  -1.1377 0.0311 9.8741
v  -1.1383 0.0389 9.8866
v  -1.1327 0.0259 9.8601
v  -1.1257 0.0245 9.8461
v  -1.1317 0.0301 9.8784
v  -1.1320 0.0376 9.8915
v  -1.1278 0.0252 9.8634
v  -1.1227 0.0242 9.8484
v  -1.1243 0.0293 9.8798
v  -1.1239 0.0364 9.8932
v  -1.1216 0.0248 9.8643
v  -1.1187 0.0239 9.8494
v  -1.1152 0.0287 9.8789
v  -1.1138 0.0355 9.8922
v  -1.1144 0.0245 9.8634
v  -1.1136 0.0237 9.8492
v  -1.1072 0.0235 9.8478
v  -1.1700 0.3039 9.4546
v  -0.7831 0.0350 9.7568
v  -0.8794 0.0272 9.7948
v  -0.7135 0.3110 10.1937
v  -1.2988 0.3036 9.5124
v  -1.3195 0.3029 9.5342
v  -1.3299 0.3022 9.5610
v  -1.3298 0.3017 9.5933
v  -1.3193 0.3019 9.6314
v  -1.1015 0.3095 10.2113
v  -1.0809 0.3103 10.2529
v  -1.0559 0.3107 10.2809
v  -1.0266 0.3111 10.2967
v  -0.9916 0.3112 10.2994
v  -1.0098 0.0835 9.4809
v  -1.2992 0.2990 9.5129
v  -1.3198 0.2983 9.5351
v  -1.3298 0.2976 9.5621
v  -1.3294 0.2971 9.5942
v  -1.3190 0.2973 9.6314
v  -1.1014 0.3050 10.2113
v  -1.0808 0.3057 10.2528
v  -1.0559 0.3062 10.2809
v  -1.0267 0.3065 10.2967
v  -0.9916 0.3067 10.2994
v  -0.7135 0.3064 10.1938
v  -1.0131 0.0782 9.4731
v  -1.1048 0.2970 9.4320
v  -1.0984 0.2973 9.4473
v  -0.7869 0.3038 10.1967
v  -0.7784 0.3039 10.2171
v  -1.0660 0.0557 9.5253
v  -1.0707 0.0597 9.5141
v  -1.1296 0.0557 9.5517
v  -1.0954 0.2669 9.4545
v  -1.0318 0.2669 9.4281
v  -0.9621 0.1044 9.9547
v  -0.9368 0.0336 9.8362
v  -0.8976 0.1042 9.9304
v  -0.8744 0.0339 9.8070
v  -0.8349 0.1044 9.9019
v  -1.1048 0.3065 9.4319
v  -1.0955 0.3067 9.4542
v  -0.7151 0.3134 10.1898
v  -0.7882 0.3131 10.1937
v  -0.7785 0.3134 10.2170
v  -1.0911 0.2620 9.4649
v  -1.1548 0.2620 9.4913
v  -0.8457 0.0967 9.8759
v  -0.9383 0.0423 9.8324
v  -0.9083 0.0964 9.9047
v  -1.0031 0.0426 9.8559
v  -0.9729 0.0967 9.9288
v  -1.0745 0.0678 9.5048
v  -1.0645 0.0647 9.5290
v  -1.0684 0.0680 9.5195
v  -1.0009 0.0647 9.5025
v  -1.0767 0.0782 9.4996
v  -1.0716 0.0748 9.5118
v  -1.0734 0.0835 9.5074
v  -0.9430 0.0361 9.8213
v  -0.9482 0.0322 9.8087
v  -0.9529 0.0315 9.7974
v  -0.9418 0.0269 9.8241
v  -0.9475 0.0227 9.8104
v  -0.9526 0.0219 9.7982
v  -1.1064 0.2994 9.4282
v  -0.7769 0.3110 10.2209
v  -1.1064 0.3039 9.4281
v  -0.7768 0.3064 10.2210
v  -0.8507 0.3038 10.2232
v  -0.9212 0.0615 9.4999
v  -0.9352 0.0608 9.5120
v  -0.9503 0.0605 9.5214
v  -0.9988 0.0602 9.5442
v  -1.0491 0.0601 9.5660
v  -1.1000 0.0602 9.5863
v  -1.1504 0.0605 9.6046
v  -1.1677 0.0608 9.6086
v  -1.1862 0.0615 9.6100
v  -0.9160 0.0596 9.5151
v  -0.9304 0.0583 9.5338
v  -0.9463 0.0576 9.5473
v  -0.9913 0.0570 9.5712
v  -1.0381 0.0568 9.5924
v  -1.0862 0.0570 9.6106
v  -1.1349 0.0576 9.6256
v  -1.1557 0.0583 9.6274
v  -1.1790 0.0596 9.6244
v  -0.8420 0.0388 9.6826
v  -0.8659 0.0399 9.6813
v  -0.8870 0.0405 9.6845
v  -0.9353 0.0405 9.7044
v  -0.9832 0.0405 9.7245
v  -1.0313 0.0405 9.7443
v  -1.0794 0.0405 9.7645
v  -1.0965 0.0399 9.7772
v  -1.1125 0.0388 9.7950
v  -0.8333 0.0367 9.6983
v  -0.8518 0.0372 9.7012
v  -0.8691 0.0374 9.7065
v  -0.9205 0.0371 9.7312
v  -0.9711 0.0369 9.7536
v  -1.0227 0.0371 9.7736
v  -1.0765 0.0374 9.7927
v  -1.0924 0.0372 9.8012
v  -1.1075 0.0367 9.8123
v  -0.9278 0.0533 9.4912
v  -0.9247 0.0519 9.5030
v  -0.9198 0.0503 9.5151
v  -0.8436 0.0289 9.6880
v  -0.8374 0.0274 9.6988
v  -0.8293 0.0261 9.7081
v  -0.9427 0.0528 9.5023
v  -0.9419 0.0508 9.5203
v  -0.9368 0.0488 9.5367
v  -0.8719 0.0304 9.6853
v  -0.8619 0.0285 9.6991
v  -0.8467 0.0266 9.7108
v  -0.9998 0.0524 9.5292
v  -0.9950 0.0501 9.5484
v  -0.9884 0.0479 9.5670
v  -0.9297 0.0307 9.7060
v  -0.9212 0.0284 9.7237
v  -0.9107 0.0261 9.7417
v  -1.0545 0.0523 9.5529
v  -1.0467 0.0499 9.5718
v  -1.0388 0.0476 9.5907
v  -0.9822 0.0308 9.7270
v  -0.9743 0.0284 9.7460
v  -0.9658 0.0259 9.7663
v  -1.1100 0.0524 9.5750
v  -1.0997 0.0501 9.5920
v  -1.0912 0.0479 9.6097
v  -1.0341 0.0307 9.7494
v  -1.0275 0.0284 9.7679
v  -1.0222 0.0261 9.7881
v  -1.1693 0.0528 9.5965
v  -1.1571 0.0508 9.6097
v  -1.1490 0.0488 9.6249
v  -1.0895 0.0304 9.7757
v  -1.0868 0.0285 9.7926
v  -1.0893 0.0266 9.8116
v  -1.1877 0.0533 9.5992
v  -1.1814 0.0519 9.6097
v  -1.1763 0.0503 9.6217
v  -1.1076 0.0289 9.7977
v  -1.1043 0.0274 9.8097
v  -1.1034 0.0261 9.8220
v  -0.8077 0.2663 10.1467
v  -0.7744 0.2124 10.0472
v  -0.8377 0.2122 10.0746
v  -0.8047 0.1584 9.9745
v  -0.8677 0.1582 10.0025
v  -0.9018 0.2124 10.1001
v  -0.9319 0.1584 10.0274
v  -1.0187 0.1354 9.4595
v  -1.0824 0.1354 9.4859
v  -1.0231 0.1792 9.4490
v  -1.0867 0.1792 9.4754
v  -1.0274 0.2231 9.4385
v  -1.0911 0.2231 9.4650
v  -1.1460 0.1354 9.5124
v  -1.1504 0.1792 9.5019
v  -1.1547 0.2231 9.4914
v  -1.2617 0.1332 9.6072
v  -1.2656 0.1341 9.5913
v  -1.2708 0.1778 9.6109
v  -1.2759 0.1784 9.5910
v  -1.2798 0.2224 9.6146
v  -1.2862 0.2227 9.5906
v  -1.2646 0.1348 9.5777
v  -1.2755 0.1788 9.5741
v  -1.2864 0.2229 9.5705
v  -1.2585 0.1352 9.5660
v  -1.2693 0.1792 9.5600
v  -1.2800 0.2231 9.5539
v  -1.0642 0.1053 9.9879
v  -1.0826 0.1056 9.9926
v  -1.0357 0.1591 10.0635
v  -1.0588 0.1593 10.0694
v  -1.0071 0.2128 10.1390
v  -1.0349 0.2130 10.1462
v  -1.0981 0.1062 9.9924
v  -1.0783 0.1597 10.0683
v  -1.0586 0.2132 10.1443
v  -1.1109 0.1070 9.9871
v  -1.0947 0.1602 10.0602
v  -1.0785 0.2134 10.1333
v  -1.1212 0.1080 9.9762
v  -1.1295 0.1089 9.9595
v  -1.1081 0.1608 10.0448
v  -1.1190 0.1614 10.0219
v  -1.0950 0.2136 10.1134
v  -1.1086 0.2138 10.0844
v  -1.2471 0.1355 9.5559
v  -1.2303 0.1356 9.5472
v  -1.2571 0.1794 9.5482
v  -1.2388 0.1794 9.5384
v  -1.2671 0.2232 9.5404
v  -1.2472 0.2232 9.5296
v  -0.8699 0.1332 9.4444
v  -0.8784 0.1341 9.4304
v  -0.8609 0.1778 9.4405
v  -0.8714 0.1784 9.4228
v  -0.8519 0.2224 9.4367
v  -0.8644 0.2227 9.4153
v  -0.8887 0.1348 9.4215
v  -0.8836 0.1788 9.4112
v  -0.8785 0.2229 9.4010
v  -0.9014 0.1352 9.4175
v  -0.8980 0.1792 9.4057
v  -0.8947 0.2231 9.3938
v  -0.7394 0.1053 9.8529
v  -0.7231 0.1056 9.8431
v  -0.7059 0.1591 9.9264
v  -0.6855 0.1593 9.9142
v  -0.6725 0.2128 10.0000
v  -0.6478 0.2130 9.9853
v  -0.7123 0.1062 9.8320
v  -0.6724 0.1597 9.8996
v  -0.6325 0.2132 9.9672
v  -0.7071 0.1070 9.8192
v  -0.6666 0.1602 9.8823
v  -0.6262 0.2134 9.9453
v  -0.9346 0.1356 9.4243
v  -0.9349 0.1794 9.4121
v  -0.9351 0.2232 9.3999
v  -0.7074 0.1080 9.8042
v  -0.7134 0.1089 9.7865
v  -0.6680 0.1608 9.8619
v  -0.6766 0.1614 9.8380
v  -0.6287 0.2136 9.9195
v  -0.6397 0.2138 9.8895
v  -0.9165 0.1355 9.4185
v  -0.9150 0.1794 9.4060
v  -0.9135 0.2232 9.3934
v  -0.8182 0.2590 10.1215
v  -0.9124 0.2049 10.0745
v  -0.8482 0.2048 10.0492
v  -0.9426 0.1508 10.0016
v  -0.8783 0.1506 9.9769
v  -0.7851 0.2049 10.0216
v  -0.8154 0.1508 9.9488
v  -1.1415 0.1281 9.5232
v  -1.0779 0.1281 9.4968
v  -1.1459 0.1727 9.5126
v  -1.0823 0.1727 9.4861
v  -1.1503 0.2174 9.5020
v  -1.0867 0.2174 9.4755
v  -1.0142 0.1281 9.4703
v  -1.0186 0.1727 9.4597
v  -1.0231 0.2174 9.4491
v  -1.2768 0.2619 9.6186
v  -1.2837 0.2619 9.5929
v  -1.2674 0.2165 9.6160
v  -1.2732 0.2168 9.5940
v  -1.2579 0.1711 9.6135
v  -1.2626 0.1717 9.5952
v  -1.2484 0.1257 9.6109
v  -1.2843 0.2620 9.5716
v  -1.2731 0.2171 9.5756
v  -1.2620 0.1722 9.5796
v  -1.2783 0.2620 9.5542
v  -1.2671 0.2172 9.5603
v  -1.2560 0.1725 9.5665
v  -1.2656 0.2620 9.5402
v  -1.2550 0.2173 9.5479
v  -1.2444 0.1727 9.5555
v  -1.2365 0.2174 9.5378
v  -1.2271 0.1727 9.5463
v  -0.9845 0.2593 10.1865
v  -1.0147 0.2593 10.1940
v  -1.0109 0.2053 10.1102
v  -1.0373 0.2055 10.1166
v  -1.0374 0.1514 10.0339
v  -1.0600 0.1516 10.0393
v  -1.0639 0.0974 9.9576
v  -1.0405 0.2594 10.1911
v  -1.0598 0.2057 10.1144
v  -1.0791 0.1520 10.0378
v  -1.0624 0.2594 10.1780
v  -1.0786 0.2060 10.1037
v  -1.0949 0.1526 10.0295
v  -1.0807 0.2594 10.1548
v  -1.0943 0.2063 10.0846
v  -1.1078 0.1533 10.0145
v  -1.1070 0.2067 10.0572
v  -1.1182 0.1540 9.9928
v  -0.8645 0.2619 9.4187
v  -0.8597 0.2165 9.4465
v  -0.8712 0.2168 9.4269
v  -0.8681 0.1711 9.4515
v  -0.8778 0.1717 9.4352
v  -0.8792 0.2620 9.4032
v  -0.8842 0.2171 9.4140
v  -0.8893 0.1722 9.4247
v  -0.8958 0.2620 9.3952
v  -0.8993 0.2172 9.4075
v  -0.9028 0.1725 9.4197
v  -0.9147 0.2620 9.3944
v  -0.9167 0.2173 9.4073
v  -0.9188 0.1727 9.4202
v  -0.9369 0.2174 9.4132
v  -0.9375 0.1727 9.4260
v  -0.6282 0.2593 10.0334
v  -0.6902 0.2053 9.9769
v  -0.6671 0.2055 9.9627
v  -0.7256 0.1514 9.9043
v  -0.7059 0.1516 9.8921
v  -0.6121 0.2594 10.0130
v  -0.6528 0.2057 9.9453
v  -0.6935 0.1520 9.8775
v  -0.6059 0.2594 9.9882
v  -0.6471 0.2060 9.9244
v  -0.6882 0.1526 9.8605
v  -0.6095 0.2594 9.9589
v  -0.6496 0.2063 9.8998
v  -0.6897 0.1533 9.8407
v  -0.6601 0.2067 9.8714
v  -0.6978 0.1540 9.8181
v  -0.8635 0.0468 9.4773
v  -0.8642 0.0303 9.4757
v  -0.8660 0.0264 9.4713
v  -1.2566 0.0339 9.6020
v  -0.8765 0.0504 9.4459
v  -0.8772 0.0339 9.4443
v  -1.2541 0.0543 9.6081
v  -0.8650 0.0516 9.4737
v  -0.8747 0.0543 9.4504
v  -1.2429 0.0468 9.6350
v  -1.2435 0.0303 9.6334
v  -1.2559 0.0504 9.6036
v  -1.2551 0.0291 9.6056
v  -1.2454 0.0264 9.6290
v  -0.8757 0.0291 9.4479
v  -1.2444 0.0516 9.6314
v  -0.7852 0.0181 9.7163
v  -0.7860 0.0016 9.7144
v  -0.7878 -0.0022 9.7099
v  -1.1425 0.0057 9.8259
v  -0.7982 0.0222 9.6849
v  -0.7990 0.0057 9.6831
v  -1.1399 0.0260 9.8322
v  -0.7867 0.0229 9.7127
v  -0.7964 0.0260 9.6894
v  -1.1287 0.0181 9.8590
v  -1.1295 0.0016 9.8572
v  -1.1417 0.0222 9.8277
v  -1.1410 0.0009 9.8294
v  -1.1313 -0.0022 9.8527
v  -0.7975 0.0009 9.6866
v  -1.1302 0.0229 9.8555
v  -0.7295 -0.0234 10.0606
v  -0.7799 -0.0127 10.0823
v  -0.7811 -0.0234 10.0821
v  -0.7873 -0.0143 10.0853
v  -0.7858 -0.0241 10.0839
v  -0.8027 -0.0198 10.0303
v  -0.7937 -0.0188 10.0876
v  -0.7890 -0.0261 10.0851
v  -0.8073 -0.0205 10.0322
v  -0.7981 -0.0256 10.0890
v  -0.7909 -0.0295 10.0857
v  -0.7998 -0.0336 10.0891
v  -0.7916 -0.0345 10.0856
v  -0.8105 -0.0225 10.0334
v  -0.8000 -0.0442 10.0885
v  -0.7919 -0.0442 10.0851
v  -0.8124 -0.0259 10.0339
v  -0.8020 -0.0595 10.0837
v  -0.7938 -0.0595 10.0803
v  -0.8062 -0.0682 10.0736
v  -0.7981 -0.0682 10.0702
v  -0.8115 -0.0704 10.0609
v  -0.8033 -0.0704 10.0575
v  -0.8196 -0.0220 10.0372
v  -0.8152 -0.0152 10.0358
v  -0.8089 -0.0107 10.0335
v  -0.8014 -0.0091 10.0305
v  -0.7242 -0.0127 10.0591
v  -0.7394 -0.0198 10.0040
v  -0.7341 -0.0091 10.0025
v  -0.8213 -0.0300 10.0373
v  -0.8131 -0.0309 10.0339
v  -0.8215 -0.0406 10.0367
v  -0.8134 -0.0406 10.0333
v  -0.8203 -0.0564 10.0396
v  -0.8122 -0.0564 10.0362
v  -0.8166 -0.0664 10.0486
v  -0.8084 -0.0664 10.0452
v  -0.9239 -0.0234 10.1414
v  -0.8730 -0.0127 10.1210
v  -0.9287 -0.0127 10.1441
v  -0.8723 -0.0234 10.1199
v  -0.8656 -0.0143 10.1178
v  -0.8938 -0.0198 10.0682
v  -0.9571 -0.0198 10.0945
v  -0.8677 -0.0241 10.1180
v  -0.8595 -0.0188 10.1149
v  -0.8892 -0.0205 10.0662
v  -0.8646 -0.0261 10.1166
v  -0.8861 -0.0225 10.0648
v  -0.8555 -0.0256 10.1128
v  -0.8628 -0.0295 10.1156
v  -0.8542 -0.0336 10.1117
v  -0.8843 -0.0259 10.0638
v  -0.8624 -0.0345 10.1150
v  -0.8544 -0.0442 10.1111
v  -0.8839 -0.0309 10.0633
v  -0.8626 -0.0442 10.1145
v  -0.8564 -0.0595 10.1063
v  -0.8646 -0.0595 10.1097
v  -0.8606 -0.0682 10.0962
v  -0.8688 -0.0682 10.0996
v  -0.8659 -0.0704 10.0835
v  -0.8770 -0.0220 10.0610
v  -0.8757 -0.0300 10.0599
v  -0.8810 -0.0152 10.0632
v  -0.8872 -0.0107 10.0660
v  -0.8945 -0.0091 10.0692
v  -0.9619 -0.0091 10.0972
v  -0.8760 -0.0406 10.0593
v  -0.8841 -0.0406 10.0627
v  -0.8747 -0.0564 10.0622
v  -0.8829 -0.0564 10.0656
v  -0.8710 -0.0664 10.0713
v  -0.8791 -0.0664 10.0746
v  -0.8740 -0.0704 10.0869
v  -0.7065 0.0354 10.0883
v  -0.7101 0.0411 10.0697
v  -0.7089 0.0529 10.0769
v  -0.7131 -0.0003 10.0982
v  -0.7045 -0.0002 10.0966
v  -0.7176 0.0528 10.0785
v  -0.6999 0.0469 10.1243
v  -0.6892 -0.0103 10.1763
v  -0.7035 0.0309 10.1510
v  -0.6979 -0.0104 10.1779
v  -0.7146 0.0356 10.0929
v  -0.7150 0.0353 10.0905
v  -0.6991 -0.0222 10.1707
v  -0.6891 -0.0212 10.1760
v  -0.6978 -0.0214 10.1776
v  -0.6887 -0.0169 10.1786
v  -0.6973 -0.0171 10.1802
v  -0.7067 0.0439 10.1352
v  -0.6981 0.0440 10.1336
v  -0.7049 0.0381 10.1444
v  -0.6963 0.0382 10.1428
v  -0.6949 0.0310 10.1494
v  -0.6995 -0.0160 10.1216
v  -0.7099 -0.0133 10.1140
v  -0.7013 -0.0132 10.1124
v  -0.7117 -0.0075 10.1048
v  -0.7031 -0.0074 10.1032
v  -0.7102 0.0521 10.0700
v  -0.7189 0.0519 10.0716
v  -0.7107 0.0478 10.0674
v  -0.7193 0.0476 10.0690
v  -0.7188 0.0410 10.0713
v  -0.6904 -0.0221 10.1691
v  -0.7023 0.0108 10.1088
v  -0.7012 0.0102 10.1143
v  -0.7099 0.0101 10.1159
v  -0.7094 0.0104 10.1183
v  -0.7093 0.0119 10.1192
v  -0.7008 0.0105 10.1167
v  -0.7095 0.0142 10.1184
v  -0.7007 0.0120 10.1175
v  -0.7108 0.0232 10.1121
v  -0.7022 0.0230 10.1103
v  -0.7122 0.0322 10.1052
v  -0.7032 0.0299 10.1054
v  -0.7117 0.0297 10.1076
v  -0.7135 0.0350 10.0986
v  -0.7044 0.0342 10.0997
v  -0.7129 0.0341 10.1019
v  -0.7037 0.0323 10.1030
v  -0.7118 0.0124 10.1057
v  -0.7032 0.0125 10.1041
v  -0.7122 0.0135 10.1039
v  -0.7041 0.0160 10.0998
v  -0.7127 0.0160 10.1015
v  -0.7061 0.0357 10.0907
v  -0.7109 0.0107 10.1104
v  -0.7029 0.0117 10.1055
v  -0.7116 0.0116 10.1071
v  -0.7150 0.0316 10.0905
v  -0.7067 0.0339 10.0875
v  -0.7152 0.0338 10.0896
v  -0.7065 0.0317 10.0884
v  -0.7050 0.0351 10.0964
v  -0.9191 0.0357 10.1792
v  -0.9269 0.0529 10.1674
v  -0.9205 0.0354 10.1772
v  -0.9089 -0.0003 10.1796
v  -0.9312 0.0411 10.1616
v  -0.9239 0.0410 10.1566
v  -0.9197 0.0528 10.1625
v  -0.8997 0.0469 10.2073
v  -0.8924 0.0467 10.2024
v  -0.8703 -0.0103 10.2515
v  -0.8781 0.0309 10.2236
v  -0.8854 0.0310 10.2286
v  -0.9129 0.0353 10.1727
v  -0.8673 -0.0222 10.2407
v  -0.8706 -0.0212 10.2514
v  -0.8746 -0.0221 10.2456
v  -0.8634 -0.0214 10.2464
v  -0.8691 -0.0169 10.2535
v  -0.8618 -0.0171 10.2486
v  -0.8871 0.0439 10.2102
v  -0.8944 0.0440 10.2151
v  -0.8819 0.0381 10.2179
v  -0.8891 0.0382 10.2229
v  -0.9018 -0.0160 10.2058
v  -0.8999 -0.0133 10.1930
v  -0.8946 -0.0162 10.2008
v  -0.9071 -0.0132 10.1979
v  -0.9051 -0.0075 10.1852
v  -0.9124 -0.0074 10.1902
v  -0.9309 0.0521 10.1617
v  -0.9236 0.0519 10.1567
v  -0.9324 0.0478 10.1595
v  -0.9252 0.0476 10.1546
v  -0.9044 0.0105 10.2013
v  -0.9039 0.0120 10.2020
v  -0.8972 0.0104 10.1964
v  -0.8966 0.0119 10.1971
v  -0.9058 0.0102 10.1993
v  -0.8971 0.0142 10.1963
v  -0.9044 0.0143 10.2012
v  -0.9080 0.0230 10.1958
v  -0.9045 0.0322 10.1851
v  -0.9107 0.0299 10.1917
v  -0.9121 0.0323 10.1896
v  -0.9083 0.0350 10.1796
v  -0.9140 0.0342 10.1868
v  -0.9158 0.0351 10.1840
v  -0.9064 0.0341 10.1823
v  -0.9117 0.0125 10.1907
v  -0.9108 0.0117 10.1919
v  -0.9044 0.0124 10.1858
v  -0.9055 0.0135 10.1842
v  -0.9141 0.0160 10.1871
v  -0.9127 0.0136 10.1891
v  -0.8986 0.0101 10.1943
v  -0.9090 0.0108 10.1947
v  -0.9017 0.0107 10.1897
v  -0.9129 0.0316 10.1728
v  -0.9210 0.0339 10.1766
v  -0.9205 0.0317 10.1774
v  -0.9068 0.0160 10.1822
v  -0.9134 0.0338 10.1720
v  -0.9116 0.0356 10.1747
v  -0.7036 0.0136 10.1022
v  -0.7085 0.0467 10.1259
v  -0.7081 -0.0162 10.1233
v  -0.7009 0.0143 10.1166
v  -0.9161 -0.0002 10.1845
v  -0.8631 -0.0104 10.2466
v  -0.9006 0.0232 10.1910
v  -0.9032 0.0297 10.1871
v  -0.9036 0.0116 10.1870
v  -0.7325 -0.0583 10.3276
v  -0.6940 -0.0496 10.3041
v  -0.7316 -0.0508 10.3299
v  -0.7348 -0.0635 10.3221
v  -0.6955 -0.0571 10.3021
v  -0.7378 -0.0651 10.3149
v  -0.6997 -0.0624 10.2979
v  -0.7407 -0.0625 10.3079
v  -0.7053 -0.0640 10.2925
v  -0.7427 -0.0565 10.3031
v  -0.7109 -0.0616 10.2875
v  -0.7433 -0.0488 10.3017
v  -0.7150 -0.0557 10.2841
v  -0.7423 -0.0412 10.3040
v  -0.7165 -0.0479 10.2833
v  -0.7400 -0.0360 10.3095
v  -0.7149 -0.0404 10.2853
v  -0.7371 -0.0345 10.3167
v  -0.7108 -0.0351 10.2895
v  -0.7342 -0.0370 10.3237
v  -0.7052 -0.0335 10.2948
v  -0.7322 -0.0430 10.3285
v  -0.6996 -0.0359 10.2999
v  -0.6955 -0.0418 10.3033
v  -0.6706 -0.0460 10.2637
v  -0.6725 -0.0536 10.2624
v  -0.6778 -0.0591 10.2603
v  -0.6852 -0.0610 10.2580
v  -0.6925 -0.0588 10.2561
v  -0.6980 -0.0531 10.2551
v  -0.7000 -0.0455 10.2553
v  -0.6981 -0.0379 10.2566
v  -0.6928 -0.0324 10.2587
v  -0.6854 -0.0305 10.2610
v  -0.6781 -0.0327 10.2629
v  -0.6726 -0.0384 10.2639
v  -0.6686 -0.0404 10.2145
v  -0.6705 -0.0481 10.2137
v  -0.6761 -0.0538 10.2135
v  -0.6837 -0.0560 10.2139
v  -0.6913 -0.0541 10.2148
v  -0.6970 -0.0487 10.2159
v  -0.6991 -0.0411 10.2170
v  -0.6971 -0.0334 10.2177
v  -0.6916 -0.0278 10.2179
v  -0.6840 -0.0256 10.2176
v  -0.6764 -0.0274 10.2167
v  -0.6707 -0.0329 10.2156
v  -0.7597 0.0151 9.7714
v  -0.7616 0.0074 9.7711
v  -0.7670 0.0016 9.7717
v  -0.7745 -0.0007 9.7730
v  -0.7821 0.0011 9.7747
v  -0.7876 0.0065 9.7764
v  -0.7898 0.0141 9.7774
v  -0.7879 0.0218 9.7777
v  -0.7825 0.0276 9.7771
v  -0.7750 0.0299 9.7758
v  -0.7675 0.0281 9.7741
v  -0.7619 0.0227 9.7725
v  -0.7649 0.0163 9.7459
v  -0.7666 0.0085 9.7466
v  -0.7719 0.0028 9.7478
v  -0.7793 0.0005 9.7494
v  -0.7869 0.0023 9.7509
v  -0.7926 0.0077 9.7518
v  -0.7950 0.0153 9.7520
v  -0.7932 0.0230 9.7514
v  -0.7880 0.0288 9.7501
v  -0.7805 0.0311 9.7485
v  -0.7730 0.0293 9.7470
v  -0.7672 0.0239 9.7461
v  -0.7696 0.0134 9.7227
v  -0.7710 0.0059 9.7247
v  -0.7761 0.0002 9.7270
v  -0.7834 -0.0020 9.7290
v  -0.7911 -0.0003 9.7301
v  -0.7970 0.0050 9.7301
v  -0.7996 0.0124 9.7289
v  -0.7981 0.0200 9.7270
v  -0.7931 0.0256 9.7247
v  -0.7857 0.0279 9.7227
v  -0.7780 0.0261 9.7216
v  -0.7721 0.0208 9.7216
v  -0.7735 0.0069 9.7029
v  -0.7746 -0.0001 9.7064
v  -0.7795 -0.0054 9.7099
v  -0.7867 -0.0075 9.7123
v  -0.7944 -0.0058 9.7130
v  -0.8006 -0.0009 9.7119
v  -0.8035 0.0059 9.7092
v  -0.8023 0.0130 9.7057
v  -0.7975 0.0182 9.7022
v  -0.7902 0.0203 9.6998
v  -0.7825 0.0187 9.6990
v  -0.7764 0.0138 9.7002
v  -0.7766 -0.0031 9.6873
v  -0.7773 -0.0088 9.6927
v  -0.7819 -0.0131 9.6976
v  -0.7890 -0.0148 9.7006
v  -0.7968 -0.0135 9.7009
v  -0.8032 -0.0094 9.6985
v  -0.8065 -0.0038 9.6940
v  -0.8057 0.0020 9.6886
v  -0.8012 0.0063 9.6837
v  -0.7940 0.0080 9.6807
v  -0.7862 0.0066 9.6804
v  -0.7798 0.0026 9.6828
v  -0.7786 -0.0160 9.6772
v  -0.7791 -0.0202 9.6840
v  -0.7835 -0.0233 9.6898
v  -0.7905 -0.0245 9.6933
v  -0.7984 -0.0235 9.6933
v  -0.8050 -0.0205 9.6900
v  -0.8085 -0.0165 9.6841
v  -0.8080 -0.0123 9.6774
v  -0.8037 -0.0092 9.6715
v  -0.7966 -0.0080 9.6681
v  -0.7887 -0.0090 9.6681
v  -0.7822 -0.0120 9.6714
v  -0.7943 -0.1663 9.6041
v  -0.7948 -0.1705 9.6109
v  -0.7991 -0.1735 9.6168
v  -0.8062 -0.1745 9.6203
v  -0.8140 -0.1733 9.6205
v  -0.8205 -0.1702 9.6173
v  -0.8240 -0.1660 9.6115
v  -0.8236 -0.1619 9.6048
v  -0.8192 -0.1589 9.5988
v  -0.8122 -0.1579 9.5953
v  -0.8044 -0.1590 9.5951
v  -0.7978 -0.1621 9.5984
v  -0.8020 -0.1989 9.5783
v  -0.8030 -0.2049 9.5834
v  -0.8077 -0.2091 9.5883
v  -0.8147 -0.2103 9.5917
v  -0.8223 -0.2082 9.5927
v  -0.8284 -0.2034 9.5909
v  -0.8314 -0.1972 9.5870
v  -0.8304 -0.1912 9.5818
v  -0.8257 -0.1871 9.5769
v  -0.8186 -0.1859 9.5735
v  -0.8111 -0.1879 9.5726
v  -0.8050 -0.1927 9.5743
v  -0.8146 -0.2147 9.5448
v  -0.8166 -0.2219 9.5472
v  -0.8219 -0.2269 9.5504
v  -0.8291 -0.2282 9.5535
v  -0.8362 -0.2255 9.5557
v  -0.8414 -0.2196 9.5564
v  -0.8432 -0.2119 9.5555
v  -0.8412 -0.2046 9.5530
v  -0.8359 -0.1997 9.5499
v  -0.8288 -0.1983 9.5467
v  -0.8216 -0.2010 9.5445
v  -0.8165 -0.2070 9.5438
v  -0.8291 -0.2145 9.5095
v  -0.8323 -0.2217 9.5092
v  -0.8383 -0.2267 9.5106
v  -0.8456 -0.2280 9.5134
v  -0.8522 -0.2253 9.5168
v  -0.8564 -0.2194 9.5199
v  -0.8571 -0.2117 9.5219
v  -0.8540 -0.2044 9.5222
v  -0.8479 -0.1995 9.5208
v  -0.8406 -0.1981 9.5180
v  -0.8340 -0.2008 9.5146
v  -0.8298 -0.2068 9.5115
v  -0.8427 -0.1998 9.4779
v  -0.8469 -0.2058 9.4750
v  -0.8537 -0.2099 9.4747
v  -0.8612 -0.2111 9.4770
v  -0.8674 -0.2089 9.4814
v  -0.8707 -0.2039 9.4867
v  -0.8701 -0.1976 9.4915
v  -0.8659 -0.1916 9.4944
v  -0.8591 -0.1874 9.4948
v  -0.8516 -0.1863 9.4924
v  -0.8454 -0.1885 9.4880
v  -0.8422 -0.1934 9.4827
v  -0.8525 -0.1719 9.4555
v  -0.8576 -0.1753 9.4504
v  -0.8650 -0.1776 9.4487
v  -0.8727 -0.1782 9.4506
v  -0.8786 -0.1770 9.4558
v  -0.8811 -0.1742 9.4628
v  -0.8796 -0.1707 9.4697
v  -0.8745 -0.1674 9.4748
v  -0.8671 -0.1651 9.4765
v  -0.8594 -0.1644 9.4746
v  -0.8535 -0.1657 9.4694
v  -0.8510 -0.1684 9.4624
v  -0.8557 -0.1325 9.4475
v  -0.8612 -0.1331 9.4418
v  -0.8687 -0.1336 9.4395
v  -0.8765 -0.1336 9.4413
v  -0.8823 -0.1333 9.4467
v  -0.8846 -0.1327 9.4543
v  -0.8827 -0.1320 9.4620
v  -0.8773 -0.1313 9.4677
v  -0.8697 -0.1309 9.4700
v  -0.8620 -0.1309 9.4682
v  -0.8562 -0.1312 9.4628
v  -0.8539 -0.1318 9.4552
v  -0.8523 0.0244 9.4513
v  -0.8577 0.0241 9.4455
v  -0.8653 0.0242 9.4432
v  -0.8730 0.0245 9.4450
v  -0.8788 0.0251 9.4504
v  -0.8811 0.0257 9.4580
v  -0.8793 0.0263 9.4657
v  -0.8739 0.0266 9.4715
v  -0.8663 0.0265 9.4738
v  -0.8586 0.0262 9.4720
v  -0.8528 0.0256 9.4666
v  -0.8505 0.0250 9.4590
v  -0.8515 0.0497 9.4468
v  -0.8569 0.0479 9.4414
v  -0.8646 0.0474 9.4392
v  -0.8723 0.0481 9.4409
v  -0.8780 0.0501 9.4460
v  -0.8803 0.0526 9.4532
v  -0.8784 0.0550 9.4605
v  -0.8729 0.0568 9.4659
v  -0.8653 0.0573 9.4681
v  -0.8576 0.0565 9.4664
v  -0.8519 0.0546 9.4613
v  -0.8496 0.0521 9.4541
v  -0.8509 0.0766 9.4326
v  -0.8564 0.0734 9.4279
v  -0.8640 0.0721 9.4261
v  -0.8717 0.0731 9.4276
v  -0.8775 0.0762 9.4322
v  -0.8797 0.0804 9.4385
v  -0.8778 0.0847 9.4449
v  -0.8723 0.0879 9.4497
v  -0.8647 0.0892 9.4515
v  -0.8570 0.0882 9.4499
v  -0.8513 0.0851 9.4454
v  -0.8490 0.0809 9.4390
v  -0.8518 0.1041 9.4095
v  -0.8572 0.0998 9.4056
v  -0.8648 0.0979 9.4043
v  -0.8725 0.0989 9.4059
v  -0.8783 0.1025 9.4100
v  -0.8805 0.1078 9.4155
v  -0.8787 0.1133 9.4208
v  -0.8733 0.1176 9.4247
v  -0.8657 0.1195 9.4260
v  -0.8580 0.1185 9.4244
v  -0.8522 0.1149 9.4203
v  -0.8499 0.1096 9.4149
v  -0.8553 0.1302 9.3786
v  -0.8607 0.1252 9.3755
v  -0.8682 0.1229 9.3746
v  -0.8759 0.1238 9.3764
v  -0.8817 0.1277 9.3802
v  -0.8840 0.1335 9.3850
v  -0.8823 0.1397 9.3896
v  -0.8769 0.1446 9.3928
v  -0.8694 0.1470 9.3936
v  -0.8617 0.1461 9.3919
v  -0.8559 0.1422 9.3881
v  -0.8536 0.1364 9.3832
v  -0.8895 0.2901 9.1570
v  -0.8947 0.2848 9.1543
v  -0.9022 0.2821 9.1540
v  -0.9098 0.2828 9.1560
v  -0.9156 0.2866 9.1598
v  -0.9180 0.2926 9.1644
v  -0.9163 0.2991 9.1686
v  -0.9110 0.3044 9.1713
v  -0.9036 0.3071 9.1716
v  -0.8959 0.3064 9.1696
v  -0.8902 0.3026 9.1658
v  -0.8878 0.2966 9.1612
v  -0.8938 0.3020 9.1391
v  -0.8989 0.2961 9.1373
v  -0.9062 0.2930 9.1378
v  -0.9137 0.2933 9.1403
v  -0.9194 0.2971 9.1442
v  -0.9219 0.3033 9.1485
v  -0.9204 0.3103 9.1520
v  -0.9153 0.3161 9.1538
v  -0.9081 0.3193 9.1533
v  -0.9006 0.3190 9.1508
v  -0.8948 0.3152 9.1469
v  -0.8924 0.3090 9.1426
v  -0.9009 0.3109 9.1201
v  -0.9055 0.3045 9.1196
v  -0.9124 0.3008 9.1210
v  -0.9198 0.3010 9.1239
v  -0.9256 0.3049 9.1276
v  -0.9284 0.3115 9.1311
v  -0.9273 0.3190 9.1334
v  -0.9227 0.3254 9.1339
v  -0.9158 0.3291 9.1325
v  -0.9084 0.3289 9.1296
v  -0.9026 0.3250 9.1259
v  -0.8998 0.3184 9.1224
v  -0.9089 0.3160 9.1004
v  -0.9132 0.3093 9.1008
v  -0.9199 0.3055 9.1027
v  -0.9272 0.3057 9.1057
v  -0.9333 0.3097 9.1090
v  -0.9363 0.3165 9.1116
v  -0.9357 0.3243 9.1129
v  -0.9314 0.3310 9.1126
v  -0.9247 0.3347 9.1106
v  -0.9174 0.3346 9.1076
v  -0.9113 0.3306 9.1043
v  -0.9083 0.3238 9.1017
v  -0.9487 0.3291 9.0808
v  -0.9461 0.3378 9.0814
v  -0.9511 0.3299 9.0819
v  -0.9444 0.3358 9.0804
v  -0.9382 0.3423 9.0790
v  -0.9219 0.3208 9.0684
v  -0.9244 0.3121 9.0678
v  -0.9194 0.3200 9.0672
v  -0.9377 0.3396 9.0784
v  -0.9296 0.3421 9.0754
v  -0.9261 0.3141 9.0688
v  -0.9323 0.3076 9.0702
v  -0.9304 0.3394 9.0754
v  -0.9224 0.3374 9.0716
v  -0.9328 0.3103 9.0708
v  -0.9410 0.3077 9.0738
v  -0.9213 0.3286 9.0696
v  -0.9244 0.3354 9.0721
v  -0.9493 0.3213 9.0796
v  -0.9462 0.3145 9.0770
v  -0.9402 0.3104 9.0738
v  -0.9187 0.3293 9.0686
v  -0.9482 0.3125 9.0775
v  -0.9519 0.3206 9.0805
v  -0.9963 0.3349 8.9804
v  -0.9896 0.3557 8.9808
v  -0.9565 0.3453 8.9658
v  -0.9259 0.3108 9.0574
v  -0.9354 0.3054 9.0603
v  -0.9458 0.3056 9.0646
v  -0.9545 0.3114 9.0691
v  -0.9589 0.3211 9.0726
v  -0.9581 0.3323 9.0742
v  -0.9521 0.3418 9.0734
v  -0.9426 0.3472 9.0705
v  -0.9322 0.3470 9.0662
v  -0.9236 0.3413 9.0617
v  -0.9191 0.3315 9.0582
v  -0.9572 0.3341 8.9645
v  -0.9199 0.3204 9.0566
v  -0.9631 0.3246 8.9655
v  -0.9726 0.3191 8.9685
v  -0.9830 0.3193 8.9727
v  -0.9917 0.3251 8.9771
v  -0.9955 0.3461 8.9818
v  -0.9802 0.3611 8.9778
v  -0.9697 0.3609 8.9735
v  -0.9610 0.3551 8.9691
v  -0.7764 -0.0496 10.3383
v  -0.7767 -0.0571 10.3358
v  -0.7768 -0.0624 10.3299
v  -0.7766 -0.0640 10.3222
v  -0.7762 -0.0616 10.3146
v  -0.7757 -0.0557 10.3094
v  -0.7753 -0.0479 10.3077
v  -0.7750 -0.0404 10.3102
v  -0.7749 -0.0351 10.3161
v  -0.7751 -0.0335 10.3239
v  -0.7754 -0.0359 10.3314
v  -0.7759 -0.0418 10.3367
v  -0.8215 -0.0460 10.3265
v  -0.8211 -0.0536 10.3242
v  -0.8188 -0.0591 10.3189
v  -0.8153 -0.0610 10.3121
v  -0.8114 -0.0588 10.3055
v  -0.8083 -0.0531 10.3009
v  -0.8067 -0.0455 10.2996
v  -0.8071 -0.0379 10.3019
v  -0.8094 -0.0324 10.3072
v  -0.8129 -0.0305 10.3140
v  -0.8168 -0.0327 10.3206
v  -0.8199 -0.0384 10.3251
v  -0.8578 -0.0404 10.2931
v  -0.8570 -0.0481 10.2912
v  -0.8532 -0.0538 10.2872
v  -0.8476 -0.0560 10.2820
v  -0.8416 -0.0541 10.2772
v  -0.8368 -0.0487 10.2740
v  -0.8345 -0.0411 10.2733
v  -0.8354 -0.0334 10.2752
v  -0.8391 -0.0278 10.2792
v  -0.8448 -0.0256 10.2844
v  -0.8508 -0.0274 10.2892
v  -0.8556 -0.0329 10.2924
v  -1.1076 0.0151 9.9160
v  -1.1065 0.0074 9.9144
v  -1.1022 0.0016 9.9110
v  -1.0960 -0.0007 9.9067
v  -1.0895 0.0011 9.9025
v  -1.0844 0.0065 9.8997
v  -1.0821 0.0141 9.8989
v  -1.0833 0.0218 9.9005
v  -1.0875 0.0276 9.9039
v  -1.0937 0.0299 9.9082
v  -1.1003 0.0281 9.9124
v  -1.1053 0.0227 9.9152
v  -1.1220 0.0163 9.8943
v  -1.1203 0.0085 9.8936
v  -1.1157 0.0028 9.8907
v  -1.1093 0.0005 9.8866
v  -1.1030 0.0023 9.8823
v  -1.0983 0.0077 9.8789
v  -1.0965 0.0153 9.8773
v  -1.0981 0.0230 9.8781
v  -1.1028 0.0288 9.8809
v  -1.1091 0.0311 9.8851
v  -1.1155 0.0293 9.8894
v  -1.1202 0.0239 9.8928
v  -1.1352 0.0134 9.8747
v  -1.1327 0.0059 9.8751
v  -1.1276 0.0002 9.8731
v  -1.1210 -0.0020 9.8693
v  -1.1148 -0.0003 9.8646
v  -1.1106 0.0050 9.8604
v  -1.1096 0.0124 9.8578
v  -1.1120 0.0200 9.8574
v  -1.1172 0.0256 9.8594
v  -1.1238 0.0279 9.8632
v  -1.1300 0.0261 9.8679
v  -1.1341 0.0208 9.8721
v  -1.1465 0.0069 9.8579
v  -1.1432 -0.0001 9.8596
v  -1.1373 -0.0054 9.8586
v  -1.1305 -0.0075 9.8552
v  -1.1245 -0.0058 9.8502
v  -1.1209 -0.0009 9.8451
v  -1.1208 0.0059 9.8411
v  -1.1241 0.0130 9.8394
v  -1.1300 0.0182 9.8404
v  -1.1368 0.0203 9.8439
v  -1.1428 0.0187 9.8488
v  -1.1463 0.0138 9.8539
v  -1.1553 -0.0031 9.8447
v  -1.1510 -0.0088 9.8480
v  -1.1443 -0.0131 9.8482
v  -1.1371 -0.0148 9.8453
v  -1.1314 -0.0135 9.8400
v  -1.1286 -0.0094 9.8337
v  -1.1295 -0.0038 9.8282
v  -1.1339 0.0020 9.8250
v  -1.1405 0.0063 9.8248
v  -1.1477 0.0080 9.8277
v  -1.1534 0.0066 9.8330
v  -1.1562 0.0026 9.8392
v  -1.1610 -0.0160 9.8362
v  -1.1559 -0.0202 9.8406
v  -1.1487 -0.0233 9.8416
v  -1.1413 -0.0245 9.8390
v  -1.1357 -0.0235 9.8335
v  -1.1334 -0.0205 9.8265
v  -1.1351 -0.0165 9.8199
v  -1.1402 -0.0123 9.8155
v  -1.1474 -0.0092 9.8144
v  -1.1548 -0.0080 9.8170
v  -1.1604 -0.0090 9.8225
v  -1.1627 -0.0120 9.8296
v  -1.2018 -0.1663 9.7735
v  -1.1967 -0.1705 9.7779
v  -1.1894 -0.1735 9.7790
v  -1.1819 -0.1745 9.7765
v  -1.1763 -0.1733 9.7711
v  -1.1740 -0.1702 9.7642
v  -1.1756 -0.1660 9.7576
v  -1.1807 -0.1619 9.7532
v  -1.1880 -0.1589 9.7521
v  -1.1954 -0.1579 9.7546
v  -1.2011 -0.1590 9.7600
v  -1.2034 -0.1621 9.7670
v  -1.2147 -0.1989 9.7498
v  -1.2103 -0.2049 9.7527
v  -1.2036 -0.2091 9.7529
v  -1.1962 -0.2103 9.7502
v  -1.1901 -0.2082 9.7455
v  -1.1871 -0.2034 9.7400
v  -1.1878 -0.1972 9.7351
v  -1.1921 -0.1912 9.7322
v  -1.1989 -0.1871 9.7320
v  -1.2063 -0.1859 9.7347
v  -1.2123 -0.1879 9.7394
v  -1.2154 -0.1927 9.7449
v  -1.2295 -0.2147 9.7172
v  -1.2264 -0.2219 9.7175
v  -1.2204 -0.2269 9.7160
v  -1.2131 -0.2282 9.7131
v  -1.2065 -0.2255 9.7096
v  -1.2024 -0.2196 9.7065
v  -1.2018 -0.2119 9.7045
v  -1.2049 -0.2046 9.7042
v  -1.2109 -0.1997 9.7057
v  -1.2181 -0.1983 9.7086
v  -1.2247 -0.2010 9.7121
v  -1.2289 -0.2070 9.7152
v  -1.2443 -0.2145 9.6820
v  -1.2423 -0.2217 9.6796
v  -1.2371 -0.2267 9.6763
v  -1.2299 -0.2280 9.6731
v  -1.2228 -0.2253 9.6708
v  -1.2177 -0.2194 9.6700
v  -1.2158 -0.2117 9.6710
v  -1.2178 -0.2044 9.6734
v  -1.2230 -0.1995 9.6767
v  -1.2302 -0.1981 9.6799
v  -1.2373 -0.2008 9.6822
v  -1.2424 -0.2068 9.6830
v  -1.2571 -0.1998 9.6502
v  -1.2562 -0.2058 9.6451
v  -1.2516 -0.2099 9.6401
v  -1.2447 -0.2111 9.6364
v  -1.2372 -0.2089 9.6351
v  -1.2311 -0.2039 9.6366
v  -1.2281 -0.1976 9.6403
v  -1.2290 -0.1916 9.6454
v  -1.2336 -0.1874 9.6504
v  -1.2405 -0.1863 9.6540
v  -1.2480 -0.1885 9.6553
v  -1.2541 -0.1934 9.6539
v  -1.2661 -0.1719 9.6274
v  -1.2661 -0.1753 9.6202
v  -1.2621 -0.1776 9.6137
v  -1.2553 -0.1782 9.6097
v  -1.2475 -0.1770 9.6091
v  -1.2407 -0.1742 9.6123
v  -1.2369 -0.1707 9.6182
v  -1.2369 -0.1674 9.6254
v  -1.2409 -0.1651 9.6319
v  -1.2477 -0.1644 9.6360
v  -1.2555 -0.1657 9.6365
v  -1.2622 -0.1684 9.6333
v  -1.2695 -0.1325 9.6195
v  -1.2697 -0.1331 9.6116
v  -1.2660 -0.1336 9.6046
v  -1.2592 -0.1336 9.6004
v  -1.2513 -0.1333 9.6001
v  -1.2443 -0.1327 9.6038
v  -1.2402 -0.1320 9.6105
v  -1.2399 -0.1313 9.6184
v  -1.2436 -0.1309 9.6254
v  -1.2504 -0.1309 9.6296
v  -1.2583 -0.1312 9.6299
v  -1.2653 -0.1318 9.6262
v  -1.2692 0.0244 9.6246
v  -1.2695 0.0241 9.6167
v  -1.2658 0.0242 9.6097
v  -1.2591 0.0245 9.6055
v  -1.2511 0.0251 9.6052
v  -1.2442 0.0257 9.6089
v  -1.2400 0.0263 9.6156
v  -1.2397 0.0266 9.6235
v  -1.2434 0.0265 9.6305
v  -1.2501 0.0262 9.6347
v  -1.2580 0.0256 9.6350
v  -1.2650 0.0250 9.6313
v  -1.2729 0.0497 9.6220
v  -1.2730 0.0479 9.6143
v  -1.2692 0.0474 9.6073
v  -1.2625 0.0481 9.6031
v  -1.2548 0.0501 9.6026
v  -1.2482 0.0526 9.6061
v  -1.2443 0.0550 9.6125
v  -1.2442 0.0568 9.6203
v  -1.2481 0.0573 9.6272
v  -1.2547 0.0565 9.6315
v  -1.2624 0.0546 9.6320
v  -1.2691 0.0521 9.6285
v  -1.2834 0.0766 9.6124
v  -1.2829 0.0734 9.6052
v  -1.2788 0.0721 9.5985
v  -1.2723 0.0731 9.5941
v  -1.2650 0.0762 9.5933
v  -1.2589 0.0804 9.5961
v  -1.2557 0.0847 9.6020
v  -1.2562 0.0879 9.6092
v  -1.2603 0.0892 9.6159
v  -1.2669 0.0882 9.6203
v  -1.2741 0.0851 9.6211
v  -1.2802 0.0809 9.6182
v  -1.2992 0.1041 9.5955
v  -1.2981 0.0998 9.5889
v  -1.2937 0.0979 9.5826
v  -1.2871 0.0989 9.5782
v  -1.2802 0.1025 9.5770
v  -1.2747 0.1078 9.5793
v  -1.2722 0.1133 9.5844
v  -1.2732 0.1176 9.5910
v  -1.2777 0.1195 9.5973
v  -1.2842 0.1185 9.6016
v  -1.2912 0.1149 9.6028
v  -1.2967 0.1096 9.6006
v  -1.3186 0.1302 9.5712
v  -1.3171 0.1252 9.5651
v  -1.3123 0.1229 9.5592
v  -1.3057 0.1238 9.5550
v  -1.2989 0.1277 9.5536
v  -1.2938 0.1335 9.5553
v  -1.2918 0.1397 9.5598
v  -1.2933 0.1446 9.5658
v  -1.2981 0.1470 9.5718
v  -1.3047 0.1461 9.5760
v  -1.3115 0.1422 9.5774
v  -1.3166 0.1364 9.5757
v  -1.4516 0.2901 9.3906
v  -1.4498 0.2848 9.3850
v  -1.4448 0.2821 9.3795
v  -1.4379 0.2828 9.3755
v  -1.4311 0.2866 9.3741
v  -1.4262 0.2926 9.3757
v  -1.4244 0.2991 9.3798
v  -1.4262 0.3044 9.3854
v  -1.4313 0.3071 9.3910
v  -1.4381 0.3064 9.3950
v  -1.4449 0.3026 9.3964
v  -1.4498 0.2966 9.3948
v  -1.4612 0.3020 9.3749
v  -1.4589 0.2961 9.3701
v  -1.4534 0.2930 9.3653
v  -1.4463 0.2933 9.3617
v  -1.4395 0.2971 9.3604
v  -1.4347 0.3033 9.3617
v  -1.4333 0.3103 9.3652
v  -1.4356 0.3161 9.3700
v  -1.4411 0.3193 9.3748
v  -1.4482 0.3190 9.3784
v  -1.4550 0.3152 9.3797
v  -1.4598 0.3090 9.3784
v  -1.4697 0.3109 9.3565
v  -1.4668 0.3045 9.3529
v  -1.4609 0.3008 9.3490
v  -1.4536 0.3010 9.3458
v  -1.4469 0.3049 9.3443
v  -1.4425 0.3115 9.3448
v  -1.4417 0.3190 9.3471
v  -1.4445 0.3254 9.3508
v  -1.4504 0.3291 9.3547
v  -1.4577 0.3289 9.3579
v  -1.4644 0.3250 9.3594
v  -1.4688 0.3184 9.3589
v  -1.4780 0.3160 9.3369
v  -1.4747 0.3093 9.3341
v  -1.4686 0.3055 9.3308
v  -1.4613 0.3057 9.3277
v  -1.4547 0.3097 9.3257
v  -1.4507 0.3165 9.3254
v  -1.4502 0.3243 9.3268
v  -1.4535 0.3310 9.3296
v  -1.4596 0.3347 9.3330
v  -1.4669 0.3346 9.3360
v  -1.4735 0.3306 9.3380
v  -1.4775 0.3238 9.3383
v  -1.4638 0.3291 9.2949
v  -1.4652 0.3378 9.2971
v  -1.4671 0.3358 9.2976
v  -1.4725 0.3423 9.3010
v  -1.4733 0.3396 9.3010
v  -1.4915 0.3208 9.3051
v  -1.4901 0.3121 9.3029
v  -1.4882 0.3141 9.3024
v  -1.4811 0.3421 9.3047
v  -1.4806 0.3394 9.3040
v  -1.4829 0.3076 9.2990
v  -1.4821 0.3103 9.2991
v  -1.4889 0.3374 9.3071
v  -1.4871 0.3354 9.3060
v  -1.4742 0.3077 9.2954
v  -1.4748 0.3104 9.2960
v  -1.4911 0.3286 9.3064
v  -1.4643 0.3213 9.2936
v  -1.4683 0.3145 9.2940
v  -1.4936 0.3293 9.3076
v  -1.4665 0.3125 9.2930
v  -1.4941 0.3200 9.3061
v  -1.4618 0.3206 9.2925
v  -1.4613 0.3299 9.2940
v  -1.5398 0.3453 9.2083
v  -1.5251 0.3609 9.2043
v  -1.5014 0.3349 9.1904
v  -1.4965 0.3108 9.2945
v  -1.4878 0.3054 9.2899
v  -1.4773 0.3056 9.2855
v  -1.4681 0.3114 9.2825
v  -1.4624 0.3211 9.2818
v  -1.4619 0.3323 9.2836
v  -1.4667 0.3418 9.2873
v  -1.4754 0.3472 9.2920
v  -1.4858 0.3470 9.2964
v  -1.4951 0.3413 9.2993
v  -1.5007 0.3315 9.3000
v  -1.5013 0.3204 9.2983
v  -1.5403 0.3341 9.2068
v  -1.5354 0.3246 9.2033
v  -1.5266 0.3191 9.1988
v  -1.5162 0.3193 9.1944
v  -1.5070 0.3251 9.1913
v  -1.5010 0.3461 9.1919
v  -1.5059 0.3557 9.1954
v  -1.5147 0.3611 9.1999
v  -1.5343 0.3551 9.2074
v  -0.7364 0.1478 10.0458
v  -0.7284 0.0656 10.1087
v  -0.7399 0.1504 10.0502
v  -0.7216 0.0627 10.1167
v  -0.7090 -0.0139 10.1765
v  -0.7198 0.0662 10.1214
v  -0.7308 0.1468 10.0433
v  -0.7249 0.0630 10.1042
v  -0.7195 0.1501 10.0459
v  -0.7131 0.0628 10.1017
v  -0.7246 0.1477 10.0433
v  -0.7110 0.0626 10.1144
v  -0.7019 -0.0209 10.1649
v  -0.7128 0.0592 10.1098
v  -0.7169 0.1536 10.0503
v  -0.7080 0.0653 10.1043
v  -0.7174 0.1570 10.0555
v  -0.7054 0.0688 10.1088
v  -0.7209 0.1596 10.0599
v  -0.7059 0.0722 10.1139
v  -0.7327 0.1598 10.0625
v  -0.7150 0.0758 10.1209
v  -0.7265 0.1606 10.0625
v  -0.7378 0.1573 10.0599
v  -0.7212 0.0750 10.1209
v  -0.7404 0.2007 10.0086
v  -0.7352 0.1565 10.0448
v  -0.7415 0.2033 10.0126
v  -0.7404 0.1538 10.0554
v  -0.7263 0.0725 10.1183
v  -0.7185 0.0558 10.1060
v  -0.7100 -0.0233 10.1629
v  -0.7208 0.0567 10.1078
v  -0.7062 -0.0114 10.1796
v  -0.7171 0.0687 10.1245
v  -0.7033 -0.0105 10.1803
v  -0.7142 0.0696 10.1252
v  -0.7009 -0.0114 10.1785
v  -0.7118 0.0686 10.1233
v  -0.7094 0.0748 10.1183
v  -0.6998 -0.0140 10.1745
v  -0.7107 0.0661 10.1194
v  -0.7002 -0.0174 10.1696
v  -0.7047 -0.0234 10.1618
v  -0.7155 0.0566 10.1067
v  -0.7076 -0.0243 10.1611
v  -0.7193 0.0620 10.1017
v  -0.7111 -0.0208 10.1669
v  -0.7220 0.0593 10.1117
v  -0.7108 -0.0173 10.1718
v  -0.7412 0.2067 10.0175
v  -0.7330 0.1634 10.0544
v  -0.7394 0.2102 10.0222
v  -0.7348 0.1600 10.0497
v  -0.7351 0.2007 10.0075
v  -0.7317 0.1530 10.0390
v  -0.7380 0.1998 10.0068
v  -0.7323 0.2032 10.0106
v  -0.7287 0.1539 10.0397
v  -0.7306 0.2066 10.0153
v  -0.7260 0.1564 10.0428
v  -0.7302 0.2101 10.0202
v  -0.7242 0.1599 10.0474
v  -0.7313 0.2126 10.0241
v  -0.7239 0.1633 10.0524
v  -0.7337 0.2136 10.0260
v  -0.7250 0.1659 10.0563
v  -0.7366 0.2127 10.0253
v  -0.7274 0.1669 10.0582
v  -0.7303 0.1660 10.0575
v  -0.7340 0.1540 10.0408
v  -0.7289 0.0690 10.1138
v  -0.7352 0.1509 10.0433
v  -0.7375 0.1535 10.0475
v  -0.7312 0.1499 10.0411
v  -0.7267 0.1508 10.0415
v  -0.7228 0.1533 10.0443
v  -0.7206 0.1567 10.0489
v  -0.7206 0.1602 10.0539
v  -0.7230 0.1628 10.0581
v  -0.7269 0.1637 10.0603
v  -0.7315 0.1629 10.0600
v  -0.7354 0.1604 10.0571
v  -0.7376 0.1569 10.0526
v  -0.7252 0.0624 10.1102
v  -0.7253 0.0659 10.1153
v  -0.7229 0.0598 10.1060
v  -0.7189 0.0589 10.1038
v  -0.7143 0.0597 10.1042
v  -0.7104 0.0622 10.1070
v  -0.7082 0.0657 10.1116
v  -0.7083 0.0692 10.1166
v  -0.7106 0.0717 10.1208
v  -0.7146 0.0727 10.1230
v  -0.7191 0.0718 10.1227
v  -0.7231 0.0693 10.1198
v  -0.9295 0.1478 10.1261
v  -0.8906 0.0656 10.1761
v  -0.8963 0.0630 10.1754
v  -0.8897 0.0627 10.1866
v  -0.8563 -0.0139 10.2377
v  -0.8583 -0.0173 10.2332
v  -0.9353 0.1468 10.1282
v  -0.9020 0.0620 10.1776
v  -0.9414 0.1501 10.1381
v  -0.9063 0.0628 10.1820
v  -0.9081 0.0653 10.1874
v  -0.8988 0.0626 10.1925
v  -0.8694 -0.0209 10.2345
v  -0.8674 -0.0174 10.2391
v  -0.9401 0.1536 10.1431
v  -0.9068 0.0688 10.1925
v  -0.9361 0.1570 10.1464
v  -0.9028 0.0722 10.1957
v  -0.9304 0.1596 10.1470
v  -0.8972 0.0748 10.1964
v  -0.9204 0.1598 10.1405
v  -0.8914 0.0758 10.1942
v  -0.8871 0.0750 10.1898
v  -0.9186 0.1573 10.1350
v  -0.8853 0.0725 10.1844
v  -0.9531 0.2007 10.0971
v  -0.9312 0.1565 10.1262
v  -0.9348 0.1540 10.1243
v  -0.9199 0.1538 10.1300
v  -0.8866 0.0690 10.1793
v  -0.8996 0.0558 10.1812
v  -0.8652 -0.0233 10.2275
v  -0.8681 -0.0243 10.2278
v  -0.8877 0.0662 10.1911
v  -0.8560 -0.0114 10.2418
v  -0.8874 0.0687 10.1952
v  -0.8575 -0.0105 10.2444
v  -0.8890 0.0696 10.1978
v  -0.8605 -0.0114 10.2448
v  -0.9247 0.1606 10.1449
v  -0.8919 0.0686 10.1982
v  -0.8641 -0.0140 10.2428
v  -0.8955 0.0661 10.1962
v  -0.9008 0.0592 10.1879
v  -0.8697 -0.0234 10.2304
v  -0.9011 0.0566 10.1838
v  -0.9396 0.1477 10.1326
v  -0.8966 0.0567 10.1809
v  -0.8616 -0.0208 10.2294
v  -0.8930 0.0593 10.1828
v  -0.9462 0.2067 10.1028
v  -0.9259 0.1634 10.1345
v  -0.9279 0.1600 10.1300
v  -0.9495 0.2033 10.0990
v  -0.9576 0.2007 10.1000
v  -0.9377 0.1530 10.1246
v  -0.9393 0.1539 10.1272
v  -0.9574 0.2032 10.1041
v  -0.9390 0.1564 10.1313
v  -0.9553 0.2066 10.1087
v  -0.9370 0.1599 10.1359
v  -0.9521 0.2101 10.1124
v  -0.9337 0.1633 10.1396
v  -0.9485 0.2126 10.1144
v  -0.9301 0.1659 10.1416
v  -0.9455 0.2136 10.1140
v  -0.9271 0.1669 10.1412
v  -0.9439 0.2127 10.1114
v  -0.9256 0.1660 10.1386
v  -0.9442 0.2102 10.1073
v  -0.9561 0.1998 10.0974
v  -0.9239 0.1504 10.1267
v  -0.9322 0.1509 10.1252
v  -0.9365 0.1499 10.1264
v  -0.9395 0.1508 10.1299
v  -0.9402 0.1533 10.1347
v  -0.9385 0.1567 10.1395
v  -0.9349 0.1602 10.1430
v  -0.9303 0.1628 10.1443
v  -0.9259 0.1637 10.1430
v  -0.9230 0.1629 10.1395
v  -0.9222 0.1604 10.1348
v  -0.9239 0.1569 10.1300
v  -0.9275 0.1535 10.1265
v  -0.8918 0.0624 10.1794
v  -0.8964 0.0598 10.1782
v  -0.9008 0.0589 10.1794
v  -0.9037 0.0597 10.1829
v  -0.9045 0.0622 10.1877
v  -0.9028 0.0657 10.1925
v  -0.8992 0.0692 10.1960
v  -0.8945 0.0717 10.1973
v  -0.8902 0.0727 10.1960
v  -0.8872 0.0718 10.1925
v  -0.8865 0.0693 10.1877
v  -0.8882 0.0659 10.1830
v  -0.6956 0.0220 10.1464
v  -0.6901 0.0212 10.1403
v  -0.6965 0.0213 10.1415
v  -0.6909 0.0187 10.1360
v  -0.6974 0.0188 10.1371
v  -0.6915 0.0146 10.1329
v  -0.6980 0.0147 10.1341
v  -0.6918 0.0097 10.1316
v  -0.6983 0.0098 10.1328
v  -0.6918 0.0046 10.1323
v  -0.6982 0.0047 10.1335
v  -0.6914 0.0002 10.1349
v  -0.6978 0.0003 10.1360
v  -0.6907 -0.0029 10.1389
v  -0.6971 -0.0028 10.1400
v  -0.6898 -0.0042 10.1437
v  -0.6963 -0.0041 10.1449
v  -0.6889 -0.0035 10.1487
v  -0.6954 -0.0034 10.1499
v  -0.6881 -0.0009 10.1530
v  -0.6945 -0.0008 10.1542
v  -0.6875 0.0031 10.1561
v  -0.6939 0.0032 10.1572
v  -0.6872 0.0081 10.1573
v  -0.6936 0.0081 10.1585
v  -0.6872 0.0131 10.1567
v  -0.6937 0.0132 10.1578
v  -0.6876 0.0175 10.1541
v  -0.6941 0.0176 10.1553
v  -0.6883 0.0206 10.1501
v  -0.6948 0.0207 10.1513
v  -0.6892 0.0219 10.1453
v  -0.8870 0.0220 10.2260
v  -0.8952 0.0212 10.2256
v  -0.8924 0.0219 10.2297
v  -0.8899 0.0213 10.2218
v  -0.8977 0.0187 10.2219
v  -0.8924 0.0188 10.2182
v  -0.8995 0.0146 10.2193
v  -0.8941 0.0147 10.2156
v  -0.9001 0.0097 10.2182
v  -0.8948 0.0098 10.2145
v  -0.8997 0.0046 10.2187
v  -0.8943 0.0047 10.2150
v  -0.8982 0.0002 10.2208
v  -0.8928 0.0003 10.2171
v  -0.8958 -0.0029 10.2241
v  -0.8905 -0.0028 10.2204
v  -0.8930 -0.0042 10.2282
v  -0.8876 -0.0041 10.2244
v  -0.8901 -0.0035 10.2323
v  -0.8847 -0.0034 10.2286
v  -0.8876 -0.0009 10.2360
v  -0.8822 -0.0008 10.2322
v  -0.8859 0.0031 10.2385
v  -0.8805 0.0032 10.2348
v  -0.8852 0.0081 10.2396
v  -0.8798 0.0081 10.2359
v  -0.8857 0.0131 10.2391
v  -0.8803 0.0132 10.2354
v  -0.8872 0.0175 10.2371
v  -0.8818 0.0176 10.2333
v  -0.8895 0.0206 10.2338
v  -0.8841 0.0207 10.2300
v  -0.8295 -0.1222 10.0468
v  -0.8049 -0.1474 10.0508
v  -0.8122 -0.1442 10.0332
v  -0.8349 -0.1170 10.0339
v  -0.8191 -0.1375 10.0165
v  -0.8397 -0.1091 10.0222
v  -0.8255 -0.1273 10.0013
v  -0.8439 -0.0990 10.0122
v  -0.8309 -0.1141 9.9882
v  -0.8472 -0.0869 10.0042
v  -0.8352 -0.0983 9.9778
v  -0.8496 -0.0734 9.9985
v  -0.8383 -0.0807 9.9704
v  -0.8509 -0.0589 9.9954
v  -0.8400 -0.0619 9.9663
v  -0.8511 -0.0440 9.9949
v  -0.8402 -0.0426 9.9657
v  -0.8502 -0.0294 9.9971
v  -0.8390 -0.0235 9.9686
v  -0.8482 -0.0154 10.0019
v  -0.8364 -0.0054 9.9749
v  -0.8452 -0.0028 10.0092
v  -0.8325 0.0111 9.9843
v  -0.8413 0.0081 10.0186
v  -0.8274 0.0252 9.9965
v  -0.8366 0.0168 10.0297
v  -0.8214 0.0365 10.0110
v  -0.8314 0.0229 10.0422
v  -0.8147 0.0445 10.0273
v  -0.8259 0.0263 10.0556
v  -0.8074 0.0489 10.0447
v  -0.8202 0.0268 10.0693
v  -0.8000 0.0496 10.0625
v  -0.8145 0.0244 10.0829
v  -0.7927 0.0465 10.0801
v  -0.8092 0.0192 10.0957
v  -0.7857 0.0397 10.0969
v  -0.8043 0.0114 10.1074
v  -0.7794 0.0295 10.1121
v  -0.8002 0.0012 10.1174
v  -0.7740 0.0163 10.1251
v  -0.7968 -0.0109 10.1254
v  -0.7697 0.0006 10.1355
v  -0.7945 -0.0244 10.1311
v  -0.7666 -0.0170 10.1429
v  -0.7932 -0.0389 10.1343
v  -0.7649 -0.0359 10.1470
v  -0.7930 -0.0537 10.1347
v  -0.7646 -0.0552 10.1476
v  -0.7939 -0.0684 10.1325
v  -0.7658 -0.0743 10.1447
v  -0.7959 -0.0824 10.1277
v  -0.7684 -0.0924 10.1385
v  -0.7989 -0.0950 10.1205
v  -0.7724 -0.1089 10.1290
v  -0.8028 -0.1059 10.1111
v  -0.7774 -0.1230 10.1168
v  -0.8074 -0.1145 10.0999
v  -0.7834 -0.1343 10.1023
v  -0.8126 -0.1207 10.0874
v  -0.7902 -0.1423 10.0861
v  -0.8182 -0.1241 10.0741
v  -0.7974 -0.1467 10.0687
v  -0.8239 -0.1246 10.0603
v  -0.8284 -0.1112 10.0495
v  -0.8329 -0.1067 10.0386
v  -0.8371 -0.1001 10.0286
v  -0.8406 -0.0915 10.0201
v  -0.8434 -0.0812 10.0133
v  -0.8454 -0.0697 10.0085
v  -0.8466 -0.0574 10.0058
v  -0.8467 -0.0448 10.0054
v  -0.8459 -0.0323 10.0073
v  -0.8442 -0.0205 10.0114
v  -0.8417 -0.0097 10.0175
v  -0.8384 -0.0005 10.0255
v  -0.8344 0.0069 10.0350
v  -0.8300 0.0121 10.0456
v  -0.8253 0.0150 10.0570
v  -0.8204 0.0154 10.0686
v  -0.8157 0.0134 10.0801
v  -0.8111 0.0090 10.0911
v  -0.8070 0.0023 10.1010
v  -0.8034 -0.0063 10.1095
v  -0.8006 -0.0166 10.1163
v  -0.7986 -0.0281 10.1212
v  -0.7975 -0.0404 10.1238
v  -0.7973 -0.0530 10.1242
v  -0.7981 -0.0655 10.1223
v  -0.7998 -0.0773 10.1182
v  -0.8024 -0.0881 10.1121
v  -0.8057 -0.0973 10.1041
v  -0.8096 -0.1047 10.0946
v  -0.8140 -0.1099 10.0840
v  -0.8188 -0.1128 10.0727
v  -0.8236 -0.1132 10.0610
v  -0.8299 -0.0758 10.0178
v  -0.8246 -0.0915 10.0306
v  -0.8276 -0.0843 10.0234
v  -0.8250 -0.0785 10.0296
v  -0.8212 -0.0971 10.0388
v  -0.8211 -0.0819 10.0391
v  -0.8174 -0.1008 10.0479
v  -0.8171 -0.0846 10.0487
v  -0.8134 -0.1025 10.0575
v  -0.8130 -0.0859 10.0585
v  -0.8094 -0.1021 10.0672
v  -0.8089 -0.0859 10.0684
v  -0.8054 -0.0997 10.0767
v  -0.8048 -0.0847 10.0782
v  -0.8018 -0.0954 10.0855
v  -0.8007 -0.0825 10.0880
v  -0.7985 -0.0892 10.0934
v  -0.8316 -0.0662 10.0138
v  -0.8258 -0.0678 10.0276
v  -0.8213 -0.0701 10.0384
v  -0.8170 -0.0719 10.0488
v  -0.8127 -0.0730 10.0593
v  -0.8083 -0.0733 10.0697
v  -0.8040 -0.0730 10.0802
v  -0.7994 -0.0723 10.0912
v  -0.7957 -0.0815 10.1001
v  -0.8325 -0.0560 10.0115
v  -0.8263 -0.0572 10.0265
v  -0.8215 -0.0587 10.0381
v  -0.8169 -0.0599 10.0491
v  -0.8124 -0.0609 10.0600
v  -0.8078 -0.0614 10.0709
v  -0.8033 -0.0617 10.0819
v  -0.7984 -0.0619 10.0936
v  -0.7936 -0.0726 10.1052
v  -0.8327 -0.0454 10.0112
v  -0.8263 -0.0465 10.0265
v  -0.8213 -0.0473 10.0384
v  -0.8167 -0.0481 10.0496
v  -0.8121 -0.0489 10.0607
v  -0.8075 -0.0497 10.0717
v  -0.8028 -0.0504 10.0829
v  -0.7979 -0.0513 10.0949
v  -0.7922 -0.0627 10.1086
v  -0.8320 -0.0351 10.0128
v  -0.8258 -0.0359 10.0278
v  -0.8209 -0.0361 10.0395
v  -0.8163 -0.0363 10.0505
v  -0.8118 -0.0369 10.0614
v  -0.8073 -0.0378 10.0723
v  -0.8027 -0.0391 10.0833
v  -0.7979 -0.0405 10.0949
v  -0.7915 -0.0523 10.1102
v  -0.8306 -0.0252 10.0162
v  -0.8248 -0.0255 10.0302
v  -0.8202 -0.0248 10.0411
v  -0.8158 -0.0244 10.0516
v  -0.8115 -0.0248 10.0621
v  -0.8072 -0.0259 10.0725
v  -0.8028 -0.0277 10.0829
v  -0.7984 -0.0299 10.0937
v  -0.7917 -0.0418 10.1098
v  -0.8285 -0.0163 10.0213
v  -0.8234 -0.0153 10.0334
v  -0.8194 -0.0131 10.0432
v  -0.8153 -0.0119 10.0530
v  -0.8112 -0.0119 10.0629
v  -0.8071 -0.0132 10.0727
v  -0.8031 -0.0158 10.0823
v  -0.7992 -0.0193 10.0917
v  -0.7926 -0.0316 10.1076
v  -0.8257 -0.0086 10.0279
v  -0.8224 -0.0024 10.0358
v  -0.8187 0.0019 10.0447
v  -0.8148 0.0043 10.0541
v  -0.8108 0.0047 10.0639
v  -0.8068 0.0030 10.0735
v  -0.8030 -0.0007 10.0826
v  -0.7996 -0.0062 10.0908
v  -0.7943 -0.0220 10.1036
v  -0.7966 -0.0134 10.0979
v  -0.8009 0.0538 10.0632
v  -0.8136 0.0531 10.0466
v  -0.8059 0.0538 10.0653
v  -0.8274 -0.1306 9.9993
v  -0.8258 -0.1413 10.0172
v  -0.8324 -0.1306 10.0014
v  -0.7907 -0.1463 10.0877
v  -0.7886 -0.1379 10.1068
v  -0.7957 -0.1463 10.0898
v  -0.7932 0.0506 10.0816
v  -0.7982 0.0506 10.0836
v  -0.8331 -0.1168 9.9857
v  -0.8381 -0.1168 9.9878
v  -0.7982 -0.1509 10.0696
v  -0.8032 -0.1509 10.0717
v  -0.7860 0.0435 10.0990
v  -0.7910 0.0435 10.1011
v  -0.8376 -0.1005 9.9748
v  -0.8426 -0.1005 9.9769
v  -0.8059 -0.1516 10.0510
v  -0.8110 -0.1516 10.0531
v  -0.7794 0.0328 10.1148
v  -0.7844 0.0328 10.1169
v  -0.8408 -0.0821 9.9671
v  -0.8458 -0.0821 9.9692
v  -0.7737 0.0191 10.1284
v  -0.7788 0.0191 10.1305
v  -0.8426 -0.0625 9.9629
v  -0.8476 -0.0625 9.9650
v  -0.7692 0.0027 10.1393
v  -0.7742 0.0027 10.1414
v  -0.8428 -0.0423 9.9622
v  -0.8478 -0.0423 9.9643
v  -0.7660 -0.0157 10.1470
v  -0.7710 -0.0157 10.1491
v  -0.8416 -0.0224 9.9652
v  -0.8466 -0.0224 9.9673
v  -0.7643 -0.0353 10.1513
v  -0.7693 -0.0353 10.1534
v  -0.8389 -0.0035 9.9718
v  -0.8439 -0.0035 9.9739
v  -0.7640 -0.0555 10.1519
v  -0.7690 -0.0555 10.1540
v  -0.8348 0.0137 9.9816
v  -0.8398 0.0137 9.9837
v  -0.7652 -0.0754 10.1489
v  -0.7703 -0.0754 10.1510
v  -0.8295 0.0284 9.9943
v  -0.8345 0.0284 9.9964
v  -0.7680 -0.0943 10.1424
v  -0.7730 -0.0943 10.1445
v  -0.8232 0.0402 10.0095
v  -0.8282 0.0402 10.0115
v  -0.7720 -0.1114 10.1326
v  -0.7770 -0.1114 10.1346
v  -0.8162 0.0485 10.0264
v  -0.8212 0.0485 10.0285
v  -0.8136 -0.1483 10.0326
v  -0.8186 -0.1483 10.0347
v  -0.7773 -0.1262 10.1198
v  -0.7823 -0.1262 10.1219
v  -0.8086 0.0531 10.0445
v  -0.8208 -0.1413 10.0152
v  -0.7836 -0.1379 10.1047
v  -0.8192 -0.1409 10.0147
v  -0.8120 -0.1479 10.0320
v  -0.8257 -0.1303 9.9989
v  -0.8314 -0.1166 9.9853
v  -0.8359 -0.1003 9.9745
v  -0.8391 -0.0820 9.9668
v  -0.8408 -0.0624 9.9626
v  -0.8411 -0.0423 9.9620
v  -0.8398 -0.0225 9.9650
v  -0.8371 -0.0037 9.9715
v  -0.8331 0.0134 9.9813
v  -0.8278 0.0281 9.9939
v  -0.8215 0.0398 10.0090
v  -0.8145 0.0481 10.0259
v  -0.8070 0.0527 10.0439
v  -0.7993 0.0534 10.0625
v  -0.7917 0.0502 10.0808
v  -0.7845 0.0431 10.0982
v  -0.7779 0.0325 10.1139
v  -0.7723 0.0188 10.1275
v  -0.7678 0.0025 10.1383
v  -0.7646 -0.0158 10.1460
v  -0.7628 -0.0354 10.1502
v  -0.7626 -0.0555 10.1509
v  -0.7638 -0.0753 10.1479
v  -0.7665 -0.0941 10.1414
v  -0.7706 -0.1112 10.1316
v  -0.7758 -0.1259 10.1189
v  -0.7821 -0.1376 10.1039
v  -0.7891 -0.1459 10.0870
v  -0.7966 -0.1505 10.0689
v  -0.8043 -0.1512 10.0504
v  -0.8036 -0.1501 10.0501
v  -0.7960 -0.1495 10.0685
v  -0.8038 -0.1488 10.0503
v  -0.7962 -0.1481 10.0684
v  -0.7885 -0.1449 10.0864
v  -0.7889 -0.1436 10.0860
v  -0.7816 -0.1367 10.1031
v  -0.7820 -0.1355 10.1025
v  -0.7754 -0.1251 10.1180
v  -0.7759 -0.1240 10.1172
v  -0.7702 -0.1105 10.1305
v  -0.7708 -0.1097 10.1296
v  -0.7662 -0.0936 10.1402
v  -0.7668 -0.0930 10.1391
v  -0.7635 -0.0750 10.1466
v  -0.7642 -0.0747 10.1455
v  -0.7622 -0.0554 10.1496
v  -0.7630 -0.0553 10.1484
v  -0.7625 -0.0355 10.1490
v  -0.7632 -0.0357 10.1478
v  -0.7643 -0.0161 10.1448
v  -0.7649 -0.0166 10.1437
v  -0.7674 0.0020 10.1372
v  -0.7681 0.0013 10.1362
v  -0.7719 0.0181 10.1265
v  -0.7725 0.0172 10.1256
v  -0.7774 0.0317 10.1131
v  -0.7780 0.0306 10.1124
v  -0.7839 0.0422 10.0974
v  -0.7844 0.0409 10.0970
v  -0.7911 0.0491 10.0802
v  -0.7914 0.0478 10.0800
v  -0.7986 0.0524 10.0621
v  -0.7988 0.0510 10.0621
v  -0.8062 0.0517 10.0438
v  -0.8064 0.0503 10.0440
v  -0.8137 0.0471 10.0259
v  -0.8137 0.0458 10.0264
v  -0.8206 0.0389 10.0092
v  -0.8205 0.0377 10.0099
v  -0.8268 0.0273 9.9943
v  -0.8267 0.0263 9.9952
v  -0.8320 0.0128 9.9817
v  -0.8318 0.0119 9.9828
v  -0.8361 -0.0041 9.9720
v  -0.8358 -0.0047 9.9733
v  -0.8387 -0.0228 9.9656
v  -0.8384 -0.0231 9.9669
v  -0.8400 -0.0424 9.9626
v  -0.8396 -0.0425 9.9640
v  -0.8397 -0.0623 9.9633
v  -0.8394 -0.0621 9.9646
v  -0.8380 -0.0816 9.9675
v  -0.8377 -0.0812 9.9687
v  -0.8348 -0.0997 9.9751
v  -0.8345 -0.0990 9.9762
v  -0.8303 -0.1159 9.9858
v  -0.8301 -0.1150 9.9868
v  -0.8248 -0.1295 9.9992
v  -0.8246 -0.1284 10.0000
v  -0.8183 -0.1399 10.0148
v  -0.8182 -0.1387 10.0154
v  -0.8111 -0.1469 10.0320
v  -0.8112 -0.1456 10.0324
v  -0.8632 -0.1222 10.0608
v  -0.8777 -0.1474 10.0811
v  -0.8575 -0.1246 10.0743
v  -0.8685 -0.1170 10.0479
v  -0.8850 -0.1442 10.0635
v  -0.8734 -0.1091 10.0362
v  -0.8920 -0.1375 10.0467
v  -0.8775 -0.0990 10.0262
v  -0.8983 -0.1273 10.0316
v  -0.8809 -0.0869 10.0182
v  -0.9037 -0.1141 10.0185
v  -0.8832 -0.0734 10.0125
v  -0.9080 -0.0983 10.0081
v  -0.8845 -0.0589 10.0094
v  -0.9111 -0.0807 10.0007
v  -0.8847 -0.0440 10.0089
v  -0.9128 -0.0619 9.9966
v  -0.8838 -0.0294 10.0111
v  -0.9131 -0.0426 9.9960
v  -0.8818 -0.0154 10.0159
v  -0.9119 -0.0235 9.9989
v  -0.8788 -0.0028 10.0232
v  -0.9093 -0.0054 10.0052
v  -0.8749 0.0081 10.0325
v  -0.9053 0.0111 10.0146
v  -0.8703 0.0168 10.0437
v  -0.9003 0.0252 10.0268
v  -0.8651 0.0229 10.0562
v  -0.8942 0.0365 10.0413
v  -0.8595 0.0263 10.0696
v  -0.8875 0.0445 10.0575
v  -0.8538 0.0268 10.0833
v  -0.8803 0.0489 10.0749
v  -0.8482 0.0244 10.0968
v  -0.8728 0.0496 10.0928
v  -0.8428 0.0192 10.1097
v  -0.8655 0.0465 10.1104
v  -0.8380 0.0114 10.1214
v  -0.8586 0.0397 10.1271
v  -0.8338 0.0012 10.1314
v  -0.8522 0.0295 10.1423
v  -0.8305 -0.0109 10.1394
v  -0.8468 0.0163 10.1554
v  -0.8281 -0.0244 10.1451
v  -0.8425 0.0006 10.1658
v  -0.8268 -0.0389 10.1482
v  -0.8394 -0.0170 10.1732
v  -0.8266 -0.0537 10.1487
v  -0.8377 -0.0359 10.1773
v  -0.8275 -0.0684 10.1465
v  -0.8375 -0.0552 10.1779
v  -0.8295 -0.0824 10.1417
v  -0.8387 -0.0743 10.1750
v  -0.8325 -0.0950 10.1344
v  -0.8413 -0.0924 10.1687
v  -0.8364 -0.1059 10.1251
v  -0.8452 -0.1089 10.1593
v  -0.8411 -0.1145 10.1139
v  -0.8503 -0.1230 10.1471
v  -0.8463 -0.1207 10.1014
v  -0.8563 -0.1343 10.1326
v  -0.8518 -0.1241 10.0880
v  -0.8630 -0.1423 10.1164
v  -0.8703 -0.1467 10.0990
v  -0.8620 -0.1112 10.0635
v  -0.8573 -0.1132 10.0750
v  -0.8666 -0.1067 10.0525
v  -0.8707 -0.1001 10.0426
v  -0.8742 -0.0915 10.0341
v  -0.8771 -0.0812 10.0273
v  -0.8791 -0.0697 10.0225
v  -0.8802 -0.0574 10.0198
v  -0.8804 -0.0448 10.0194
v  -0.8796 -0.0323 10.0213
v  -0.8779 -0.0205 10.0254
v  -0.8753 -0.0097 10.0315
v  -0.8720 -0.0005 10.0395
v  -0.8681 0.0069 10.0490
v  -0.8637 0.0121 10.0596
v  -0.8589 0.0150 10.0710
v  -0.8541 0.0154 10.0826
v  -0.8493 0.0134 10.0941
v  -0.8448 0.0090 10.1051
v  -0.8406 0.0023 10.1150
v  -0.8371 -0.0063 10.1235
v  -0.8343 -0.0166 10.1303
v  -0.8322 -0.0281 10.1351
v  -0.8311 -0.0404 10.1378
v  -0.8310 -0.0530 10.1382
v  -0.8318 -0.0655 10.1363
v  -0.8335 -0.0773 10.1322
v  -0.8360 -0.0881 10.1261
v  -0.8393 -0.0973 10.1181
v  -0.8433 -0.1047 10.1086
v  -0.8477 -0.1099 10.0980
v  -0.8524 -0.1128 10.0866
v  -0.8834 -0.0758 10.0400
v  -0.8781 -0.0915 10.0528
v  -0.8785 -0.0785 10.0519
v  -0.8747 -0.0971 10.0611
v  -0.8746 -0.0819 10.0614
v  -0.8709 -0.1008 10.0702
v  -0.8706 -0.0846 10.0709
v  -0.8669 -0.1025 10.0798
v  -0.8665 -0.0859 10.0807
v  -0.8629 -0.1021 10.0895
v  -0.8624 -0.0859 10.0906
v  -0.8590 -0.0997 10.0989
v  -0.8583 -0.0847 10.1004
v  -0.8553 -0.0954 10.1078
v  -0.8543 -0.0825 10.1102
v  -0.8520 -0.0892 10.1157
v  -0.8492 -0.0815 10.1223
v  -0.8851 -0.0662 10.0360
v  -0.8793 -0.0678 10.0499
v  -0.8749 -0.0701 10.0607
v  -0.8705 -0.0719 10.0711
v  -0.8662 -0.0730 10.0815
v  -0.8619 -0.0733 10.0920
v  -0.8575 -0.0730 10.1025
v  -0.8529 -0.0723 10.1135
v  -0.8471 -0.0726 10.1274
v  -0.8860 -0.0560 10.0338
v  -0.8798 -0.0572 10.0487
v  -0.8750 -0.0587 10.0604
v  -0.8704 -0.0599 10.0713
v  -0.8659 -0.0609 10.0822
v  -0.8614 -0.0614 10.0931
v  -0.8568 -0.0617 10.1042
v  -0.8519 -0.0619 10.1159
v  -0.8457 -0.0627 10.1308
v  -0.8862 -0.0454 10.0335
v  -0.8798 -0.0465 10.0487
v  -0.8749 -0.0473 10.0607
v  -0.8702 -0.0481 10.0719
v  -0.8656 -0.0489 10.0829
v  -0.8610 -0.0497 10.0940
v  -0.8564 -0.0504 10.1052
v  -0.8514 -0.0513 10.1171
v  -0.8450 -0.0523 10.1324
v  -0.8855 -0.0351 10.0350
v  -0.8793 -0.0359 10.0500
v  -0.8744 -0.0361 10.0617
v  -0.8698 -0.0363 10.0727
v  -0.8653 -0.0369 10.0836
v  -0.8608 -0.0378 10.0945
v  -0.8562 -0.0391 10.1055
v  -0.8514 -0.0405 10.1171
v  -0.8452 -0.0418 10.1321
v  -0.8841 -0.0252 10.0384
v  -0.8783 -0.0255 10.0524
v  -0.8737 -0.0248 10.0634
v  -0.8694 -0.0244 10.0739
v  -0.8650 -0.0248 10.0844
v  -0.8607 -0.0259 10.0948
v  -0.8564 -0.0277 10.1052
v  -0.8519 -0.0299 10.1160
v  -0.8461 -0.0316 10.1299
v  -0.8820 -0.0163 10.0436
v  -0.8770 -0.0153 10.0556
v  -0.8729 -0.0131 10.0654
v  -0.8688 -0.0119 10.0752
v  -0.8647 -0.0119 10.0851
v  -0.8606 -0.0132 10.0949
v  -0.8566 -0.0158 10.1045
v  -0.8527 -0.0193 10.1140
v  -0.8478 -0.0220 10.1258
v  -0.8792 -0.0086 10.0502
v  -0.8759 -0.0024 10.0581
v  -0.8723 0.0019 10.0669
v  -0.8683 0.0043 10.0764
v  -0.8643 0.0047 10.0861
v  -0.8603 0.0030 10.0957
v  -0.8565 -0.0007 10.1048
v  -0.8531 -0.0062 10.1131
v  -0.8501 -0.0134 10.1202
v  -0.8811 -0.0843 10.0457
v  -0.8718 0.0538 10.0926
v  -0.8745 0.0531 10.0719
v  -0.8795 0.0531 10.0740
v  -0.8983 -0.1306 10.0288
v  -0.8867 -0.1413 10.0425
v  -0.8917 -0.1413 10.0446
v  -0.8615 -0.1463 10.1172
v  -0.8495 -0.1379 10.1321
v  -0.8545 -0.1379 10.1342
v  -0.8641 0.0506 10.1110
v  -0.8667 0.0538 10.0905
v  -0.9039 -0.1168 10.0152
v  -0.8933 -0.1306 10.0267
v  -0.8691 -0.1509 10.0991
v  -0.8565 -0.1463 10.1151
v  -0.8569 0.0435 10.1285
v  -0.8591 0.0506 10.1089
v  -0.9085 -0.1005 10.0043
v  -0.8989 -0.1168 10.0131
v  -0.8768 -0.1516 10.0804
v  -0.8641 -0.1509 10.0970
v  -0.8503 0.0328 10.1443
v  -0.8519 0.0435 10.1264
v  -0.9117 -0.0821 9.9966
v  -0.9035 -0.1005 10.0022
v  -0.8446 0.0191 10.1579
v  -0.8453 0.0328 10.1422
v  -0.9134 -0.0625 9.9923
v  -0.9067 -0.0821 9.9945
v  -0.8401 0.0027 10.1688
v  -0.8396 0.0191 10.1558
v  -0.9137 -0.0423 9.9917
v  -0.9084 -0.0625 9.9902
v  -0.8369 -0.0157 10.1765
v  -0.8351 0.0027 10.1667
v  -0.9125 -0.0224 9.9947
v  -0.9087 -0.0423 9.9896
v  -0.8351 -0.0353 10.1807
v  -0.8319 -0.0157 10.1744
v  -0.9097 -0.0035 10.0012
v  -0.9074 -0.0224 9.9926
v  -0.8349 -0.0555 10.1814
v  -0.8301 -0.0353 10.1787
v  -0.9057 0.0137 10.0111
v  -0.9047 -0.0035 9.9992
v  -0.8361 -0.0754 10.1784
v  -0.8299 -0.0555 10.1793
v  -0.9004 0.0284 10.0238
v  -0.9006 0.0137 10.0090
v  -0.8388 -0.0943 10.1718
v  -0.8311 -0.0754 10.1763
v  -0.8941 0.0402 10.0389
v  -0.8954 0.0284 10.0217
v  -0.8429 -0.1114 10.1620
v  -0.8338 -0.0943 10.1697
v  -0.8870 0.0485 10.0559
v  -0.8891 0.0402 10.0368
v  -0.8845 -0.1483 10.0621
v  -0.8718 -0.1516 10.0784
v  -0.8482 -0.1262 10.1493
v  -0.8379 -0.1114 10.1599
v  -0.8820 0.0485 10.0538
v  -0.8795 -0.1483 10.0600
v  -0.8432 -0.1262 10.1472
v  -0.8932 -0.1409 10.0454
v  -0.8998 -0.1303 10.0297
v  -0.9054 -0.1166 10.0161
v  -0.9099 -0.1003 10.0053
v  -0.9131 -0.0820 9.9976
v  -0.9149 -0.0624 9.9934
v  -0.9151 -0.0423 9.9927
v  -0.9139 -0.0225 9.9957
v  -0.9112 -0.0037 10.0023
v  -0.9071 0.0134 10.0120
v  -0.9019 0.0281 10.0247
v  -0.8956 0.0398 10.0398
v  -0.8886 0.0481 10.0567
v  -0.8811 0.0527 10.0747
v  -0.8734 0.0534 10.0933
v  -0.8657 0.0502 10.1116
v  -0.8585 0.0431 10.1289
v  -0.8520 0.0325 10.1447
v  -0.8463 0.0188 10.1583
v  -0.8418 0.0025 10.1691
v  -0.8386 -0.0158 10.1768
v  -0.8369 -0.0354 10.1810
v  -0.8366 -0.0555 10.1817
v  -0.8379 -0.0753 10.1787
v  -0.8406 -0.0941 10.1721
v  -0.8446 -0.1112 10.1624
v  -0.8499 -0.1259 10.1497
v  -0.8562 -0.1376 10.1346
v  -0.8632 -0.1459 10.1177
v  -0.8707 -0.1505 10.0997
v  -0.8784 -0.1512 10.0811
v  -0.8860 -0.1479 10.0628
v  -0.8791 -0.1501 10.0815
v  -0.8715 -0.1495 10.0998
v  -0.8789 -0.1488 10.0815
v  -0.8713 -0.1481 10.0996
v  -0.8640 -0.1449 10.1177
v  -0.8640 -0.1436 10.1172
v  -0.8571 -0.1367 10.1344
v  -0.8571 -0.1355 10.1337
v  -0.8509 -0.1251 10.1494
v  -0.8510 -0.1240 10.1484
v  -0.8457 -0.1105 10.1619
v  -0.8459 -0.1097 10.1608
v  -0.8416 -0.0936 10.1716
v  -0.8419 -0.0930 10.1704
v  -0.8390 -0.0750 10.1780
v  -0.8393 -0.0747 10.1767
v  -0.8377 -0.0554 10.1810
v  -0.8381 -0.0553 10.1796
v  -0.8380 -0.0355 10.1804
v  -0.8383 -0.0357 10.1790
v  -0.8397 -0.0161 10.1762
v  -0.8400 -0.0166 10.1749
v  -0.8429 0.0020 10.1686
v  -0.8432 0.0013 10.1674
v  -0.8473 0.0181 10.1578
v  -0.8476 0.0172 10.1568
v  -0.8529 0.0317 10.1444
v  -0.8531 0.0306 10.1436
v  -0.8594 0.0422 10.1288
v  -0.8595 0.0409 10.1282
v  -0.8666 0.0491 10.1116
v  -0.8665 0.0478 10.1112
v  -0.8741 0.0524 10.0935
v  -0.8739 0.0510 10.0933
v  -0.8817 0.0517 10.0751
v  -0.8815 0.0503 10.0752
v  -0.8892 0.0471 10.0573
v  -0.8888 0.0458 10.0576
v  -0.8961 0.0389 10.0405
v  -0.8957 0.0377 10.0411
v  -0.9023 0.0273 10.0256
v  -0.9018 0.0263 10.0264
v  -0.9075 0.0128 10.0131
v  -0.9069 0.0119 10.0140
v  -0.9115 -0.0041 10.0034
v  -0.9109 -0.0047 10.0045
v  -0.9142 -0.0228 9.9970
v  -0.9135 -0.0231 9.9981
v  -0.9155 -0.0424 9.9940
v  -0.9147 -0.0425 9.9952
v  -0.9152 -0.0623 9.9946
v  -0.9145 -0.0621 9.9958
v  -0.9134 -0.0816 9.9988
v  -0.9128 -0.0812 9.9999
v  -0.9103 -0.0997 10.0064
v  -0.9096 -0.0990 10.0074
v  -0.9058 -0.1159 10.0171
v  -0.9052 -0.1150 10.0180
v  -0.9003 -0.1295 10.0306
v  -0.8997 -0.1284 10.0313
v  -0.8938 -0.1399 10.0462
v  -0.8933 -0.1387 10.0467
v  -0.8866 -0.1469 10.0634
v  -0.8863 -0.1456 10.0636
v  -0.8031 -0.0307 10.0611
v  -0.7984 -0.0314 10.0532
v  -0.8052 -0.0314 10.0561
v  -0.8002 -0.0341 10.0488
v  -0.8071 -0.0341 10.0517
v  -0.8015 -0.0385 10.0457
v  -0.8083 -0.0385 10.0486
v  -0.8020 -0.0438 10.0444
v  -0.8089 -0.0438 10.0473
v  -0.8018 -0.0492 10.0451
v  -0.8086 -0.0492 10.0479
v  -0.8007 -0.0540 10.0476
v  -0.8076 -0.0540 10.0505
v  -0.7990 -0.0573 10.0517
v  -0.8059 -0.0573 10.0545
v  -0.7970 -0.0588 10.0566
v  -0.8038 -0.0588 10.0594
v  -0.7949 -0.0580 10.0616
v  -0.8018 -0.0580 10.0645
v  -0.7931 -0.0553 10.0660
v  -0.7999 -0.0553 10.0688
v  -0.7918 -0.0509 10.0691
v  -0.7986 -0.0509 10.0719
v  -0.7913 -0.0456 10.0704
v  -0.7981 -0.0456 10.0732
v  -0.7915 -0.0402 10.0697
v  -0.7984 -0.0402 10.0726
v  -0.7926 -0.0354 10.0672
v  -0.7994 -0.0354 10.0700
v  -0.7942 -0.0451 10.0633
v  -0.7911 -0.0475 10.0613
v  -0.7909 -0.0451 10.0619
v  -0.7943 -0.0321 10.0631
v  -0.8011 -0.0321 10.0660
v  -0.7963 -0.0307 10.0582
v  -0.7965 -0.0384 10.0578
v  -0.7974 -0.0387 10.0555
v  -0.7983 -0.0399 10.0535
v  -0.7988 -0.0419 10.0521
v  -0.7991 -0.0443 10.0516
v  -0.7990 -0.0468 10.0519
v  -0.7985 -0.0489 10.0530
v  -0.7977 -0.0504 10.0548
v  -0.7968 -0.0510 10.0570
v  -0.7959 -0.0507 10.0593
v  -0.7950 -0.0495 10.0613
v  -0.7945 -0.0475 10.0627
v  -0.7943 -0.0427 10.0630
v  -0.7948 -0.0405 10.0618
v  -0.7956 -0.0390 10.0600
v  -0.7952 -0.0489 10.0516
v  -0.7958 -0.0443 10.0502
v  -0.7949 -0.0399 10.0522
v  -0.7956 -0.0468 10.0505
v  -0.7910 -0.0427 10.0616
v  -0.7915 -0.0405 10.0604
v  -0.7944 -0.0504 10.0534
v  -0.7923 -0.0390 10.0586
v  -0.7935 -0.0510 10.0557
v  -0.7932 -0.0384 10.0564
v  -0.7941 -0.0387 10.0541
v  -0.7925 -0.0507 10.0579
v  -0.7917 -0.0495 10.0599
v  -0.7955 -0.0419 10.0508
v  -0.8716 -0.0307 10.0896
v  -0.8806 -0.0314 10.0874
v  -0.8785 -0.0307 10.0924
v  -0.8737 -0.0314 10.0845
v  -0.8824 -0.0341 10.0830
v  -0.8755 -0.0341 10.0801
v  -0.8837 -0.0385 10.0799
v  -0.8768 -0.0385 10.0771
v  -0.8842 -0.0438 10.0786
v  -0.8774 -0.0438 10.0757
v  -0.8839 -0.0492 10.0793
v  -0.8771 -0.0492 10.0764
v  -0.8829 -0.0540 10.0818
v  -0.8760 -0.0540 10.0790
v  -0.8812 -0.0573 10.0858
v  -0.8744 -0.0573 10.0830
v  -0.8792 -0.0588 10.0907
v  -0.8723 -0.0588 10.0879
v  -0.8771 -0.0580 10.0958
v  -0.8702 -0.0580 10.0929
v  -0.8752 -0.0553 10.1002
v  -0.8684 -0.0553 10.0973
v  -0.8740 -0.0509 10.1032
v  -0.8671 -0.0509 10.1004
v  -0.8734 -0.0456 10.1045
v  -0.8666 -0.0456 10.1017
v  -0.8737 -0.0402 10.1039
v  -0.8669 -0.0402 10.1010
v  -0.8748 -0.0354 10.1013
v  -0.8764 -0.0451 10.0974
v  -0.8800 -0.0475 10.0982
v  -0.8766 -0.0475 10.0968
v  -0.8679 -0.0354 10.0985
v  -0.8764 -0.0321 10.0973
v  -0.8696 -0.0321 10.0945
v  -0.8787 -0.0384 10.0919
v  -0.8796 -0.0387 10.0897
v  -0.8804 -0.0399 10.0877
v  -0.8810 -0.0419 10.0863
v  -0.8813 -0.0443 10.0857
v  -0.8811 -0.0468 10.0860
v  -0.8806 -0.0489 10.0872
v  -0.8799 -0.0504 10.0890
v  -0.8790 -0.0510 10.0912
v  -0.8780 -0.0507 10.0935
v  -0.8772 -0.0495 10.0954
v  -0.8765 -0.0427 10.0971
v  -0.8770 -0.0405 10.0960
v  -0.8777 -0.0390 10.0942
v  -0.8803 -0.0405 10.0974
v  -0.8820 -0.0384 10.0933
v  -0.8823 -0.0510 10.0926
v  -0.8846 -0.0443 10.0871
v  -0.8797 -0.0451 10.0988
v  -0.8845 -0.0468 10.0874
v  -0.8798 -0.0427 10.0985
v  -0.8840 -0.0489 10.0885
v  -0.8832 -0.0504 10.0904
v  -0.8811 -0.0390 10.0955
v  -0.8829 -0.0387 10.0911
v  -0.8814 -0.0507 10.0948
v  -0.8838 -0.0399 10.0891
v  -0.8805 -0.0495 10.0968
v  -0.8843 -0.0419 10.0877
# 3164 vertices

vn 0.1906 -0.9797 0.0619
vn -0.0246 -0.9979 -0.0592
vn 0.1163 -0.9863 -0.1169
vn 0.0429 -0.9550 -0.2934
vn -0.1693 -0.8975 -0.4073
vn -0.0268 -0.8870 -0.4610
vn 0.2629 -0.9355 0.2361
vn 0.0506 -0.9913 0.1217
vn 0.3306 -0.8553 0.3989
vn 0.1239 -0.9465 0.2980
vn 0.3910 -0.7422 0.5442
vn 0.1923 -0.8654 0.4627
vn 0.4418 -0.6006 0.6664
vn 0.2534 -0.7510 0.6097
vn 0.4810 -0.4360 0.7606
vn 0.3048 -0.6077 0.7334
vn 0.5071 -0.2545 0.8235
vn 0.3445 -0.4411 0.8287
vn 0.5191 -0.0633 0.8524
vn 0.3709 -0.2575 0.8923
vn 0.5166 0.1303 0.8463
vn 0.3830 -0.0641 0.9215
vn 0.4996 0.3189 0.8054
vn 0.3805 0.1318 0.9154
vn 0.4688 0.4953 0.7314
vn 0.3633 0.3227 0.8740
vn 0.4254 0.6526 0.6270
vn 0.3321 0.5011 0.7991
vn 0.3711 0.7849 0.4962
vn 0.2882 0.6603 0.6935
vn 0.3079 0.8870 0.3442
vn 0.2332 0.7942 0.5611
vn 0.2382 0.9550 0.1766
vn 0.1693 0.8975 0.4073
vn 0.1648 0.9863 0.0000
vn 0.0988 0.9663 0.2378
vn 0.0905 0.9797 -0.1787
vn 0.0246 0.9979 0.0592
vn 0.0181 0.9355 -0.3529
vn -0.0506 0.9913 -0.1217
vn -0.0496 0.8553 -0.5158
vn -0.1239 0.9465 -0.2980
vn -0.1099 0.7422 -0.6611
vn -0.1923 0.8654 -0.4627
vn -0.1607 0.6006 -0.7832
vn -0.2534 0.7510 -0.6097
vn -0.1999 0.4360 -0.8775
vn -0.3048 0.6077 -0.7334
vn -0.2260 0.2545 -0.9403
vn -0.3445 0.4411 -0.8287
vn -0.2380 0.0633 -0.9692
vn -0.3709 0.2575 -0.8923
vn -0.2355 -0.1303 -0.9631
vn -0.3830 0.0641 -0.9215
vn -0.2185 -0.3189 -0.9223
vn -0.3805 -0.1318 -0.9154
vn -0.1877 -0.4953 -0.8482
vn -0.3633 -0.3227 -0.8740
vn -0.1443 -0.6526 -0.7438
vn -0.3321 -0.5011 -0.7991
vn -0.0900 -0.7849 -0.6130
vn -0.2882 -0.6603 -0.6935
vn -0.2332 -0.7942 -0.5611
vn 0.7341 -0.2321 0.6381
vn 0.9363 -0.1712 0.3066
vn 0.7451 -0.0578 0.6645
vn 0.9918 -0.0762 -0.1024
vn 0.9444 -0.0426 0.3261
vn 0.9072 0.0107 -0.4205
vn 0.9954 -0.0190 -0.0938
vn 0.7103 -0.3976 0.5808
vn 0.9187 -0.2933 0.2643
vn 0.9840 -0.1306 -0.1213
vn 0.9083 0.0183 -0.4179
vn 0.6746 -0.5478 0.4949
vn 0.8924 -0.4041 0.2010
vn 0.9723 -0.1799 -0.1495
vn 0.9099 0.0252 -0.4140
vn 0.6283 -0.6769 0.3834
vn 0.8582 -0.4993 0.1188
vn 0.9571 -0.2223 -0.1861
vn 0.9121 0.0312 -0.4088
vn 0.5732 -0.7800 0.2509
vn 0.8176 -0.5754 0.0210
vn 0.9390 -0.2562 -0.2296
vn 0.9146 0.0359 -0.4027
vn 0.5115 -0.8532 0.1024
vn 0.7721 -0.6293 -0.0885
vn 0.9187 -0.2802 -0.2784
vn 0.9175 0.0393 -0.3959
vn 0.4454 -0.8935 -0.0565
vn 0.7234 -0.6591 -0.2057
vn 0.8970 -0.2935 -0.3306
vn 0.9205 0.0412 -0.3886
vn 0.3776 -0.8996 -0.2196
vn 0.6733 -0.6636 -0.3260
vn 0.8747 -0.2954 -0.3842
vn 0.9236 0.0415 -0.3810
vn -0.0988 -0.9663 -0.2378
vn 0.9067 0.0027 -0.4218
vn 0.9947 0.0390 -0.0956
vn 0.9427 0.0877 0.3220
vn 0.7428 0.1188 0.6589
vn 0.9068 -0.0055 -0.4215
vn 0.9896 0.0955 -0.1079
vn 0.9313 0.2146 0.2944
vn 0.7273 0.2909 0.6216
vn 0.9075 -0.0134 -0.4198
vn 0.9803 0.1484 -0.1300
vn 0.9106 0.3332 0.2447
vn 0.6992 0.4517 0.5541
vn 0.9088 -0.0208 -0.4166
vn 0.9673 0.1955 -0.1613
vn 0.8813 0.4391 0.1744
vn 0.6597 0.5952 0.4589
vn 0.9106 -0.0274 -0.4123
vn 0.9511 0.2351 -0.2005
vn 0.8448 0.5281 0.0865
vn 0.6101 0.7159 0.3396
vn 0.9129 -0.0330 -0.4068
vn 0.9321 0.2657 -0.2460
vn 0.8023 0.5967 -0.0158
vn 0.5524 0.8090 0.2010
vn 0.9156 -0.0373 -0.4004
vn 0.9113 0.2861 -0.2962
vn 0.7554 0.6425 -0.1286
vn 0.4889 0.8710 0.0481
vn 0.9185 -0.0401 -0.3934
vn 0.8893 0.2954 -0.3491
vn 0.7060 0.6636 -0.2473
vn 0.4220 0.8996 -0.1128
vn 0.9216 -0.0415 -0.3860
vn 0.8670 0.2935 -0.4026
vn 0.6560 0.6591 -0.3677
vn 0.3542 0.8935 -0.2759
vn 0.9247 -0.0412 -0.3784
vn 0.8454 0.2802 -0.4548
vn 0.6074 0.6293 -0.4849
vn 0.2882 0.8532 -0.4348
vn 0.9278 -0.0393 -0.3711
vn 0.8251 0.2562 -0.5036
vn 0.5618 0.5754 -0.5944
vn 0.2265 0.7800 -0.5833
vn 0.9306 -0.0359 -0.3643
vn 0.8070 0.2223 -0.5471
vn 0.5212 0.4993 -0.6921
vn 0.1714 0.6769 -0.7158
vn 0.9331 -0.0312 -0.3582
vn 0.7918 0.1799 -0.5837
vn 0.4870 0.4041 -0.7743
vn 0.1251 0.5478 -0.8272
vn 0.9353 -0.0252 -0.3530
vn 0.7800 0.1306 -0.6119
vn 0.4607 0.2933 -0.8377
vn 0.0893 0.3976 -0.9132
vn 0.9369 -0.0183 -0.3490
vn 0.7722 0.0762 -0.6308
vn 0.4431 0.1712 -0.8800
vn 0.0655 0.2321 -0.9705
vn 0.9380 -0.0107 -0.3465
vn 0.7687 0.0190 -0.6394
vn 0.4350 0.0426 -0.8994
vn 0.0546 0.0578 -0.9968
vn 0.9385 -0.0027 -0.3452
vn 0.7694 -0.0390 -0.6376
vn 0.4367 -0.0877 -0.8953
vn 0.0569 -0.1188 -0.9913
vn 0.9384 0.0055 -0.3454
vn 0.7745 -0.0955 -0.6253
vn 0.4482 -0.2146 -0.8678
vn 0.0724 -0.2909 -0.9540
vn 0.9377 0.0134 -0.3472
vn 0.7837 -0.1484 -0.6032
vn 0.4689 -0.3332 -0.8180
vn 0.1005 -0.4517 -0.8865
vn 0.9364 0.0208 -0.3503
vn 0.7967 -0.1955 -0.5719
vn 0.4981 -0.4391 -0.7477
vn 0.1400 -0.5952 -0.7913
vn 0.9346 0.0274 -0.3547
vn 0.8130 -0.2351 -0.5327
vn 0.5346 -0.5281 -0.6598
vn 0.1896 -0.7159 -0.6720
vn 0.9323 0.0330 -0.3602
vn 0.8319 -0.2657 -0.4872
vn 0.5771 -0.5967 -0.5575
vn 0.2472 -0.8090 -0.5333
vn 0.9296 0.0373 -0.3666
vn 0.8528 -0.2861 -0.4370
vn 0.6240 -0.6425 -0.4448
vn 0.3108 -0.8710 -0.3805
vn 0.9267 0.0401 -0.3736
vn 0.9255 0.1818 -0.3323
vn 0.9388 0.1688 -0.3003
vn 0.9508 0.1494 -0.2714
vn 0.9612 0.1242 -0.2465
vn 0.9694 0.0943 -0.2266
vn 0.9753 0.0607 -0.2126
vn 0.9785 0.0248 -0.2047
vn 0.9790 -0.0121 -0.2036
vn 0.9767 -0.0484 -0.2091
vn 0.9717 -0.0830 -0.2211
vn 0.9643 -0.1143 -0.2390
vn 0.9546 -0.1413 -0.2623
vn 0.9431 -0.1628 -0.2899
vn 0.9302 -0.1780 -0.3209
vn 0.9164 -0.1865 -0.3541
vn 0.9023 -0.1877 -0.3881
vn 0.8883 -0.1818 -0.4217
vn 0.8751 -0.1688 -0.4536
vn 0.8631 -0.1494 -0.4825
vn 0.8527 -0.1242 -0.5074
vn 0.8444 -0.0943 -0.5273
vn 0.8386 -0.0607 -0.5413
vn 0.8353 -0.0248 -0.5492
vn 0.8349 0.0121 -0.5503
vn 0.8371 0.0484 -0.5448
vn 0.8421 0.0830 -0.5328
vn 0.8496 0.1143 -0.5149
vn 0.8593 0.1413 -0.4917
vn 0.8707 0.1628 -0.4640
vn 0.8836 0.1780 -0.4330
vn 0.8974 0.1865 -0.3999
vn 0.9116 0.1877 -0.3658
vn -0.0905 -0.9797 0.1787
vn -0.2382 -0.9550 -0.1766
vn -0.0181 -0.9355 0.3529
vn 0.0496 -0.8553 0.5158
vn 0.1099 -0.7422 0.6611
vn 0.1607 -0.6006 0.7832
vn 0.1999 -0.4360 0.8775
vn 0.2260 -0.2545 0.9403
vn 0.2380 -0.0633 0.9692
vn 0.2355 0.1303 0.9631
vn 0.2185 0.3189 0.9223
vn 0.1877 0.4953 0.8482
vn 0.1443 0.6526 0.7438
vn 0.0900 0.7849 0.6130
vn 0.0268 0.8870 0.4610
vn -0.0429 0.9550 0.2934
vn -0.1163 0.9863 0.1169
vn -0.1906 0.9797 -0.0619
vn -0.2629 0.9355 -0.2361
vn -0.3306 0.8553 -0.3989
vn -0.3910 0.7422 -0.5442
vn -0.4418 0.6006 -0.6664
vn -0.4810 0.4360 -0.7606
vn -0.5071 0.2545 -0.8235
vn -0.5191 0.0633 -0.8524
vn -0.5166 -0.1303 -0.8463
vn -0.4996 -0.3189 -0.8054
vn -0.4688 -0.4953 -0.7314
vn -0.4254 -0.6526 -0.6270
vn -0.3711 -0.7849 -0.4962
vn -0.3079 -0.8870 -0.3442
vn -0.0655 -0.2321 0.9705
vn -0.0546 -0.0578 0.9968
vn -0.4431 -0.1712 0.8800
vn -0.4350 -0.0426 0.8994
vn -0.7722 -0.0762 0.6308
vn -0.7687 -0.0190 0.6394
vn -0.9380 0.0107 0.3465
vn -0.9385 0.0027 0.3452
vn -0.0893 -0.3976 0.9132
vn -0.4607 -0.2933 0.8377
vn -0.7800 -0.1306 0.6119
vn -0.9369 0.0183 0.3490
vn -0.1251 -0.5478 0.8272
vn -0.4870 -0.4041 0.7743
vn -0.7918 -0.1799 0.5837
vn -0.9353 0.0252 0.3530
vn -0.1714 -0.6769 0.7158
vn -0.5212 -0.4993 0.6922
vn -0.8070 -0.2223 0.5471
vn -0.9331 0.0312 0.3582
vn -0.2265 -0.7800 0.5833
vn -0.5618 -0.5754 0.5944
vn -0.8251 -0.2562 0.5036
vn -0.9306 0.0359 0.3643
vn -0.2882 -0.8532 0.4348
vn -0.6074 -0.6293 0.4848
vn -0.8454 -0.2802 0.4548
vn -0.9278 0.0393 0.3711
vn -0.3542 -0.8935 0.2759
vn -0.6560 -0.6591 0.3677
vn -0.8670 -0.2935 0.4026
vn -0.9247 0.0412 0.3784
vn -0.4220 -0.8996 0.1128
vn -0.7061 -0.6635 0.2473
vn -0.8893 -0.2954 0.3491
vn -0.9216 0.0415 0.3860
vn -0.1648 -0.9863 -0.0000
vn -0.7694 0.0390 0.6376
vn -0.9384 -0.0055 0.3454
vn -0.4367 0.0877 0.8953
vn -0.0569 0.1188 0.9913
vn -0.7745 0.0955 0.6253
vn -0.9377 -0.0134 0.3472
vn -0.4482 0.2146 0.8678
vn -0.0724 0.2909 0.9540
vn -0.7837 0.1484 0.6032
vn -0.9364 -0.0208 0.3503
vn -0.4689 0.3332 0.8180
vn -0.1005 0.4517 0.8865
vn -0.7967 0.1955 0.5719
vn -0.9346 -0.0274 0.3547
vn -0.4981 0.4391 0.7477
vn -0.1400 0.5952 0.7913
vn -0.8130 0.2351 0.5327
vn -0.9323 -0.0330 0.3602
vn -0.5346 0.5281 0.6598
vn -0.1896 0.7159 0.6720
vn -0.8319 0.2657 0.4872
vn -0.9296 -0.0373 0.3666
vn -0.5771 0.5967 0.5575
vn -0.2472 0.8090 0.5333
vn -0.8528 0.2861 0.4370
vn -0.9267 -0.0401 0.3736
vn -0.6240 0.6425 0.4448
vn -0.3108 0.8710 0.3805
vn -0.8747 0.2954 0.3842
vn -0.9236 -0.0415 0.3810
vn -0.6733 0.6636 0.3260
vn -0.3776 0.8996 0.2196
vn -0.8970 0.2935 0.3306
vn -0.9205 -0.0412 0.3886
vn -0.7234 0.6591 0.2057
vn -0.4454 0.8935 0.0565
vn -0.9187 0.2802 0.2784
vn -0.9175 -0.0393 0.3959
vn -0.7721 0.6293 0.0885
vn -0.5115 0.8532 -0.1024
vn -0.9390 0.2562 0.2296
vn -0.9146 -0.0359 0.4027
vn -0.8176 0.5754 -0.0210
vn -0.5732 0.7800 -0.2509
vn -0.9571 0.2223 0.1861
vn -0.9121 -0.0312 0.4088
vn -0.8582 0.4993 -0.1188
vn -0.6283 0.6769 -0.3834
vn -0.9723 0.1799 0.1495
vn -0.9099 -0.0252 0.4140
vn -0.8924 0.4041 -0.2010
vn -0.6746 0.5478 -0.4949
vn -0.9840 0.1306 0.1213
vn -0.9083 -0.0183 0.4179
vn -0.9187 0.2933 -0.2643
vn -0.7103 0.3976 -0.5808
vn -0.9918 0.0762 0.1024
vn -0.9072 -0.0107 0.4205
vn -0.9363 0.1712 -0.3066
vn -0.7341 0.2321 -0.6381
vn -0.9954 0.0190 0.0938
vn -0.9067 -0.0027 0.4218
vn -0.9444 0.0426 -0.3261
vn -0.7451 0.0578 -0.6645
vn -0.9947 -0.0390 0.0956
vn -0.9068 0.0055 0.4215
vn -0.9427 -0.0877 -0.3220
vn -0.7428 -0.1188 -0.6589
vn -0.9896 -0.0955 0.1079
vn -0.9075 0.0134 0.4198
vn -0.9313 -0.2146 -0.2944
vn -0.7273 -0.2909 -0.6216
vn -0.9803 -0.1484 0.1300
vn -0.9088 0.0208 0.4166
vn -0.9106 -0.3332 -0.2447
vn -0.6992 -0.4517 -0.5541
vn -0.9673 -0.1955 0.1613
vn -0.9106 0.0274 0.4123
vn -0.8813 -0.4391 -0.1744
vn -0.6597 -0.5952 -0.4589
vn -0.9511 -0.2351 0.2005
vn -0.9129 0.0330 0.4067
vn -0.8448 -0.5281 -0.0865
vn -0.6101 -0.7159 -0.3396
vn -0.9321 -0.2657 0.2460
vn -0.9156 0.0373 0.4004
vn -0.8023 -0.5967 0.0158
vn -0.5524 -0.8090 -0.2010
vn -0.9113 -0.2861 0.2962
vn -0.9185 0.0401 0.3934
vn -0.7554 -0.6425 0.1286
vn -0.4889 -0.8710 -0.0481
vn -0.8883 0.1818 0.4217
vn -0.9023 0.1877 0.3881
vn -0.8751 0.1688 0.4536
vn -0.8631 0.1494 0.4825
vn -0.8527 0.1242 0.5074
vn -0.8444 0.0943 0.5273
vn -0.8386 0.0607 0.5413
vn -0.8353 0.0248 0.5492
vn -0.8349 -0.0121 0.5503
vn -0.8371 -0.0484 0.5448
vn -0.8421 -0.0830 0.5328
vn -0.8496 -0.1143 0.5149
vn -0.8593 -0.1413 0.4916
vn -0.8707 -0.1628 0.4640
vn -0.8836 -0.1780 0.4330
vn -0.8974 -0.1865 0.3999
vn -0.9116 -0.1877 0.3658
vn -0.9255 -0.1818 0.3323
vn -0.9388 -0.1688 0.3003
vn -0.9508 -0.1494 0.2714
vn -0.9612 -0.1242 0.2465
vn -0.9694 -0.0943 0.2266
vn -0.9753 -0.0607 0.2126
vn -0.9785 -0.0248 0.2047
vn -0.9790 0.0121 0.2036
vn -0.9767 0.0484 0.2091
vn -0.9717 0.0830 0.2211
vn -0.9643 0.1143 0.2390
vn -0.9546 0.1413 0.2623
vn -0.9431 0.1628 0.2899
vn -0.9302 0.1780 0.3209
vn -0.9164 0.1865 0.3541
vn 0.2070 -0.8256 0.5249
vn 0.1892 -0.8302 0.5243
vn 0.1846 -0.8305 0.5256
vn -0.1244 -0.2677 -0.9554
vn 0.2560 -0.2737 -0.9271
vn 0.2367 -0.2698 -0.9334
vn 0.8847 -0.2177 -0.4123
vn 0.8817 -0.2135 -0.4208
vn 0.8846 -0.2179 -0.4122
vn 0.2250 -0.8257 0.5173
vn 0.2382 -0.8302 0.5040
vn 0.2204 -0.8254 0.5198
vn 0.8821 -0.4155 -0.2219
vn 0.7713 -0.6351 0.0422
vn 0.7673 -0.6395 0.0471
vn -0.3532 -0.2532 -0.9006
vn -0.1135 -0.2709 -0.9559
vn 0.3661 -0.2840 -0.8862
vn 0.4622 -0.6933 -0.5529
vn 0.1923 -0.6995 -0.6883
vn 0.8830 -0.4121 -0.2246
vn -0.0622 -0.8870 -0.4576
vn -0.0342 -0.9866 -0.1596
vn -0.0545 -0.9762 -0.2100
vn -0.0515 -0.6733 -0.7376
vn 0.0690 -0.9023 -0.4255
vn -0.3892 -0.2532 -0.8857
vn -0.3703 -0.2504 -0.8945
vn -0.3704 -0.2504 -0.8945
vn 0.0113 -0.2922 -0.9563
vn -0.0221 -0.9995 0.0231
vn 0.0186 -0.9998 0.0031
vn 0.0395 -0.9992 -0.0070
vn -0.3734 -0.2505 -0.8932
vn -0.3520 -0.2540 -0.9009
vn -0.1462 -0.8739 -0.4636
vn -0.0650 -0.9824 -0.1749
vn -0.2062 0.8256 -0.5253
vn -0.1886 0.8290 -0.5265
vn -0.2124 0.8252 -0.5235
vn -0.2093 -0.6482 -0.7321
vn -0.8844 0.2153 0.4141
vn -0.8825 0.2091 0.4214
vn -0.8820 0.2096 0.4221
vn -0.2278 0.8255 -0.5164
vn -0.2402 0.8290 -0.5051
vn -0.2451 0.8298 -0.5013
vn -0.2290 -0.2908 -0.9290
vn -0.1843 -0.8746 -0.4485
vn -0.0689 -0.9831 -0.1697
vn -0.3639 0.3064 0.8796
vn -0.4695 0.6963 0.5429
vn -0.6941 0.2775 0.6642
vn -0.2894 -0.6443 -0.7079
vn 0.0456 0.8941 0.4455
vn 0.0128 0.9830 0.1832
vn -0.0841 0.9079 0.4106
vn 0.0350 0.6841 0.7285
vn -0.2086 0.7080 0.6747
vn 0.3901 0.2518 0.8857
vn 0.3717 0.2497 0.8942
vn 0.3924 0.2513 0.8848
vn -0.3597 -0.2887 -0.8873
vn 0.0142 0.9997 -0.0186
vn 0.1335 0.9883 -0.0733
vn 0.0613 0.9974 -0.0391
vn 0.3526 0.2518 0.9013
vn 0.1870 -0.9327 0.3084
vn 0.0879 -0.9848 0.1498
vn 0.0956 -0.9848 0.1450
vn -0.3669 -0.2895 -0.8841
vn -0.2977 -0.6443 -0.7045
vn -0.3752 -0.2887 -0.8808
vn 0.5611 -0.7772 0.2848
vn 0.5572 -0.7790 0.2875
vn 0.3611 -0.8259 0.4330
vn 0.3608 -0.8259 0.4332
vn 0.2424 -0.8305 0.5016
vn 0.1246 -0.9920 -0.0186
vn 0.0051 -1.0000 0.0085
vn 0.1493 -0.9884 0.0278
vn 0.0081 -0.9999 0.0103
vn 0.1014 -0.9924 0.0698
vn 0.0073 -0.9999 0.0119
vn 0.0709 -0.9932 0.0926
vn 0.0066 -0.9999 0.0121
vn 0.0505 -0.9935 0.1017
vn 0.0058 -0.9999 0.0106
vn 0.1052 0.9927 -0.0593
vn -0.0043 0.9999 -0.0101
vn 0.0859 0.9958 -0.0320
vn -0.0082 0.9999 -0.0104
vn 0.1086 0.9941 -0.0034
vn -0.0101 0.9999 -0.0133
vn 0.0635 0.9974 0.0325
vn -0.0096 0.9998 -0.0160
vn 0.0419 0.9977 0.0529
vn -0.0078 0.9999 -0.0152
vn 0.0314 0.9972 0.0675
vn -0.8840 0.2134 0.4160
vn -0.8572 0.4803 0.1856
vn -0.8757 0.4386 0.2019
vn -0.7158 0.6927 -0.0883
vn -0.7456 0.6623 -0.0737
vn -0.5258 0.7990 -0.2918
vn -0.5461 0.7844 -0.2940
vn -0.3722 0.8333 -0.4088
vn -0.3755 0.8245 -0.4232
vn -0.2763 0.8378 -0.4708
vn -0.2735 0.8289 -0.4880
vn -0.0120 0.3111 0.9503
vn 0.1355 0.8803 0.4547
vn 0.0438 0.9869 0.1555
vn 0.1998 0.6570 0.7269
vn 0.2281 0.3012 0.9259
vn 0.1820 0.8768 0.4452
vn 0.0545 0.9874 0.1485
vn 0.1840 0.8775 0.4428
vn 0.0629 0.9867 0.1496
vn 0.0621 0.9868 0.1493
vn 0.5965 -0.2502 -0.7626
vn 0.5831 -0.2478 -0.7737
vn 0.7926 -0.2245 -0.5668
vn 0.7883 -0.2234 -0.5733
vn 0.8816 -0.2131 -0.4212
vn 0.0084 -0.9996 0.0255
vn -0.0243 -0.9958 -0.0888
vn 0.0004 -0.9987 0.0513
vn -0.0023 -0.9980 -0.0633
vn -0.0268 -0.9968 0.0751
vn 0.0001 -0.9998 -0.0211
vn -0.0657 -0.9945 0.0810
vn -0.0149 -0.9999 0.0086
vn -0.0956 -0.9926 0.0743
vn -0.0917 -0.9943 0.0549
vn -0.0320 0.9952 -0.0929
vn -0.0008 0.9999 -0.0161
vn -0.0074 0.9932 -0.1158
vn 0.0123 0.9994 -0.0327
vn 0.0426 0.9908 -0.1285
vn 0.0356 0.9983 -0.0450
vn 0.0957 0.9889 -0.1137
vn 0.0608 0.9970 -0.0476
vn 0.1291 0.9873 -0.0931
vn 0.3590 0.2509 0.8990
vn 0.2027 0.2616 0.9437
vn -0.0780 0.2683 0.9602
vn -0.4458 0.2556 0.8578
vn -0.7396 0.2275 0.6335
vn -0.8699 0.2459 0.4275
vn -0.8818 0.2092 0.4227
vn 0.2870 0.6474 0.7060
vn 0.3580 0.2919 0.8869
vn -0.1884 0.9331 -0.3063
vn -0.0872 0.9848 -0.1499
vn -0.1737 0.9315 -0.3196
vn 0.3672 0.2911 0.8834
vn 0.2981 0.6474 0.7014
vn 0.2923 0.6478 0.7035
vn -0.1847 -0.8765 -0.4446
vn -0.0688 -0.9836 -0.1669
vn -0.2263 0.9108 0.3453
vn 0.0080 0.9903 0.1389
vn -0.6487 0.6605 0.3779
vn -0.3293 0.9069 0.2626
vn -0.0142 0.9913 0.1305
vn -0.6487 0.6655 0.3692
vn -0.8746 0.2508 0.4150
vn -0.3259 0.9098 0.2571
vn -0.0133 0.9915 0.1296
vn -0.5713 0.8027 0.1711
vn -0.2841 0.9478 0.1445
vn -0.0034 0.9937 0.1120
vn -0.4565 0.8894 -0.0236
vn -0.2295 0.9727 0.0338
vn -0.0289 0.9956 0.0890
vn -0.3401 0.9252 -0.1682
vn -0.1739 0.9832 -0.0549
vn 0.0101 0.9966 0.0821
vn -0.2488 0.9339 -0.2567
vn -0.1281 0.9854 -0.1123
vn 0.0213 0.9967 0.0781
vn -0.0961 0.9850 -0.1430
vn 0.0241 0.9972 0.0708
vn -0.1390 0.8379 -0.5279
vn -0.1043 0.9315 -0.3484
vn -0.0842 0.9331 -0.3496
vn -0.0448 0.9848 -0.1675
vn -0.0335 0.9850 -0.1690
vn 0.0314 0.9972 0.0672
vn 0.0332 0.9972 0.0670
vn 0.2204 -0.9078 -0.3568
vn -0.0186 -0.9902 -0.1386
vn 0.6971 -0.2625 -0.6672
vn 0.6411 -0.6700 -0.3742
vn 0.3219 -0.9107 -0.2589
vn 0.0124 -0.9914 -0.1300
vn 0.8702 -0.2438 -0.4282
vn 0.6384 -0.6768 -0.3665
vn 0.3162 -0.9147 -0.2517
vn 0.0113 -0.9916 -0.1286
vn 0.8744 -0.2517 -0.4148
vn 0.5773 -0.8020 -0.1535
vn 0.2973 -0.9466 -0.1250
vn -0.0035 -0.9941 -0.1085
vn 0.8574 -0.4836 -0.1759
vn 0.4525 -0.8898 0.0585
vn 0.2341 -0.9722 0.0005
vn 0.0017 -0.9959 -0.0906
vn 0.6992 -0.7053 0.1167
vn 0.3294 -0.9227 0.2004
vn 0.1721 -0.9812 0.0876
vn 0.0230 -0.9984 -0.0516
vn 0.5003 -0.8051 0.3187
vn 0.2430 -0.9305 0.2742
vn 0.1281 -0.9829 0.1320
vn -0.0106 -0.9980 -0.0626
vn 0.3555 -0.8328 0.4244
vn -0.0170 -0.9981 -0.0587
vn 0.1432 -0.8364 0.5291
vn 0.1033 -0.9314 0.3491
vn 0.1672 -0.8332 0.5270
vn 0.0867 -0.9327 0.3501
vn 0.0441 -0.9848 0.1681
vn 0.0354 -0.9848 0.1700
vn -0.0280 -0.9981 -0.0552
vn -0.0362 0.9956 -0.0869
vn -0.3603 0.4835 -0.7978
vn -0.0412 0.9952 -0.0892
vn -0.1192 0.4538 -0.8831
vn -0.3113 0.4835 -0.8181
vn 0.2022 0.4285 -0.8806
vn 0.5251 0.4325 -0.7330
vn 0.7180 0.4510 -0.5302
vn 0.8025 0.4612 -0.3784
vn 0.7967 0.4827 -0.3637
vn 0.8718 0.4496 -0.1947
vn 0.9155 0.3928 0.0865
vn 0.7789 0.4548 0.4318
vn 0.5413 0.5106 0.6680
vn 0.3708 0.5232 0.7673
vn 0.0256 0.9972 0.0699
vn 0.3102 0.5240 0.7932
vn 0.0284 0.9972 0.0696
vn 0.2822 0.5232 0.8041
vn 0.3133 -0.5032 0.8054
vn -0.3284 -0.5196 -0.7888
vn -0.0394 -0.9951 -0.0905
vn -0.3503 -0.5201 -0.7790
vn -0.1242 -0.5208 -0.8446
vn -0.3051 -0.5201 -0.7978
vn -0.0365 -0.9951 -0.0917
vn 0.1800 -0.5153 -0.8379
vn 0.4830 -0.5367 -0.6919
vn 0.6656 -0.5604 -0.4929
vn 0.7538 -0.5609 -0.3422
vn 0.7642 -0.5496 -0.3375
vn 0.8630 -0.4716 -0.1813
vn 0.9130 -0.3956 0.0996
vn 0.7827 -0.4393 0.4408
vn 0.5490 -0.4892 0.6777
vn 0.3778 -0.5026 0.7776
vn 0.2847 -0.5026 0.8163
vn 0.0381 -0.9942 0.1008
vn 0.0121 -0.9996 0.0240
vn -0.0389 -0.9950 -0.0920
vn 0.0054 -0.9999 0.0157
vn -0.5895 -0.2677 -0.7621
vn -0.8377 -0.2737 -0.4726
vn -0.5976 -0.2709 -0.7546
vn -0.9163 -0.2177 0.3362
vn -0.9202 -0.2135 0.3282
vn -0.9204 -0.2131 0.3278
vn 0.0047 -1.0000 0.0078
vn 0.0448 -0.9942 0.0981
vn -0.7795 -0.4155 0.4688
vn -0.5141 -0.6351 0.5765
vn -0.7821 -0.4121 0.4675
vn -0.3903 -0.2540 -0.8850
vn -0.8864 -0.2840 -0.3656
vn -0.7179 -0.6933 -0.0623
vn -0.9647 -0.2624 0.0232
vn -0.9162 -0.2179 0.3363
vn -0.2805 -0.8870 -0.3668
vn -0.0893 -0.9866 -0.1369
vn -0.3503 -0.9023 -0.2512
vn -0.4865 -0.6732 -0.5569
vn -0.6235 -0.6995 -0.3492
vn -0.3274 -0.5197 -0.7892
vn -0.0377 -0.9950 -0.0924
vn -0.6858 -0.2922 -0.6665
vn 0.0320 -0.9995 0.0006
vn -0.0109 -0.9998 0.0155
vn 0.1035 -0.9943 -0.0263
vn -0.2255 -0.8739 -0.4307
vn -0.1126 -0.9755 -0.1889
vn -0.0012 1.0000 -0.0069
vn -0.3713 -0.6482 -0.6648
vn 0.9174 0.2153 -0.3348
vn 0.9211 0.2091 -0.3283
vn 0.9173 0.2155 -0.3347
vn -0.0056 0.9999 -0.0107
vn -0.4970 -0.2908 -0.8176
vn -0.1880 -0.8746 -0.4470
vn -0.0782 -0.9824 -0.1698
vn 0.8802 0.3064 0.3625
vn 0.7160 0.6963 0.0501
vn 0.6254 0.7080 0.3281
vn 0.2836 0.8941 0.3465
vn 0.1208 0.9830 0.1383
vn 0.0793 0.9869 0.1407
vn 0.4917 0.6841 0.5387
vn 0.3504 0.9079 0.2300
vn -0.0360 0.9956 -0.0869
vn -0.3334 0.4931 -0.8036
vn -0.0231 0.9997 -0.0031
vn -0.1460 0.9883 0.0436
vn -0.1160 0.9927 0.0334
vn -0.0040 1.0000 -0.0057
vn -0.0031 1.0000 -0.0074
vn -0.0193 -0.9981 -0.0587
vn -0.2929 -0.6464 -0.7045
vn -0.5079 -0.6395 0.5771
vn -0.1939 -0.7772 0.5986
vn -0.1892 -0.7790 0.5978
vn 0.0523 -0.8259 0.5614
vn 0.0526 -0.8259 0.5613
vn -0.1011 -0.9920 0.0752
vn -0.0329 -0.9992 0.0231
vn 0.0024 -1.0000 0.0096
vn -0.0851 -0.9884 0.1258
vn 0.0016 -0.9999 0.0130
vn -0.0223 -0.9924 0.1210
vn 0.0033 -0.9999 0.0136
vn 0.0156 -0.9932 0.1155
vn 0.0040 -0.9999 0.0132
vn 0.0365 -0.9935 0.1075
vn -0.0039 0.9999 -0.0104
vn -0.0834 0.9958 0.0380
vn -0.0016 0.9999 -0.0132
vn -0.0777 0.9941 0.0756
vn -0.0023 0.9999 -0.0165
vn -0.0218 0.9974 0.0680
vn -0.0046 0.9998 -0.0181
vn 0.0077 0.9977 0.0670
vn -0.0052 0.9999 -0.0162
vn 0.9184 0.2134 -0.3331
vn 0.7363 0.4803 -0.4766
vn 0.9111 0.2508 -0.3272
vn 0.7608 0.4386 -0.4783
vn 0.4424 0.6927 -0.5696
vn 0.4737 0.6623 -0.5805
vn 0.1640 0.7990 -0.5785
vn 0.1768 0.7844 -0.5945
vn -0.0272 0.8332 -0.5523
vn -0.0351 0.8245 -0.5647
vn 0.6821 0.3111 0.6618
vn 0.2267 0.8803 0.4168
vn 0.0669 0.9874 0.1434
vn 0.3743 0.6570 0.6544
vn 0.4954 0.3013 0.8148
vn 0.1872 0.8767 0.4431
vn 0.0255 0.9972 0.0697
vn -0.8286 -0.2698 -0.4906
vn -0.9613 -0.2502 -0.1152
vn -0.9597 -0.2478 -0.1324
vn -0.9609 -0.2245 0.1620
vn -0.9624 -0.2234 0.1544
vn -0.0458 -0.9958 -0.0798
vn 0.0361 -0.9987 0.0365
vn -0.0432 -0.9980 -0.0463
vn 0.0723 -0.9968 0.0340
vn -0.0151 -0.9998 -0.0149
vn 0.1038 -0.9945 0.0105
vn 0.0165 -0.9999 -0.0044
vn 0.1201 -0.9926 -0.0154
vn -0.0116 0.9999 -0.0120
vn -0.0768 0.9932 -0.0871
vn -0.0318 0.9994 -0.0144
vn -0.1213 0.9908 -0.0602
vn -0.0571 0.9983 -0.0065
vn -0.1484 0.9889 -0.0110
vn -0.0766 0.9970 0.0095
vn -0.1570 0.9873 0.0259
vn -0.0709 0.9974 0.0158
vn 0.3840 0.2509 0.8886
vn 0.3760 0.2919 0.8794
vn 0.5259 0.2616 0.8093
vn 0.7356 0.2683 0.6220
vn 0.9226 0.2556 0.2890
vn 0.9604 0.2775 -0.0235
vn 0.9707 0.2275 -0.0774
vn 0.9167 0.2459 -0.3151
vn 0.2925 0.6478 0.7034
vn 0.1840 0.8776 0.4427
vn 0.0617 0.9867 0.1502
vn -0.1849 -0.8765 -0.4445
vn -0.0718 -0.9830 -0.1688
vn 0.4044 0.9108 0.0831
vn 0.0928 0.9903 0.1037
vn 0.7255 0.6605 -0.1933
vn 0.4185 0.9069 -0.0482
vn 0.1025 0.9913 0.0820
vn 0.7193 0.6655 -0.1993
vn 0.4121 0.9098 -0.0497
vn 0.1012 0.9915 0.0820
vn 0.5242 0.8027 -0.2844
vn 0.3028 0.9478 -0.0994
vn 0.0818 0.9937 0.0766
vn 0.3053 0.8894 -0.3402
vn 0.1858 0.9727 -0.1389
vn 0.0834 0.9956 0.0423
vn 0.1207 0.9252 -0.3598
vn 0.0838 0.9832 -0.1620
vn 0.0515 0.9965 0.0651
vn -0.0065 0.9339 -0.3574
vn 0.0108 0.9854 -0.1700
vn 0.0403 0.9967 0.0702
vn -0.2928 -0.6464 -0.7046
vn -0.2550 0.8341 -0.4891
vn -0.4084 -0.9078 -0.0955
vn -0.0852 -0.9902 -0.1109
vn -0.7175 -0.6700 0.1905
vn -0.9173 -0.2438 0.3149
vn -0.4106 -0.9107 0.0456
vn -0.1010 -0.9914 -0.0828
vn -0.7101 -0.6768 0.1940
vn -0.9108 -0.2517 0.3272
vn -0.4015 -0.9147 0.0466
vn -0.0991 -0.9916 -0.0827
vn -0.5160 -0.8020 0.3009
vn -0.7295 -0.4836 0.4837
vn -0.2983 -0.9466 0.1226
vn -0.0744 -0.9941 -0.0791
vn -0.2777 -0.8898 0.3620
vn -0.4105 -0.7053 0.5780
vn -0.1648 -0.9722 0.1664
vn -0.0654 -0.9959 -0.0627
vn -0.0902 -0.9227 0.3748
vn -0.1271 -0.8051 0.5794
vn -0.0593 -0.9812 0.1837
vn -0.0527 -0.9984 -0.0203
vn 0.0231 -0.9304 0.3657
vn 0.0500 -0.8328 0.5513
vn 0.0032 -0.9829 0.1839
vn -0.0369 -0.9980 -0.0517
vn -0.0296 -0.9981 -0.0534
vn -0.0032 0.9999 -0.0110
vn -0.3346 0.4931 -0.8031
vn 0.2740 -0.8364 0.4747
vn 0.1744 -0.9314 0.3195
vn 0.3434 0.5240 0.7794
vn -0.5419 0.4538 -0.7074
vn -0.7668 0.4286 -0.4778
vn -0.8899 0.4325 -0.1448
vn -0.8823 0.4510 0.1349
vn -0.8343 0.4612 0.3019
vn -0.8198 0.4827 0.3081
vn -0.7529 0.4496 0.4806
vn -0.5845 0.3928 0.7100
vn -0.2433 0.4547 0.8567
vn 0.0916 0.5106 0.8549
vn -0.5110 -0.5207 -0.6839
vn -0.7209 -0.5153 -0.4635
vn -0.8311 -0.5367 -0.1457
vn -0.8189 -0.5604 0.1241
vn -0.7743 -0.5609 0.2928
vn -0.7782 -0.5497 0.3037
vn -0.7372 -0.4716 0.4838
vn -0.5734 -0.3957 0.7174
vn -0.2396 -0.4393 0.8658
vn 0.0931 -0.4892 0.8672
vn 0.3499 -0.5032 0.7902
vn -0.3677 -0.2895 -0.8837
vn -0.0390 -0.9948 -0.0938
vn 0.0062 -0.9999 0.0149
vn 0.0075 -0.9999 0.0151
vn 0.0023 -1.0000 0.0063
vn 0.0389 -0.9948 0.0942
vn -0.0683 -0.9840 -0.1644
vn -0.1841 -0.8774 -0.4430
vn -0.0697 -0.9835 -0.1667
vn -0.3716 -0.2504 -0.8940
vn -0.3731 -0.2505 -0.8934
vn 0.1795 -0.8252 0.5355
vn 0.2144 -0.8307 0.5138
vn 0.2191 -0.8230 0.5240
vn 0.2552 -0.8329 0.4911
vn 0.2519 -0.8253 0.5054
vn -0.0365 0.9955 -0.0878
vn 0.0295 0.9972 0.0694
vn -0.0038 1.0000 -0.0084
vn 0.0283 0.9972 0.0687
vn -0.2541 0.8250 -0.5048
vn -0.2122 0.8319 -0.5127
vn -0.2170 0.8229 -0.5251
vn -0.1676 0.8338 -0.5260
vn -0.1796 0.8251 -0.5357
vn -0.2924 -0.6479 -0.7034
vn 0.0615 0.9871 0.1479
vn 0.1835 0.8784 0.4414
vn -0.3673 -0.2902 -0.8837
vn 0.2920 0.6491 0.7024
vn 0.3671 0.2920 0.8832
vn -0.1394 0.9315 -0.3359
vn -0.0659 0.9851 -0.1591
vn 0.0291 0.9971 0.0697
vn 0.1398 -0.9314 0.3359
vn 0.0663 -0.9850 0.1593
vn -0.0248 -0.9979 -0.0596
vn -0.3277 -0.5208 -0.7883
vn 0.3268 0.5244 0.7862
vn -0.3334 0.4952 -0.8022
vn 0.3316 -0.5036 0.7978
vn 0.0027 -1.0000 0.0093
vn 0.0035 -0.9999 0.0118
vn 0.0435 0.9936 0.1046
vn -0.0467 -0.9932 -0.1067
vn -0.0461 -0.9933 -0.1058
vn -0.0440 -0.9936 -0.1044
vn -0.0436 -0.9936 -0.1046
vn -0.0435 -0.9935 -0.1051
vn -0.0435 -0.9935 -0.1054
vn -0.0434 -0.9934 -0.1057
vn -0.0443 -0.9934 -0.1059
vn -0.0437 -0.9935 -0.1050
vn -0.0433 -0.9935 -0.1048
vn -0.0434 -0.9935 -0.1052
vn -0.0435 -0.9935 -0.1055
vn -0.0433 -0.9935 -0.1051
vn -0.0432 -0.9936 -0.1046
vn -0.0431 -0.9936 -0.1045
vn -0.0437 -0.9935 -0.1051
vn -0.0438 -0.9935 -0.1053
vn -0.0436 -0.9935 -0.1048
vn -0.0435 -0.9936 -0.1047
vn -0.0438 -0.9935 -0.1054
vn -0.0439 -0.9935 -0.1049
vn -0.0439 -0.9935 -0.1052
vn -0.0438 -0.9935 -0.1047
vn -0.0438 -0.9936 -0.1046
vn -0.0440 -0.9935 -0.1050
vn -0.0440 -0.9935 -0.1052
vn -0.0443 -0.9934 -0.1054
vn -0.0438 -0.9934 -0.1060
vn -0.0437 -0.9936 -0.1043
vn -0.0437 -0.9936 -0.1046
vn -0.0442 -0.9935 -0.1052
vn -0.0425 -0.9932 -0.1084
vn -0.0425 -0.9933 -0.1073
vn -0.0429 -0.9936 -0.1046
vn -0.0434 -0.9936 -0.1047
vn -0.0438 -0.9935 -0.1049
vn 0.2190 -0.8229 0.5243
vn 0.2191 -0.8229 0.5242
vn 0.2327 -0.8258 0.5137
vn 0.2417 -0.8256 0.5099
vn 0.2124 -0.8247 0.5241
vn 0.1990 -0.8257 0.5278
vn 0.1898 -0.8256 0.5314
vn -0.3721 -0.2505 -0.8937
vn -0.3724 -0.2504 -0.8936
vn -0.3726 -0.2504 -0.8936
vn -0.3710 -0.2505 -0.8942
vn -0.3708 -0.2504 -0.8943
vn -0.3706 -0.2504 -0.8944
vn -0.9209 -0.2127 0.3268
vn -0.9702 -0.2271 0.0842
vn -0.9209 -0.2129 0.3266
vn -0.9670 -0.2253 0.1186
vn -0.9207 -0.2130 0.3271
vn -0.9644 -0.2241 0.1402
vn -0.9280 -0.2520 -0.2744
vn -0.9457 -0.2503 -0.2074
vn -0.9547 -0.2489 -0.1631
vn -0.7456 -0.2656 -0.6112
vn -0.7846 -0.2679 -0.5592
vn -0.8107 -0.2690 -0.5200
vn 0.1572 -0.8291 0.5366
vn 0.0537 -0.8258 0.5614
vn 0.1681 -0.8299 0.5320
vn 0.0531 -0.8259 0.5614
vn 0.1771 -0.8302 0.5285
vn 0.0529 -0.8259 0.5613
vn -0.1526 -0.7888 0.5954
vn -0.1708 -0.7841 0.5967
vn -0.1819 -0.7811 0.5973
vn -0.4573 -0.6682 0.5868
vn -0.4832 -0.6540 0.5821
vn -0.4983 -0.6452 0.5791
vn -0.7588 -0.4381 0.4820
vn -0.9182 -0.2140 0.3332
vn -0.7693 -0.4268 0.4755
vn -0.9171 -0.2162 0.3350
vn -0.7756 -0.4198 0.4714
vn -0.9165 -0.2172 0.3358
vn -0.5325 -0.2617 -0.8049
vn -0.3841 -0.2525 -0.8881
vn -0.5570 -0.2642 -0.7874
vn -0.3858 -0.2527 -0.8873
vn -0.5754 -0.2661 -0.7734
vn -0.3876 -0.2529 -0.8864
vn 0.8812 -0.2127 -0.4222
vn 0.7441 -0.2271 -0.6283
vn 0.8810 -0.2129 -0.4224
vn 0.7662 -0.2253 -0.6018
vn 0.8813 -0.2130 -0.4219
vn 0.7797 -0.2241 -0.5847
vn 0.4601 -0.2520 -0.8514
vn 0.5199 -0.2503 -0.8167
vn 0.5578 -0.2489 -0.7917
vn 0.0927 -0.2656 -0.9596
vn 0.1571 -0.2679 -0.9506
vn 0.2031 -0.2690 -0.9415
vn 0.2695 -0.8291 0.4899
vn 0.3601 -0.8258 0.4340
vn 0.2586 -0.8299 0.4944
vn 0.3604 -0.8259 0.4336
vn 0.2497 -0.8302 0.4984
vn 0.3606 -0.8259 0.4334
vn 0.5297 -0.7888 0.3118
vn 0.5434 -0.7841 0.2998
vn 0.5517 -0.7811 0.2924
vn 0.7385 -0.6682 0.0897
vn 0.7535 -0.6539 0.0680
vn 0.7620 -0.6452 0.0553
vn -0.3586 -0.2525 -0.8987
vn -0.3567 -0.2527 -0.8994
vn -0.3549 -0.2529 -0.9000
vn 0.8769 -0.4380 -0.1978
vn 0.8839 -0.2140 -0.4158
vn 0.8797 -0.4268 -0.2099
vn 0.8844 -0.2162 -0.4137
vn 0.8812 -0.4199 -0.2173
vn 0.8845 -0.2172 -0.4128
vn -0.1949 -0.2617 -0.9453
vn -0.1653 -0.2642 -0.9502
vn -0.1423 -0.2661 -0.9534
vn -0.1978 0.8255 -0.5286
vn -0.1890 0.8253 -0.5321
vn -0.2228 0.8245 -0.5201
vn -0.2362 0.8254 -0.5127
vn -0.2449 0.8253 -0.5089
vn 0.9615 0.2198 -0.1648
vn 0.9213 0.2097 -0.3274
vn 0.9626 0.2229 -0.1537
vn 0.9214 0.2096 -0.3272
vn 0.9650 0.2240 -0.1366
vn 0.9216 0.2094 -0.3269
vn 0.9677 0.2255 -0.1129
vn 0.9216 0.2092 -0.3269
vn 0.9634 0.2446 0.1101
vn 0.9588 0.2503 0.1346
vn 0.9522 0.2522 0.1722
vn 0.9415 0.2540 0.2215
vn 0.8421 0.2686 0.4676
vn 0.8262 0.2732 0.4927
vn 0.8039 0.2726 0.5286
vn 0.7748 0.2711 0.5712
vn 0.6013 0.2673 0.7530
vn 0.5880 0.2688 0.7629
vn 0.5707 0.2669 0.7766
vn 0.5502 0.2645 0.7920
vn 0.3883 0.2515 0.8865
vn 0.3862 0.2512 0.8875
vn -0.0459 0.8257 -0.5622
vn -0.1824 0.8298 -0.5274
vn -0.0443 0.8257 -0.5624
vn -0.1738 0.8296 -0.5305
vn -0.0421 0.8254 -0.5630
vn -0.1642 0.8293 -0.5341
vn -0.0392 0.8250 -0.5637
vn -0.1529 0.8289 -0.5381
vn 0.2041 0.7771 -0.5953
vn 0.2006 0.7779 -0.5956
vn 0.1950 0.7794 -0.5954
vn 0.1875 0.7815 -0.5950
vn 0.5227 0.6341 -0.5699
vn 0.5170 0.6371 -0.5717
vn 0.5073 0.6429 -0.5739
vn 0.4939 0.6508 -0.5766
vn 0.7857 0.4112 -0.4622
vn 0.7830 0.4139 -0.4643
vn 0.7783 0.4193 -0.4674
vn 0.7715 0.4270 -0.4717
vn 0.9176 0.2149 -0.3345
vn 0.9179 0.2144 -0.3340
vn -0.7950 0.2198 0.5653
vn -0.7880 0.2229 0.5739
vn -0.8819 0.2096 0.4223
vn -0.7775 0.2240 0.5876
vn -0.8818 0.2094 0.4226
vn -0.7626 0.2255 0.6063
vn -0.6015 0.2446 0.7605
vn -0.5808 0.2503 0.7746
vn -0.5497 0.2522 0.7964
vn -0.5071 0.2540 0.8236
vn -0.2623 0.2686 0.9268
vn -0.2335 0.2732 0.9332
vn -0.1924 0.2726 0.9427
vn -0.1416 0.2711 0.9521
vn 0.1094 0.2673 0.9574
vn 0.1259 0.2688 0.9549
vn 0.1479 0.2669 0.9523
vn 0.1733 0.2645 0.9487
vn 0.3504 0.2513 0.9022
vn 0.3545 0.2515 0.9006
vn 0.3567 0.2512 0.8998
vn -0.3661 0.8257 -0.4291
vn -0.3673 0.8257 -0.4281
vn -0.2534 0.8296 -0.4975
vn -0.3694 0.8254 -0.4269
vn -0.2628 0.8293 -0.4931
vn -0.3719 0.8250 -0.4254
vn -0.5660 0.7771 -0.2752
vn -0.5636 0.7779 -0.2779
vn -0.5596 0.7794 -0.2817
vn -0.5540 0.7815 -0.2868
vn -0.7726 0.6341 -0.0315
vn -0.7699 0.6371 -0.0368
vn -0.7646 0.6429 -0.0452
vn -0.7571 0.6508 -0.0566
vn -0.8818 0.4112 0.2309
vn -0.8814 0.4139 0.2275
vn -0.8803 0.4193 0.2220
vn -0.8785 0.4270 0.2141
vn -0.8843 0.2155 0.4141
vn -0.8843 0.2149 0.4145
vn -0.8842 0.2144 0.4150
vn 0.9234 0.0000 -0.3838
vn -0.3817 0.1048 -0.9183
vn -0.3818 0.1047 -0.9183
vn 0.0402 0.9945 0.0968
vn 0.0402 0.9945 0.0967
vn 0.3817 -0.1048 0.9183
vn 0.3818 -0.1049 0.9183
vn -0.9234 0.0000 0.3838
vn -0.0402 -0.9945 -0.0968
vn 0.3816 -0.1047 0.9184
vn -0.3817 0.1049 -0.9183
vn -0.0401 -0.9945 -0.0967
vn 0.0403 0.9945 0.0969
vn -0.0403 -0.9945 -0.0969
vn -0.3824 -0.0856 -0.9200
vn -0.3636 0.3206 -0.8747
vn -0.0097 0.9997 -0.0235
vn 0.1009 0.9648 0.2429
vn -0.0098 0.9997 -0.0234
vn 0.3636 -0.3206 0.8747
vn 0.3824 0.0856 0.9200
vn 0.3636 -0.3206 0.8746
vn 0.0097 -0.9997 0.0235
vn 0.3823 0.0856 0.9201
vn -0.1009 -0.9648 -0.2429
vn 0.1010 0.9648 0.2428
vn -0.1008 -0.9648 -0.2429
vn 0.0342 -0.9959 -0.0834
vn 0.2721 -0.9455 -0.1788
vn 0.6355 -0.7057 -0.3132
vn 0.8670 -0.3193 -0.3826
vn 0.3766 -0.1932 0.9060
vn 0.9200 -0.0635 -0.3868
vn 0.3138 -0.5757 0.7550
vn 0.1550 -0.9148 0.3729
vn -0.8437 0.3819 0.3772
vn -0.9165 0.0978 0.3878
vn -0.6355 0.7057 0.3132
vn -0.3307 0.9220 0.2015
vn -0.0660 0.9931 0.0965
vn -0.3830 -0.0661 -0.9214
vn -0.3395 -0.4664 -0.8168
vn -0.1986 -0.8557 -0.4779
vn -0.0833 -0.9959 -0.0346
vn -0.3187 -0.9455 0.0667
vn -0.6703 -0.7057 0.2296
vn -0.8827 -0.3193 0.3447
vn -0.9231 -0.0635 0.3792
vn 0.8625 0.3819 -0.3320
vn 0.9214 0.0978 -0.3761
vn 0.6703 0.7057 -0.2296
vn 0.3761 0.9220 -0.0922
vn 0.1150 0.9931 0.0213
vn 0.9825 0.0143 -0.1856
vn -0.1366 -0.6223 -0.7707
vn -0.1596 -0.4488 -0.8793
vn -0.0135 0.9999 0.0059
vn 0.0249 0.9780 0.2071
vn 0.1596 0.4488 0.8793
vn 0.1366 0.6224 0.7707
vn -0.9825 -0.0143 0.1856
vn 0.0135 -0.9999 -0.0059
vn 0.1115 -0.8435 0.5254
vn 0.1861 -0.1045 0.9770
vn 0.0637 0.9110 0.4074
vn 0.1064 0.7751 0.6228
vn 0.1366 0.6223 0.7707
vn -0.0249 -0.9780 -0.2071
vn -0.0637 -0.9110 -0.4074
vn -0.1064 -0.7751 -0.6228
vn -0.1115 0.8435 -0.5254
vn -0.1861 0.1045 -0.9770
vn -0.1905 0.0830 -0.9782
vn -0.1157 0.8318 -0.5430
vn -0.1147 0.8330 -0.5412
vn -0.0164 0.9998 -0.0117
vn -0.0170 0.9998 -0.0131
vn -0.1719 -0.4793 -0.8607
vn -0.1946 0.0712 -0.9783
vn -0.1791 -0.5782 -0.7960
vn -0.1763 -0.5840 -0.7924
vn -0.1388 -0.7937 -0.5922
vn -0.1757 -0.6555 -0.7344
vn -0.1732 -0.6472 -0.7424
vn -0.0372 -0.9821 -0.1848
vn -0.0850 -0.9252 -0.3698
vn -0.0866 -0.9206 -0.3807
vn -0.1385 -0.8018 -0.5813
vn 0.0848 0.8626 0.4987
vn 0.0853 0.8674 0.4903
vn 0.1104 0.7921 0.6003
vn 0.1416 0.6579 0.7397
vn 0.1496 0.6517 0.7435
vn 0.1436 -0.8381 0.5263
vn 0.0150 -0.9997 0.0179
vn 0.0126 -0.9999 0.0092
vn 0.0209 0.9823 0.1863
vn 0.0218 0.9820 0.1876
vn 0.0606 0.9228 0.3804
vn 0.0614 0.9202 0.3866
vn 0.2067 0.4881 0.8480
vn 0.2445 -0.0557 0.9681
vn 0.2466 -0.0671 0.9668
vn 0.2004 0.4913 0.8476
vn 0.1498 -0.8197 0.5529
vn -0.0356 -0.9834 -0.1777
vn -0.8246 0.0143 0.5655
vn -0.4500 -0.6224 -0.6404
vn -0.5107 -0.4488 -0.7333
vn 0.0137 0.9999 -0.0054
vn 0.1292 0.9780 0.1637
vn 0.5107 0.4488 0.7333
vn 0.4500 0.6224 0.6404
vn 0.4500 0.6223 0.6405
vn 0.8246 -0.0143 -0.5655
vn -0.0137 -0.9999 0.0054
vn 0.2938 -0.8435 0.4497
vn 0.5612 -0.1045 0.8211
vn 0.2438 0.9110 0.3325
vn 0.3664 0.7751 0.5148
vn -0.1292 -0.9780 -0.1637
vn -0.2438 -0.9110 -0.3325
vn -0.3664 -0.7751 -0.5148
vn -0.2938 0.8435 -0.4497
vn -0.5612 0.1045 -0.8211
vn -0.5590 0.0830 -0.8250
vn -0.3033 0.8318 -0.4650
vn -0.5562 0.0712 -0.8280
vn -0.3027 0.8330 -0.4631
vn 0.0032 0.9998 -0.0199
vn -0.4888 -0.4793 -0.7289
vn -0.4871 -0.4909 -0.7223
vn -0.4373 -0.5840 -0.6839
vn -0.3219 -0.7937 -0.5161
vn -0.3966 -0.6555 -0.6426
vn -0.3144 -0.8018 -0.5083
vn -0.1048 -0.9821 -0.1567
vn -0.2021 -0.9252 -0.3211
vn -0.1008 -0.9834 -0.1506
vn -0.2088 -0.9206 -0.3299
vn 0.2874 0.8674 0.4063
vn 0.2269 0.9228 0.3113
vn 0.2937 0.8626 0.4119
vn 0.3477 0.7921 0.5017
vn 0.4244 0.6579 0.6222
vn 0.3445 0.7981 0.4943
vn 0.2718 -0.8381 0.4730
vn 0.0021 -0.9997 0.0233
vn 0.2862 -0.8197 0.4961
vn 0.0027 0.9998 -0.0213
vn 0.1173 0.9823 0.1463
vn 0.1176 0.9820 0.1478
vn 0.4553 0.4881 0.7446
vn 0.5137 -0.0557 0.8561
vn 0.4595 0.4913 0.7399
vn 0.4215 0.6517 0.6305
vn 0.5113 -0.0671 0.8568
vn -0.0024 -0.9999 0.0154
vn -0.1684 -0.4909 -0.8548
vn 0.1074 0.7981 0.5929
vn -0.4500 -0.6223 -0.6405
vn -0.4041 -0.6472 -0.6464
vn -0.4379 -0.5782 -0.6885
vn 0.2308 0.9202 0.3162
vn 0.3223 -0.5430 0.7754
vn 0.7341 -0.0560 0.6768
vn 0.3829 -0.0674 0.9213
vn 0.1795 -0.8839 0.4318
vn 0.6393 -0.5323 0.5550
vn -0.0119 -0.9995 -0.0286
vn 0.3820 -0.8768 0.2920
vn -0.2032 -0.8484 -0.4888
vn 0.0224 -0.9985 -0.0503
vn -0.3409 -0.4595 -0.8202
vn -0.3490 -0.8543 -0.3853
vn -0.3830 0.0633 -0.9216
vn -0.6290 -0.4701 -0.6191
vn -0.3158 0.5685 -0.7597
vn -0.7323 0.0520 -0.6790
vn -0.1597 0.9094 -0.3842
vn -0.6256 0.5596 -0.5435
vn 0.0383 0.9950 0.0921
vn -0.3425 0.9043 -0.2549
vn 0.2228 0.8142 0.5361
vn 0.0312 0.9946 0.0993
vn 0.3473 0.4256 0.8356
vn 0.3907 0.8188 0.4207
vn 0.6447 0.4346 0.6289
vn 0.9604 -0.0208 0.2777
vn 0.8440 -0.4995 0.1955
vn 0.5143 -0.8553 0.0631
vn 0.0476 -0.9951 -0.0870
vn -0.4406 -0.8714 -0.2157
vn -0.8161 -0.5027 -0.2852
vn -0.9619 0.0154 -0.2729
vn -0.8282 0.5301 -0.1821
vn -0.4588 0.8876 -0.0407
vn 0.0302 0.9935 0.1099
vn 0.5014 0.8341 0.2300
vn 0.8372 0.4634 0.2905
vn 0.9967 0.0197 -0.0789
vn 0.8730 -0.4706 -0.1279
vn 0.5219 -0.8408 -0.1439
vn 0.0304 -0.9922 -0.1210
vn -0.4736 -0.8784 -0.0635
vn -0.8517 -0.5238 0.0134
vn -0.9960 -0.0230 0.0866
vn -0.8642 0.4848 0.1347
vn -0.4941 0.8571 0.1455
vn 0.0082 0.9929 0.1183
vn 0.5038 0.8616 0.0615
vn 0.8630 0.5051 -0.0100
vn 0.9796 0.0394 -0.1972
vn 0.8588 -0.4646 -0.2158
vn 0.5059 -0.8443 -0.1765
vn 0.0155 -0.9959 -0.0893
vn -0.4790 -0.8775 0.0223
vn -0.8433 -0.5220 0.1278
vn -0.9797 -0.0267 0.1984
vn -0.8536 0.4743 0.2153
vn -0.5008 0.8478 0.1747
vn -0.0158 0.9960 0.0878
vn 0.4734 0.8806 -0.0221
vn 0.8377 0.5313 -0.1263
vn 0.9788 0.0466 -0.1992
vn 0.8735 -0.4601 -0.1590
vn 0.5298 -0.8447 -0.0757
vn 0.0396 -0.9988 0.0287
vn -0.4614 -0.8782 0.1255
vn -0.8346 -0.5179 0.1877
vn -0.9799 -0.0195 0.1983
vn -0.8628 0.4810 0.1554
vn -0.5187 0.8520 0.0714
vn -0.0397 0.9987 -0.0310
vn 0.4495 0.8845 -0.1251
vn 0.8222 0.5377 -0.1866
vn 0.9775 0.0481 -0.2052
vn 0.8908 -0.4478 -0.0772
vn 0.5604 -0.8251 0.0719
vn 0.0744 -0.9766 0.2018
vn -0.4319 -0.8585 0.2763
vn -0.8180 -0.5052 0.2749
vn -0.9799 -0.0173 0.1985
vn -0.8791 0.4716 0.0690
vn -0.5475 0.8331 -0.0784
vn -0.0744 0.9760 -0.2047
vn 0.4180 0.8650 -0.2776
vn 0.8028 0.5274 -0.2780
vn 0.9750 0.0490 -0.2165
vn 0.9109 -0.4123 0.0146
vn 0.5962 -0.7655 0.2420
vn 0.1146 -0.9080 0.4031
vn -0.3986 -0.7974 0.4531
vn -0.7994 -0.4668 0.3782
vn -0.9798 -0.0123 0.1996
vn -0.8972 0.4404 -0.0324
vn -0.5803 0.7735 -0.2549
vn -0.1148 0.9047 -0.4103
vn 0.3803 0.8027 -0.4594
vn 0.7787 0.4921 -0.3892
vn 0.9708 0.0448 -0.2356
vn 0.9351 -0.3343 0.1172
vn 0.6418 -0.6259 0.4431
vn 0.1645 -0.7435 0.6482
vn -0.3601 -0.6504 0.6688
vn -0.7792 -0.3762 0.5014
vn -0.9799 -0.0029 0.1995
vn -0.9179 0.3671 -0.1508
vn -0.6181 0.6387 -0.4583
vn -0.1615 0.7455 -0.6467
vn 0.3362 0.6619 -0.6700
vn 0.7495 0.4077 -0.5215
vn 0.9705 0.0235 -0.2398
vn 0.9473 -0.2476 0.2033
vn 0.6656 -0.4512 0.5945
vn 0.1998 -0.5314 0.8232
vn -0.3218 -0.4663 0.8240
vn -0.7536 -0.2729 0.5980
vn -0.9773 -0.0047 0.2117
vn -0.9374 0.2640 -0.2270
vn -0.6512 0.4619 -0.6022
vn -0.1970 0.5386 -0.8192
vn 0.3080 0.4754 -0.8241
vn 0.7348 0.2878 -0.6142
vn 0.9741 -0.0198 -0.2254
vn 0.9341 -0.2880 0.2108
vn 0.6507 -0.4797 0.5886
vn 0.2000 -0.5466 0.8132
vn -0.3030 -0.4718 0.8280
vn -0.7300 -0.2732 0.6265
vn -0.9667 -0.0010 0.2558
vn -0.9435 0.2724 -0.1886
vn -0.6605 0.4713 -0.5845
vn -0.1939 0.5402 -0.8189
vn 0.3258 0.4604 -0.8258
vn 0.7534 0.2546 -0.6062
vn 0.9612 -0.0876 -0.2616
vn 0.8818 -0.4667 0.0676
vn 0.5794 -0.7232 0.3759
vn 0.1330 -0.7972 0.5889
vn -0.3475 -0.6712 0.6547
vn -0.7440 -0.3733 0.5542
vn -0.9517 0.0264 0.3060
vn -0.9043 0.4257 -0.0314
vn -0.6004 0.7111 -0.3659
vn -0.1204 0.7935 -0.5966
vn 0.3921 0.6471 -0.6539
vn 0.7869 0.3205 -0.5273
vn 0.9322 -0.1221 -0.3406
vn 0.7904 -0.5852 -0.1810
vn 0.4483 -0.8936 0.0230
vn -0.0053 -0.9755 0.2201
vn -0.4586 -0.8116 0.3620
vn -0.7985 -0.4384 0.4127
vn -0.9328 0.0557 0.3561
vn -0.8151 0.5428 0.2022
vn -0.4670 0.8842 -0.0100
vn 0.0165 0.9750 -0.2214
vn 0.4940 0.7872 -0.3692
vn 0.8280 0.3810 -0.4115
vn 0.9052 -0.1206 -0.4074
vn 0.6924 -0.5849 -0.4224
vn 0.3043 -0.8939 -0.3292
vn -0.1588 -0.9753 -0.1533
vn -0.5825 -0.8105 0.0617
vn -0.8604 -0.4366 0.2628
vn -0.9158 0.0572 0.3976
vn -0.7233 0.5432 0.4264
vn -0.3262 0.8837 0.3357
vn 0.1659 0.9748 0.1488
vn 0.6099 0.7884 -0.0799
vn 0.8791 0.3830 -0.2836
vn 0.8824 -0.0994 -0.4599
vn 0.5977 -0.4831 -0.6398
vn 0.1636 -0.7383 -0.6543
vn -0.3090 -0.8064 -0.5042
vn -0.7046 -0.6723 -0.2272
vn -0.9241 -0.3660 0.1101
vn -0.9051 0.0407 0.4232
vn -0.6407 0.4444 0.6261
vn -0.1928 0.7302 0.6555
vn 0.3137 0.8089 0.4973
vn 0.7294 0.6550 0.1974
vn 0.9353 0.3182 -0.1547
vn 0.8654 -0.0591 -0.4976
vn 0.5228 -0.2722 -0.8078
vn 0.0520 -0.4141 -0.9087
vn -0.4292 -0.4518 -0.7821
vn -0.8039 -0.3766 -0.4604
vn -0.9785 -0.2055 -0.0199
vn -0.9014 0.0212 0.4324
vn -0.5792 0.2454 0.7774
vn -0.0874 0.4035 0.9108
vn 0.4356 0.4461 0.7818
vn 0.8307 0.3596 0.4250
vn 0.9839 0.1724 -0.0479
vn 0.8716 -0.0177 -0.4899
vn 0.5130 -0.0618 -0.8562
vn 0.0235 -0.0899 -0.9957
vn -0.4700 -0.0943 -0.8776
vn -0.8429 -0.0739 -0.5330
vn -0.9983 -0.0341 -0.0477
vn -0.8905 0.0135 0.4547
vn -0.5412 0.0555 0.8391
vn -0.0409 0.0811 0.9959
vn 0.4723 0.0852 0.8773
vn 0.8545 0.0668 0.5151
vn 0.9995 0.0295 0.0121
vn 0.8881 -0.0583 -0.4559
vn 0.5344 -0.0778 -0.8417
vn 0.0320 -0.0756 -0.9966
vn -0.4789 -0.0530 -0.8763
vn -0.8565 -0.0162 -0.5159
vn -0.9995 0.0252 -0.0180
vn -0.8747 0.0605 0.4809
vn -0.5206 0.0801 0.8500
vn -0.0324 0.0789 0.9964
vn 0.4641 0.0570 0.8839
vn 0.8413 0.0200 0.5401
vn 0.9984 -0.0224 0.0510
vn 0.8894 -0.1688 -0.4248
vn 0.5348 -0.2863 -0.7950
vn 0.0277 -0.3246 -0.9454
vn -0.4878 -0.2715 -0.8297
vn -0.8638 -0.1430 -0.4832
vn -0.9997 0.0233 -0.0087
vn -0.8678 0.1816 0.4626
vn -0.5108 0.2913 0.8089
vn -0.0243 0.3254 0.9453
vn 0.4681 0.2762 0.8394
vn 0.8419 0.1555 0.5168
vn 0.9984 -0.0067 0.0562
vn 0.8854 -0.2576 -0.3869
vn 0.5303 -0.4730 -0.7036
vn 0.0272 -0.5592 -0.8286
vn -0.4847 -0.4901 -0.7245
vn -0.8613 -0.2857 -0.4202
vn -1.0000 -0.0053 -0.0026
vn -0.8689 0.2734 0.4127
vn -0.5095 0.4775 0.7158
vn -0.0193 0.5563 0.8308
vn 0.4751 0.4910 0.7302
vn 0.8474 0.2980 0.4395
vn 0.9992 0.0250 0.0320
vn 0.8856 -0.2915 -0.3617
vn 0.5340 -0.5763 -0.6187
vn 0.0345 -0.7053 -0.7081
vn -0.4759 -0.6404 -0.6028
vn -0.8548 -0.3991 -0.3316
vn -0.9983 -0.0499 0.0291
vn -0.8715 0.3101 0.3799
vn -0.5139 0.5849 0.6275
vn -0.0232 0.7047 0.7091
vn 0.4724 0.6405 0.6055
vn 0.8453 0.4091 0.3437
vn 0.9976 0.0692 -0.0093
vn 0.8830 -0.3048 -0.3570
vn 0.5350 -0.6295 -0.5634
vn 0.0417 -0.7850 -0.6181
vn -0.4637 -0.7278 -0.5053
vn -0.8432 -0.4730 -0.2556
vn -0.9939 -0.0907 0.0632
vn -0.8765 0.3149 0.3642
vn -0.5250 0.6347 0.5670
vn -0.0350 0.7849 0.6186
vn 0.4634 0.7272 0.5063
vn 0.8394 0.4773 0.2600
vn 0.9934 0.1002 -0.0555
vn 0.8789 -0.2909 -0.3781
vn 0.5379 -0.6380 -0.5510
vn 0.0515 -0.8148 -0.5774
vn -0.4500 -0.7723 -0.4484
vn -0.8305 -0.5208 -0.1975
vn -0.9859 -0.1280 0.1075
vn -0.8740 0.2993 0.3829
vn -0.5264 0.6452 0.5537
vn -0.0390 0.8171 0.5751
vn 0.4571 0.7711 0.4432
vn 0.8312 0.5209 0.1944
vn 0.9855 0.1329 -0.1055
vn 0.8725 -0.2573 -0.4154
vn 0.5487 -0.6430 -0.5343
vn 0.0740 -0.8572 -0.5096
vn -0.4237 -0.8377 -0.3446
vn -0.8053 -0.5869 -0.0836
vn -0.9641 -0.1749 0.1997
vn -0.8593 0.2827 0.4262
vn -0.5247 0.6613 0.5361
vn -0.0537 0.8625 0.5032
vn 0.4295 0.8369 0.3392
vn 0.8003 0.5932 0.0873
vn 0.9628 0.1943 -0.1879
vn 0.8677 -0.2510 -0.4291
vn 0.5703 -0.6760 -0.4666
vn 0.1154 -0.9193 -0.3763
vn -0.3725 -0.9101 -0.1817
vn -0.7573 -0.6500 0.0625
vn -0.9336 -0.2133 0.2880
vn -0.8567 0.2781 0.4344
vn -0.5522 0.6921 0.4648
vn -0.1039 0.9218 0.3735
vn 0.3704 0.9102 0.1850
vn 0.7483 0.6613 -0.0520
vn 0.9311 0.2380 -0.2765
vn 0.8735 -0.2638 -0.4091
vn 0.5970 -0.7035 -0.3856
vn 0.1580 -0.9533 -0.2572
vn -0.3243 -0.9441 -0.0590
vn -0.7180 -0.6786 0.1549
vn -0.9168 -0.2303 0.3264
vn -0.8686 0.2781 0.4101
vn -0.5892 0.7106 0.3847
vn -0.1544 0.9538 0.2578
vn 0.3207 0.9451 0.0628
vn 0.7115 0.6867 -0.1491
vn 0.9144 0.2451 -0.3220
vn 0.3603 -0.1677 0.9176
vn -0.1015 0.3316 0.9380
vn -0.2680 0.0465 0.9623
vn 0.3549 -0.1527 0.9224
vn 0.1760 0.4960 0.8503
vn 0.3606 -0.1677 0.9175
vn 0.6611 -0.5657 0.4929
vn 0.8352 -0.2977 0.4624
vn 0.3647 -0.1394 0.9206
vn 0.4864 0.4901 0.7233
vn 0.3550 -0.1527 0.9223
vn 0.3941 -0.7136 0.5792
vn 0.3800 -0.1409 0.9142
vn 0.7402 0.3156 0.5937
vn 0.3647 -0.1392 0.9207
vn 0.1020 -0.7081 0.6987
vn 0.9129 0.2337 -0.3345
vn 0.7053 0.6849 -0.1829
vn 0.3068 0.9516 0.0183
vn -0.1748 0.9609 0.2146
vn -0.6090 0.7103 0.3529
vn -0.8783 0.2682 0.3957
vn -0.9109 -0.2451 0.3320
vn -0.6998 -0.6913 0.1799
vn -0.3035 -0.9526 -0.0196
vn 0.1726 -0.9615 -0.2136
vn 0.6035 -0.7158 -0.3513
vn 0.8749 -0.2791 -0.3959
vn 0.3856 -0.1558 0.9094
vn 0.8666 0.0249 0.4983
vn 0.3800 -0.1408 0.9142
vn -0.1442 -0.5506 0.8222
vn 0.3759 -0.1692 0.9111
vn 0.3854 -0.1559 0.9095
vn -0.2812 -0.2767 0.9189
vn 0.3756 -0.1693 0.9112
vn -0.3716 0.1359 -0.9184
vn 0.6597 -0.7272 -0.1894
vn 0.2343 -0.9707 -0.0538
vn -0.2364 -0.9618 0.1379
vn -0.6276 -0.7029 0.3347
vn -0.8348 -0.2619 0.4843
vn -0.8014 0.2436 0.5463
vn -0.5355 0.6779 0.5037
vn -0.1083 0.9236 0.3677
vn 0.3650 0.9144 0.1750
vn 0.7571 0.6529 -0.0227
vn 0.9625 0.2096 -0.1721
vn 0.8767 -0.2733 -0.3958
vn 0.9265 -0.2956 -0.2329
vn 0.6066 -0.7128 -0.3521
vn 0.1740 -0.9612 -0.2141
vn -0.3054 -0.9520 -0.0187
vn -0.7029 -0.6877 0.1817
vn -0.9119 -0.2391 0.3335
vn -0.8766 0.2736 0.3959
vn -0.6064 0.7129 0.3522
vn -0.1738 0.9612 0.2143
vn 0.3053 0.9521 0.0190
vn 0.7027 0.6879 -0.1815
vn 0.9119 0.2394 -0.3333
vn -0.0381 -0.0560 0.9977
vn -0.0575 -0.5323 0.8446
vn -0.0625 -0.8768 0.4768
vn -0.0514 -0.9985 -0.0196
vn -0.0269 -0.8543 -0.5191
vn 0.0048 -0.4701 -0.8826
vn 0.0353 0.0520 -0.9980
vn 0.0560 0.5596 -0.8269
vn 0.0609 0.9043 -0.4225
vn 0.0484 0.9946 0.0922
vn 0.0226 0.8188 0.5737
vn -0.0090 0.4346 0.9006
vn -0.4806 -0.0208 0.8767
vn -0.4568 -0.4995 0.7361
vn -0.3180 -0.8553 0.4091
vn -0.0953 -0.9951 -0.0276
vn 0.1579 -0.8714 -0.4645
vn 0.3735 -0.5027 -0.7796
vn 0.4851 0.0154 -0.8743
vn 0.4551 0.5301 -0.7155
vn 0.2947 0.8876 -0.3539
vn 0.0566 0.9935 0.0989
vn -0.1906 0.8341 0.5176
vn -0.3846 0.4634 0.7983
vn -0.7590 0.0197 0.6509
vn -0.7064 -0.4706 0.5286
vn -0.4702 -0.8408 0.2684
vn -0.1072 -0.9922 -0.0638
vn 0.2891 -0.8784 -0.3805
vn 0.6103 -0.5238 -0.5943
vn 0.7639 -0.0230 -0.6449
vn 0.7051 0.4848 -0.5175
vn 0.4517 0.8571 -0.2476
vn 0.0780 0.9929 0.0893
vn -0.3118 0.8616 0.4005
vn -0.6158 0.5051 0.6047
vn -0.8307 0.0394 0.5553
vn -0.7587 -0.4646 0.4566
vn -0.4820 -0.8443 0.2341
vn -0.0742 -0.9959 -0.0520
vn 0.3537 -0.8775 -0.3239
vn 0.6854 -0.5220 -0.5077
vn 0.8318 -0.0267 -0.5545
vn 0.7548 0.4743 -0.4532
vn 0.4771 0.8478 -0.2318
vn 0.0734 0.9960 0.0507
vn -0.3496 0.8806 0.3200
vn -0.6804 0.5313 0.5047
vn -0.8317 0.0466 0.5533
vn -0.7289 -0.4601 0.5070
vn -0.4274 -0.8447 0.3222
vn -0.0076 -0.9988 0.0483
vn 0.4145 -0.8782 -0.2385
vn 0.7217 -0.5179 -0.4592
vn 0.8318 -0.0195 -0.5547
vn 0.7188 0.4810 -0.5020
vn 0.4165 0.8520 -0.3173
vn 0.0061 0.9987 -0.0501
vn -0.4057 0.8845 0.2304
vn -0.7122 0.5377 0.4512
vn -0.8350 0.0481 0.5482
vn -0.6831 -0.4478 0.5770
vn -0.3443 -0.8251 0.4480
vn 0.0905 -0.9766 0.1951
vn 0.5006 -0.8585 -0.1112
vn 0.7719 -0.5052 -0.3859
vn 0.8319 -0.0173 -0.5546
vn 0.6690 0.4716 -0.5745
vn 0.3307 0.8331 -0.4434
vn -0.0927 0.9760 -0.1971
vn -0.4917 0.8650 0.1005
vn -0.7634 0.5274 0.3730
vn -0.8413 0.0490 0.5384
vn -0.6322 -0.4123 0.6560
vn -0.2490 -0.7655 0.5933
vn 0.2049 -0.9080 0.3655
vn 0.6023 -0.7974 0.0370
vn 0.8320 -0.4668 -0.2999
vn 0.8326 -0.0123 -0.5538
vn 0.6099 0.4404 -0.6589
vn 0.2286 0.7735 -0.5911
vn -0.2099 0.9047 -0.3707
vn -0.5939 0.8027 -0.0544
vn -0.8251 0.4921 0.2774
vn -0.8518 0.0448 0.5220
vn -0.5766 -0.3343 0.7455
vn -0.1386 -0.6259 0.7675
vn 0.3434 -0.7435 0.5738
vn 0.7281 -0.6504 0.2165
vn 0.9050 -0.3762 -0.1987
vn 0.8326 -0.0029 -0.5539
vn 0.5405 0.3671 -0.7570
vn 0.1112 0.6387 -0.7614
vn -0.3445 0.7455 -0.5706
vn -0.7120 0.6619 -0.2343
vn -0.8984 0.4077 0.1634
vn -0.8546 0.0235 0.5188
vn -0.5241 -0.2476 0.8149
vn -0.0481 -0.4512 0.8911
vn 0.4426 -0.5314 0.7223
vn 0.8111 -0.4663 0.3532
vn 0.9555 -0.2729 -0.1123
vn 0.8395 -0.0047 -0.5434
vn 0.5003 0.2640 -0.8246
vn 0.0325 0.4619 -0.8863
vn -0.4417 0.5386 -0.7175
vn -0.8014 0.4754 -0.3630
vn -0.9537 0.2878 0.0877
vn -0.8469 -0.0198 0.5314
vn -0.5095 -0.2880 0.8108
vn -0.0418 -0.4797 0.8764
vn 0.4353 -0.5466 0.7154
vn 0.8007 -0.4718 0.3693
vn 0.9590 -0.2732 -0.0755
vn 0.8632 -0.0010 -0.5048
vn 0.5319 0.2724 -0.8018
vn 0.0516 0.4713 -0.8805
vn -0.4437 0.5402 -0.7150
vn -0.8151 0.4604 -0.3515
vn -0.9612 0.2546 0.1065
vn -0.8634 -0.0876 0.4968
vn -0.5741 -0.4667 0.6728
vn -0.1422 -0.7232 0.6758
vn 0.3236 -0.7972 0.5096
vn 0.7092 -0.6712 0.2155
vn 0.9176 -0.3733 -0.1364
vn 0.8882 0.0264 -0.4587
vn 0.6156 0.4257 -0.6632
vn 0.1642 0.7111 -0.6837
vn -0.3379 0.7935 -0.5061
vn -0.7401 0.6471 -0.1833
vn -0.9288 0.3205 0.1858
vn -0.8990 -0.1221 0.4206
vn -0.6859 -0.5852 0.4326
vn -0.2999 -0.8936 0.3340
vn 0.1598 -0.9755 0.1515
vn 0.5801 -0.8116 -0.0697
vn 0.8557 -0.4384 -0.2749
vn 0.9104 0.0557 -0.4100
vn 0.7183 0.5428 -0.4351
vn 0.3223 0.8842 -0.3381
vn -0.1686 0.9750 -0.1445
vn -0.6101 0.7872 0.0897
vn -0.8757 0.3810 0.2966
vn -0.9273 -0.1206 0.3543
vn -0.7878 -0.5849 0.1928
vn -0.4480 -0.8939 -0.0165
vn 0.0034 -0.9753 -0.2207
vn 0.4546 -0.8105 -0.3694
vn 0.7932 -0.4366 -0.4245
vn 0.9278 0.0572 -0.3686
vn 0.8124 0.5432 -0.2119
vn 0.4681 0.8837 0.0056
vn -0.0116 0.9748 0.2226
vn -0.4869 0.7884 0.3760
vn -0.8212 0.3830 0.4231
vn -0.9484 -0.0994 0.3011
vn -0.8751 -0.4831 -0.0276
vn -0.5792 -0.7383 -0.3456
vn -0.1395 -0.8064 -0.5747
vn 0.3359 -0.6723 -0.6597
vn 0.7298 -0.3661 -0.5773
vn 0.9384 0.0407 -0.3431
vn 0.8957 0.4444 -0.0124
vn 0.6006 0.7302 0.3257
vn 0.1312 0.8089 0.5731
vn -0.3746 0.6550 0.6562
vn -0.7694 0.3182 0.5538
vn -0.9631 -0.0591 0.2625
vn -0.9414 -0.2722 -0.1993
vn -0.6808 -0.4141 -0.6042
vn -0.2517 -0.4518 -0.8559
vn 0.2407 -0.3766 -0.8946
vn 0.6761 -0.2055 -0.7076
vn 0.9423 0.0212 -0.3340
vn 0.9596 0.2454 0.1378
vn 0.7073 0.4035 0.5805
vn 0.2469 0.4461 0.8603
vn -0.2847 0.3596 0.8886
vn -0.7279 0.1724 0.6636
vn -0.9620 -0.0177 0.2723
vn -0.9687 -0.0618 -0.2403
vn -0.7223 -0.0899 -0.6857
vn -0.2905 -0.0943 -0.9522
vn 0.2167 -0.0739 -0.9734
vn 0.6703 -0.0341 -0.7413
vn 0.9505 0.0135 -0.3105
vn 0.9765 0.0555 0.2082
vn 0.7348 0.0811 0.6735
vn 0.2887 0.0852 0.9536
vn -0.2377 0.0668 0.9690
vn -0.6964 0.0295 0.7170
vn -0.9496 -0.0583 0.3080
vn -0.9735 -0.0778 -0.2149
vn -0.7290 -0.0756 -0.6803
vn -0.2833 -0.0530 -0.9576
vn 0.2385 -0.0162 -0.9710
vn 0.6923 0.0252 -0.7212
vn 0.9579 0.0605 -0.2807
vn 0.9698 0.0801 0.2306
vn 0.7291 0.0789 0.6799
vn 0.2992 0.0570 0.9525
vn -0.2106 0.0200 0.9774
vn -0.6681 -0.0224 0.7437
vn -0.9285 -0.1688 0.3308
vn -0.9408 -0.2863 -0.1816
vn -0.6897 -0.3246 -0.6473
vn -0.2440 -0.2715 -0.9310
vn 0.2668 -0.1430 -0.9531
vn 0.6990 0.0233 -0.7147
vn 0.9400 0.1816 -0.2888
vn 0.9336 0.2913 0.2085
vn 0.6872 0.3254 0.6496
vn 0.2648 0.2762 0.9239
vn -0.2275 0.1555 0.9613
vn -0.6644 -0.0067 0.7473
vn -0.8988 -0.2576 0.3547
vn -0.8728 -0.4730 -0.1204
vn -0.6065 -0.5592 -0.5652
vn -0.1716 -0.4901 -0.8546
vn 0.3096 -0.2857 -0.9069
vn 0.7035 -0.0053 -0.7106
vn 0.9054 0.2734 -0.3248
vn 0.8668 0.4775 0.1437
vn 0.6025 0.5563 0.5723
vn 0.1824 0.4910 0.8518
vn -0.2862 0.2980 0.9107
vn -0.6821 0.0250 0.7308
vn -0.8810 -0.2915 0.3726
vn -0.8152 -0.5763 -0.0579
vn -0.5262 -0.7053 -0.4750
vn -0.0916 -0.6404 -0.7626
vn 0.3679 -0.3991 -0.8398
vn 0.7248 -0.0499 -0.6871
vn 0.8840 0.3101 -0.3498
vn 0.8073 0.5849 0.0783
vn 0.5190 0.7047 0.4837
vn 0.0960 0.6405 0.7619
vn -0.3526 0.4091 0.8416
vn -0.7102 0.0692 0.7006
vn -0.8759 -0.3048 0.3740
vn -0.7768 -0.6295 -0.0182
vn -0.4676 -0.7850 -0.4064
vn -0.0311 -0.7278 -0.6851
vn 0.4136 -0.4730 -0.7779
vn 0.7459 -0.0907 -0.6599
vn 0.8764 0.3149 -0.3644
vn 0.7723 0.6347 0.0278
vn 0.4632 0.7849 0.4115
vn 0.0320 0.7272 0.6857
vn -0.4078 0.4773 0.7784
vn -0.7401 0.1002 0.6650
vn -0.8879 -0.2909 0.3563
vn -0.7700 -0.6380 -0.0074
vn -0.4456 -0.8148 -0.3708
vn -0.0004 -0.7723 -0.6352
vn 0.4459 -0.5208 -0.7280
vn 0.7717 -0.1280 -0.6230
vn 0.8879 0.2993 -0.3494
vn 0.7638 0.6452 0.0175
vn 0.4352 0.8171 0.3780
vn -0.0083 0.7711 0.6366
vn -0.4485 0.5209 0.7263
vn -0.7699 0.1329 0.6241
vn -0.9099 -0.2573 0.3254
vn -0.7658 -0.6430 0.0120
vn -0.4134 -0.8572 -0.3070
vn 0.0546 -0.8377 -0.5434
vn 0.5088 -0.5869 -0.6298
vn 0.8216 -0.1749 -0.5425
vn 0.9082 0.2827 -0.3085
vn 0.7501 0.6613 0.0062
vn 0.3946 0.8625 0.3169
vn -0.0625 0.8369 0.5437
vn -0.5026 0.5932 0.6289
vn -0.8123 0.1943 0.5499
vn -0.9162 -0.2510 0.3124
vn -0.7330 -0.6760 0.0751
vn -0.3481 -0.9193 -0.1836
vn 0.1339 -0.9101 -0.3921
vn 0.5785 -0.6500 -0.4928
vn 0.8627 -0.2133 -0.4586
vn 0.9122 0.2781 -0.3009
vn 0.7190 0.6921 -0.0635
vn 0.3380 0.9218 0.1898
vn -0.1302 0.9103 0.3931
vn -0.5647 0.6613 0.4938
vn -0.8528 0.2380 0.4649
vn -0.9061 -0.2638 0.3306
vn -0.6944 -0.7035 0.1512
vn -0.2938 -0.9533 -0.0695
vn 0.1869 -0.9441 -0.2714
vn 0.6162 -0.6786 -0.3997
vn 0.8780 -0.2303 -0.4196
vn 0.9034 0.2781 -0.3264
vn 0.6882 0.7106 -0.1463
vn 0.2916 0.9538 0.0724
vn -0.1817 0.9451 0.2716
vn -0.6075 0.6867 0.3991
vn -0.8733 0.2451 0.4210
vn 0.3963 -0.1677 0.9027
vn 0.7364 0.3316 0.5896
vn 0.4035 -0.1527 0.9022
vn 0.4785 0.4960 0.7245
vn 0.3953 -0.1394 0.9079
vn 0.3960 -0.1677 0.9028
vn -0.1170 -0.5657 0.8163
vn 0.4034 -0.1527 0.9022
vn 0.1697 0.4901 0.8550
vn 0.1326 -0.7136 0.6879
vn 0.3953 -0.1392 0.9079
vn -0.1014 0.3156 0.9435
vn 0.3727 -0.1558 0.9148
vn 0.4233 -0.7081 0.5651
vn -0.8811 0.2337 0.4112
vn -0.8977 -0.2791 0.3409
vn -0.6272 0.6849 0.3709
vn -0.2034 0.9516 0.2304
vn 0.2755 0.9609 0.0275
vn 0.6797 0.7103 -0.1828
vn 0.9001 0.2682 -0.3435
vn 0.8779 -0.2451 -0.4114
vn 0.6212 -0.6913 -0.3692
vn 0.2002 -0.9526 -0.2290
vn -0.2732 -0.9615 -0.0283
vn -0.6747 -0.7158 0.1799
vn -0.2581 0.0249 0.9658
vn 0.3807 -0.1692 0.9091
vn 0.6845 -0.5506 0.4778
vn 0.3728 -0.1559 0.9147
vn -0.2613 -0.2977 0.9182
vn 0.8497 -0.2767 0.4489
vn 0.3809 -0.1693 0.9090
vn 0.8711 0.0465 0.4889
vn -0.3888 0.1359 -0.9112
vn -0.3888 0.1360 -0.9112
vn -0.5996 -0.7272 0.3340
vn -0.2034 -0.9707 0.1282
vn 0.2645 -0.9618 -0.0703
vn 0.6800 -0.7029 -0.2088
vn 0.9321 -0.2619 -0.2501
vn 0.9525 0.2436 -0.1827
vn 0.7348 0.6779 -0.0243
vn 0.3371 0.9236 0.1826
vn -0.1334 0.9144 0.3822
vn -0.5502 0.6529 0.5206
vn -0.8009 0.2096 0.5609
vn -0.8186 -0.2956 0.4924
vn -0.8990 -0.2733 0.3422
vn -0.6775 -0.7128 0.1816
vn -0.2744 -0.9612 -0.0277
vn 0.2021 -0.9520 -0.2297
vn 0.6246 -0.6877 -0.3701
vn 0.8796 -0.2391 -0.4112
vn 0.8989 0.2736 -0.3421
vn 0.6774 0.7129 -0.1814
vn 0.2745 0.9612 0.0280
vn -0.2019 0.9521 0.2298
vn -0.6244 0.6879 0.3701
vn -0.8795 0.2394 0.4113
vn -0.3717 0.1359 -0.9183
vn -0.3716 0.1360 -0.9184
vn -0.3887 0.1359 -0.9113
vn -0.3888 0.1358 -0.9112
vn -0.6896 -0.3499 -0.6341
vn -0.8823 -0.4696 -0.0332
vn -0.9366 -0.0161 -0.3500
vn -0.8745 -0.2716 0.4018
vn -0.8941 0.1654 0.4162
vn -0.8078 -0.0520 0.5872
vn -0.1920 -0.5637 -0.8033
vn -0.6540 -0.5660 -0.5019
vn 0.7208 -0.0513 -0.6912
vn 0.3938 -0.6041 -0.6928
vn 0.3539 -0.4020 -0.8445
vn 0.9526 -0.3041 -0.0053
vn 0.8941 -0.1654 -0.4162
vn 0.8708 -0.4127 -0.2672
vn 0.8891 0.2598 -0.3767
vn 0.7743 -0.5074 -0.3781
vn 0.8727 0.4877 0.0251
vn 0.9592 -0.2819 -0.0194
vn 0.6568 0.5916 0.4676
vn 0.9417 0.0315 0.3349
vn -0.3779 0.5783 0.7230
vn 0.1669 0.5640 0.8087
vn 0.1892 0.5846 0.7889
vn -0.7802 0.4894 0.3895
vn -0.3610 0.3625 0.8592
vn -0.8480 -0.3738 -0.3757
vn -0.9760 0.0733 -0.2049
vn -0.9897 -0.1429 -0.0125
vn -0.9616 0.2743 0.0089
vn -0.7103 0.0358 0.7030
vn -0.1491 -0.5972 -0.7881
vn -0.7877 -0.5306 -0.3129
vn -0.6109 0.3912 0.6883
vn -0.5465 0.3220 0.7731
vn -0.3469 0.4996 0.7938
vn 0.1554 0.5514 0.8196
vn 0.8480 0.3738 0.3757
vn 0.8256 0.2517 0.5050
vn 0.6780 0.3897 0.6233
vn 0.9897 0.1429 0.0125
vn 0.9711 -0.1196 0.2067
vn 0.9777 -0.0117 -0.2095
vn 0.6109 -0.3912 -0.6883
vn 0.5713 -0.5046 -0.6473
vn 0.3469 -0.4996 -0.7938
vn -0.1640 -0.5849 -0.7943
vn -0.8995 -0.4079 0.1566
vn -0.9777 0.0117 0.2095
vn -0.8751 0.4291 0.2237
vn -0.9559 0.2934 -0.0095
vn 0.6109 -0.3912 -0.6884
vn -0.2068 -0.5508 -0.8086
vn 0.3468 -0.4996 -0.7938
vn 0.5402 -0.2680 -0.7977
vn 0.8035 0.0984 -0.5871
vn 0.8778 0.2823 -0.3870
vn 0.9130 0.3914 -0.1151
vn 0.6529 0.4877 0.5795
vn 0.7977 0.4883 0.3538
vn -0.6109 0.3912 0.6884
vn 0.2005 0.5966 0.7771
vn -0.5780 0.5469 0.6056
vn -0.6529 -0.4877 -0.5795
vn -0.8225 -0.3056 -0.4797
vn -0.8868 -0.2522 0.3873
vn 0.1111 -0.8185 0.5637
vn -0.1111 0.8185 -0.5637
vn -0.7343 -0.2163 -0.6434
vn -0.8628 0.2522 -0.4381
vn -0.2159 -0.5433 -0.8113
vn 0.3945 -0.2474 -0.8850
vn 0.6239 0.2610 -0.7367
vn 0.6787 0.5277 -0.5108
vn 0.7409 0.6468 -0.1810
vn 0.6750 0.6537 0.3421
vn 0.2078 0.6033 0.7700
vn -0.4505 0.6609 0.6003
vn -0.7481 0.6551 0.1057
vn -0.8218 0.5273 -0.2158
vn -0.7405 -0.6373 0.2132
vn -0.6730 -0.5095 0.5362
vn -0.6718 -0.6475 -0.3597
vn -0.1397 -0.6041 -0.7846
vn 0.4604 -0.6673 -0.5854
vn 0.7350 -0.6644 -0.1353
vn 0.8161 -0.5456 0.1905
vn 0.8648 -0.2788 0.4177
vn 0.7279 0.2340 0.6445
vn 0.1479 0.5441 0.8259
vn -0.4011 0.2298 0.8868
vn -0.6131 -0.2346 0.7544
vn 0.0370 -0.3499 -0.9361
vn 0.5988 -0.4696 -0.6488
vn 0.1056 -0.5660 -0.8176
vn 0.9017 -0.2716 -0.3365
vn 0.9257 0.1654 -0.3402
vn 0.8382 0.0117 -0.5453
vn -0.4340 -0.5637 -0.7028
vn -0.4473 -0.5849 -0.6766
vn -0.9984 -0.0513 0.0234
vn -0.7688 -0.6041 -0.2096
vn -0.8142 -0.5074 0.2821
vn -0.6757 -0.3041 0.6715
vn -0.9257 -0.1654 0.3402
vn -0.8382 -0.0117 0.5453
vn -0.8942 0.2598 0.3645
vn -0.6904 -0.2819 0.6662
vn -0.5978 0.4877 0.6363
vn -0.4268 0.0315 0.9038
vn -0.1318 0.5916 0.7954
vn -0.0364 0.3897 0.9202
vn 0.7790 0.5783 0.2422
vn 0.4555 0.5640 0.6887
vn 0.8637 0.3625 0.3502
vn 0.8265 0.4894 -0.2783
vn 0.9993 0.0358 -0.0076
vn 0.3319 -0.3738 -0.8661
vn 0.5432 0.0733 -0.8364
vn 0.2402 -0.3056 -0.9214
vn 0.6846 0.2743 -0.6754
vn 0.9001 -0.2522 -0.3554
vn -0.4535 -0.5972 -0.6616
vn 0.0498 -0.4877 -0.8716
vn 0.9860 -0.0520 -0.1584
vn 0.9188 0.3912 0.0525
vn 0.9335 0.3220 0.1579
vn 0.8073 0.4996 0.3140
vn 0.4714 0.5514 0.6883
vn -0.3319 0.3738 0.8661
vn -0.0498 0.4877 0.8716
vn 0.4258 0.5846 0.6906
vn -0.2244 0.2517 0.9414
vn -0.6892 0.1429 0.7103
vn -0.5385 -0.1196 0.8341
vn -0.8036 -0.4127 0.4288
vn -0.9188 -0.3912 -0.0525
vn -0.8618 -0.5046 -0.0516
vn -0.8073 -0.4996 -0.3140
vn -0.8482 -0.4020 -0.3449
vn 0.3338 -0.5306 -0.7791
vn 0.6892 -0.1429 -0.7103
vn 0.7455 -0.4079 -0.5271
vn 0.7759 0.4291 -0.4625
vn 0.6676 0.2934 -0.6843
vn -0.4273 -0.5508 -0.7169
vn -0.9465 -0.2680 -0.1798
vn -0.9829 0.0984 0.1555
vn -0.8935 0.2823 0.3493
vn -0.7256 0.3914 0.5659
vn -0.3119 0.4883 0.8150
vn 0.4094 0.5966 0.6903
vn 0.9188 0.3912 0.0526
vn 0.8370 0.5469 0.0175
vn 0.4126 -0.0161 -0.9108
vn 0.3212 -0.8185 0.4764
vn -0.3212 0.8185 -0.4764
vn 0.0619 -0.2163 -0.9744
vn -0.4228 -0.5433 -0.7253
vn -0.9055 -0.2474 -0.3446
vn -0.9622 0.2610 -0.0774
vn -0.8408 0.5277 0.1207
vn -0.6509 0.6468 0.3975
vn -0.2336 0.6537 0.7198
vn 0.3992 0.6033 0.6904
vn 0.7432 0.6609 0.1041
vn 0.6026 0.6551 -0.4557
vn 0.4267 0.5273 -0.7348
vn 0.2981 0.2522 -0.9206
vn 0.6735 -0.6373 -0.3745
vn 0.2189 -0.6475 -0.7299
vn -0.4576 -0.6041 -0.6525
vn -0.7398 -0.6673 -0.0866
vn -0.6144 -0.6644 0.4256
vn -0.4407 -0.5456 0.7128
vn -0.3140 -0.2788 0.9076
vn -0.0566 0.2340 0.9706
vn 0.4811 0.5441 0.6874
vn 0.9115 0.2298 0.3412
vn 0.9672 -0.2346 0.0975
vn 0.8548 -0.5095 -0.0988
vn -0.1110 0.8185 -0.5637
vn -0.0452 0.9459 -0.3212
vn -0.1082 0.7499 -0.6527
vn -0.1546 0.4397 -0.8847
vn -0.1776 0.0626 -0.9821
vn -0.1735 -0.3241 -0.9300
vn -0.1734 -0.3241 -0.9300
vn -0.1430 -0.6614 -0.7363
vn -0.0907 -0.8980 -0.4305
vn 0.0452 -0.9459 0.3212
vn 0.1082 -0.7499 0.6527
vn 0.1546 -0.4397 0.8847
vn 0.1776 -0.0626 0.9821
vn 0.1734 0.3241 0.9300
vn 0.1430 0.6614 0.7363
vn 0.9838 -0.0136 -0.1788
vn 0.0907 0.8980 0.4305
vn -0.1957 0.9459 -0.2586
vn -0.3863 0.7499 -0.5371
vn -0.5181 0.4397 -0.7337
vn -0.5709 0.0626 -0.8186
vn -0.5369 -0.3241 -0.7789
vn -0.4211 -0.6614 -0.6207
vn -0.2412 -0.8980 -0.3679
vn 0.1957 -0.9459 0.2586
vn 0.3863 -0.7499 0.5371
vn 0.5181 -0.4397 0.7337
vn 0.5709 -0.0626 0.8186
vn 0.5369 0.3241 0.7789
vn 0.4211 0.6614 0.6207
vn -0.8207 -0.0136 0.5712
vn 0.2412 0.8980 0.3679
vn 0.9838 -0.0137 -0.1788
vn -0.8207 -0.0137 0.5712
vn 0.8902 0.3723 -0.2626
vn 0.7011 0.6697 -0.2448
vn 0.7510 0.6484 -0.1250
vn 0.9173 0.3458 -0.1973
vn 0.7982 0.6023 -0.0112
vn 0.9420 0.3060 -0.1380
vn 0.8412 0.5329 0.0920
vn 0.9632 0.2544 -0.0870
vn 0.8781 0.4431 0.1808
vn 0.9801 0.1931 -0.0463
vn 0.9075 0.3363 0.2517
vn 0.9921 0.1243 -0.0174
vn 0.9284 0.2166 0.3020
vn 0.9987 0.0508 -0.0015
vn 0.9399 0.0885 0.3297
vn 0.9997 -0.0247 0.0009
vn 0.9416 -0.0430 0.3338
vn 0.9950 -0.0992 -0.0104
vn 0.9335 -0.1728 0.3142
vn 0.9848 -0.1699 -0.0349
vn 0.9158 -0.2960 0.2716
vn 0.9696 -0.2341 -0.0716
vn 0.8892 -0.4078 0.2075
vn 0.9498 -0.2893 -0.1193
vn 0.8547 -0.5039 0.1246
vn 0.9262 -0.3334 -0.1759
vn 0.8137 -0.5807 0.0260
vn 0.8998 -0.3647 -0.2394
vn 0.7677 -0.6352 -0.0845
vn 0.8716 -0.3819 -0.3073
vn 0.7186 -0.6652 -0.2028
vn 0.8426 -0.3845 -0.3770
vn 0.6681 -0.6697 -0.3243
vn 0.8140 -0.3723 -0.4458
vn 0.6183 -0.6484 -0.4441
vn 0.7869 -0.3458 -0.5111
vn 0.5710 -0.6023 -0.5579
vn 0.7623 -0.3060 -0.5704
vn 0.5281 -0.5329 -0.6611
vn 0.7411 -0.2544 -0.6213
vn 0.4912 -0.4431 -0.7499
vn 0.7242 -0.1931 -0.6620
vn 0.4617 -0.3363 -0.8208
vn 0.7121 -0.1243 -0.6909
vn 0.4408 -0.2166 -0.8711
vn 0.7056 -0.0508 -0.7068
vn 0.4293 -0.0885 -0.8988
vn 0.7045 0.0247 -0.7092
vn 0.4276 0.0430 -0.9030
vn 0.7092 0.0992 -0.6980
vn 0.4358 0.1728 -0.8833
vn 0.7194 0.1699 -0.6735
vn 0.4534 0.2960 -0.8407
vn 0.7347 0.2341 -0.6367
vn 0.4801 0.4078 -0.7767
vn 0.7545 0.2893 -0.5891
vn 0.5146 0.5039 -0.6937
vn 0.7780 0.3334 -0.5325
vn 0.5555 0.5807 -0.5951
vn 0.8044 0.3647 -0.4690
vn 0.6015 0.6352 -0.4846
vn 0.8326 0.3819 -0.4011
vn 0.6507 0.6652 -0.3663
vn 0.8616 0.3845 -0.3314
vn 0.8250 -0.3498 -0.4438
vn 0.7995 -0.3249 -0.5052
vn 0.7763 -0.2875 -0.5609
vn 0.7565 -0.2390 -0.6088
vn 0.7406 -0.1814 -0.6470
vn 0.7293 -0.1168 -0.6741
vn 0.7231 -0.0477 -0.6891
vn 0.7222 0.0232 -0.6913
vn 0.7265 0.0932 -0.6808
vn 0.7361 0.1597 -0.6578
vn 0.7504 0.2200 -0.6233
vn 0.7691 0.2718 -0.5785
vn 0.7912 0.3132 -0.5253
vn 0.8160 0.3426 -0.4656
vn 0.8425 0.3588 -0.4018
vn 0.8697 0.3612 -0.3364
vn 0.8966 0.3498 -0.2717
vn 0.9221 0.3249 -0.2103
vn 0.9452 0.2875 -0.1546
vn 0.9651 0.2390 -0.1068
vn 0.9810 0.1814 -0.0686
vn 0.9923 0.1168 -0.0414
vn 0.9985 0.0477 -0.0265
vn 0.9994 -0.0232 -0.0243
vn 0.9950 -0.0932 -0.0348
vn 0.9855 -0.1597 -0.0578
vn 0.9711 -0.2200 -0.0923
vn 0.9525 -0.2718 -0.1371
vn 0.9304 -0.3132 -0.1903
vn 0.9056 -0.3426 -0.2499
vn 0.8791 -0.3588 -0.3137
vn 0.8519 -0.3612 -0.3792
vn 0.7114 -0.2019 -0.6732
vn 0.7512 -0.3199 -0.5773
vn 0.7291 -0.2660 -0.6306
vn 0.7770 -0.3615 -0.5154
vn 0.8054 -0.3892 -0.4471
vn 0.8353 -0.4020 -0.3751
vn 0.8656 -0.3993 -0.3023
vn 0.8951 -0.3812 -0.2313
vn 0.9227 -0.3486 -0.1649
vn 0.9473 -0.3025 -0.1057
vn 0.6989 -0.1300 -0.7033
vn 0.9680 -0.2448 -0.0559
vn 0.6919 -0.0531 -0.7200
vn 0.9839 -0.1777 -0.0175
vn 0.6909 0.0258 -0.7225
vn 0.9946 -0.1037 0.0081
vn 0.6958 0.1037 -0.7107
vn 0.9995 -0.0258 0.0199
vn 0.7064 0.1777 -0.6851
vn 0.9984 0.0531 0.0174
vn 0.7224 0.2448 -0.6467
vn 0.9915 0.1300 0.0007
vn 0.7431 0.3025 -0.5969
vn 0.7677 0.3486 -0.5377
vn 0.7953 0.3812 -0.4714
vn 0.8248 0.3993 -0.4003
vn 0.8551 0.4020 -0.3275
vn 0.8850 0.3892 -0.2555
vn 0.9134 0.3615 -0.1872
vn 0.9391 0.3199 -0.1253
vn 0.9790 0.2019 -0.0294
vn 0.9613 0.2660 -0.0720
vn 0.1333 0.9910 0.0135
vn -0.1228 -0.7886 -0.6025
vn 0.2318 -0.9399 0.2506
vn 0.1924 -0.8653 0.4628
vn 0.2070 0.9595 0.1909
vn -0.1773 -0.6557 -0.7339
vn 0.1591 -0.9844 0.0756
vn 0.2770 0.8912 0.3592
vn -0.2209 -0.4977 -0.8387
vn -0.3321 -0.5012 -0.7991
vn 0.0845 -0.9910 -0.1040
vn 0.3405 0.7886 0.5120
vn -0.2519 -0.3204 -0.9132
vn 0.3951 0.6557 0.6434
vn -0.2689 -0.1309 -0.9542
vn 0.4387 0.4977 0.7482
vn 0.3321 0.5012 0.7991
vn -0.2715 0.0636 -0.9603
vn 0.4696 0.3204 0.8227
vn -0.2594 0.2557 -0.9313
vn 0.4867 0.1309 0.8637
vn -0.2332 0.4380 -0.8682
vn 0.4892 -0.0636 0.8698
vn -0.1938 0.6035 -0.7735
vn 0.4772 -0.2557 0.8408
vn -0.1428 0.7457 -0.6508
vn 0.4509 -0.4380 0.7777
vn -0.0822 0.8593 -0.5048
vn -0.1924 0.8653 -0.4628
vn 0.4115 -0.6035 0.6829
vn -0.0141 0.9399 -0.3411
vn 0.0107 -0.9595 -0.2814
vn 0.3606 -0.7457 0.5603
vn 0.0586 0.9844 -0.1661
vn -0.0592 -0.8912 -0.4497
vn 0.2999 -0.8593 0.4143
vn 0.3593 -0.7536 -0.5505
vn 0.4185 -0.8113 -0.4081
vn 0.3056 -0.6668 -0.6797
vn 0.2595 -0.5545 -0.7907
vn 0.2226 -0.4208 -0.8794
vn 0.1965 -0.2710 -0.9423
vn 0.1821 -0.1107 -0.9770
vn 0.1799 0.0538 -0.9822
vn 0.1901 0.2162 -0.9577
vn 0.2123 0.3704 -0.9043
vn 0.2456 0.5103 -0.8242
vn 0.2887 0.6305 -0.7205
vn 0.3400 0.7266 -0.5970
vn 0.3975 0.7947 -0.4587
vn 0.4590 0.8323 -0.3107
vn 0.5222 0.8379 -0.1588
vn 0.5845 0.8113 -0.0088
vn 0.6436 0.7536 0.1336
vn 0.6974 0.6668 0.2628
vn 0.7435 0.5545 0.3738
vn 0.7804 0.4208 0.4625
vn 0.8065 0.2710 0.5254
vn 0.8210 0.1107 0.5601
vn 0.8231 -0.0538 0.5653
vn 0.8129 -0.2162 0.5407
vn 0.7907 -0.3704 0.4874
vn 0.7574 -0.5103 0.4073
vn 0.7143 -0.6305 0.3036
vn 0.6630 -0.7266 0.1801
vn 0.6055 -0.7947 0.0418
vn 0.5440 -0.8323 -0.1062
vn 0.4809 -0.8379 -0.2581
vn 0.8842 -0.2634 -0.3858
vn 0.9040 -0.2617 -0.3381
vn 0.8531 0.4071 -0.3263
vn 0.8224 0.4044 -0.4001
vn 0.9233 -0.2499 -0.2915
vn 0.7926 0.3861 -0.4719
vn 0.9414 -0.2284 -0.2480
vn 0.7646 0.3530 -0.5392
vn 0.9576 -0.1982 -0.2092
vn 0.7397 0.3064 -0.5992
vn 0.9711 -0.1604 -0.1766
vn 0.7187 0.2479 -0.6496
vn 0.9816 -0.1164 -0.1514
vn 0.7026 0.1799 -0.6885
vn 0.9886 -0.0680 -0.1346
vn 0.6918 0.1051 -0.7144
vn 0.9918 -0.0169 -0.1270
vn 0.6868 0.0261 -0.7263
vn 0.9911 0.0348 -0.1285
vn 0.6879 -0.0538 -0.7238
vn 0.9866 0.0852 -0.1394
vn 0.6949 -0.1316 -0.7070
vn 0.9783 0.1323 -0.1593
vn 0.7076 -0.2044 -0.6764
vn 0.9667 0.1743 -0.1872
vn 0.7255 -0.2694 -0.6333
vn 0.9522 0.2096 -0.2221
vn 0.7479 -0.3240 -0.5793
vn 0.9353 0.2369 -0.2627
vn 0.7740 -0.3661 -0.5165
vn 0.9167 0.2551 -0.3074
vn 0.8027 -0.3942 -0.4475
vn 0.8972 0.2634 -0.3546
vn 0.8331 -0.4071 -0.3745
vn 0.8773 0.2617 -0.4023
vn 0.8637 -0.4044 -0.3007
vn 0.8579 0.2499 -0.4489
vn 0.8936 -0.3861 -0.2289
vn 0.8399 0.2284 -0.4924
vn 0.9215 -0.3530 -0.1617
vn 0.8238 0.1982 -0.5312
vn 0.9465 -0.3064 -0.1017
vn 0.8102 0.1604 -0.5638
vn 0.9674 -0.2479 -0.0512
vn 0.7997 0.1164 -0.5890
vn 0.9836 -0.1799 -0.0124
vn 0.7927 0.0680 -0.6058
vn 0.9944 -0.1051 0.0136
vn 0.7896 0.0169 -0.6134
vn 0.9993 -0.0261 0.0255
vn 0.7902 -0.0348 -0.6119
vn 0.9983 0.0538 0.0230
vn 0.7947 -0.0852 -0.6010
vn 0.9913 0.1316 0.0061
vn 0.8030 -0.1323 -0.5811
vn 0.9786 0.2044 -0.0245
vn 0.8146 -0.1743 -0.5532
vn 0.9607 0.2694 -0.0675
vn 0.8291 -0.2096 -0.5183
vn 0.9382 0.3240 -0.1215
vn 0.8460 -0.2369 -0.4777
vn 0.9121 0.3661 -0.1843
vn 0.8645 -0.2551 -0.4330
vn 0.8834 0.3942 -0.2534
vn -0.8140 0.3723 0.4458
vn -0.6681 0.6697 0.3243
vn -0.8426 0.3845 0.3770
vn -0.7869 0.3458 0.5111
vn -0.6183 0.6484 0.4441
vn -0.7623 0.3060 0.5704
vn -0.5710 0.6023 0.5579
vn -0.7411 0.2544 0.6213
vn -0.5281 0.5329 0.6611
vn -0.7242 0.1931 0.6620
vn -0.4912 0.4431 0.7499
vn -0.7121 0.1243 0.6909
vn -0.4617 0.3363 0.8208
vn -0.7056 0.0508 0.7068
vn -0.4408 0.2166 0.8711
vn -0.7045 -0.0247 0.7092
vn -0.4293 0.0885 0.8988
vn -0.7092 -0.0992 0.6980
vn -0.4276 -0.0430 0.9030
vn -0.7194 -0.1699 0.6735
vn -0.4358 -0.1728 0.8833
vn -0.7347 -0.2341 0.6367
vn -0.4534 -0.2960 0.8407
vn -0.7545 -0.2893 0.5891
vn -0.4801 -0.4078 0.7767
vn -0.7780 -0.3334 0.5325
vn -0.5146 -0.5039 0.6937
vn -0.8044 -0.3647 0.4690
vn -0.5555 -0.5807 0.5951
vn -0.8326 -0.3819 0.4011
vn -0.6015 -0.6352 0.4846
vn -0.8616 -0.3845 0.3314
vn -0.6507 -0.6652 0.3663
vn -0.8902 -0.3723 0.2626
vn -0.7011 -0.6697 0.2449
vn -0.9173 -0.3458 0.1973
vn -0.7510 -0.6484 0.1250
vn -0.9420 -0.3060 0.1380
vn -0.7982 -0.6023 0.0112
vn -0.9632 -0.2544 0.0870
vn -0.8412 -0.5329 -0.0920
vn -0.9801 -0.1931 0.0463
vn -0.8781 -0.4431 -0.1808
vn -0.9921 -0.1243 0.0174
vn -0.9075 -0.3363 -0.2517
vn -0.9987 -0.0508 0.0015
vn -0.9284 -0.2166 -0.3020
vn -0.9997 0.0247 -0.0009
vn -0.9399 -0.0885 -0.3297
vn -0.9950 0.0992 0.0104
vn -0.9416 0.0430 -0.3338
vn -0.9848 0.1699 0.0349
vn -0.9335 0.1728 -0.3142
vn -0.9696 0.2341 0.0716
vn -0.9158 0.2960 -0.2716
vn -0.9498 0.2893 0.1193
vn -0.8892 0.4078 -0.2075
vn -0.9262 0.3334 0.1759
vn -0.8547 0.5039 -0.1246
vn -0.8998 0.3647 0.2394
vn -0.8137 0.5807 -0.0260
vn -0.8716 0.3819 0.3073
vn -0.7677 0.6352 0.0845
vn -0.7186 0.6652 0.2028
vn -0.8966 -0.3498 0.2717
vn -0.8697 -0.3612 0.3364
vn -0.9221 -0.3249 0.2103
vn -0.9452 -0.2875 0.1546
vn -0.9651 -0.2390 0.1068
vn -0.9810 -0.1814 0.0686
vn -0.9923 -0.1168 0.0414
vn -0.9985 -0.0477 0.0265
vn -0.9994 0.0232 0.0243
vn -0.9950 0.0932 0.0348
vn -0.9855 0.1597 0.0578
vn -0.9711 0.2200 0.0923
vn -0.9525 0.2718 0.1371
vn -0.9304 0.3132 0.1903
vn -0.9056 0.3426 0.2499
vn -0.8791 0.3588 0.3137
vn -0.8519 0.3612 0.3792
vn -0.8250 0.3498 0.4438
vn -0.7995 0.3249 0.5052
vn -0.7763 0.2875 0.5609
vn -0.7565 0.2390 0.6088
vn -0.7406 0.1814 0.6470
vn -0.7293 0.1168 0.6741
vn -0.7231 0.0477 0.6891
vn -0.7222 -0.0232 0.6913
vn -0.7265 -0.0932 0.6808
vn -0.7361 -0.1597 0.6578
vn -0.7504 -0.2200 0.6233
vn -0.7691 -0.2718 0.5785
vn -0.7912 -0.3132 0.5253
vn -0.8160 -0.3426 0.4656
vn -0.8425 -0.3588 0.4018
vn -0.9790 -0.2019 0.0294
vn -0.9391 -0.3199 0.1252
vn -0.9134 -0.3615 0.1872
vn -0.8850 -0.3892 0.2555
vn -0.8551 -0.4020 0.3275
vn -0.8248 -0.3993 0.4003
vn -0.7953 -0.3812 0.4714
vn -0.7677 -0.3486 0.5377
vn -0.7431 -0.3025 0.5969
vn -0.7224 -0.2448 0.6467
vn -0.9915 -0.1300 -0.0007
vn -0.7064 -0.1777 0.6851
vn -0.9984 -0.0531 -0.0174
vn -0.6958 -0.1037 0.7107
vn -0.9995 0.0258 -0.0199
vn -0.6909 -0.0258 0.7225
vn -0.9946 0.1037 -0.0081
vn -0.6919 0.0531 0.7200
vn -0.9839 0.1777 0.0175
vn -0.6989 0.1300 0.7033
vn -0.9680 0.2448 0.0559
vn -0.7114 0.2019 0.6732
vn -0.9473 0.3025 0.1057
vn -0.9227 0.3486 0.1649
vn -0.8951 0.3812 0.2313
vn -0.8656 0.3993 0.3023
vn -0.8353 0.4020 0.3751
vn -0.8054 0.3892 0.4471
vn -0.7770 0.3615 0.5154
vn -0.7512 0.3199 0.5773
vn -0.7291 0.2660 0.6306
vn -0.9613 -0.2660 0.0720
vn -0.0845 0.9910 0.1040
vn -0.1591 0.9844 -0.0756
vn -0.3405 -0.7886 -0.5120
vn -0.2770 -0.8912 -0.3592
vn 0.0141 -0.9399 0.3411
vn 0.0822 -0.8593 0.5048
vn -0.0107 0.9595 0.2814
vn -0.3951 -0.6557 -0.6434
vn -0.0586 -0.9844 0.1661
vn 0.0592 0.8912 0.4497
vn -0.4387 -0.4977 -0.7482
vn -0.1333 -0.9910 -0.0135
vn 0.1228 0.7886 0.6025
vn -0.4696 -0.3204 -0.8227
vn 0.1773 0.6557 0.7339
vn -0.4867 -0.1309 -0.8637
vn 0.2209 0.4977 0.8387
vn -0.4892 0.0636 -0.8698
vn 0.2519 0.3204 0.9132
vn -0.4772 0.2557 -0.8408
vn 0.2689 0.1309 0.9542
vn -0.4509 0.4380 -0.7777
vn 0.2715 -0.0636 0.9603
vn -0.4115 0.6035 -0.6829
vn 0.2594 -0.2557 0.9313
vn -0.3606 0.7457 -0.5603
vn 0.2332 -0.4380 0.8682
vn -0.2999 0.8593 -0.4143
vn 0.1938 -0.6035 0.7735
vn -0.2318 0.9399 -0.2506
vn -0.2070 -0.9595 -0.1909
vn 0.1428 -0.7457 0.6508
vn -0.6436 -0.7536 -0.1336
vn -0.6974 -0.6668 -0.2628
vn -0.7435 -0.5545 -0.3738
vn -0.7804 -0.4208 -0.4625
vn -0.8065 -0.2710 -0.5254
vn -0.8210 -0.1107 -0.5601
vn -0.8231 0.0538 -0.5653
vn -0.8129 0.2162 -0.5407
vn -0.7907 0.3704 -0.4874
vn -0.7574 0.5103 -0.4073
vn -0.7143 0.6305 -0.3036
vn -0.6630 0.7266 -0.1801
vn -0.6055 0.7947 -0.0418
vn -0.5440 0.8323 0.1062
vn -0.4809 0.8379 0.2581
vn -0.4185 0.8113 0.4081
vn -0.3593 0.7536 0.5505
vn -0.3056 0.6668 0.6797
vn -0.2595 0.5545 0.7907
vn -0.2226 0.4208 0.8794
vn -0.1965 0.2710 0.9423
vn -0.1821 0.1107 0.9770
vn -0.1799 -0.0538 0.9822
vn -0.1901 -0.2162 0.9577
vn -0.2123 -0.3704 0.9043
vn -0.2456 -0.5103 0.8242
vn -0.2887 -0.6305 0.7205
vn -0.3400 -0.7266 0.5970
vn -0.3975 -0.7947 0.4587
vn -0.4590 -0.8323 0.3107
vn -0.5222 -0.8379 0.1588
vn -0.5845 -0.8113 0.0088
vn -0.8972 -0.2634 0.3546
vn -0.8773 -0.2617 0.4023
vn -0.8331 0.4071 0.3745
vn -0.8637 0.4044 0.3007
vn -0.8579 -0.2499 0.4489
vn -0.8936 0.3861 0.2289
vn -0.8399 -0.2284 0.4924
vn -0.9215 0.3530 0.1617
vn -0.8238 -0.1982 0.5312
vn -0.9465 0.3064 0.1017
vn -0.8102 -0.1604 0.5638
vn -0.9674 0.2479 0.0512
vn -0.7997 -0.1164 0.5890
vn -0.9836 0.1799 0.0124
vn -0.7927 -0.0680 0.6058
vn -0.9944 0.1051 -0.0136
vn -0.7896 -0.0169 0.6134
vn -0.9993 0.0261 -0.0255
vn -0.7902 0.0348 0.6119
vn -0.9983 -0.0538 -0.0230
vn -0.7947 0.0852 0.6010
vn -0.9913 -0.1316 -0.0061
vn -0.8030 0.1323 0.5811
vn -0.9786 -0.2044 0.0245
vn -0.8146 0.1743 0.5532
vn -0.9607 -0.2694 0.0675
vn -0.8291 0.2096 0.5183
vn -0.9382 -0.3240 0.1215
vn -0.8460 0.2369 0.4777
vn -0.9121 -0.3661 0.1843
vn -0.8645 0.2551 0.4330
vn -0.8834 -0.3942 0.2534
vn -0.8842 0.2634 0.3858
vn -0.8531 -0.4071 0.3263
vn -0.9040 0.2617 0.3381
vn -0.8224 -0.4044 0.4001
vn -0.9233 0.2499 0.2915
vn -0.7926 -0.3861 0.4719
vn -0.9414 0.2284 0.2480
vn -0.7646 -0.3530 0.5392
vn -0.9576 0.1982 0.2092
vn -0.7397 -0.3064 0.5992
vn -0.9711 0.1604 0.1766
vn -0.7187 -0.2479 0.6496
vn -0.9816 0.1164 0.1514
vn -0.7026 -0.1799 0.6885
vn -0.9886 0.0680 0.1346
vn -0.6918 -0.1051 0.7144
vn -0.9918 0.0169 0.1270
vn -0.6868 -0.0261 0.7263
vn -0.9911 -0.0348 0.1285
vn -0.6879 0.0538 0.7238
vn -0.9866 -0.0852 0.1394
vn -0.6949 0.1316 0.7070
vn -0.9783 -0.1323 0.1593
vn -0.7076 0.2044 0.6764
vn -0.9667 -0.1743 0.1872
vn -0.7255 0.2694 0.6333
vn -0.9522 -0.2096 0.2221
vn -0.7479 0.3240 0.5793
vn -0.9353 -0.2369 0.2627
vn -0.7740 0.3661 0.5166
vn -0.9167 -0.2551 0.3074
vn -0.8027 0.3942 0.4475
# 2776 vertex normals

vt 0.7053 0.1346 0.0000
vt 0.6983 0.1124 0.0000
vt 0.7053 0.1131 0.0000
vt 0.7094 0.0919 0.0000
vt 0.7114 0.0687 0.0000
vt 0.7177 0.0720 0.0000
vt 0.7094 0.1557 0.0000
vt 0.6982 0.1353 0.0000
vt 0.7177 0.1756 0.0000
vt 0.7027 0.1578 0.0000
vt 0.7296 0.1935 0.0000
vt 0.7115 0.1790 0.0000
vt 0.7449 0.2087 0.0000
vt 0.7242 0.1980 0.0000
vt 0.7628 0.2207 0.0000
vt 0.7404 0.2142 0.0000
vt 0.7827 0.2290 0.0000
vt 0.7595 0.2270 0.0000
vt 0.8038 0.2332 0.0000
vt 0.7806 0.2357 0.0000
vt 0.8253 0.2332 0.0000
vt 0.8031 0.2402 0.0000
vt 0.8464 0.2290 0.0000
vt 0.8260 0.2402 0.0000
vt 0.8663 0.2208 0.0000
vt 0.8485 0.2357 0.0000
vt 0.8843 0.2088 0.0000
vt 0.8697 0.2270 0.0000
vt 0.8995 0.1936 0.0000
vt 0.8888 0.2142 0.0000
vt 0.9115 0.1757 0.0000
vt 0.9050 0.1980 0.0000
vt 0.9197 0.1558 0.0000
vt 0.9177 0.1790 0.0000
vt 0.9239 0.1346 0.0000
vt 0.9265 0.1578 0.0000
vt 0.9239 0.1131 0.0000
vt 0.9310 0.1353 0.0000
vt 0.9197 0.0920 0.0000
vt 0.9310 0.1124 0.0000
vt 0.9115 0.0721 0.0000
vt 0.9265 0.0899 0.0000
vt 0.8995 0.0542 0.0000
vt 0.9177 0.0687 0.0000
vt 0.8843 0.0389 0.0000
vt 0.9050 0.0497 0.0000
vt 0.8664 0.0270 0.0000
vt 0.8888 0.0334 0.0000
vt 0.8465 0.0187 0.0000
vt 0.8697 0.0207 0.0000
vt 0.8254 0.0145 0.0000
vt 0.8485 0.0119 0.0000
vt 0.8039 0.0145 0.0000
vt 0.8260 0.0075 0.0000
vt 0.7827 0.0187 0.0000
vt 0.8031 0.0075 0.0000
vt 0.7628 0.0269 0.0000
vt 0.7806 0.0119 0.0000
vt 0.7449 0.0389 0.0000
vt 0.7595 0.0207 0.0000
vt 0.7297 0.0541 0.0000
vt 0.7404 0.0334 0.0000
vt 0.7242 0.0497 0.0000
vt 0.7848 0.2219 0.0000
vt 0.7869 0.2151 0.0000
vt 0.8045 0.2258 0.0000
vt 0.7892 0.2075 0.0000
vt 0.8052 0.2188 0.0000
vt 0.7919 0.1987 0.0000
vt 0.8060 0.2108 0.0000
vt 0.7663 0.2142 0.0000
vt 0.7696 0.2080 0.0000
vt 0.7734 0.2009 0.0000
vt 0.7777 0.1928 0.0000
vt 0.7496 0.2031 0.0000
vt 0.7541 0.1976 0.0000
vt 0.7591 0.1914 0.0000
vt 0.7650 0.1843 0.0000
vt 0.7353 0.1889 0.0000
vt 0.7408 0.1844 0.0000
vt 0.7470 0.1793 0.0000
vt 0.7541 0.1735 0.0000
vt 0.7242 0.1722 0.0000
vt 0.7304 0.1688 0.0000
vt 0.7375 0.1651 0.0000
vt 0.7456 0.1607 0.0000
vt 0.7165 0.1536 0.0000
vt 0.7233 0.1515 0.0000
vt 0.7309 0.1492 0.0000
vt 0.7398 0.1465 0.0000
vt 0.7126 0.1339 0.0000
vt 0.7196 0.1332 0.0000
vt 0.7276 0.1324 0.0000
vt 0.7368 0.1315 0.0000
vt 0.7126 0.1138 0.0000
vt 0.7196 0.1145 0.0000
vt 0.7276 0.1153 0.0000
vt 0.7367 0.1162 0.0000
vt 0.7026 0.0899 0.0000
vt 0.8069 0.2017 0.0000
vt 0.8232 0.2108 0.0000
vt 0.8239 0.2188 0.0000
vt 0.8246 0.2258 0.0000
vt 0.8223 0.2017 0.0000
vt 0.8400 0.2075 0.0000
vt 0.8423 0.2151 0.0000
vt 0.8443 0.2219 0.0000
vt 0.8373 0.1987 0.0000
vt 0.8558 0.2009 0.0000
vt 0.8596 0.2080 0.0000
vt 0.8629 0.2142 0.0000
vt 0.8515 0.1928 0.0000
vt 0.8701 0.1914 0.0000
vt 0.8751 0.1976 0.0000
vt 0.8796 0.2031 0.0000
vt 0.8642 0.1843 0.0000
vt 0.8822 0.1793 0.0000
vt 0.8883 0.1844 0.0000
vt 0.8938 0.1889 0.0000
vt 0.8750 0.1734 0.0000
vt 0.8917 0.1650 0.0000
vt 0.8987 0.1688 0.0000
vt 0.9050 0.1722 0.0000
vt 0.8836 0.1607 0.0000
vt 0.8982 0.1492 0.0000
vt 0.9059 0.1515 0.0000
vt 0.9127 0.1536 0.0000
vt 0.8894 0.1465 0.0000
vt 0.9016 0.1324 0.0000
vt 0.9095 0.1332 0.0000
vt 0.9166 0.1339 0.0000
vt 0.8924 0.1315 0.0000
vt 0.9016 0.1153 0.0000
vt 0.9095 0.1145 0.0000
vt 0.9166 0.1138 0.0000
vt 0.8924 0.1162 0.0000
vt 0.8982 0.0985 0.0000
vt 0.9059 0.0961 0.0000
vt 0.9127 0.0941 0.0000
vt 0.8894 0.1011 0.0000
vt 0.8917 0.0826 0.0000
vt 0.8987 0.0789 0.0000
vt 0.9050 0.0755 0.0000
vt 0.8835 0.0870 0.0000
vt 0.8822 0.0684 0.0000
vt 0.8883 0.0633 0.0000
vt 0.8938 0.0588 0.0000
vt 0.8750 0.0742 0.0000
vt 0.8700 0.0563 0.0000
vt 0.8751 0.0501 0.0000
vt 0.8796 0.0446 0.0000
vt 0.8642 0.0634 0.0000
vt 0.8558 0.0467 0.0000
vt 0.8596 0.0397 0.0000
vt 0.8629 0.0334 0.0000
vt 0.8514 0.0549 0.0000
vt 0.8400 0.0402 0.0000
vt 0.8423 0.0325 0.0000
vt 0.8443 0.0258 0.0000
vt 0.8373 0.0490 0.0000
vt 0.8231 0.0368 0.0000
vt 0.8239 0.0289 0.0000
vt 0.8246 0.0218 0.0000
vt 0.8222 0.0460 0.0000
vt 0.8060 0.0368 0.0000
vt 0.8052 0.0289 0.0000
vt 0.8045 0.0218 0.0000
vt 0.8069 0.0460 0.0000
vt 0.7892 0.0402 0.0000
vt 0.7869 0.0325 0.0000
vt 0.7848 0.0258 0.0000
vt 0.7919 0.0490 0.0000
vt 0.7734 0.0467 0.0000
vt 0.7696 0.0397 0.0000
vt 0.7663 0.0334 0.0000
vt 0.7777 0.0549 0.0000
vt 0.7591 0.0563 0.0000
vt 0.7540 0.0501 0.0000
vt 0.7496 0.0446 0.0000
vt 0.7650 0.0634 0.0000
vt 0.7470 0.0684 0.0000
vt 0.7408 0.0633 0.0000
vt 0.7354 0.0588 0.0000
vt 0.7541 0.0742 0.0000
vt 0.7375 0.0826 0.0000
vt 0.7304 0.0789 0.0000
vt 0.7242 0.0755 0.0000
vt 0.7456 0.0870 0.0000
vt 0.7310 0.0985 0.0000
vt 0.7233 0.0961 0.0000
vt 0.7165 0.0941 0.0000
vt 0.7398 0.1012 0.0000
vt 0.7625 0.1081 0.0000
vt 0.7666 0.0982 0.0000
vt 0.7725 0.0893 0.0000
vt 0.7800 0.0818 0.0000
vt 0.7889 0.0758 0.0000
vt 0.7988 0.0718 0.0000
vt 0.8092 0.0697 0.0000
vt 0.8199 0.0697 0.0000
vt 0.8304 0.0717 0.0000
vt 0.8402 0.0758 0.0000
vt 0.8491 0.0818 0.0000
vt 0.8567 0.0893 0.0000
vt 0.8626 0.0982 0.0000
vt 0.8667 0.1080 0.0000
vt 0.8688 0.1185 0.0000
vt 0.8688 0.1292 0.0000
vt 0.8667 0.1396 0.0000
vt 0.8626 0.1495 0.0000
vt 0.8567 0.1584 0.0000
vt 0.8491 0.1659 0.0000
vt 0.8403 0.1718 0.0000
vt 0.8304 0.1759 0.0000
vt 0.8199 0.1780 0.0000
vt 0.8093 0.1780 0.0000
vt 0.7988 0.1759 0.0000
vt 0.7889 0.1719 0.0000
vt 0.7801 0.1659 0.0000
vt 0.7725 0.1584 0.0000
vt 0.7666 0.1495 0.0000
vt 0.7625 0.1397 0.0000
vt 0.7604 0.1292 0.0000
vt 0.7604 0.1185 0.0000
vt 0.4809 0.0476 0.0000
vt 0.5403 0.0078 0.0000
vt 0.5410 0.0455 0.0000
vt 0.0784 0.3707 0.0000
vt 0.0700 0.3513 0.0000
vt 0.0842 0.3620 0.0000
vt 0.2853 0.0917 0.0000
vt 0.0949 0.3236 0.0000
vt 0.2812 0.0606 0.0000
vt 0.4090 0.0473 0.0000
vt 0.3496 0.0075 0.0000
vt 0.4100 0.0100 0.0000
vt 0.2964 0.0740 0.0000
vt 0.3031 0.0253 0.0000
vt 0.3065 0.0605 0.0000
vt 0.0724 0.3817 0.0000
vt 0.0640 0.3603 0.0000
vt 0.1794 0.4180 0.0000
vt 0.1885 0.4177 0.0000
vt 0.1848 0.4217 0.0000
vt 0.2924 0.0407 0.0000
vt 0.1880 0.4314 0.0000
vt 0.1985 0.4305 0.0000
vt 0.1944 0.4367 0.0000
vt 0.1817 0.4267 0.0000
vt 0.1914 0.4259 0.0000
vt 0.8176 0.3812 0.0000
vt 0.8597 0.4198 0.0000
vt 0.8448 0.4293 0.0000
vt 0.1760 0.4228 0.0000
vt 0.9683 0.2231 0.0000
vt 0.9562 0.5608 0.0000
vt 0.9610 0.2141 0.0000
vt 0.0306 0.4208 0.0000
vt 0.0578 0.3715 0.0000
vt 0.1845 0.4382 0.0000
vt 0.1900 0.4438 0.0000
vt 0.4078 0.3802 0.0000
vt 0.3491 0.3242 0.0000
vt 0.4088 0.3262 0.0000
vt 0.1784 0.4332 0.0000
vt 0.5979 0.4234 0.0000
vt 0.7869 0.6387 0.0000
vt 0.7665 0.6549 0.0000
vt 0.4805 0.3804 0.0000
vt 0.5392 0.3245 0.0000
vt 0.5383 0.3790 0.0000
vt 0.1725 0.4294 0.0000
vt 0.1799 0.4464 0.0000
vt 0.1853 0.4515 0.0000
vt 0.6986 0.7326 0.0000
vt 0.6899 0.7313 0.0000
vt 0.6946 0.7284 0.0000
vt 0.1741 0.4418 0.0000
vt 0.6923 0.7452 0.0000
vt 0.6824 0.7431 0.0000
vt 0.6885 0.7393 0.0000
vt 0.6975 0.7410 0.0000
vt 0.6940 0.7357 0.0000
vt 0.0883 0.6993 0.0000
vt 0.0407 0.7321 0.0000
vt 0.0668 0.6844 0.0000
vt 0.1683 0.4381 0.0000
vt 0.9413 0.2235 0.0000
vt 0.9482 0.5608 0.0000
vt 0.9309 0.5598 0.0000
vt 0.8002 0.6988 0.0000
vt 0.8480 0.7311 0.0000
vt 0.8260 0.7447 0.0000
vt 0.3358 0.2890 0.0000
vt 0.4000 0.2978 0.0000
vt 0.3365 0.2979 0.0000
vt 0.7479 0.4820 0.0000
vt 0.7162 0.4419 0.0000
vt 0.7220 0.4381 0.0000
vt 0.3151 0.0146 0.0000
vt 0.3176 0.0512 0.0000
vt 0.3302 0.0086 0.0000
vt 0.3313 0.0461 0.0000
vt 0.3489 0.0453 0.0000
vt 0.9620 0.1898 0.0000
vt 0.9700 0.1988 0.0000
vt 0.9641 0.1709 0.0000
vt 0.9732 0.1784 0.0000
vt 0.9668 0.1545 0.0000
vt 0.9770 0.1587 0.0000
vt 0.9683 0.1366 0.0000
vt 0.9788 0.1374 0.0000
vt 0.9674 0.1141 0.0000
vt 0.9779 0.1134 0.0000
vt 0.9530 0.2139 0.0000
vt 0.9416 0.1975 0.0000
vt 0.9547 0.1890 0.0000
vt 0.9429 0.1747 0.0000
vt 0.9575 0.1701 0.0000
vt 0.9452 0.1546 0.0000
vt 0.9596 0.1539 0.0000
vt 0.9471 0.1357 0.0000
vt 0.9604 0.1365 0.0000
vt 0.9465 0.1153 0.0000
vt 0.9593 0.1148 0.0000
vt 0.5813 0.5623 0.0000
vt 0.5722 0.6047 0.0000
vt 0.5746 0.5547 0.0000
vt 0.5672 0.6014 0.0000
vt 0.5682 0.5490 0.0000
vt 0.5614 0.5992 0.0000
vt 0.5610 0.5453 0.0000
vt 0.5541 0.5982 0.0000
vt 0.5521 0.5434 0.0000
vt 0.5447 0.5981 0.0000
vt 0.5408 0.5432 0.0000
vt 0.7022 0.7378 0.0000
vt 0.6963 0.7524 0.0000
vt 0.6870 0.7498 0.0000
vt 0.7012 0.7480 0.0000
vt 0.7059 0.7446 0.0000
vt 0.7012 0.7611 0.0000
vt 0.6918 0.7574 0.0000
vt 0.1651 0.7996 0.0000
vt 0.1921 0.7654 0.0000
vt 0.1701 0.8029 0.0000
vt 0.0767 0.3431 0.0000
vt 0.0906 0.3542 0.0000
vt 0.0850 0.3343 0.0000
vt 0.0986 0.3456 0.0000
vt 0.1086 0.3349 0.0000
vt 0.9612 0.6413 0.0000
vt 0.9524 0.6248 0.0000
vt 0.9619 0.6266 0.0000
vt 0.9535 0.6102 0.0000
vt 0.9639 0.6130 0.0000
vt 0.9548 0.5964 0.0000
vt 0.9664 0.5985 0.0000
vt 0.9559 0.5806 0.0000
vt 0.9680 0.5817 0.0000
vt 0.9685 0.5621 0.0000
vt 0.9442 0.6431 0.0000
vt 0.9303 0.6272 0.0000
vt 0.9446 0.6252 0.0000
vt 0.9302 0.6116 0.0000
vt 0.9461 0.6108 0.0000
vt 0.9302 0.5962 0.0000
vt 0.9473 0.5971 0.0000
vt 0.9303 0.5794 0.0000
vt 0.9479 0.5813 0.0000
vt 0.7333 0.7400 0.0000
vt 0.7285 0.7307 0.0000
vt 0.7241 0.7235 0.0000
vt 0.7197 0.7177 0.0000
vt 0.7146 0.7123 0.0000
vt 0.6894 0.7240 0.0000
vt 0.7081 0.7063 0.0000
vt 0.7059 0.7569 0.0000
vt 0.7105 0.7536 0.0000
vt 0.5443 0.6059 0.0000
vt 0.4889 0.6132 0.0000
vt 0.4882 0.6052 0.0000
vt 0.1552 0.7936 0.0000
vt 0.1829 0.7568 0.0000
vt 0.1600 0.7964 0.0000
vt 0.1546 0.4893 0.0000
vt 0.1606 0.4932 0.0000
vt 0.6841 0.7341 0.0000
vt 0.6777 0.7369 0.0000
vt 0.6847 0.7268 0.0000
vt 0.6788 0.7289 0.0000
vt 0.6727 0.7311 0.0000
vt 0.5772 0.6169 0.0000
vt 0.5772 0.6095 0.0000
vt 0.5771 0.6250 0.0000
vt 0.5766 0.6328 0.0000
vt 0.5719 0.6122 0.0000
vt 0.5713 0.6204 0.0000
vt 0.5710 0.6286 0.0000
vt 0.5668 0.6090 0.0000
vt 0.5655 0.6172 0.0000
vt 0.5646 0.6254 0.0000
vt 0.5608 0.6070 0.0000
vt 0.5591 0.6153 0.0000
vt 0.5575 0.6231 0.0000
vt 0.5535 0.6061 0.0000
vt 0.5516 0.6144 0.0000
vt 0.5496 0.6217 0.0000
vt 0.5425 0.6140 0.0000
vt 0.5407 0.6209 0.0000
vt 0.3435 0.5981 0.0000
vt 0.4000 0.6056 0.0000
vt 0.3439 0.6059 0.0000
vt 0.3993 0.6136 0.0000
vt 0.3457 0.6140 0.0000
vt 0.3987 0.6204 0.0000
vt 0.3475 0.6210 0.0000
vt 0.1952 0.4213 0.0000
vt 0.2026 0.4251 0.0000
vt 0.1832 0.4140 0.0000
vt 0.1933 0.4137 0.0000
vt 0.2000 0.4168 0.0000
vt 0.2070 0.4200 0.0000
vt 0.1881 0.4101 0.0000
vt 0.3106 0.2956 0.0000
vt 0.3121 0.3037 0.0000
vt 0.3139 0.3119 0.0000
vt 0.3097 0.2877 0.0000
vt 0.3146 0.2920 0.0000
vt 0.3162 0.3008 0.0000
vt 0.3177 0.3096 0.0000
vt 0.3139 0.2838 0.0000
vt 0.3186 0.2900 0.0000
vt 0.3202 0.2990 0.0000
vt 0.3217 0.3079 0.0000
vt 0.3180 0.2815 0.0000
vt 0.3231 0.2890 0.0000
vt 0.3247 0.2982 0.0000
vt 0.3262 0.3068 0.0000
vt 0.3227 0.2804 0.0000
vt 0.3288 0.2889 0.0000
vt 0.3301 0.2980 0.0000
vt 0.3314 0.3060 0.0000
vt 0.3287 0.2802 0.0000
vt 0.3375 0.3054 0.0000
vt 0.5535 0.2805 0.0000
vt 0.4890 0.2887 0.0000
vt 0.4884 0.2804 0.0000
vt 0.5539 0.2890 0.0000
vt 0.4898 0.2974 0.0000
vt 0.5533 0.2979 0.0000
vt 0.4905 0.3048 0.0000
vt 0.0505 0.9639 0.0000
vt 0.1080 0.9493 0.0000
vt 0.1085 0.9520 0.0000
vt 0.9473 0.6251 0.0000
vt 0.9469 0.6431 0.0000
vt 0.9485 0.6107 0.0000
vt 0.9498 0.5970 0.0000
vt 0.9506 0.5811 0.0000
vt 0.9509 0.5609 0.0000
vt 0.9557 0.2139 0.0000
vt 0.9571 0.1893 0.0000
vt 0.9595 0.1703 0.0000
vt 0.9619 0.1540 0.0000
vt 0.9631 0.1365 0.0000
vt 0.9621 0.1146 0.0000
vt 0.6357 0.9689 0.0000
vt 0.7009 0.9597 0.0000
vt 0.7012 0.9624 0.0000
vt 0.6355 0.9662 0.0000
vt 0.7006 0.9571 0.0000
vt 0.0494 0.9588 0.0000
vt 0.1069 0.9442 0.0000
vt 0.1074 0.9468 0.0000
vt 0.9498 0.6249 0.0000
vt 0.9495 0.6431 0.0000
vt 0.9522 0.6431 0.0000
vt 0.9511 0.6103 0.0000
vt 0.9523 0.5965 0.0000
vt 0.9532 0.5807 0.0000
vt 0.9535 0.5609 0.0000
vt 0.9583 0.2140 0.0000
vt 0.9596 0.1896 0.0000
vt 0.9620 0.1706 0.0000
vt 0.9644 0.1542 0.0000
vt 0.9657 0.1365 0.0000
vt 0.9646 0.1144 0.0000
vt 0.6353 0.9636 0.0000
vt 0.7003 0.9544 0.0000
vt 0.1067 0.9349 0.0000
vt 0.0488 0.9561 0.0000
vt 0.0469 0.9471 0.0000
vt 0.8115 0.3703 0.0000
vt 0.8198 0.3508 0.0000
vt 0.8258 0.3597 0.0000
vt 0.6045 0.0919 0.0000
vt 0.7949 0.3234 0.0000
vt 0.7812 0.3347 0.0000
vt 0.9712 0.0472 0.0000
vt 0.9593 0.0486 0.0000
vt 0.5934 0.0742 0.0000
vt 0.5867 0.0256 0.0000
vt 0.5974 0.0409 0.0000
vt 0.8321 0.3708 0.0000
vt 0.7107 0.4180 0.0000
vt 0.7015 0.4177 0.0000
vt 0.7068 0.4141 0.0000
vt 0.6086 0.0609 0.0000
vt 0.7022 0.4315 0.0000
vt 0.6917 0.4306 0.0000
vt 0.6988 0.4261 0.0000
vt 0.7085 0.4268 0.0000
vt 0.7053 0.4218 0.0000
vt 0.9532 0.7019 0.0000
vt 0.9559 0.7017 0.0000
vt 0.7141 0.4229 0.0000
vt 0.5280 0.9580 0.0000
vt 0.1905 0.9394 0.0000
vt 0.1903 0.9271 0.0000
vt 0.7058 0.4383 0.0000
vt 0.6958 0.4369 0.0000
vt 0.1109 0.9653 0.0000
vt 0.7118 0.4333 0.0000
vt 0.2903 0.4232 0.0000
vt 0.1014 0.6390 0.0000
vt 0.2847 0.3777 0.0000
vt 0.9378 0.0520 0.0000
vt 0.7177 0.4294 0.0000
vt 0.7104 0.4466 0.0000
vt 0.7003 0.4440 0.0000
vt 0.1900 0.7326 0.0000
vt 0.1986 0.7313 0.0000
vt 0.1946 0.7357 0.0000
vt 0.1964 0.7451 0.0000
vt 0.2062 0.7430 0.0000
vt 0.2017 0.7497 0.0000
vt 0.1911 0.7410 0.0000
vt 0.2001 0.7392 0.0000
vt 0.9479 0.7024 0.0000
vt 0.9506 0.7021 0.0000
vt 0.5252 0.9848 0.0000
vt 0.1899 0.9474 0.0000
vt 0.5357 0.9740 0.0000
vt 0.9307 0.6438 0.0000
vt 0.9344 0.7036 0.0000
vt 0.3993 0.3052 0.0000
vt 0.1485 0.4855 0.0000
vt 0.5833 0.0607 0.0000
vt 0.5748 0.0148 0.0000
vt 0.5722 0.0515 0.0000
vt 0.5596 0.0089 0.0000
vt 0.5585 0.0464 0.0000
vt 0.5605 0.9670 0.0000
vt 0.5363 0.9660 0.0000
vt 0.5522 0.9584 0.0000
vt 0.5794 0.9663 0.0000
vt 0.5725 0.9567 0.0000
vt 0.5957 0.9643 0.0000
vt 0.5916 0.9540 0.0000
vt 0.6132 0.9625 0.0000
vt 0.6117 0.9520 0.0000
vt 0.6351 0.9609 0.0000
vt 0.5512 0.9868 0.0000
vt 0.5608 0.9744 0.0000
vt 0.5744 0.9872 0.0000
vt 0.5799 0.9730 0.0000
vt 0.5953 0.9857 0.0000
vt 0.5963 0.9715 0.0000
vt 0.6154 0.9835 0.0000
vt 0.6138 0.9703 0.0000
vt 0.6375 0.9817 0.0000
vt 0.3069 0.5622 0.0000
vt 0.3160 0.6047 0.0000
vt 0.3111 0.6094 0.0000
vt 0.3136 0.5546 0.0000
vt 0.3210 0.6013 0.0000
vt 0.3200 0.5489 0.0000
vt 0.3268 0.5992 0.0000
vt 0.3272 0.5452 0.0000
vt 0.3342 0.5982 0.0000
vt 0.3362 0.5433 0.0000
vt 0.1864 0.7377 0.0000
vt 0.1924 0.7523 0.0000
vt 0.1970 0.7572 0.0000
vt 0.1875 0.7479 0.0000
vt 0.1827 0.7445 0.0000
vt 0.1876 0.7610 0.0000
vt 0.4895 0.6201 0.0000
vt 0.8057 0.3616 0.0000
vt 0.8130 0.3427 0.0000
vt 0.7992 0.3538 0.0000
vt 0.8048 0.3340 0.0000
vt 0.7912 0.3453 0.0000
vt 0.1255 0.9410 0.0000
vt 0.1228 0.9318 0.0000
vt 0.1404 0.9393 0.0000
vt 0.1375 0.9290 0.0000
vt 0.1545 0.9382 0.0000
vt 0.1529 0.9267 0.0000
vt 0.1706 0.9381 0.0000
vt 0.1704 0.9259 0.0000
vt 0.1256 0.9633 0.0000
vt 0.1259 0.9488 0.0000
vt 0.1397 0.9627 0.0000
vt 0.1400 0.9467 0.0000
vt 0.1541 0.9630 0.0000
vt 0.1536 0.9458 0.0000
vt 0.1702 0.9637 0.0000
vt 0.1694 0.9461 0.0000
vt 0.1893 0.9646 0.0000
vt 0.1553 0.7401 0.0000
vt 0.1783 0.7535 0.0000
vt 0.1601 0.7308 0.0000
vt 0.1645 0.7236 0.0000
vt 0.1688 0.7178 0.0000
vt 0.1940 0.7283 0.0000
vt 0.1739 0.7124 0.0000
vt 0.1991 0.7240 0.0000
vt 0.7292 0.7964 0.0000
vt 0.7241 0.7997 0.0000
vt 0.6968 0.7656 0.0000
vt 0.7361 0.4894 0.0000
vt 0.7051 0.4517 0.0000
vt 0.2045 0.7340 0.0000
vt 0.2108 0.7369 0.0000
vt 0.2038 0.7267 0.0000
vt 0.2097 0.7288 0.0000
vt 0.2158 0.7310 0.0000
vt 0.3111 0.6168 0.0000
vt 0.3112 0.6249 0.0000
vt 0.3117 0.6328 0.0000
vt 0.3163 0.6122 0.0000
vt 0.3170 0.6203 0.0000
vt 0.3173 0.6285 0.0000
vt 0.3215 0.6089 0.0000
vt 0.3228 0.6172 0.0000
vt 0.3237 0.6253 0.0000
vt 0.3274 0.6070 0.0000
vt 0.3291 0.6153 0.0000
vt 0.3307 0.6231 0.0000
vt 0.3347 0.6061 0.0000
vt 0.3366 0.6144 0.0000
vt 0.3386 0.6217 0.0000
vt 0.7422 0.4855 0.0000
vt 0.4877 0.5975 0.0000
vt 0.6949 0.4214 0.0000
vt 0.6875 0.4252 0.0000
vt 0.6967 0.4138 0.0000
vt 0.7019 0.4101 0.0000
vt 0.6901 0.4169 0.0000
vt 0.6831 0.4201 0.0000
vt 0.5792 0.2956 0.0000
vt 0.5801 0.2878 0.0000
vt 0.5777 0.3037 0.0000
vt 0.5759 0.3119 0.0000
vt 0.5752 0.2921 0.0000
vt 0.5759 0.2839 0.0000
vt 0.5736 0.3008 0.0000
vt 0.5721 0.3097 0.0000
vt 0.5712 0.2900 0.0000
vt 0.5718 0.2816 0.0000
vt 0.5695 0.2991 0.0000
vt 0.5681 0.3080 0.0000
vt 0.5666 0.2891 0.0000
vt 0.5671 0.2805 0.0000
vt 0.5650 0.2983 0.0000
vt 0.5636 0.3068 0.0000
vt 0.5610 0.2889 0.0000
vt 0.5611 0.2802 0.0000
vt 0.5597 0.2981 0.0000
vt 0.5583 0.3060 0.0000
vt 0.5522 0.3054 0.0000
vt 0.7025 0.9761 0.0000
vt 0.0499 0.9613 0.0000
vt 0.3363 0.2805 0.0000
vt 0.4008 0.2891 0.0000
vt 0.9540 0.0493 0.0000
vt 0.1256 0.9462 0.0000
vt 0.1401 0.9442 0.0000
vt 0.1538 0.9432 0.0000
vt 0.1698 0.9433 0.0000
vt 0.1900 0.9447 0.0000
vt 0.5360 0.9713 0.0000
vt 0.5607 0.9720 0.0000
vt 0.5798 0.9709 0.0000
vt 0.5962 0.9692 0.0000
vt 0.6136 0.9677 0.0000
vt 0.7339 0.7935 0.0000
vt 0.1256 0.9436 0.0000
vt 0.1404 0.9417 0.0000
vt 0.1543 0.9407 0.0000
vt 0.1703 0.9408 0.0000
vt 0.1902 0.9421 0.0000
vt 0.5362 0.9687 0.0000
vt 0.5606 0.9695 0.0000
vt 0.5796 0.9684 0.0000
vt 0.5960 0.9667 0.0000
vt 0.6134 0.9651 0.0000
vt 0.9566 0.0490 0.0000
vt 0.1427 0.4821 0.0000
vt 0.0111 0.9648 0.0000
vt 0.0090 0.9558 0.0000
vt 0.9696 0.7387 0.0000
vt 0.9651 0.7008 0.0000
vt 0.7366 0.9370 0.0000
vt 0.7385 0.9492 0.0000
vt 0.9532 0.0104 0.0000
vt 0.1391 0.5268 0.0000
vt 0.1332 0.5228 0.0000
vt 0.7582 0.5226 0.0000
vt 0.7302 0.4934 0.0000
vt 0.8801 0.4512 0.0000
vt 0.8654 0.4611 0.0000
vt 0.0251 0.4620 0.0000
vt 0.0456 0.4301 0.0000
vt 0.4849 0.2096 0.0000
vt 0.4449 0.2799 0.0000
vt 0.4448 0.2094 0.0000
vt 0.4014 0.2807 0.0000
vt 0.4048 0.2095 0.0000
vt 0.9526 0.7408 0.0000
vt 0.9391 0.7425 0.0000
vt 0.0159 0.9858 0.0000
vt 0.0534 0.9772 0.0000
vt 0.9513 0.0497 0.0000
vt 0.9313 0.0141 0.0000
vt 0.9453 0.0116 0.0000
vt 0.7396 0.9572 0.0000
vt 0.8682 0.7628 0.0000
vt 0.8463 0.7769 0.0000
vt 0.0427 0.7778 0.0000
vt 0.0628 0.7454 0.0000
vt 0.4847 0.5433 0.0000
vt 0.4441 0.5970 0.0000
vt 0.4441 0.5430 0.0000
vt 0.4006 0.5979 0.0000
vt 0.4034 0.5433 0.0000
vt 0.1272 0.5189 0.0000
vt 0.7641 0.5187 0.0000
vt 0.1489 0.8367 0.0000
vt 0.1439 0.8333 0.0000
vt 0.7459 0.8331 0.0000
vt 0.7191 0.8030 0.0000
vt 0.1217 0.5155 0.0000
vt 0.7695 0.5152 0.0000
vt 0.1389 0.8300 0.0000
vt 0.7508 0.8298 0.0000
vt 0.1343 0.8272 0.0000
vt 0.7554 0.8269 0.0000
vt 0.4441 0.6047 0.0000
vt 0.4442 0.6127 0.0000
vt 0.4442 0.6195 0.0000
vt 0.4449 0.2882 0.0000
vt 0.4449 0.2969 0.0000
vt 0.4449 0.3044 0.0000
vt 0.0117 0.9674 0.0000
vt 0.9605 0.7399 0.0000
vt 0.7392 0.9545 0.0000
vt 0.9553 0.7405 0.0000
vt 0.0128 0.9725 0.0000
vt 0.9578 0.7402 0.0000
vt 0.0122 0.9699 0.0000
vt 0.9505 0.0108 0.0000
vt 0.9480 0.0112 0.0000
vt 0.7389 0.9519 0.0000
vt 0.6986 0.9426 0.0000
vt 0.6338 0.9504 0.0000
vt 0.0112 0.1983 0.0000
vt 0.0234 0.1866 0.0000
vt 0.0143 0.2003 0.0000
vt 0.0091 0.1949 0.0000
vt 0.0267 0.1767 0.0000
vt 0.0079 0.1900 0.0000
vt 0.0283 0.1669 0.0000
vt 0.0075 0.1836 0.0000
vt 0.0297 0.1368 0.0000
vt 0.0075 0.1447 0.0000
vt 0.0302 0.1060 0.0000
vt 0.0075 0.1060 0.0000
vt 0.0297 0.0752 0.0000
vt 0.0075 0.0673 0.0000
vt 0.0283 0.0451 0.0000
vt 0.0075 0.0284 0.0000
vt 0.0267 0.0353 0.0000
vt 0.0079 0.0220 0.0000
vt 0.0234 0.0254 0.0000
vt 0.0091 0.0171 0.0000
vt 0.0143 0.0117 0.0000
vt 0.0325 0.1860 0.0000
vt 0.0183 0.2011 0.0000
vt 0.0391 0.1745 0.0000
vt 0.0427 0.1633 0.0000
vt 0.0454 0.1349 0.0000
vt 0.0463 0.1060 0.0000
vt 0.0454 0.0772 0.0000
vt 0.0427 0.0487 0.0000
vt 0.0391 0.0375 0.0000
vt 0.0325 0.0260 0.0000
vt 0.0183 0.0110 0.0000
vt 0.1360 0.1883 0.0000
vt 0.1492 0.2045 0.0000
vt 0.1301 0.1761 0.0000
vt 0.1272 0.1645 0.0000
vt 0.1271 0.1352 0.0000
vt 0.1272 0.1060 0.0000
vt 0.1271 0.0768 0.0000
vt 0.1272 0.0475 0.0000
vt 0.1301 0.0359 0.0000
vt 0.1360 0.0238 0.0000
vt 0.1492 0.0075 0.0000
vt 0.1460 0.1894 0.0000
vt 0.1544 0.2041 0.0000
vt 0.1435 0.1792 0.0000
vt 0.1425 0.1691 0.0000
vt 0.1442 0.1371 0.0000
vt 0.1450 0.1060 0.0000
vt 0.1442 0.0750 0.0000
vt 0.1425 0.0429 0.0000
vt 0.1435 0.0328 0.0000
vt 0.1460 0.0226 0.0000
vt 0.1544 0.0080 0.0000
vt 0.1616 0.1991 0.0000
vt 0.1586 0.2023 0.0000
vt 0.1638 0.1944 0.0000
vt 0.1650 0.1881 0.0000
vt 0.1700 0.1447 0.0000
vt 0.1718 0.1060 0.0000
vt 0.1700 0.0673 0.0000
vt 0.1650 0.0239 0.0000
vt 0.1638 0.0176 0.0000
vt 0.1616 0.0130 0.0000
vt 0.1586 0.0098 0.0000
vt 0.3273 0.8010 0.0000
vt 0.3397 0.7899 0.0000
vt 0.3315 0.8019 0.0000
vt 0.3245 0.7994 0.0000
vt 0.3407 0.7831 0.0000
vt 0.3228 0.7972 0.0000
vt 0.3408 0.7757 0.0000
vt 0.3222 0.7943 0.0000
vt 0.3385 0.6689 0.0000
vt 0.3184 0.6500 0.0000
vt 0.3377 0.6619 0.0000
vt 0.3187 0.6476 0.0000
vt 0.3355 0.6553 0.0000
vt 0.3197 0.6458 0.0000
vt 0.3243 0.6433 0.0000
vt 0.3499 0.7873 0.0000
vt 0.3370 0.8022 0.0000
vt 0.3533 0.7778 0.0000
vt 0.3543 0.7681 0.0000
vt 0.3526 0.6765 0.0000
vt 0.3504 0.6671 0.0000
vt 0.3450 0.6577 0.0000
vt 0.3279 0.6427 0.0000
vt 0.3853 0.7857 0.0000
vt 0.3801 0.8021 0.0000
vt 0.3869 0.7746 0.0000
vt 0.3875 0.7635 0.0000
vt 0.3871 0.6782 0.0000
vt 0.3865 0.6671 0.0000
vt 0.3849 0.6554 0.0000
vt 0.3801 0.6369 0.0000
vt 0.4188 0.7852 0.0000
vt 0.4188 0.8021 0.0000
vt 0.4188 0.7736 0.0000
vt 0.4188 0.7621 0.0000
vt 0.4188 0.6786 0.0000
vt 0.4188 0.6670 0.0000
vt 0.4188 0.6546 0.0000
vt 0.4188 0.6351 0.0000
vt 0.4523 0.7857 0.0000
vt 0.4575 0.8021 0.0000
vt 0.4507 0.7746 0.0000
vt 0.4501 0.7635 0.0000
vt 0.4505 0.6782 0.0000
vt 0.4511 0.6671 0.0000
vt 0.4527 0.6554 0.0000
vt 0.4575 0.6369 0.0000
vt 0.4877 0.7873 0.0000
vt 0.5006 0.8022 0.0000
vt 0.4843 0.7778 0.0000
vt 0.4833 0.7681 0.0000
vt 0.4850 0.6765 0.0000
vt 0.4872 0.6671 0.0000
vt 0.4926 0.6577 0.0000
vt 0.5097 0.6427 0.0000
vt 0.4979 0.7899 0.0000
vt 0.5061 0.8019 0.0000
vt 0.4969 0.7831 0.0000
vt 0.4968 0.7757 0.0000
vt 0.4991 0.6689 0.0000
vt 0.4999 0.6619 0.0000
vt 0.5021 0.6553 0.0000
vt 0.5133 0.6433 0.0000
vt 0.5131 0.7994 0.0000
vt 0.5103 0.8010 0.0000
vt 0.5148 0.7972 0.0000
vt 0.5154 0.7943 0.0000
vt 0.5192 0.6500 0.0000
vt 0.5189 0.6476 0.0000
vt 0.5179 0.6458 0.0000
vt 0.5160 0.6443 0.0000
vt 0.4450 0.0109 0.0000
vt 0.4449 0.0479 0.0000
vt 0.4078 0.1012 0.0000
vt 0.4449 0.1015 0.0000
vt 0.4066 0.1552 0.0000
vt 0.4449 0.1553 0.0000
vt 0.4800 0.0104 0.0000
vt 0.4819 0.1014 0.0000
vt 0.4832 0.1554 0.0000
vt 0.1133 0.4665 0.0000
vt 0.0929 0.4996 0.0000
vt 0.0904 0.4547 0.0000
vt 0.0703 0.4877 0.0000
vt 0.0677 0.4428 0.0000
vt 0.0475 0.4753 0.0000
vt 0.7979 0.4990 0.0000
vt 0.7773 0.4661 0.0000
vt 0.8204 0.4869 0.0000
vt 0.8001 0.4543 0.0000
vt 0.8432 0.4745 0.0000
vt 0.8227 0.4421 0.0000
vt 0.7250 0.3866 0.0000
vt 0.7321 0.3929 0.0000
vt 0.7434 0.3689 0.0000
vt 0.7517 0.3769 0.0000
vt 0.7621 0.3516 0.0000
vt 0.7714 0.3611 0.0000
vt 0.7375 0.3986 0.0000
vt 0.7581 0.3837 0.0000
vt 0.7788 0.3689 0.0000
vt 0.7421 0.4046 0.0000
vt 0.7635 0.3905 0.0000
vt 0.7847 0.3763 0.0000
vt 0.5470 0.2090 0.0000
vt 0.5579 0.2089 0.0000
vt 0.5441 0.1544 0.0000
vt 0.5573 0.1547 0.0000
vt 0.5422 0.1000 0.0000
vt 0.5576 0.1005 0.0000
vt 0.5666 0.2105 0.0000
vt 0.5678 0.1574 0.0000
vt 0.5697 0.1044 0.0000
vt 0.5736 0.2140 0.0000
vt 0.5763 0.1628 0.0000
vt 0.5795 0.1117 0.0000
vt 0.5799 0.2197 0.0000
vt 0.5867 0.2277 0.0000
vt 0.5840 0.1709 0.0000
vt 0.5924 0.1821 0.0000
vt 0.5885 0.1225 0.0000
vt 0.5984 0.1368 0.0000
vt 0.7467 0.4119 0.0000
vt 0.7517 0.4213 0.0000
vt 0.7685 0.3983 0.0000
vt 0.7740 0.4083 0.0000
vt 0.7902 0.3846 0.0000
vt 0.7960 0.3951 0.0000
vt 0.1649 0.3866 0.0000
vt 0.1580 0.3930 0.0000
vt 0.1465 0.3690 0.0000
vt 0.1383 0.3770 0.0000
vt 0.1277 0.3517 0.0000
vt 0.1185 0.3613 0.0000
vt 0.1525 0.3987 0.0000
vt 0.1318 0.3839 0.0000
vt 0.1111 0.3692 0.0000
vt 0.1479 0.4047 0.0000
vt 0.1265 0.3907 0.0000
vt 0.1052 0.3766 0.0000
vt 0.3428 0.2089 0.0000
vt 0.3319 0.2088 0.0000
vt 0.3456 0.1543 0.0000
vt 0.3324 0.1545 0.0000
vt 0.3476 0.0997 0.0000
vt 0.3322 0.1003 0.0000
vt 0.3232 0.2104 0.0000
vt 0.3220 0.1572 0.0000
vt 0.3201 0.1042 0.0000
vt 0.3161 0.2139 0.0000
vt 0.3135 0.1626 0.0000
vt 0.3103 0.1115 0.0000
vt 0.1385 0.4215 0.0000
vt 0.1161 0.4086 0.0000
vt 0.0940 0.3955 0.0000
vt 0.3098 0.2196 0.0000
vt 0.3031 0.2276 0.0000
vt 0.3058 0.1708 0.0000
vt 0.2974 0.1819 0.0000
vt 0.3012 0.1223 0.0000
vt 0.2914 0.1367 0.0000
vt 0.1434 0.4120 0.0000
vt 0.1215 0.3985 0.0000
vt 0.0998 0.3849 0.0000
vt 0.4442 0.3270 0.0000
vt 0.4441 0.3806 0.0000
vt 0.4067 0.4344 0.0000
vt 0.4441 0.4345 0.0000
vt 0.4053 0.4888 0.0000
vt 0.4441 0.4887 0.0000
vt 0.4796 0.3266 0.0000
vt 0.4814 0.4346 0.0000
vt 0.4828 0.4889 0.0000
vt 0.1323 0.7813 0.0000
vt 0.1121 0.8147 0.0000
vt 0.1090 0.7696 0.0000
vt 0.0891 0.8028 0.0000
vt 0.0857 0.7578 0.0000
vt 0.0658 0.7907 0.0000
vt 0.7773 0.8142 0.0000
vt 0.7567 0.7811 0.0000
vt 0.8001 0.8021 0.0000
vt 0.7800 0.7692 0.0000
vt 0.8232 0.7899 0.0000
vt 0.8032 0.7572 0.0000
vt 0.0920 0.6494 0.0000
vt 0.1218 0.6551 0.0000
vt 0.1124 0.6652 0.0000
vt 0.1417 0.6719 0.0000
vt 0.1330 0.6807 0.0000
vt 0.1612 0.6890 0.0000
vt 0.1535 0.6965 0.0000
vt 0.1803 0.7064 0.0000
vt 0.0842 0.6579 0.0000
vt 0.1050 0.6733 0.0000
vt 0.1262 0.6882 0.0000
vt 0.1475 0.7029 0.0000
vt 0.0780 0.6657 0.0000
vt 0.0991 0.6808 0.0000
vt 0.1207 0.6952 0.0000
vt 0.1425 0.7094 0.0000
vt 0.0725 0.6740 0.0000
vt 0.0938 0.6890 0.0000
vt 0.1157 0.7032 0.0000
vt 0.1378 0.7170 0.0000
vt 0.1103 0.7132 0.0000
vt 0.1327 0.7267 0.0000
vt 0.3307 0.3255 0.0000
vt 0.3500 0.3788 0.0000
vt 0.3337 0.3799 0.0000
vt 0.3501 0.4336 0.0000
vt 0.3354 0.4343 0.0000
vt 0.3492 0.4883 0.0000
vt 0.3362 0.4887 0.0000
vt 0.3474 0.5431 0.0000
vt 0.3162 0.3316 0.0000
vt 0.3209 0.3849 0.0000
vt 0.3239 0.4383 0.0000
vt 0.3259 0.4916 0.0000
vt 0.3048 0.3423 0.0000
vt 0.3107 0.3938 0.0000
vt 0.3144 0.4453 0.0000
vt 0.3175 0.4970 0.0000
vt 0.2948 0.3576 0.0000
vt 0.3013 0.4066 0.0000
vt 0.3056 0.4556 0.0000
vt 0.3099 0.5049 0.0000
vt 0.2961 0.4692 0.0000
vt 0.3018 0.5155 0.0000
vt 0.7962 0.6491 0.0000
vt 0.7759 0.6649 0.0000
vt 0.7466 0.6717 0.0000
vt 0.7554 0.6805 0.0000
vt 0.7272 0.6889 0.0000
vt 0.7350 0.6963 0.0000
vt 0.8040 0.6575 0.0000
vt 0.7833 0.6730 0.0000
vt 0.7622 0.6879 0.0000
vt 0.7410 0.7028 0.0000
vt 0.8103 0.6652 0.0000
vt 0.7893 0.6804 0.0000
vt 0.7677 0.6949 0.0000
vt 0.7460 0.7092 0.0000
vt 0.8158 0.6735 0.0000
vt 0.7946 0.6886 0.0000
vt 0.7728 0.7029 0.0000
vt 0.7507 0.7168 0.0000
vt 0.8216 0.6838 0.0000
vt 0.7782 0.7128 0.0000
vt 0.7559 0.7264 0.0000
vt 0.5576 0.3258 0.0000
vt 0.5546 0.3801 0.0000
vt 0.5381 0.4337 0.0000
vt 0.5528 0.4345 0.0000
vt 0.5390 0.4884 0.0000
vt 0.5520 0.4889 0.0000
vt 0.5720 0.3318 0.0000
vt 0.5673 0.3851 0.0000
vt 0.5643 0.4384 0.0000
vt 0.5623 0.4917 0.0000
vt 0.5834 0.3425 0.0000
vt 0.5775 0.3940 0.0000
vt 0.5738 0.4455 0.0000
vt 0.5707 0.4971 0.0000
vt 0.5934 0.3579 0.0000
vt 0.5869 0.4068 0.0000
vt 0.5826 0.4557 0.0000
vt 0.5783 0.5050 0.0000
vt 0.6035 0.3779 0.0000
vt 0.5921 0.4693 0.0000
vt 0.5865 0.5156 0.0000
vt 0.9654 0.0085 0.0000
vt 0.7524 0.5268 0.0000
vt 0.0103 0.4521 0.0000
vt 0.7414 0.9712 0.0000
vt 0.0206 0.7637 0.0000
vt 0.7410 0.8366 0.0000
vt 0.0112 0.0137 0.0000
vt 0.3216 0.6443 0.0000
vt 0.6930 0.0212 0.0000
vt 0.6930 0.0119 0.0000
vt 0.6955 0.0095 0.0000
vt 0.9878 0.9742 0.0000
vt 0.7570 0.9835 0.0000
vt 0.7570 0.9742 0.0000
vt 0.9878 0.9259 0.0000
vt 0.7570 0.9402 0.0000
vt 0.7570 0.9259 0.0000
vt 0.7570 0.9530 0.0000
vt 0.9878 0.9437 0.0000
vt 0.9878 0.9530 0.0000
vt 0.6981 0.0585 0.0000
vt 0.6888 0.0585 0.0000
vt 0.6863 0.0561 0.0000
vt 0.9878 0.9564 0.0000
vt 0.7570 0.9437 0.0000
vt 0.7570 0.9707 0.0000
vt 0.9878 0.9870 0.0000
vt 0.9878 0.9835 0.0000
vt 0.7570 0.9564 0.0000
vt 0.7098 0.0095 0.0000
vt 0.7098 0.0237 0.0000
vt 0.7122 0.0119 0.0000
vt 0.7122 0.0212 0.0000
vt 0.6955 0.0237 0.0000
vt 0.9878 0.9402 0.0000
vt 0.6863 0.0418 0.0000
vt 0.7005 0.0418 0.0000
vt 0.6888 0.0393 0.0000
vt 0.6981 0.0393 0.0000
vt 0.7005 0.0561 0.0000
vt 0.9878 0.9707 0.0000
vt 0.7570 0.9870 0.0000
vt 0.2482 0.0745 0.0000
vt 0.2390 0.0745 0.0000
vt 0.2365 0.0720 0.0000
vt 0.8862 0.4896 0.0000
vt 0.8955 0.6985 0.0000
vt 0.8862 0.6985 0.0000
vt 0.8989 0.4896 0.0000
vt 0.9132 0.6985 0.0000
vt 0.8989 0.6985 0.0000
vt 0.8649 0.6985 0.0000
vt 0.8556 0.4896 0.0000
vt 0.8649 0.4896 0.0000
vt 0.9124 0.0267 0.0000
vt 0.9031 0.0267 0.0000
vt 0.9007 0.0242 0.0000
vt 0.8684 0.4896 0.0000
vt 0.8522 0.6985 0.0000
vt 0.8556 0.6985 0.0000
vt 0.8827 0.6985 0.0000
vt 0.8955 0.4896 0.0000
vt 0.8684 0.6985 0.0000
vt 0.2365 0.0577 0.0000
vt 0.2507 0.0577 0.0000
vt 0.2390 0.0553 0.0000
vt 0.2482 0.0553 0.0000
vt 0.2507 0.0720 0.0000
vt 0.9132 0.4896 0.0000
vt 0.9007 0.0099 0.0000
vt 0.9149 0.0099 0.0000
vt 0.9031 0.0075 0.0000
vt 0.9124 0.0075 0.0000
vt 0.9149 0.0242 0.0000
vt 0.8522 0.4896 0.0000
vt 0.8827 0.4896 0.0000
vt 0.0500 0.5844 0.0000
vt 0.0192 0.5904 0.0000
vt 0.0186 0.5844 0.0000
vt 0.0147 0.5895 0.0000
vt 0.0158 0.5840 0.0000
vt 0.6395 0.0095 0.0000
vt 0.6709 0.0410 0.0000
vt 0.6395 0.0410 0.0000
vt 0.0109 0.5870 0.0000
vt 0.0139 0.5829 0.0000
vt 0.6367 0.0410 0.0000
vt 0.6345 0.0410 0.0000
vt 0.6367 0.0095 0.0000
vt 0.0084 0.5831 0.0000
vt 0.0128 0.5810 0.0000
vt 0.0075 0.5786 0.0000
vt 0.0124 0.5782 0.0000
vt 0.6322 0.0410 0.0000
vt 0.6345 0.0095 0.0000
vt 0.0075 0.5727 0.0000
vt 0.0124 0.5727 0.0000
vt 0.6294 0.0410 0.0000
vt 0.6322 0.0095 0.0000
vt 0.0075 0.5636 0.0000
vt 0.0124 0.5636 0.0000
vt 0.0075 0.5558 0.0000
vt 0.0124 0.5558 0.0000
vt 0.0075 0.5480 0.0000
vt 0.0124 0.5480 0.0000
vt 0.2315 0.0075 0.0000
vt 0.2361 0.0390 0.0000
vt 0.2315 0.0390 0.0000
vt 0.2269 0.0075 0.0000
vt 0.2269 0.0390 0.0000
vt 0.2223 0.0075 0.0000
vt 0.2223 0.0390 0.0000
vt 0.2178 0.0075 0.0000
vt 0.2178 0.0390 0.0000
vt 0.1839 0.0390 0.0000
vt 0.0571 0.5116 0.0000
vt 0.0192 0.5055 0.0000
vt 0.0602 0.5055 0.0000
vt 0.0186 0.5116 0.0000
vt 0.0147 0.5064 0.0000
vt 0.0158 0.5119 0.0000
vt 0.0109 0.5090 0.0000
vt 0.0139 0.5131 0.0000
vt 0.0084 0.5128 0.0000
vt 0.0128 0.5150 0.0000
vt 0.0075 0.5173 0.0000
vt 0.0124 0.5178 0.0000
vt 0.0075 0.5232 0.0000
vt 0.0124 0.5232 0.0000
vt 0.0075 0.5323 0.0000
vt 0.0124 0.5323 0.0000
vt 0.0075 0.5402 0.0000
vt 0.0124 0.5402 0.0000
vt 0.6240 0.0410 0.0000
vt 0.6152 0.0387 0.0000
vt 0.6099 0.0328 0.0000
vt 0.2421 0.0390 0.0000
vt 0.2421 0.0075 0.0000
vt 0.0531 0.5904 0.0000
vt 0.6780 0.0095 0.0000
vt 0.6294 0.0095 0.0000
vt 0.2361 0.0075 0.0000
vt 0.1768 0.0075 0.0000
vt 0.6240 0.0095 0.0000
vt 0.6152 0.0118 0.0000
vt 0.6099 0.0176 0.0000
vt 0.2578 0.0233 0.0000
vt 0.6082 0.0252 0.0000
vt 0.2508 0.0098 0.0000
vt 0.2561 0.0157 0.0000
vt 0.2561 0.0308 0.0000
vt 0.2508 0.0367 0.0000
vt 0.7949 0.1076 0.0000
vt 0.7878 0.0990 0.0000
vt 0.7949 0.0957 0.0000
vt 0.9875 0.2226 0.0000
vt 0.9924 0.1947 0.0000
vt 0.9924 0.2226 0.0000
vt 0.9875 0.3504 0.0000
vt 0.9924 0.3230 0.0000
vt 0.9924 0.3504 0.0000
vt 0.9924 0.2779 0.0000
vt 0.9875 0.3058 0.0000
vt 0.9875 0.2779 0.0000
vt 0.2130 0.0705 0.0000
vt 0.2145 0.0579 0.0000
vt 0.2142 0.0699 0.0000
vt 0.9875 0.2672 0.0000
vt 0.9924 0.2711 0.0000
vt 0.9875 0.2711 0.0000
vt 0.9924 0.2740 0.0000
vt 0.9875 0.2740 0.0000
vt 0.9875 0.3175 0.0000
vt 0.9924 0.3175 0.0000
vt 0.9875 0.3113 0.0000
vt 0.9924 0.3113 0.0000
vt 0.9924 0.3058 0.0000
vt 0.9924 0.2398 0.0000
vt 0.9875 0.2343 0.0000
vt 0.9924 0.2343 0.0000
vt 0.9875 0.2281 0.0000
vt 0.9924 0.2281 0.0000
vt 0.9924 0.3543 0.0000
vt 0.9875 0.3543 0.0000
vt 0.9924 0.3572 0.0000
vt 0.9875 0.3572 0.0000
vt 0.9875 0.1908 0.0000
vt 0.9875 0.1947 0.0000
vt 0.9924 0.2672 0.0000
vt 0.7970 0.1256 0.0000
vt 0.7995 0.1276 0.0000
vt 0.7887 0.1323 0.0000
vt 0.2099 0.0897 0.0000
vt 0.2180 0.1001 0.0000
vt 0.2086 0.0903 0.0000
vt 0.6796 0.0981 0.0000
vt 0.6747 0.0972 0.0000
vt 0.6796 0.0971 0.0000
vt 0.6746 0.0958 0.0000
vt 0.6796 0.0957 0.0000
vt 0.6796 0.0995 0.0000
vt 0.6747 0.0982 0.0000
vt 0.6797 0.1057 0.0000
vt 0.6748 0.1057 0.0000
vt 0.6797 0.1121 0.0000
vt 0.6748 0.1104 0.0000
vt 0.6797 0.1102 0.0000
vt 0.6797 0.1162 0.0000
vt 0.6748 0.1145 0.0000
vt 0.6797 0.1143 0.0000
vt 0.6748 0.1123 0.0000
vt 0.6795 0.0897 0.0000
vt 0.6745 0.0898 0.0000
vt 0.6794 0.0885 0.0000
vt 0.6745 0.0866 0.0000
vt 0.6794 0.0865 0.0000
vt 0.6796 0.1209 0.0000
vt 0.6747 0.1198 0.0000
vt 0.6796 0.1195 0.0000
vt 0.6746 0.0926 0.0000
vt 0.6795 0.0926 0.0000
vt 0.6745 0.0907 0.0000
vt 0.6795 0.0906 0.0000
vt 0.6793 0.0758 0.0000
vt 0.6743 0.0743 0.0000
vt 0.6793 0.0744 0.0000
vt 0.6743 0.0757 0.0000
vt 0.6744 0.0733 0.0000
vt 0.6793 0.0734 0.0000
vt 0.6748 0.1165 0.0000
vt 0.7961 0.1082 0.0000
vt 0.9875 0.3230 0.0000
vt 0.2215 0.0611 0.0000
vt 0.9875 0.2398 0.0000
vt 0.9924 0.1908 0.0000
vt 0.8007 0.1282 0.0000
vt 0.7949 0.1422 0.0000
vt 0.8016 0.1278 0.0000
vt 0.2077 0.0899 0.0000
vt 0.2145 0.1044 0.0000
vt 0.6747 0.0995 0.0000
vt 0.6745 0.0885 0.0000
vt 0.6747 0.1211 0.0000
vt 0.8156 0.1136 0.0000
vt 0.8015 0.1203 0.0000
vt 0.8013 0.1156 0.0000
vt 0.8009 0.1137 0.0000
vt 0.7913 0.0940 0.0000
vt 0.7987 0.1103 0.0000
vt 0.7999 0.1117 0.0000
vt 0.7887 0.0951 0.0000
vt 0.7948 0.1222 0.0000
vt 0.7953 0.1233 0.0000
vt 0.7878 0.1268 0.0000
vt 0.7944 0.1203 0.0000
vt 0.7938 0.1093 0.0000
vt 0.7940 0.1080 0.0000
vt 0.2215 0.0890 0.0000
vt 0.2140 0.0854 0.0000
vt 0.2145 0.0843 0.0000
vt 0.2149 0.0824 0.0000
vt 0.2206 0.0573 0.0000
vt 0.2153 0.0716 0.0000
vt 0.2180 0.0561 0.0000
vt 0.2078 0.0779 0.0000
vt 0.2077 0.0824 0.0000
vt 0.1938 0.0757 0.0000
vt 0.2082 0.0760 0.0000
vt 0.2104 0.0726 0.0000
vt 0.2151 0.0703 0.0000
vt 0.2091 0.0740 0.0000
vt 0.8156 0.1600 0.0000
vt 0.8226 0.1568 0.0000
vt 0.7913 0.1379 0.0000
vt 0.7957 0.1241 0.0000
vt 0.8217 0.1606 0.0000
vt 0.8191 0.1618 0.0000
vt 0.8226 0.1289 0.0000
vt 0.8018 0.1264 0.0000
vt 0.8191 0.1178 0.0000
vt 0.8217 0.1235 0.0000
vt 0.1938 0.1222 0.0000
vt 0.1867 0.1190 0.0000
vt 0.1902 0.1240 0.0000
vt 0.1877 0.1228 0.0000
vt 0.1867 0.0911 0.0000
vt 0.1877 0.0856 0.0000
vt 0.2074 0.0886 0.0000
vt 0.1902 0.0800 0.0000
vt 0.2206 0.0945 0.0000
vt 0.2123 0.0877 0.0000
vt 0.2136 0.0862 0.0000
vt 0.0075 0.8695 0.0000
vt 0.0295 0.8739 0.0000
vt 0.0075 0.8739 0.0000
vt 0.0075 0.8650 0.0000
vt 0.0295 0.8695 0.0000
vt 0.0075 0.8606 0.0000
vt 0.0295 0.8650 0.0000
vt 0.0075 0.8562 0.0000
vt 0.0295 0.8606 0.0000
vt 0.0075 0.9049 0.0000
vt 0.0295 0.9093 0.0000
vt 0.0075 0.9093 0.0000
vt 0.0075 0.9005 0.0000
vt 0.0295 0.9049 0.0000
vt 0.0075 0.8960 0.0000
vt 0.0295 0.9005 0.0000
vt 0.0075 0.8916 0.0000
vt 0.0295 0.8960 0.0000
vt 0.0075 0.8872 0.0000
vt 0.0295 0.8916 0.0000
vt 0.0075 0.8828 0.0000
vt 0.0295 0.8872 0.0000
vt 0.0075 0.8783 0.0000
vt 0.0295 0.8828 0.0000
vt 0.0295 0.8783 0.0000
vt 0.0518 0.8739 0.0000
vt 0.0518 0.8695 0.0000
vt 0.0518 0.8650 0.0000
vt 0.0295 0.8562 0.0000
vt 0.0518 0.8606 0.0000
vt 0.0518 0.9093 0.0000
vt 0.0518 0.9049 0.0000
vt 0.0518 0.9005 0.0000
vt 0.0518 0.8960 0.0000
vt 0.0518 0.8916 0.0000
vt 0.0518 0.8872 0.0000
vt 0.0518 0.8828 0.0000
vt 0.0518 0.8783 0.0000
vt 0.0766 0.8739 0.0000
vt 0.0766 0.8695 0.0000
vt 0.0766 0.8650 0.0000
vt 0.0518 0.8562 0.0000
vt 0.0766 0.8606 0.0000
vt 0.0766 0.9093 0.0000
vt 0.0766 0.9049 0.0000
vt 0.0766 0.9005 0.0000
vt 0.0766 0.8960 0.0000
vt 0.0766 0.8916 0.0000
vt 0.0766 0.8872 0.0000
vt 0.0766 0.8828 0.0000
vt 0.0766 0.8783 0.0000
vt 0.3322 0.8739 0.0000
vt 0.3322 0.8695 0.0000
vt 0.3322 0.8650 0.0000
vt 0.0766 0.8562 0.0000
vt 0.3322 0.8606 0.0000
vt 0.3322 0.9093 0.0000
vt 0.3322 0.9049 0.0000
vt 0.3322 0.9005 0.0000
vt 0.3322 0.8960 0.0000
vt 0.3322 0.8916 0.0000
vt 0.3322 0.8872 0.0000
vt 0.3322 0.8828 0.0000
vt 0.3322 0.8783 0.0000
vt 0.3469 0.8739 0.0000
vt 0.3469 0.8695 0.0000
vt 0.3469 0.8650 0.0000
vt 0.3322 0.8562 0.0000
vt 0.3469 0.8606 0.0000
vt 0.3469 0.9093 0.0000
vt 0.3469 0.9049 0.0000
vt 0.3469 0.9005 0.0000
vt 0.3469 0.8960 0.0000
vt 0.3469 0.8916 0.0000
vt 0.3469 0.8872 0.0000
vt 0.3469 0.8828 0.0000
vt 0.3469 0.8783 0.0000
vt 0.3602 0.8739 0.0000
vt 0.3602 0.8695 0.0000
vt 0.3602 0.8650 0.0000
vt 0.3469 0.8562 0.0000
vt 0.3602 0.8606 0.0000
vt 0.3602 0.9093 0.0000
vt 0.3602 0.9049 0.0000
vt 0.3602 0.9005 0.0000
vt 0.3602 0.8960 0.0000
vt 0.3602 0.8916 0.0000
vt 0.3602 0.8872 0.0000
vt 0.3602 0.8828 0.0000
vt 0.3602 0.8783 0.0000
vt 0.3722 0.8739 0.0000
vt 0.3722 0.8695 0.0000
vt 0.3722 0.8650 0.0000
vt 0.3602 0.8562 0.0000
vt 0.3722 0.8606 0.0000
vt 0.3722 0.9093 0.0000
vt 0.3722 0.9049 0.0000
vt 0.3722 0.9005 0.0000
vt 0.3722 0.8960 0.0000
vt 0.3722 0.8916 0.0000
vt 0.3722 0.8872 0.0000
vt 0.3722 0.8828 0.0000
vt 0.3722 0.8783 0.0000
vt 0.3826 0.8739 0.0000
vt 0.3826 0.8695 0.0000
vt 0.3826 0.8650 0.0000
vt 0.3722 0.8562 0.0000
vt 0.3826 0.8606 0.0000
vt 0.3826 0.9093 0.0000
vt 0.3826 0.9049 0.0000
vt 0.3826 0.9005 0.0000
vt 0.3826 0.8960 0.0000
vt 0.3826 0.8916 0.0000
vt 0.3826 0.8872 0.0000
vt 0.3826 0.8828 0.0000
vt 0.3826 0.8783 0.0000
vt 0.3918 0.8739 0.0000
vt 0.3918 0.8695 0.0000
vt 0.3918 0.8650 0.0000
vt 0.3826 0.8562 0.0000
vt 0.3918 0.8606 0.0000
vt 0.3918 0.9093 0.0000
vt 0.3918 0.9049 0.0000
vt 0.3918 0.9005 0.0000
vt 0.3918 0.8960 0.0000
vt 0.3918 0.8916 0.0000
vt 0.3918 0.8872 0.0000
vt 0.3918 0.8828 0.0000
vt 0.3918 0.8783 0.0000
vt 0.4861 0.8739 0.0000
vt 0.4861 0.8695 0.0000
vt 0.4861 0.8650 0.0000
vt 0.3918 0.8562 0.0000
vt 0.4861 0.8606 0.0000
vt 0.4861 0.9093 0.0000
vt 0.4861 0.9049 0.0000
vt 0.4861 0.9005 0.0000
vt 0.4861 0.8960 0.0000
vt 0.4861 0.8916 0.0000
vt 0.4861 0.8872 0.0000
vt 0.4861 0.8828 0.0000
vt 0.4861 0.8783 0.0000
vt 0.5093 0.8739 0.0000
vt 0.5093 0.8695 0.0000
vt 0.5093 0.8650 0.0000
vt 0.4861 0.8562 0.0000
vt 0.5093 0.8606 0.0000
vt 0.5093 0.9093 0.0000
vt 0.5093 0.9049 0.0000
vt 0.5093 0.9005 0.0000
vt 0.5093 0.8960 0.0000
vt 0.5093 0.8916 0.0000
vt 0.5093 0.8872 0.0000
vt 0.5093 0.8828 0.0000
vt 0.5093 0.8783 0.0000
vt 0.5307 0.8739 0.0000
vt 0.5307 0.8695 0.0000
vt 0.5307 0.8650 0.0000
vt 0.5093 0.8562 0.0000
vt 0.5307 0.8606 0.0000
vt 0.5307 0.9093 0.0000
vt 0.5307 0.9049 0.0000
vt 0.5307 0.9005 0.0000
vt 0.5307 0.8960 0.0000
vt 0.5307 0.8916 0.0000
vt 0.5307 0.8872 0.0000
vt 0.5307 0.8828 0.0000
vt 0.5307 0.8783 0.0000
vt 0.5517 0.8739 0.0000
vt 0.5517 0.8695 0.0000
vt 0.5517 0.8650 0.0000
vt 0.5307 0.8562 0.0000
vt 0.5517 0.8606 0.0000
vt 0.5517 0.9093 0.0000
vt 0.5517 0.9049 0.0000
vt 0.5517 0.9005 0.0000
vt 0.5517 0.8960 0.0000
vt 0.5517 0.8916 0.0000
vt 0.5517 0.8872 0.0000
vt 0.5517 0.8828 0.0000
vt 0.5517 0.8783 0.0000
vt 0.5723 0.8739 0.0000
vt 0.5723 0.8695 0.0000
vt 0.5723 0.8650 0.0000
vt 0.5517 0.8562 0.0000
vt 0.5723 0.8606 0.0000
vt 0.5723 0.9093 0.0000
vt 0.5723 0.9049 0.0000
vt 0.5723 0.9005 0.0000
vt 0.5723 0.8960 0.0000
vt 0.5723 0.8916 0.0000
vt 0.5723 0.8872 0.0000
vt 0.5723 0.8828 0.0000
vt 0.5723 0.8783 0.0000
vt 0.5928 0.8739 0.0000
vt 0.5928 0.8695 0.0000
vt 0.5928 0.8650 0.0000
vt 0.5723 0.8562 0.0000
vt 0.5928 0.8606 0.0000
vt 0.5928 0.9093 0.0000
vt 0.5928 0.9049 0.0000
vt 0.5928 0.9005 0.0000
vt 0.5928 0.8960 0.0000
vt 0.5928 0.8916 0.0000
vt 0.5928 0.8872 0.0000
vt 0.5928 0.8828 0.0000
vt 0.5928 0.8783 0.0000
vt 0.6154 0.8739 0.0000
vt 0.6154 0.8695 0.0000
vt 0.6154 0.8650 0.0000
vt 0.5928 0.8562 0.0000
vt 0.6154 0.8606 0.0000
vt 0.6154 0.9093 0.0000
vt 0.6154 0.9049 0.0000
vt 0.6154 0.9005 0.0000
vt 0.6154 0.8960 0.0000
vt 0.6154 0.8916 0.0000
vt 0.6154 0.8872 0.0000
vt 0.6154 0.8828 0.0000
vt 0.6154 0.8783 0.0000
vt 0.7041 0.8739 0.0000
vt 0.7041 0.8695 0.0000
vt 0.7041 0.8650 0.0000
vt 0.6154 0.8562 0.0000
vt 0.7041 0.8606 0.0000
vt 0.7041 0.9093 0.0000
vt 0.7041 0.9049 0.0000
vt 0.7041 0.9005 0.0000
vt 0.7041 0.8960 0.0000
vt 0.7041 0.8916 0.0000
vt 0.7041 0.8872 0.0000
vt 0.7041 0.8828 0.0000
vt 0.7041 0.8783 0.0000
vt 0.7196 0.8739 0.0000
vt 0.7196 0.8695 0.0000
vt 0.7196 0.8650 0.0000
vt 0.7041 0.8562 0.0000
vt 0.7196 0.8606 0.0000
vt 0.7196 0.9093 0.0000
vt 0.7196 0.9049 0.0000
vt 0.7196 0.9005 0.0000
vt 0.7196 0.8960 0.0000
vt 0.7196 0.8916 0.0000
vt 0.7196 0.8872 0.0000
vt 0.7196 0.8828 0.0000
vt 0.7196 0.8783 0.0000
vt 0.7376 0.8739 0.0000
vt 0.7376 0.8695 0.0000
vt 0.7376 0.8650 0.0000
vt 0.7196 0.8562 0.0000
vt 0.7376 0.8606 0.0000
vt 0.7376 0.9093 0.0000
vt 0.7376 0.9049 0.0000
vt 0.7376 0.9005 0.0000
vt 0.7376 0.8960 0.0000
vt 0.7376 0.8916 0.0000
vt 0.7376 0.8872 0.0000
vt 0.7376 0.8828 0.0000
vt 0.7376 0.8783 0.0000
vt 0.7582 0.8739 0.0000
vt 0.7582 0.8695 0.0000
vt 0.7582 0.8650 0.0000
vt 0.7376 0.8562 0.0000
vt 0.7582 0.8606 0.0000
vt 0.7582 0.9093 0.0000
vt 0.7582 0.9049 0.0000
vt 0.7582 0.9005 0.0000
vt 0.7582 0.8960 0.0000
vt 0.7582 0.8916 0.0000
vt 0.7582 0.8872 0.0000
vt 0.7582 0.8828 0.0000
vt 0.7582 0.8783 0.0000
vt 0.7812 0.8739 0.0000
vt 0.7812 0.8695 0.0000
vt 0.7812 0.8650 0.0000
vt 0.7582 0.8562 0.0000
vt 0.7812 0.8606 0.0000
vt 0.7812 0.9093 0.0000
vt 0.7812 0.9049 0.0000
vt 0.7812 0.9005 0.0000
vt 0.7812 0.8960 0.0000
vt 0.7812 0.8916 0.0000
vt 0.7812 0.8872 0.0000
vt 0.7812 0.8828 0.0000
vt 0.7812 0.8783 0.0000
vt 0.9360 0.8739 0.0000
vt 0.9360 0.8695 0.0000
vt 0.9360 0.8650 0.0000
vt 0.7812 0.8562 0.0000
vt 0.9360 0.8606 0.0000
vt 0.9360 0.9093 0.0000
vt 0.9360 0.9049 0.0000
vt 0.9360 0.9005 0.0000
vt 0.9360 0.8960 0.0000
vt 0.9360 0.8916 0.0000
vt 0.9360 0.8872 0.0000
vt 0.9360 0.8828 0.0000
vt 0.9360 0.8783 0.0000
vt 0.9480 0.8739 0.0000
vt 0.9480 0.8695 0.0000
vt 0.9480 0.8650 0.0000
vt 0.9360 0.8562 0.0000
vt 0.9480 0.8606 0.0000
vt 0.9480 0.9093 0.0000
vt 0.9480 0.9049 0.0000
vt 0.9480 0.9005 0.0000
vt 0.9480 0.8960 0.0000
vt 0.9480 0.8916 0.0000
vt 0.9480 0.8872 0.0000
vt 0.9480 0.8828 0.0000
vt 0.9480 0.8783 0.0000
vt 0.9603 0.8739 0.0000
vt 0.9603 0.8695 0.0000
vt 0.9603 0.8650 0.0000
vt 0.9480 0.8562 0.0000
vt 0.9603 0.8606 0.0000
vt 0.9603 0.9093 0.0000
vt 0.9603 0.9049 0.0000
vt 0.9603 0.9005 0.0000
vt 0.9603 0.8960 0.0000
vt 0.9603 0.8916 0.0000
vt 0.9603 0.8872 0.0000
vt 0.9603 0.8828 0.0000
vt 0.9603 0.8783 0.0000
vt 0.9729 0.8739 0.0000
vt 0.9729 0.8695 0.0000
vt 0.9729 0.8650 0.0000
vt 0.9603 0.8562 0.0000
vt 0.9729 0.8606 0.0000
vt 0.9729 0.9093 0.0000
vt 0.9729 0.9049 0.0000
vt 0.9729 0.9005 0.0000
vt 0.9729 0.8960 0.0000
vt 0.9729 0.8916 0.0000
vt 0.9729 0.8872 0.0000
vt 0.9729 0.8828 0.0000
vt 0.9729 0.8783 0.0000
vt 0.0720 0.2315 0.0000
vt 0.0702 0.2374 0.0000
vt 0.0702 0.2315 0.0000
vt 0.0720 0.2373 0.0000
vt 0.0702 0.2432 0.0000
vt 0.0716 0.2675 0.0000
vt 0.0697 0.2734 0.0000
vt 0.0698 0.2674 0.0000
vt 0.0721 0.2432 0.0000
vt 0.0703 0.2492 0.0000
vt 0.0715 0.2734 0.0000
vt 0.0697 0.2793 0.0000
vt 0.0721 0.2493 0.0000
vt 0.0701 0.2553 0.0000
vt 0.0716 0.2793 0.0000
vt 0.0701 0.2851 0.0000
vt 0.9925 0.8783 0.0000
vt 0.9925 0.8828 0.0000
vt 0.9925 0.8872 0.0000
vt 0.9925 0.8916 0.0000
vt 0.9925 0.8960 0.0000
vt 0.9925 0.9005 0.0000
vt 0.9925 0.9049 0.0000
vt 0.9925 0.9093 0.0000
vt 0.9729 0.8562 0.0000
vt 0.9925 0.8606 0.0000
vt 0.9925 0.8650 0.0000
vt 0.9925 0.8695 0.0000
vt 0.9925 0.8739 0.0000
vt 0.0720 0.2554 0.0000
vt 0.0699 0.2614 0.0000
vt 0.0719 0.2849 0.0000
vt 0.0711 0.2908 0.0000
vt 0.0718 0.2614 0.0000
vt 0.0729 0.2209 0.0000
vt 0.0705 0.2258 0.0000
vt 0.0713 0.2202 0.0000
vt 0.0722 0.2260 0.0000
vt 0.6357 0.0723 0.0000
vt 0.6389 0.0605 0.0000
vt 0.6594 0.0659 0.0000
vt 0.0636 0.2736 0.0000
vt 0.0637 0.2797 0.0000
vt 0.0640 0.2859 0.0000
vt 0.0650 0.2187 0.0000
vt 0.0645 0.2250 0.0000
vt 0.0642 0.2311 0.0000
vt 0.0641 0.2372 0.0000
vt 0.0641 0.2432 0.0000
vt 0.0640 0.2492 0.0000
vt 0.0639 0.2553 0.0000
vt 0.0637 0.2614 0.0000
vt 0.0075 0.2679 0.0000
vt 0.0636 0.2675 0.0000
vt 0.0075 0.2743 0.0000
vt 0.0075 0.2808 0.0000
vt 0.0647 0.2923 0.0000
vt 0.0075 0.2873 0.0000
vt 0.0087 0.2169 0.0000
vt 0.0085 0.2232 0.0000
vt 0.0083 0.2296 0.0000
vt 0.0081 0.2359 0.0000
vt 0.0079 0.2423 0.0000
vt 0.0078 0.2487 0.0000
vt 0.0077 0.2551 0.0000
vt 0.0076 0.2615 0.0000
vt 0.9925 0.8562 0.0000
vt 0.0728 0.2900 0.0000
vt 0.6507 0.0573 0.0000
vt 0.0077 0.2938 0.0000
vt 0.6594 0.0723 0.0000
vt 0.6444 0.0810 0.0000
vt 0.6562 0.0778 0.0000
vt 0.6507 0.0810 0.0000
vt 0.6389 0.0778 0.0000
vt 0.6357 0.0659 0.0000
vt 0.6444 0.0573 0.0000
vt 0.6562 0.0605 0.0000
vt 0.9025 0.2837 0.0000
vt 0.8995 0.3420 0.0000
vt 0.8995 0.2837 0.0000
vt 0.8960 0.3470 0.0000
vt 0.8926 0.4021 0.0000
vt 0.8926 0.3470 0.0000
vt 0.9050 0.2837 0.0000
vt 0.9025 0.3420 0.0000
vt 0.8748 0.2837 0.0000
vt 0.8717 0.3420 0.0000
vt 0.8717 0.2837 0.0000
vt 0.8782 0.3470 0.0000
vt 0.8748 0.4021 0.0000
vt 0.8748 0.3470 0.0000
vt 0.8782 0.2837 0.0000
vt 0.8748 0.3420 0.0000
vt 0.8817 0.2837 0.0000
vt 0.8782 0.3420 0.0000
vt 0.8847 0.2837 0.0000
vt 0.8817 0.3420 0.0000
vt 0.8896 0.2837 0.0000
vt 0.8871 0.3420 0.0000
vt 0.8871 0.2837 0.0000
vt 0.8926 0.2837 0.0000
vt 0.8896 0.3420 0.0000
vt 0.9025 0.2465 0.0000
vt 0.8995 0.2787 0.0000
vt 0.8995 0.2465 0.0000
vt 0.8960 0.2837 0.0000
vt 0.8926 0.3420 0.0000
vt 0.9050 0.3470 0.0000
vt 0.9025 0.4021 0.0000
vt 0.9025 0.3470 0.0000
vt 0.8896 0.4021 0.0000
vt 0.8896 0.3470 0.0000
vt 0.8871 0.4021 0.0000
vt 0.8871 0.3470 0.0000
vt 0.8847 0.4021 0.0000
vt 0.8847 0.3470 0.0000
vt 0.8847 0.3420 0.0000
vt 0.8817 0.4021 0.0000
vt 0.8817 0.3470 0.0000
vt 0.8782 0.4021 0.0000
vt 0.8717 0.4021 0.0000
vt 0.8717 0.3470 0.0000
vt 0.8693 0.4021 0.0000
vt 0.8693 0.3470 0.0000
vt 0.8693 0.3420 0.0000
vt 0.8693 0.2837 0.0000
vt 0.8995 0.4021 0.0000
vt 0.8995 0.3470 0.0000
vt 0.8960 0.4021 0.0000
vt 0.8960 0.2465 0.0000
vt 0.8926 0.2787 0.0000
vt 0.8926 0.2465 0.0000
vt 0.8960 0.2787 0.0000
vt 0.8717 0.2465 0.0000
vt 0.8693 0.2787 0.0000
vt 0.8693 0.2465 0.0000
vt 0.8748 0.2465 0.0000
vt 0.8717 0.2787 0.0000
vt 0.8782 0.2465 0.0000
vt 0.8748 0.2787 0.0000
vt 0.8817 0.2465 0.0000
vt 0.8782 0.2787 0.0000
vt 0.8847 0.2465 0.0000
vt 0.8817 0.2787 0.0000
vt 0.8871 0.2465 0.0000
vt 0.8847 0.2787 0.0000
vt 0.8896 0.2465 0.0000
vt 0.8871 0.2787 0.0000
vt 0.8896 0.2787 0.0000
vt 0.9050 0.2465 0.0000
vt 0.9025 0.2787 0.0000
vt 0.8960 0.3420 0.0000
vt 0.7282 0.0148 0.0000
vt 0.7299 0.0119 0.0000
vt 0.7337 0.0173 0.0000
vt 0.8401 0.1158 0.0000
vt 0.8396 0.1207 0.0000
vt 0.8383 0.1179 0.0000
vt 0.9025 0.2812 0.0000
vt 0.8995 0.2812 0.0000
vt 0.9050 0.2812 0.0000
vt 0.8717 0.2812 0.0000
vt 0.8693 0.2812 0.0000
vt 0.8748 0.2812 0.0000
vt 0.8782 0.2812 0.0000
vt 0.8817 0.2812 0.0000
vt 0.8847 0.2812 0.0000
vt 0.8871 0.2812 0.0000
vt 0.8896 0.2812 0.0000
vt 0.8926 0.2812 0.0000
vt 0.8960 0.2812 0.0000
vt 0.8995 0.3445 0.0000
vt 0.8960 0.3445 0.0000
vt 0.9025 0.3445 0.0000
vt 0.9050 0.3445 0.0000
vt 0.8717 0.3445 0.0000
vt 0.8693 0.3445 0.0000
vt 0.8748 0.3445 0.0000
vt 0.8782 0.3445 0.0000
vt 0.8817 0.3445 0.0000
vt 0.8847 0.3445 0.0000
vt 0.8871 0.3445 0.0000
vt 0.8896 0.3445 0.0000
vt 0.8926 0.3445 0.0000
vt 0.9050 0.3420 0.0000
vt 0.9050 0.4021 0.0000
vt 0.9050 0.2787 0.0000
vt 0.7347 0.0141 0.0000
vt 0.8490 0.1131 0.0000
vt 0.8463 0.1131 0.0000
vt 0.8485 0.1179 0.0000
vt 0.7320 0.0101 0.0000
vt 0.7337 0.0099 0.0000
vt 0.7347 0.0114 0.0000
vt 0.7319 0.0202 0.0000
vt 0.7271 0.0181 0.0000
vt 0.7299 0.0220 0.0000
vt 0.7271 0.0208 0.0000
vt 0.7282 0.0222 0.0000
vt 0.8431 0.1141 0.0000
vt 0.8456 0.1196 0.0000
vt 0.8505 0.1141 0.0000
vt 0.8503 0.1158 0.0000
vt 0.8423 0.1207 0.0000
vt 0.8381 0.1196 0.0000
vt 0.9206 0.2210 0.0000
vt 0.9243 0.2239 0.0000
vt 0.9206 0.2239 0.0000
vt 0.9243 0.2268 0.0000
vt 0.9206 0.2268 0.0000
vt 0.9243 0.2296 0.0000
vt 0.9206 0.2296 0.0000
vt 0.9243 0.2325 0.0000
vt 0.9206 0.2325 0.0000
vt 0.9243 0.2353 0.0000
vt 0.9206 0.2353 0.0000
vt 0.9243 0.2382 0.0000
vt 0.9206 0.2382 0.0000
vt 0.9243 0.2411 0.0000
vt 0.9206 0.2411 0.0000
vt 0.9243 0.2439 0.0000
vt 0.9206 0.2439 0.0000
vt 0.9243 0.2468 0.0000
vt 0.9206 0.2468 0.0000
vt 0.9243 0.2497 0.0000
vt 0.9206 0.2497 0.0000
vt 0.9243 0.2525 0.0000
vt 0.9206 0.2525 0.0000
vt 0.9206 0.2067 0.0000
vt 0.9243 0.2096 0.0000
vt 0.9206 0.2096 0.0000
vt 0.9243 0.2124 0.0000
vt 0.9206 0.2124 0.0000
vt 0.9243 0.2153 0.0000
vt 0.9206 0.2153 0.0000
vt 0.8224 0.0949 0.0000
vt 0.8255 0.0903 0.0000
vt 0.8357 0.0923 0.0000
vt 0.9243 0.2182 0.0000
vt 0.9206 0.2182 0.0000
vt 0.9243 0.2210 0.0000
vt 0.9243 0.2067 0.0000
vt 0.8368 0.0978 0.0000
vt 0.8311 0.0892 0.0000
vt 0.8368 0.0949 0.0000
vt 0.8357 0.1004 0.0000
vt 0.8337 0.1025 0.0000
vt 0.8311 0.1036 0.0000
vt 0.8282 0.1036 0.0000
vt 0.8255 0.1025 0.0000
vt 0.8235 0.1004 0.0000
vt 0.8224 0.0978 0.0000
vt 0.8235 0.0923 0.0000
vt 0.8282 0.0892 0.0000
vt 0.8337 0.0903 0.0000
vt 0.5595 0.7510 0.0000
vt 0.5400 0.7538 0.0000
vt 0.5445 0.7429 0.0000
vt 0.5642 0.7439 0.0000
vt 0.5511 0.7330 0.0000
vt 0.5702 0.7379 0.0000
vt 0.5594 0.7247 0.0000
vt 0.5772 0.7332 0.0000
vt 0.5692 0.7181 0.0000
vt 0.5850 0.7300 0.0000
vt 0.5801 0.7136 0.0000
vt 0.5933 0.7283 0.0000
vt 0.5917 0.7113 0.0000
vt 0.6018 0.7283 0.0000
vt 0.6035 0.7113 0.0000
vt 0.6101 0.7299 0.0000
vt 0.6151 0.7136 0.0000
vt 0.6179 0.7332 0.0000
vt 0.6260 0.7181 0.0000
vt 0.6249 0.7378 0.0000
vt 0.6358 0.7247 0.0000
vt 0.6309 0.7438 0.0000
vt 0.6442 0.7330 0.0000
vt 0.6356 0.7508 0.0000
vt 0.6507 0.7429 0.0000
vt 0.6389 0.7587 0.0000
vt 0.6552 0.7538 0.0000
vt 0.6406 0.7670 0.0000
vt 0.6576 0.7653 0.0000
vt 0.6406 0.7754 0.0000
vt 0.6576 0.7771 0.0000
vt 0.6389 0.7837 0.0000
vt 0.6553 0.7887 0.0000
vt 0.6357 0.7915 0.0000
vt 0.6507 0.7996 0.0000
vt 0.6310 0.7986 0.0000
vt 0.6442 0.8095 0.0000
vt 0.6250 0.8046 0.0000
vt 0.6358 0.8178 0.0000
vt 0.6180 0.8093 0.0000
vt 0.6260 0.8244 0.0000
vt 0.6102 0.8125 0.0000
vt 0.6151 0.8289 0.0000
vt 0.6019 0.8142 0.0000
vt 0.6035 0.8312 0.0000
vt 0.5934 0.8142 0.0000
vt 0.5917 0.8312 0.0000
vt 0.5851 0.8126 0.0000
vt 0.5801 0.8289 0.0000
vt 0.5773 0.8093 0.0000
vt 0.5692 0.8244 0.0000
vt 0.5703 0.8047 0.0000
vt 0.5594 0.8178 0.0000
vt 0.5643 0.7987 0.0000
vt 0.5511 0.8095 0.0000
vt 0.5596 0.7916 0.0000
vt 0.5445 0.7996 0.0000
vt 0.5563 0.7838 0.0000
vt 0.5400 0.7887 0.0000
vt 0.5547 0.7755 0.0000
vt 0.5377 0.7772 0.0000
vt 0.5547 0.7671 0.0000
vt 0.5377 0.7653 0.0000
vt 0.5563 0.7588 0.0000
vt 0.5650 0.7539 0.0000
vt 0.5690 0.7478 0.0000
vt 0.5741 0.7427 0.0000
vt 0.5801 0.7387 0.0000
vt 0.5868 0.7359 0.0000
vt 0.5939 0.7344 0.0000
vt 0.6012 0.7344 0.0000
vt 0.6083 0.7358 0.0000
vt 0.6150 0.7386 0.0000
vt 0.6210 0.7426 0.0000
vt 0.6262 0.7477 0.0000
vt 0.6302 0.7538 0.0000
vt 0.6330 0.7605 0.0000
vt 0.6344 0.7676 0.0000
vt 0.6344 0.7748 0.0000
vt 0.6330 0.7819 0.0000
vt 0.6303 0.7886 0.0000
vt 0.6262 0.7947 0.0000
vt 0.6211 0.7998 0.0000
vt 0.6151 0.8038 0.0000
vt 0.6084 0.8066 0.0000
vt 0.6013 0.8081 0.0000
vt 0.5940 0.8081 0.0000
vt 0.5869 0.8067 0.0000
vt 0.5802 0.8039 0.0000
vt 0.5742 0.7999 0.0000
vt 0.5691 0.7948 0.0000
vt 0.5650 0.7887 0.0000
vt 0.5622 0.7820 0.0000
vt 0.5608 0.7749 0.0000
vt 0.5608 0.7677 0.0000
vt 0.5622 0.7606 0.0000
vt 0.5892 0.7437 0.0000
vt 0.5793 0.7490 0.0000
vt 0.5840 0.7458 0.0000
vt 0.5863 0.7501 0.0000
vt 0.5753 0.7530 0.0000
vt 0.5832 0.7550 0.0000
vt 0.5722 0.7577 0.0000
vt 0.5806 0.7601 0.0000
vt 0.5700 0.7629 0.0000
vt 0.5786 0.7655 0.0000
vt 0.5689 0.7684 0.0000
vt 0.5772 0.7711 0.0000
vt 0.5689 0.7741 0.0000
vt 0.5766 0.7768 0.0000
vt 0.5700 0.7796 0.0000
vt 0.5764 0.7826 0.0000
vt 0.5722 0.7848 0.0000
vt 0.5948 0.7426 0.0000
vt 0.5921 0.7502 0.0000
vt 0.5895 0.7561 0.0000
vt 0.5872 0.7617 0.0000
vt 0.5852 0.7675 0.0000
vt 0.5836 0.7734 0.0000
vt 0.5824 0.7794 0.0000
vt 0.5814 0.7857 0.0000
vt 0.5753 0.7895 0.0000
vt 0.6004 0.7426 0.0000
vt 0.5978 0.7509 0.0000
vt 0.5955 0.7573 0.0000
vt 0.5934 0.7633 0.0000
vt 0.5914 0.7694 0.0000
vt 0.5897 0.7755 0.0000
vt 0.5881 0.7817 0.0000
vt 0.5865 0.7883 0.0000
vt 0.5793 0.7935 0.0000
vt 0.6060 0.7437 0.0000
vt 0.6034 0.7522 0.0000
vt 0.6014 0.7588 0.0000
vt 0.5995 0.7651 0.0000
vt 0.5976 0.7712 0.0000
vt 0.5957 0.7774 0.0000
vt 0.5939 0.7836 0.0000
vt 0.5918 0.7903 0.0000
vt 0.5840 0.7967 0.0000
vt 0.6112 0.7458 0.0000
vt 0.6088 0.7542 0.0000
vt 0.6071 0.7608 0.0000
vt 0.6055 0.7670 0.0000
vt 0.6038 0.7731 0.0000
vt 0.6018 0.7792 0.0000
vt 0.5997 0.7852 0.0000
vt 0.5974 0.7916 0.0000
vt 0.5893 0.7988 0.0000
vt 0.6159 0.7490 0.0000
vt 0.6139 0.7568 0.0000
vt 0.6128 0.7631 0.0000
vt 0.6116 0.7691 0.0000
vt 0.6100 0.7750 0.0000
vt 0.6081 0.7808 0.0000
vt 0.6057 0.7864 0.0000
vt 0.6031 0.7923 0.0000
vt 0.5948 0.7999 0.0000
vt 0.6199 0.7530 0.0000
vt 0.6188 0.7599 0.0000
vt 0.6186 0.7657 0.0000
vt 0.6180 0.7714 0.0000
vt 0.6167 0.7770 0.0000
vt 0.6147 0.7824 0.0000
vt 0.6120 0.7875 0.0000
vt 0.6089 0.7924 0.0000
vt 0.6004 0.7999 0.0000
vt 0.6230 0.7577 0.0000
vt 0.6252 0.7629 0.0000
vt 0.6263 0.7684 0.0000
vt 0.6263 0.7741 0.0000
vt 0.6252 0.7796 0.0000
vt 0.6230 0.7848 0.0000
vt 0.6199 0.7895 0.0000
vt 0.6159 0.7935 0.0000
vt 0.6060 0.7988 0.0000
vt 0.6112 0.7967 0.0000
vt 0.6586 0.7898 0.0000
vt 0.6641 0.7778 0.0000
vt 0.6615 0.7906 0.0000
vt 0.5572 0.7220 0.0000
vt 0.5460 0.7289 0.0000
vt 0.5552 0.7196 0.0000
vt 0.5342 0.7775 0.0000
vt 0.5337 0.7906 0.0000
vt 0.5311 0.7778 0.0000
vt 0.6538 0.8013 0.0000
vt 0.6565 0.8027 0.0000
vt 0.5676 0.7150 0.0000
vt 0.5661 0.7123 0.0000
vt 0.5342 0.7650 0.0000
vt 0.5311 0.7647 0.0000
vt 0.6469 0.8117 0.0000
vt 0.6492 0.8136 0.0000
vt 0.5791 0.7102 0.0000
vt 0.5782 0.7073 0.0000
vt 0.5366 0.7527 0.0000
vt 0.5337 0.7518 0.0000
vt 0.6381 0.8205 0.0000
vt 0.6400 0.8229 0.0000
vt 0.5914 0.7078 0.0000
vt 0.5911 0.7048 0.0000
vt 0.6277 0.8275 0.0000
vt 0.6291 0.8302 0.0000
vt 0.6039 0.7078 0.0000
vt 0.6042 0.7048 0.0000
vt 0.6161 0.8323 0.0000
vt 0.6170 0.8352 0.0000
vt 0.6161 0.7102 0.0000
vt 0.6170 0.7073 0.0000
vt 0.6039 0.8347 0.0000
vt 0.6041 0.8377 0.0000
vt 0.6277 0.7150 0.0000
vt 0.6291 0.7123 0.0000
vt 0.5914 0.8347 0.0000
vt 0.5911 0.8377 0.0000
vt 0.6381 0.7220 0.0000
vt 0.6400 0.7196 0.0000
vt 0.5791 0.8323 0.0000
vt 0.5782 0.8352 0.0000
vt 0.6469 0.7308 0.0000
vt 0.6492 0.7289 0.0000
vt 0.5676 0.8275 0.0000
vt 0.5661 0.8301 0.0000
vt 0.6538 0.7412 0.0000
vt 0.6565 0.7398 0.0000
vt 0.5572 0.8205 0.0000
vt 0.5552 0.8229 0.0000
vt 0.6586 0.7527 0.0000
vt 0.6615 0.7519 0.0000
vt 0.5483 0.8117 0.0000
vt 0.5460 0.8136 0.0000
vt 0.6611 0.7650 0.0000
vt 0.6641 0.7647 0.0000
vt 0.5414 0.7412 0.0000
vt 0.5387 0.7398 0.0000
vt 0.5414 0.8013 0.0000
vt 0.5387 0.8027 0.0000
vt 0.6611 0.7775 0.0000
vt 0.5483 0.7308 0.0000
vt 0.5366 0.7898 0.0000
vt 0.5491 0.7314 0.0000
vt 0.5423 0.7417 0.0000
vt 0.5578 0.7227 0.0000
vt 0.5680 0.7159 0.0000
vt 0.5794 0.7112 0.0000
vt 0.5915 0.7088 0.0000
vt 0.6038 0.7088 0.0000
vt 0.6158 0.7112 0.0000
vt 0.6272 0.7159 0.0000
vt 0.6374 0.7227 0.0000
vt 0.6461 0.7314 0.0000
vt 0.6530 0.7417 0.0000
vt 0.6577 0.7530 0.0000
vt 0.6601 0.7651 0.0000
vt 0.6601 0.7774 0.0000
vt 0.6577 0.7895 0.0000
vt 0.6530 0.8008 0.0000
vt 0.6461 0.8111 0.0000
vt 0.6374 0.8198 0.0000
vt 0.6272 0.8266 0.0000
vt 0.6158 0.8313 0.0000
vt 0.6038 0.8337 0.0000
vt 0.5915 0.8337 0.0000
vt 0.5794 0.8313 0.0000
vt 0.5680 0.8266 0.0000
vt 0.5578 0.8198 0.0000
vt 0.5491 0.8111 0.0000
vt 0.5423 0.8008 0.0000
vt 0.5376 0.7895 0.0000
vt 0.5352 0.7774 0.0000
vt 0.5352 0.7651 0.0000
vt 0.5376 0.7530 0.0000
vt 0.5382 0.7532 0.0000
vt 0.5359 0.7652 0.0000
vt 0.5390 0.7535 0.0000
vt 0.5366 0.7652 0.0000
vt 0.5359 0.7773 0.0000
vt 0.5366 0.7773 0.0000
vt 0.5382 0.7893 0.0000
vt 0.5390 0.7890 0.0000
vt 0.5429 0.8005 0.0000
vt 0.5436 0.8001 0.0000
vt 0.5497 0.8106 0.0000
vt 0.5503 0.8101 0.0000
vt 0.5583 0.8192 0.0000
vt 0.5587 0.8186 0.0000
vt 0.5684 0.8260 0.0000
vt 0.5687 0.8253 0.0000
vt 0.5796 0.8306 0.0000
vt 0.5798 0.8299 0.0000
vt 0.5915 0.8330 0.0000
vt 0.5916 0.8322 0.0000
vt 0.6037 0.8330 0.0000
vt 0.6036 0.8322 0.0000
vt 0.6156 0.8306 0.0000
vt 0.6154 0.8299 0.0000
vt 0.6269 0.8260 0.0000
vt 0.6265 0.8253 0.0000
vt 0.6370 0.8192 0.0000
vt 0.6365 0.8186 0.0000
vt 0.6456 0.8106 0.0000
vt 0.6450 0.8101 0.0000
vt 0.6523 0.8005 0.0000
vt 0.6516 0.8001 0.0000
vt 0.6570 0.7893 0.0000
vt 0.6562 0.7890 0.0000
vt 0.6593 0.7773 0.0000
vt 0.6586 0.7772 0.0000
vt 0.6593 0.7652 0.0000
vt 0.6586 0.7652 0.0000
vt 0.6570 0.7532 0.0000
vt 0.6562 0.7535 0.0000
vt 0.6523 0.7420 0.0000
vt 0.6516 0.7424 0.0000
vt 0.6456 0.7319 0.0000
vt 0.6450 0.7324 0.0000
vt 0.6370 0.7233 0.0000
vt 0.6365 0.7239 0.0000
vt 0.6269 0.7165 0.0000
vt 0.6265 0.7172 0.0000
vt 0.6156 0.7119 0.0000
vt 0.6154 0.7126 0.0000
vt 0.6037 0.7095 0.0000
vt 0.6036 0.7103 0.0000
vt 0.5915 0.7095 0.0000
vt 0.5916 0.7103 0.0000
vt 0.5796 0.7119 0.0000
vt 0.5798 0.7126 0.0000
vt 0.5684 0.7165 0.0000
vt 0.5687 0.7172 0.0000
vt 0.5583 0.7233 0.0000
vt 0.5587 0.7239 0.0000
vt 0.5497 0.7319 0.0000
vt 0.5503 0.7324 0.0000
vt 0.5429 0.7420 0.0000
vt 0.5436 0.7424 0.0000
vt 0.9879 0.0538 0.0000
vt 0.9920 0.0569 0.0000
vt 0.9879 0.0569 0.0000
vt 0.9879 0.0075 0.0000
vt 0.9920 0.0106 0.0000
vt 0.9879 0.0106 0.0000
vt 0.9920 0.0136 0.0000
vt 0.9879 0.0136 0.0000
vt 0.9920 0.0167 0.0000
vt 0.9879 0.0167 0.0000
vt 0.9920 0.0198 0.0000
vt 0.9879 0.0198 0.0000
vt 0.9920 0.0229 0.0000
vt 0.9879 0.0229 0.0000
vt 0.9920 0.0260 0.0000
vt 0.9879 0.0260 0.0000
vt 0.9920 0.0291 0.0000
vt 0.9879 0.0291 0.0000
vt 0.9920 0.0322 0.0000
vt 0.9879 0.0322 0.0000
vt 0.9920 0.0353 0.0000
vt 0.9879 0.0353 0.0000
vt 0.9920 0.0383 0.0000
vt 0.9879 0.0383 0.0000
vt 0.9920 0.0414 0.0000
vt 0.9879 0.0414 0.0000
vt 0.9920 0.0445 0.0000
vt 0.9879 0.0445 0.0000
vt 0.9920 0.0476 0.0000
vt 0.9879 0.0476 0.0000
vt 0.1875 0.1605 0.0000
vt 0.1854 0.1619 0.0000
vt 0.1854 0.1605 0.0000
vt 0.9920 0.0507 0.0000
vt 0.9879 0.0507 0.0000
vt 0.9920 0.0538 0.0000
vt 0.2830 0.0145 0.0000
vt 0.2861 0.0108 0.0000
vt 0.2873 0.0137 0.0000
vt 0.2825 0.0132 0.0000
vt 0.2839 0.0087 0.0000
vt 0.2815 0.0123 0.0000
vt 0.2811 0.0075 0.0000
vt 0.2802 0.0117 0.0000
vt 0.2780 0.0075 0.0000
vt 0.2788 0.0117 0.0000
vt 0.2751 0.0087 0.0000
vt 0.2775 0.0123 0.0000
vt 0.2729 0.0108 0.0000
vt 0.2765 0.0132 0.0000
vt 0.2718 0.0137 0.0000
vt 0.2760 0.0145 0.0000
vt 0.2718 0.0168 0.0000
vt 0.2760 0.0159 0.0000
vt 0.2729 0.0196 0.0000
vt 0.2765 0.0172 0.0000
vt 0.2751 0.0218 0.0000
vt 0.2775 0.0182 0.0000
vt 0.2780 0.0230 0.0000
vt 0.2788 0.0187 0.0000
vt 0.2810 0.0230 0.0000
vt 0.2802 0.0187 0.0000
vt 0.2839 0.0218 0.0000
vt 0.2815 0.0182 0.0000
vt 0.2861 0.0196 0.0000
vt 0.2825 0.0172 0.0000
vt 0.2873 0.0168 0.0000
vt 0.2830 0.0159 0.0000
vt 0.2649 0.0441 0.0000
vt 0.2664 0.0419 0.0000
vt 0.2690 0.0413 0.0000
vt 0.1875 0.1479 0.0000
vt 0.1854 0.1493 0.0000
vt 0.1854 0.1479 0.0000
vt 0.1875 0.1591 0.0000
vt 0.1854 0.1591 0.0000
vt 0.1875 0.1465 0.0000
vt 0.1854 0.1465 0.0000
vt 0.1875 0.1577 0.0000
vt 0.1854 0.1577 0.0000
vt 0.1875 0.1451 0.0000
vt 0.1854 0.1451 0.0000
vt 0.1875 0.1563 0.0000
vt 0.1854 0.1563 0.0000
vt 0.1875 0.1437 0.0000
vt 0.1854 0.1437 0.0000
vt 0.1875 0.1535 0.0000
vt 0.1854 0.1549 0.0000
vt 0.1854 0.1535 0.0000
vt 0.1875 0.1549 0.0000
vt 0.1875 0.1424 0.0000
vt 0.1854 0.1424 0.0000
vt 0.1875 0.1521 0.0000
vt 0.1854 0.1521 0.0000
vt 0.1875 0.1410 0.0000
vt 0.1854 0.1410 0.0000
vt 0.1875 0.1507 0.0000
vt 0.1854 0.1507 0.0000
vt 0.1875 0.1619 0.0000
vt 0.1854 0.1633 0.0000
vt 0.1875 0.1493 0.0000
vt 0.9920 0.0075 0.0000
vt 0.2719 0.0455 0.0000
vt 0.2713 0.0429 0.0000
vt 0.2654 0.0468 0.0000
vt 0.1875 0.1633 0.0000
vt 0.2703 0.0419 0.0000
vt 0.2719 0.0441 0.0000
vt 0.2713 0.0468 0.0000
vt 0.2703 0.0478 0.0000
vt 0.2690 0.0483 0.0000
vt 0.2677 0.0483 0.0000
vt 0.2664 0.0478 0.0000
vt 0.2649 0.0455 0.0000
vt 0.2654 0.0429 0.0000
vt 0.2677 0.0413 0.0000
# 2442 texture coords

o CART_8_low_001
g CART_8_low_001
usemtl uploads_files_5513707_TACHKA_tachka_texture
s 1
f 1/1/1 2/2/2 3/3/3 
f 4/4/4 5/5/5 6/6/6 
f 7/7/7 8/8/8 1/1/1 
f 9/9/9 10/10/10 7/7/7 
f 11/11/11 12/12/12 9/9/9 
f 13/13/13 14/14/14 11/11/11 
f 15/15/15 16/16/16 13/13/13 
f 17/17/17 18/18/18 15/15/15 
f 19/19/19 20/20/20 17/17/17 
f 21/21/21 22/22/22 19/19/19 
f 23/23/23 24/24/24 21/21/21 
f 25/25/25 26/26/26 23/23/23 
f 27/27/27 28/28/28 25/25/25 
f 29/29/29 30/30/30 27/27/27 
f 31/31/31 32/32/32 29/29/29 
f 33/33/33 34/34/34 31/31/31 
f 35/35/35 36/36/36 33/33/33 
f 37/37/37 38/38/38 35/35/35 
f 39/39/39 40/40/40 37/37/37 
f 41/41/41 42/42/42 39/39/39 
f 43/43/43 44/44/44 41/41/41 
f 45/45/45 46/46/46 43/43/43 
f 47/47/47 48/48/48 45/45/45 
f 49/49/49 50/50/50 47/47/47 
f 51/51/51 52/52/52 49/49/49 
f 53/53/53 54/54/54 51/51/51 
f 55/55/55 56/56/56 53/53/53 
f 57/57/57 58/58/58 55/55/55 
f 59/59/59 60/60/60 57/57/57 
f 61/61/61 62/62/62 59/59/59 
f 6/6/6 63/63/63 61/61/61 
f 64/64/64 19/19/19 17/17/17 
f 65/65/65 66/66/66 64/64/64 
f 67/67/67 68/68/68 65/65/65 
f 69/69/69 70/70/70 67/67/67 
f 71/71/71 17/17/17 15/15/15 
f 72/72/72 64/64/64 71/71/71 
f 73/73/73 65/65/65 72/72/72 
f 74/74/74 67/67/67 73/73/73 
f 75/75/75 15/15/15 13/13/13 
f 76/76/76 71/71/71 75/75/75 
f 77/77/77 72/72/72 76/76/76 
f 78/78/78 73/73/73 77/77/77 
f 79/79/79 13/13/13 11/11/11 
f 80/80/80 75/75/75 79/79/79 
f 81/81/81 76/76/76 80/80/80 
f 82/82/82 77/77/77 81/81/81 
f 83/83/83 11/11/11 9/9/9 
f 84/84/84 79/79/79 83/83/83 
f 85/85/85 80/80/80 84/84/84 
f 86/86/86 81/81/81 85/85/85 
f 87/87/87 9/9/9 7/7/7 
f 88/88/88 83/83/83 87/87/87 
f 89/89/89 84/84/84 88/88/88 
f 90/90/90 85/85/85 89/89/89 
f 91/91/91 7/7/7 1/1/1 
f 92/92/92 87/87/87 91/91/91 
f 93/93/93 88/88/88 92/92/92 
f 94/94/94 89/89/89 93/93/93 
f 95/95/95 1/1/1 3/3/3 
f 96/96/96 91/91/91 95/95/95 
f 97/97/97 92/92/92 96/96/96 
f 98/98/98 93/93/93 97/97/97 
f 3/3/3 99/99/99 4/4/4 
f 100/100/100 101/101/101 70/70/70 
f 70/70/70 102/102/102 68/68/68 
f 68/68/68 103/103/103 66/66/66 
f 66/66/66 21/21/21 19/19/19 
f 104/104/104 105/105/105 101/101/101 
f 101/101/101 106/106/106 102/102/102 
f 102/102/102 107/107/107 103/103/103 
f 103/103/103 23/23/23 21/21/21 
f 108/108/108 109/109/109 105/105/105 
f 105/105/105 110/110/110 106/106/106 
f 106/106/106 111/111/111 107/107/107 
f 107/107/107 25/25/25 23/23/23 
f 112/112/112 113/113/113 109/109/109 
f 109/109/109 114/114/114 110/110/110 
f 110/110/110 115/115/115 111/111/111 
f 111/111/111 27/27/27 25/25/25 
f 116/116/116 117/117/117 113/113/113 
f 113/113/113 118/118/118 114/114/114 
f 114/114/114 119/119/119 115/115/115 
f 115/115/115 29/29/29 27/27/27 
f 120/120/120 121/121/121 117/117/117 
f 117/117/117 122/122/122 118/118/118 
f 118/118/118 123/123/123 119/119/119 
f 119/119/119 31/31/31 29/29/29 
f 124/124/124 125/125/125 121/121/121 
f 121/121/121 126/126/126 122/122/122 
f 122/122/122 127/127/127 123/123/123 
f 123/123/123 33/33/33 31/31/31 
f 128/128/128 129/129/129 125/125/125 
f 125/125/125 130/130/130 126/126/126 
f 126/126/126 131/131/131 127/127/127 
f 127/127/127 35/35/35 33/33/33 
f 132/132/132 133/133/133 129/129/129 
f 129/129/129 134/134/134 130/130/130 
f 130/130/130 135/135/135 131/131/131 
f 131/131/131 37/37/37 35/35/35 
f 136/136/136 137/137/137 133/133/133 
f 133/133/133 138/138/138 134/134/134 
f 134/134/134 139/139/139 135/135/135 
f 135/135/135 39/39/39 37/37/37 
f 140/140/140 141/141/141 137/137/137 
f 137/137/137 142/142/142 138/138/138 
f 138/138/138 143/143/143 139/139/139 
f 139/139/139 41/41/41 39/39/39 
f 144/144/144 145/145/145 141/141/141 
f 141/141/141 146/146/146 142/142/142 
f 142/142/142 147/147/147 143/143/143 
f 143/143/143 43/43/43 41/41/41 
f 148/148/148 149/149/149 145/145/145 
f 145/145/145 150/150/150 146/146/146 
f 146/146/146 151/151/151 147/147/147 
f 147/147/147 45/45/45 43/43/43 
f 152/152/152 153/153/153 149/149/149 
f 149/149/149 154/154/154 150/150/150 
f 150/150/150 155/155/155 151/151/151 
f 151/151/151 47/47/47 45/45/45 
f 156/156/156 157/157/157 153/153/153 
f 153/153/153 158/158/158 154/154/154 
f 154/154/154 159/159/159 155/155/155 
f 155/155/155 49/49/49 47/47/47 
f 160/160/160 161/161/161 157/157/157 
f 157/157/157 162/162/162 158/158/158 
f 158/158/158 163/163/163 159/159/159 
f 159/159/159 51/51/51 49/49/49 
f 164/164/164 165/165/165 161/161/161 
f 161/161/161 166/166/166 162/162/162 
f 162/162/162 167/167/167 163/163/163 
f 163/163/163 53/53/53 51/51/51 
f 168/168/168 169/169/169 165/165/165 
f 165/165/165 170/170/170 166/166/166 
f 166/166/166 171/171/171 167/167/167 
f 167/167/167 55/55/55 53/53/53 
f 172/172/172 173/173/173 169/169/169 
f 169/169/169 174/174/174 170/170/170 
f 170/170/170 175/175/175 171/171/171 
f 171/171/171 57/57/57 55/55/55 
f 176/176/176 177/177/177 173/173/173 
f 173/173/173 178/178/178 174/174/174 
f 174/174/174 179/179/179 175/175/175 
f 175/175/175 59/59/59 57/57/57 
f 180/180/180 181/181/181 177/177/177 
f 177/177/177 182/182/182 178/178/178 
f 178/178/178 183/183/183 179/179/179 
f 179/179/179 61/61/61 59/59/59 
f 184/184/184 185/185/185 181/181/181 
f 181/181/181 186/186/186 182/182/182 
f 182/182/182 187/187/187 183/183/183 
f 183/183/183 6/6/6 61/61/61 
f 188/188/188 189/189/189 185/185/185 
f 185/185/185 190/190/190 186/186/186 
f 186/186/186 191/191/191 187/187/187 
f 187/187/187 4/4/4 6/6/6 
f 98/98/98 189/189/189 192/192/192 
f 97/97/97 190/190/190 189/189/189 
f 96/96/96 191/191/191 190/190/190 
f 95/95/95 4/4/4 191/191/191 
f 193/193/193 98/98/98 192/192/192 
f 194/194/194 192/192/192 188/188/188 
f 195/195/195 188/188/188 184/184/184 
f 196/196/196 184/184/184 180/180/180 
f 197/197/197 180/180/180 176/176/176 
f 198/198/198 176/176/176 172/172/172 
f 199/199/199 172/172/172 168/168/168 
f 200/200/200 168/168/168 164/164/164 
f 201/201/201 164/164/164 160/160/160 
f 202/202/202 160/160/160 156/156/156 
f 203/203/203 156/156/156 152/152/152 
f 204/204/204 152/152/152 148/148/148 
f 205/205/205 148/148/148 144/144/144 
f 206/206/206 144/144/144 140/140/140 
f 207/207/207 140/140/140 136/136/136 
f 208/208/208 136/136/136 132/132/132 
f 209/209/209 132/132/132 128/128/128 
f 210/210/210 128/128/128 124/124/124 
f 211/211/211 124/124/124 120/120/120 
f 212/212/212 120/120/120 116/116/116 
f 213/213/213 116/116/116 112/112/112 
f 214/214/214 112/112/112 108/108/108 
f 215/215/215 108/108/108 104/104/104 
f 216/216/216 104/104/104 100/100/100 
f 217/217/217 100/100/100 69/69/69 
f 218/218/218 69/69/69 74/74/74 
f 219/219/219 74/74/74 78/78/78 
f 220/220/220 78/78/78 82/82/82 
f 221/221/221 82/82/82 86/86/86 
f 222/222/222 86/86/86 90/90/90 
f 223/223/223 90/90/90 94/94/94 
f 224/224/224 94/94/94 98/98/98 
f 225/1/225 2/2/2 8/8/8 
f 226/4/226 5/5/5 99/99/99 
f 227/7/227 8/8/8 10/10/10 
f 228/9/228 10/10/10 12/12/12 
f 229/11/229 12/12/12 14/14/14 
f 230/13/230 14/14/14 16/16/16 
f 231/15/231 16/16/16 18/18/18 
f 232/17/232 18/18/18 20/20/20 
f 233/19/233 20/20/20 22/22/22 
f 234/21/234 22/22/22 24/24/24 
f 235/23/235 24/24/24 26/26/26 
f 236/25/236 26/26/26 28/28/28 
f 237/27/237 28/28/28 30/30/30 
f 238/29/238 30/30/30 32/32/32 
f 239/31/239 32/32/32 34/34/34 
f 240/33/240 34/34/34 36/36/36 
f 241/35/241 36/36/36 38/38/38 
f 242/37/242 38/38/38 40/40/40 
f 243/39/243 40/40/40 42/42/42 
f 244/41/244 42/42/42 44/44/44 
f 245/43/245 44/44/44 46/46/46 
f 246/45/246 46/46/46 48/48/48 
f 247/47/247 48/48/48 50/50/50 
f 248/49/248 50/50/50 52/52/52 
f 249/51/249 52/52/52 54/54/54 
f 250/53/250 54/54/54 56/56/56 
f 251/55/251 56/56/56 58/58/58 
f 252/57/252 58/58/58 60/60/60 
f 253/59/253 60/60/60 62/62/62 
f 254/61/254 62/62/62 63/63/63 
f 255/6/255 63/63/63 5/5/5 
f 256/64/256 233/19/233 257/66/257 
f 258/65/258 257/66/257 259/68/259 
f 260/67/260 259/68/259 261/70/261 
f 262/69/262 261/70/261 263/100/263 
f 264/71/264 232/17/232 256/64/256 
f 265/72/265 256/64/256 258/65/258 
f 266/73/266 258/65/258 260/67/260 
f 267/74/267 260/67/260 262/69/262 
f 268/75/268 231/15/231 264/71/264 
f 269/76/269 264/71/264 265/72/265 
f 270/77/270 265/72/265 266/73/266 
f 271/78/271 266/73/266 267/74/267 
f 272/79/272 230/13/230 268/75/268 
f 273/80/273 268/75/268 269/76/269 
f 274/81/274 269/76/269 270/77/270 
f 275/82/275 270/77/270 271/78/271 
f 276/83/276 229/11/229 272/79/272 
f 277/84/277 272/79/272 273/80/273 
f 278/85/278 273/80/273 274/81/274 
f 279/86/279 274/81/274 275/82/275 
f 280/87/280 228/9/228 276/83/276 
f 281/88/281 276/83/276 277/84/277 
f 282/89/282 277/84/277 278/85/278 
f 283/90/283 278/85/278 279/86/279 
f 284/91/284 227/7/227 280/87/280 
f 285/92/285 280/87/280 281/88/281 
f 286/93/286 281/88/281 282/89/282 
f 287/94/287 282/89/282 283/90/283 
f 288/95/288 225/1/225 284/91/284 
f 289/96/289 284/91/284 285/92/285 
f 290/97/290 285/92/285 286/93/286 
f 291/98/291 286/93/286 287/94/287 
f 292/3/292 99/99/99 2/2/2 
f 263/100/263 293/101/293 294/104/294 
f 261/70/261 295/102/295 293/101/293 
f 259/68/259 296/103/296 295/102/295 
f 257/66/257 234/21/234 296/103/296 
f 294/104/294 297/105/297 298/108/298 
f 293/101/293 299/106/299 297/105/297 
f 295/102/295 300/107/300 299/106/299 
f 296/103/296 235/23/235 300/107/300 
f 298/108/298 301/109/301 302/112/302 
f 297/105/297 303/110/303 301/109/301 
f 299/106/299 304/111/304 303/110/303 
f 300/107/300 236/25/236 304/111/304 
f 302/112/302 305/113/305 306/116/306 
f 301/109/301 307/114/307 305/113/305 
f 303/110/303 308/115/308 307/114/307 
f 304/111/304 237/27/237 308/115/308 
f 306/116/306 309/117/309 310/120/310 
f 305/113/305 311/118/311 309/117/309 
f 307/114/307 312/119/312 311/118/311 
f 308/115/308 238/29/238 312/119/312 
f 310/120/310 313/121/313 314/124/314 
f 309/117/309 315/122/315 313/121/313 
f 311/118/311 316/123/316 315/122/315 
f 312/119/312 239/31/239 316/123/316 
f 314/124/314 317/125/317 318/128/318 
f 313/121/313 319/126/319 317/125/317 
f 315/122/315 320/127/320 319/126/319 
f 316/123/316 240/33/240 320/127/320 
f 318/128/318 321/129/321 322/132/322 
f 317/125/317 323/130/323 321/129/321 
f 319/126/319 324/131/324 323/130/323 
f 320/127/320 241/35/241 324/131/324 
f 322/132/322 325/133/325 326/136/326 
f 321/129/321 327/134/327 325/133/325 
f 323/130/323 328/135/328 327/134/327 
f 324/131/324 242/37/242 328/135/328 
f 326/136/326 329/137/329 330/140/330 
f 325/133/325 331/138/331 329/137/329 
f 327/134/327 332/139/332 331/138/331 
f 328/135/328 243/39/243 332/139/332 
f 330/140/330 333/141/333 334/144/334 
f 329/137/329 335/142/335 333/141/333 
f 331/138/331 336/143/336 335/142/335 
f 332/139/332 244/41/244 336/143/336 
f 334/144/334 337/145/337 338/148/338 
f 333/141/333 339/146/339 337/145/337 
f 335/142/335 340/147/340 339/146/339 
f 336/143/336 245/43/245 340/147/340 
f 338/148/338 341/149/341 342/152/342 
f 337/145/337 343/150/343 341/149/341 
f 339/146/339 344/151/344 343/150/343 
f 340/147/340 246/45/246 344/151/344 
f 342/152/342 345/153/345 346/156/346 
f 341/149/341 347/154/347 345/153/345 
f 343/150/343 348/155/348 347/154/347 
f 344/151/344 247/47/247 348/155/348 
f 346/156/346 349/157/349 350/160/350 
f 345/153/345 351/158/351 349/157/349 
f 347/154/347 352/159/352 351/158/351 
f 348/155/348 248/49/248 352/159/352 
f 350/160/350 353/161/353 354/164/354 
f 349/157/349 355/162/355 353/161/353 
f 351/158/351 356/163/356 355/162/355 
f 352/159/352 249/51/249 356/163/356 
f 354/164/354 357/165/357 358/168/358 
f 353/161/353 359/166/359 357/165/357 
f 355/162/355 360/167/360 359/166/359 
f 356/163/356 250/53/250 360/167/360 
f 358/168/358 361/169/361 362/172/362 
f 357/165/357 363/170/363 361/169/361 
f 359/166/359 364/171/364 363/170/363 
f 360/167/360 251/55/251 364/171/364 
f 362/172/362 365/173/365 366/176/366 
f 361/169/361 367/174/367 365/173/365 
f 363/170/363 368/175/368 367/174/367 
f 364/171/364 252/57/252 368/175/368 
f 366/176/366 369/177/369 370/180/370 
f 365/173/365 371/178/371 369/177/369 
f 367/174/367 372/179/372 371/178/371 
f 368/175/368 253/59/253 372/179/372 
f 370/180/370 373/181/373 374/184/374 
f 369/177/369 375/182/375 373/181/373 
f 371/178/371 376/183/376 375/182/375 
f 372/179/372 254/61/254 376/183/376 
f 374/184/374 377/185/377 378/188/378 
f 373/181/373 379/186/379 377/185/377 
f 375/182/375 380/187/380 379/186/379 
f 376/183/376 255/6/255 380/187/380 
f 378/188/378 381/189/381 382/192/382 
f 377/185/377 383/190/383 381/189/381 
f 379/186/379 384/191/384 383/190/383 
f 380/187/380 226/4/226 384/191/384 
f 291/98/291 381/189/381 290/97/290 
f 290/97/290 383/190/383 289/96/289 
f 289/96/289 384/191/384 288/95/288 
f 288/95/288 226/4/226 292/3/292 
f 385/193/385 291/98/291 386/224/386 
f 387/194/387 382/192/382 385/193/385 
f 388/195/388 378/188/378 387/194/387 
f 389/196/389 374/184/374 388/195/388 
f 390/197/390 370/180/370 389/196/389 
f 391/198/391 366/176/366 390/197/390 
f 392/199/392 362/172/362 391/198/391 
f 393/200/393 358/168/358 392/199/392 
f 394/201/394 354/164/354 393/200/393 
f 395/202/395 350/160/350 394/201/394 
f 396/203/396 346/156/346 395/202/395 
f 397/204/397 342/152/342 396/203/396 
f 398/205/398 338/148/338 397/204/397 
f 399/206/399 334/144/334 398/205/398 
f 400/207/400 330/140/330 399/206/399 
f 401/208/401 326/136/326 400/207/400 
f 402/209/402 322/132/322 401/208/401 
f 403/210/403 318/128/318 402/209/402 
f 404/211/404 314/124/314 403/210/403 
f 405/212/405 310/120/310 404/211/404 
f 406/213/406 306/116/306 405/212/405 
f 407/214/407 302/112/302 406/213/406 
f 408/215/408 298/108/298 407/214/407 
f 409/216/409 294/104/294 408/215/408 
f 410/217/410 263/100/263 409/216/409 
f 411/218/411 262/69/262 410/217/410 
f 412/219/412 267/74/267 411/218/411 
f 413/220/413 271/78/271 412/219/412 
f 414/221/414 275/82/275 413/220/413 
f 415/222/415 279/86/279 414/221/414 
f 416/223/416 283/90/283 415/222/415 
f 386/224/386 287/94/287 416/223/416 
f 1/1/1 8/8/8 2/2/2 
f 4/4/4 99/99/99 5/5/5 
f 7/7/7 10/10/10 8/8/8 
f 9/9/9 12/12/12 10/10/10 
f 11/11/11 14/14/14 12/12/12 
f 13/13/13 16/16/16 14/14/14 
f 15/15/15 18/18/18 16/16/16 
f 17/17/17 20/20/20 18/18/18 
f 19/19/19 22/22/22 20/20/20 
f 21/21/21 24/24/24 22/22/22 
f 23/23/23 26/26/26 24/24/24 
f 25/25/25 28/28/28 26/26/26 
f 27/27/27 30/30/30 28/28/28 
f 29/29/29 32/32/32 30/30/30 
f 31/31/31 34/34/34 32/32/32 
f 33/33/33 36/36/36 34/34/34 
f 35/35/35 38/38/38 36/36/36 
f 37/37/37 40/40/40 38/38/38 
f 39/39/39 42/42/42 40/40/40 
f 41/41/41 44/44/44 42/42/42 
f 43/43/43 46/46/46 44/44/44 
f 45/45/45 48/48/48 46/46/46 
f 47/47/47 50/50/50 48/48/48 
f 49/49/49 52/52/52 50/50/50 
f 51/51/51 54/54/54 52/52/52 
f 53/53/53 56/56/56 54/54/54 
f 55/55/55 58/58/58 56/56/56 
f 57/57/57 60/60/60 58/58/58 
f 59/59/59 62/62/62 60/60/60 
f 61/61/61 63/63/63 62/62/62 
f 6/6/6 5/5/5 63/63/63 
f 64/64/64 66/66/66 19/19/19 
f 65/65/65 68/68/68 66/66/66 
f 67/67/67 70/70/70 68/68/68 
f 69/69/69 100/100/100 70/70/70 
f 71/71/71 64/64/64 17/17/17 
f 72/72/72 65/65/65 64/64/64 
f 73/73/73 67/67/67 65/65/65 
f 74/74/74 69/69/69 67/67/67 
f 75/75/75 71/71/71 15/15/15 
f 76/76/76 72/72/72 71/71/71 
f 77/77/77 73/73/73 72/72/72 
f 78/78/78 74/74/74 73/73/73 
f 79/79/79 75/75/75 13/13/13 
f 80/80/80 76/76/76 75/75/75 
f 81/81/81 77/77/77 76/76/76 
f 82/82/82 78/78/78 77/77/77 
f 83/83/83 79/79/79 11/11/11 
f 84/84/84 80/80/80 79/79/79 
f 85/85/85 81/81/81 80/80/80 
f 86/86/86 82/82/82 81/81/81 
f 87/87/87 83/83/83 9/9/9 
f 88/88/88 84/84/84 83/83/83 
f 89/89/89 85/85/85 84/84/84 
f 90/90/90 86/86/86 85/85/85 
f 91/91/91 87/87/87 7/7/7 
f 92/92/92 88/88/88 87/87/87 
f 93/93/93 89/89/89 88/88/88 
f 94/94/94 90/90/90 89/89/89 
f 95/95/95 91/91/91 1/1/1 
f 96/96/96 92/92/92 91/91/91 
f 97/97/97 93/93/93 92/92/92 
f 98/98/98 94/94/94 93/93/93 
f 3/3/3 2/2/2 99/99/99 
f 100/100/100 104/104/104 101/101/101 
f 70/70/70 101/101/101 102/102/102 
f 68/68/68 102/102/102 103/103/103 
f 66/66/66 103/103/103 21/21/21 
f 104/104/104 108/108/108 105/105/105 
f 101/101/101 105/105/105 106/106/106 
f 102/102/102 106/106/106 107/107/107 
f 103/103/103 107/107/107 23/23/23 
f 108/108/108 112/112/112 109/109/109 
f 105/105/105 109/109/109 110/110/110 
f 106/106/106 110/110/110 111/111/111 
f 107/107/107 111/111/111 25/25/25 
f 112/112/112 116/116/116 113/113/113 
f 109/109/109 113/113/113 114/114/114 
f 110/110/110 114/114/114 115/115/115 
f 111/111/111 115/115/115 27/27/27 
f 116/116/116 120/120/120 117/117/117 
f 113/113/113 117/117/117 118/118/118 
f 114/114/114 118/118/118 119/119/119 
f 115/115/115 119/119/119 29/29/29 
f 120/120/120 124/124/124 121/121/121 
f 117/117/117 121/121/121 122/122/122 
f 118/118/118 122/122/122 123/123/123 
f 119/119/119 123/123/123 31/31/31 
f 124/124/124 128/128/128 125/125/125 
f 121/121/121 125/125/125 126/126/126 
f 122/122/122 126/126/126 127/127/127 
f 123/123/123 127/127/127 33/33/33 
f 128/128/128 132/132/132 129/129/129 
f 125/125/125 129/129/129 130/130/130 
f 126/126/126 130/130/130 131/131/131 
f 127/127/127 131/131/131 35/35/35 
f 132/132/132 136/136/136 133/133/133 
f 129/129/129 133/133/133 134/134/134 
f 130/130/130 134/134/134 135/135/135 
f 131/131/131 135/135/135 37/37/37 
f 136/136/136 140/140/140 137/137/137 
f 133/133/133 137/137/137 138/138/138 
f 134/134/134 138/138/138 139/139/139 
f 135/135/135 139/139/139 39/39/39 
f 140/140/140 144/144/144 141/141/141 
f 137/137/137 141/141/141 142/142/142 
f 138/138/138 142/142/142 143/143/143 
f 139/139/139 143/143/143 41/41/41 
f 144/144/144 148/148/148 145/145/145 
f 141/141/141 145/145/145 146/146/146 
f 142/142/142 146/146/146 147/147/147 
f 143/143/143 147/147/147 43/43/43 
f 148/148/148 152/152/152 149/149/149 
f 145/145/145 149/149/149 150/150/150 
f 146/146/146 150/150/150 151/151/151 
f 147/147/147 151/151/151 45/45/45 
f 152/152/152 156/156/156 153/153/153 
f 149/149/149 153/153/153 154/154/154 
f 150/150/150 154/154/154 155/155/155 
f 151/151/151 155/155/155 47/47/47 
f 156/156/156 160/160/160 157/157/157 
f 153/153/153 157/157/157 158/158/158 
f 154/154/154 158/158/158 159/159/159 
f 155/155/155 159/159/159 49/49/49 
f 160/160/160 164/164/164 161/161/161 
f 157/157/157 161/161/161 162/162/162 
f 158/158/158 162/162/162 163/163/163 
f 159/159/159 163/163/163 51/51/51 
f 164/164/164 168/168/168 165/165/165 
f 161/161/161 165/165/165 166/166/166 
f 162/162/162 166/166/166 167/167/167 
f 163/163/163 167/167/167 53/53/53 
f 168/168/168 172/172/172 169/169/169 
f 165/165/165 169/169/169 170/170/170 
f 166/166/166 170/170/170 171/171/171 
f 167/167/167 171/171/171 55/55/55 
f 172/172/172 176/176/176 173/173/173 
f 169/169/169 173/173/173 174/174/174 
f 170/170/170 174/174/174 175/175/175 
f 171/171/171 175/175/175 57/57/57 
f 176/176/176 180/180/180 177/177/177 
f 173/173/173 177/177/177 178/178/178 
f 174/174/174 178/178/178 179/179/179 
f 175/175/175 179/179/179 59/59/59 
f 180/180/180 184/184/184 181/181/181 
f 177/177/177 181/181/181 182/182/182 
f 178/178/178 182/182/182 183/183/183 
f 179/179/179 183/183/183 61/61/61 
f 184/184/184 188/188/188 185/185/185 
f 181/181/181 185/185/185 186/186/186 
f 182/182/182 186/186/186 187/187/187 
f 183/183/183 187/187/187 6/6/6 
f 188/188/188 192/192/192 189/189/189 
f 185/185/185 189/189/189 190/190/190 
f 186/186/186 190/190/190 191/191/191 
f 187/187/187 191/191/191 4/4/4 
f 98/98/98 97/97/97 189/189/189 
f 97/97/97 96/96/96 190/190/190 
f 96/96/96 95/95/95 191/191/191 
f 95/95/95 3/3/3 4/4/4 
f 193/193/193 224/224/224 98/98/98 
f 194/194/194 193/193/193 192/192/192 
f 195/195/195 194/194/194 188/188/188 
f 196/196/196 195/195/195 184/184/184 
f 197/197/197 196/196/196 180/180/180 
f 198/198/198 197/197/197 176/176/176 
f 199/199/199 198/198/198 172/172/172 
f 200/200/200 199/199/199 168/168/168 
f 201/201/201 200/200/200 164/164/164 
f 202/202/202 201/201/201 160/160/160 
f 203/203/203 202/202/202 156/156/156 
f 204/204/204 203/203/203 152/152/152 
f 205/205/205 204/204/204 148/148/148 
f 206/206/206 205/205/205 144/144/144 
f 207/207/207 206/206/206 140/140/140 
f 208/208/208 207/207/207 136/136/136 
f 209/209/209 208/208/208 132/132/132 
f 210/210/210 209/209/209 128/128/128 
f 211/211/211 210/210/210 124/124/124 
f 212/212/212 211/211/211 120/120/120 
f 213/213/213 212/212/212 116/116/116 
f 214/214/214 213/213/213 112/112/112 
f 215/215/215 214/214/214 108/108/108 
f 216/216/216 215/215/215 104/104/104 
f 217/217/217 216/216/216 100/100/100 
f 218/218/218 217/217/217 69/69/69 
f 219/219/219 218/218/218 74/74/74 
f 220/220/220 219/219/219 78/78/78 
f 221/221/221 220/220/220 82/82/82 
f 222/222/222 221/221/221 86/86/86 
f 223/223/223 222/222/222 90/90/90 
f 224/224/224 223/223/223 94/94/94 
f 225/1/225 292/3/292 2/2/2 
f 226/4/226 255/6/255 5/5/5 
f 227/7/227 225/1/225 8/8/8 
f 228/9/228 227/7/227 10/10/10 
f 229/11/229 228/9/228 12/12/12 
f 230/13/230 229/11/229 14/14/14 
f 231/15/231 230/13/230 16/16/16 
f 232/17/232 231/15/231 18/18/18 
f 233/19/233 232/17/232 20/20/20 
f 234/21/234 233/19/233 22/22/22 
f 235/23/235 234/21/234 24/24/24 
f 236/25/236 235/23/235 26/26/26 
f 237/27/237 236/25/236 28/28/28 
f 238/29/238 237/27/237 30/30/30 
f 239/31/239 238/29/238 32/32/32 
f 240/33/240 239/31/239 34/34/34 
f 241/35/241 240/33/240 36/36/36 
f 242/37/242 241/35/241 38/38/38 
f 243/39/243 242/37/242 40/40/40 
f 244/41/244 243/39/243 42/42/42 
f 245/43/245 244/41/244 44/44/44 
f 246/45/246 245/43/245 46/46/46 
f 247/47/247 246/45/246 48/48/48 
f 248/49/248 247/47/247 50/50/50 
f 249/51/249 248/49/248 52/52/52 
f 250/53/250 249/51/249 54/54/54 
f 251/55/251 250/53/250 56/56/56 
f 252/57/252 251/55/251 58/58/58 
f 253/59/253 252/57/252 60/60/60 
f 254/61/254 253/59/253 62/62/62 
f 255/6/255 254/61/254 63/63/63 
f 256/64/256 232/17/232 233/19/233 
f 258/65/258 256/64/256 257/66/257 
f 260/67/260 258/65/258 259/68/259 
f 262/69/262 260/67/260 261/70/261 
f 264/71/264 231/15/231 232/17/232 
f 265/72/265 264/71/264 256/64/256 
f 266/73/266 265/72/265 258/65/258 
f 267/74/267 266/73/266 260/67/260 
f 268/75/268 230/13/230 231/15/231 
f 269/76/269 268/75/268 264/71/264 
f 270/77/270 269/76/269 265/72/265 
f 271/78/271 270/77/270 266/73/266 
f 272/79/272 229/11/229 230/13/230 
f 273/80/273 272/79/272 268/75/268 
f 274/81/274 273/80/273 269/76/269 
f 275/82/275 274/81/274 270/77/270 
f 276/83/276 228/9/228 229/11/229 
f 277/84/277 276/83/276 272/79/272 
f 278/85/278 277/84/277 273/80/273 
f 279/86/279 278/85/278 274/81/274 
f 280/87/280 227/7/227 228/9/228 
f 281/88/281 280/87/280 276/83/276 
f 282/89/282 281/88/281 277/84/277 
f 283/90/283 282/89/282 278/85/278 
f 284/91/284 225/1/225 227/7/227 
f 285/92/285 284/91/284 280/87/280 
f 286/93/286 285/92/285 281/88/281 
f 287/94/287 286/93/286 282/89/282 
f 288/95/288 292/3/292 225/1/225 
f 289/96/289 288/95/288 284/91/284 
f 290/97/290 289/96/289 285/92/285 
f 291/98/291 290/97/290 286/93/286 
f 292/3/292 226/4/226 99/99/99 
f 263/100/263 261/70/261 293/101/293 
f 261/70/261 259/68/259 295/102/295 
f 259/68/259 257/66/257 296/103/296 
f 257/66/257 233/19/233 234/21/234 
f 294/104/294 293/101/293 297/105/297 
f 293/101/293 295/102/295 299/106/299 
f 295/102/295 296/103/296 300/107/300 
f 296/103/296 234/21/234 235/23/235 
f 298/108/298 297/105/297 301/109/301 
f 297/105/297 299/106/299 303/110/303 
f 299/106/299 300/107/300 304/111/304 
f 300/107/300 235/23/235 236/25/236 
f 302/112/302 301/109/301 305/113/305 
f 301/109/301 303/110/303 307/114/307 
f 303/110/303 304/111/304 308/115/308 
f 304/111/304 236/25/236 237/27/237 
f 306/116/306 305/113/305 309/117/309 
f 305/113/305 307/114/307 311/118/311 
f 307/114/307 308/115/308 312/119/312 
f 308/115/308 237/27/237 238/29/238 
f 310/120/310 309/117/309 313/121/313 
f 309/117/309 311/118/311 315/122/315 
f 311/118/311 312/119/312 316/123/316 
f 312/119/312 238/29/238 239/31/239 
f 314/124/314 313/121/313 317/125/317 
f 313/121/313 315/122/315 319/126/319 
f 315/122/315 316/123/316 320/127/320 
f 316/123/316 239/31/239 240/33/240 
f 318/128/318 317/125/317 321/129/321 
f 317/125/317 319/126/319 323/130/323 
f 319/126/319 320/127/320 324/131/324 
f 320/127/320 240/33/240 241/35/241 
f 322/132/322 321/129/321 325/133/325 
f 321/129/321 323/130/323 327/134/327 
f 323/130/323 324/131/324 328/135/328 
f 324/131/324 241/35/241 242/37/242 
f 326/136/326 325/133/325 329/137/329 
f 325/133/325 327/134/327 331/138/331 
f 327/134/327 328/135/328 332/139/332 
f 328/135/328 242/37/242 243/39/243 
f 330/140/330 329/137/329 333/141/333 
f 329/137/329 331/138/331 335/142/335 
f 331/138/331 332/139/332 336/143/336 
f 332/139/332 243/39/243 244/41/244 
f 334/144/334 333/141/333 337/145/337 
f 333/141/333 335/142/335 339/146/339 
f 335/142/335 336/143/336 340/147/340 
f 336/143/336 244/41/244 245/43/245 
f 338/148/338 337/145/337 341/149/341 
f 337/145/337 339/146/339 343/150/343 
f 339/146/339 340/147/340 344/151/344 
f 340/147/340 245/43/245 246/45/246 
f 342/152/342 341/149/341 345/153/345 
f 341/149/341 343/150/343 347/154/347 
f 343/150/343 344/151/344 348/155/348 
f 344/151/344 246/45/246 247/47/247 
f 346/156/346 345/153/345 349/157/349 
f 345/153/345 347/154/347 351/158/351 
f 347/154/347 348/155/348 352/159/352 
f 348/155/348 247/47/247 248/49/248 
f 350/160/350 349/157/349 353/161/353 
f 349/157/349 351/158/351 355/162/355 
f 351/158/351 352/159/352 356/163/356 
f 352/159/352 248/49/248 249/51/249 
f 354/164/354 353/161/353 357/165/357 
f 353/161/353 355/162/355 359/166/359 
f 355/162/355 356/163/356 360/167/360 
f 356/163/356 249/51/249 250/53/250 
f 358/168/358 357/165/357 361/169/361 
f 357/165/357 359/166/359 363/170/363 
f 359/166/359 360/167/360 364/171/364 
f 360/167/360 250/53/250 251/55/251 
f 362/172/362 361/169/361 365/173/365 
f 361/169/361 363/170/363 367/174/367 
f 363/170/363 364/171/364 368/175/368 
f 364/171/364 251/55/251 252/57/252 
f 366/176/366 365/173/365 369/177/369 
f 365/173/365 367/174/367 371/178/371 
f 367/174/367 368/175/368 372/179/372 
f 368/175/368 252/57/252 253/59/253 
f 370/180/370 369/177/369 373/181/373 
f 369/177/369 371/178/371 375/182/375 
f 371/178/371 372/179/372 376/183/376 
f 372/179/372 253/59/253 254/61/254 
f 374/184/374 373/181/373 377/185/377 
f 373/181/373 375/182/375 379/186/379 
f 375/182/375 376/183/376 380/187/380 
f 376/183/376 254/61/254 255/6/255 
f 378/188/378 377/185/377 381/189/381 
f 377/185/377 379/186/379 383/190/383 
f 379/186/379 380/187/380 384/191/384 
f 380/187/380 255/6/255 226/4/226 
f 291/98/291 382/192/382 381/189/381 
f 290/97/290 381/189/381 383/190/383 
f 289/96/289 383/190/383 384/191/384 
f 288/95/288 384/191/384 226/4/226 
f 385/193/385 382/192/382 291/98/291 
f 387/194/387 378/188/378 382/192/382 
f 388/195/388 374/184/374 378/188/378 
f 389/196/389 370/180/370 374/184/374 
f 390/197/390 366/176/366 370/180/370 
f 391/198/391 362/172/362 366/176/366 
f 392/199/392 358/168/358 362/172/362 
f 393/200/393 354/164/354 358/168/358 
f 394/201/394 350/160/350 354/164/354 
f 395/202/395 346/156/346 350/160/350 
f 396/203/396 342/152/342 346/156/346 
f 397/204/397 338/148/338 342/152/342 
f 398/205/398 334/144/334 338/148/338 
f 399/206/399 330/140/330 334/144/334 
f 400/207/400 326/136/326 330/140/330 
f 401/208/401 322/132/322 326/136/326 
f 402/209/402 318/128/318 322/132/322 
f 403/210/403 314/124/314 318/128/318 
f 404/211/404 310/120/310 314/124/314 
f 405/212/405 306/116/306 310/120/310 
f 406/213/406 302/112/302 306/116/306 
f 407/214/407 298/108/298 302/112/302 
f 408/215/408 294/104/294 298/108/298 
f 409/216/409 263/100/263 294/104/294 
f 410/217/410 262/69/262 263/100/263 
f 411/218/411 267/74/267 262/69/262 
f 412/219/412 271/78/271 267/74/267 
f 413/220/413 275/82/275 271/78/271 
f 414/221/414 279/86/279 275/82/275 
f 415/222/415 283/90/283 279/86/279 
f 416/223/416 287/94/287 283/90/283 
f 386/224/386 291/98/291 287/94/287 
f 417/225/417 418/226/418 419/227/419 
f 420/228/420 421/229/421 422/230/422 
f 423/231/423 424/232/424 425/233/425 
f 426/234/426 427/235/427 428/236/428 
f 429/237/429 430/238/430 431/239/431 
f 432/240/432 433/241/433 420/228/420 
f 434/242/434 435/243/435 436/244/436 
f 423/231/423 437/245/437 429/237/429 
f 438/246/438 439/247/439 440/248/440 
f 441/249/441 442/250/442 438/246/438 
f 443/251/443 444/252/444 445/253/445 
f 446/254/446 436/244/436 441/249/441 
f 425/255/447 447/256/448 448/257/449 
f 432/240/432 449/258/450 450/259/451 
f 451/260/452 440/248/440 452/261/453 
f 453/262/454 454/263/455 455/264/456 
f 456/265/457 438/246/438 451/260/452 
f 457/266/458 458/267/459 459/268/460 
f 460/269/461 461/270/462 462/271/463 
f 463/272/464 441/249/441 456/265/457 
f 464/273/465 452/261/453 465/274/466 
f 466/275/467 467/276/468 468/277/469 
f 469/278/470 451/260/452 464/273/465 
f 470/279/471 471/280/472 472/281/473 
f 473/282/474 472/281/473 474/283/475 
f 475/284/476 476/285/477 477/286/478 
f 478/287/479 456/265/457 469/278/470 
f 479/288/480 480/289/481 458/290/482 
f 481/291/483 482/292/477 483/293/477 
f 484/294/484 485/295/485 486/296/486 
f 487/297/487 488/298/488 489/299/489 
f 431/239/431 490/300/490 491/301/491 
f 491/301/491 492/302/492 493/303/493 
f 493/303/493 427/235/427 494/304/494 
f 425/255/447 495/305/495 437/306/496 
f 437/306/496 496/307/497 430/308/498 
f 430/308/498 497/309/499 490/310/500 
f 490/310/500 498/311/501 492/312/502 
f 492/312/502 499/313/503 427/314/504 
f 500/315/505 501/316/506 502/317/507 
f 502/317/507 503/318/508 504/319/509 
f 504/319/509 505/320/510 506/321/511 
f 506/321/511 507/322/512 508/323/513 
f 508/323/513 461/324/514 509/325/515 
f 510/326/516 511/327/517 512/328/518 
f 512/328/518 513/329/519 514/330/520 
f 514/330/520 515/331/521 516/332/522 
f 516/332/522 517/333/523 518/334/524 
f 518/334/524 519/335/525 520/336/526 
f 521/337/527 474/283/475 466/275/467 
f 522/338/528 523/339/529 470/279/471 
f 524/340/530 470/279/471 473/282/474 
f 525/341/531 473/282/474 521/337/527 
f 526/342/532 527/343/533 522/338/528 
f 528/344/534 529/345/535 530/346/536 
f 422/230/422 531/347/537 532/348/538 
f 532/348/538 533/349/539 534/350/540 
f 534/350/540 424/232/424 535/351/541 
f 450/352/542 536/353/543 433/354/544 
f 433/354/544 537/355/545 421/356/546 
f 421/356/546 538/357/547 531/358/548 
f 531/358/548 539/359/549 533/360/550 
f 533/360/550 447/256/448 424/361/551 
f 540/362/552 541/363/553 542/364/554 
f 542/364/554 543/365/555 544/366/556 
f 544/366/556 545/367/557 546/368/558 
f 546/368/558 547/369/559 548/370/560 
f 548/370/560 458/290/482 480/289/481 
f 549/371/561 525/341/531 550/372/562 
f 550/372/562 521/337/527 551/373/563 
f 551/373/563 466/275/467 552/374/564 
f 552/374/564 468/277/469 553/375/565 
f 553/375/565 554/376/566 555/377/567 
f 556/378/568 522/338/528 524/340/530 
f 557/379/569 524/340/530 525/341/531 
f 558/380/570 559/381/571 560/382/572 
f 561/383/573 562/384/574 563/385/575 
f 564/386/576 465/274/466 565/387/577 
f 474/283/475 566/388/578 467/276/468 
f 472/281/473 567/389/579 566/388/578 
f 468/277/469 568/390/580 554/376/566 
f 467/276/468 569/391/581 568/390/580 
f 566/388/578 570/392/582 569/391/581 
f 554/376/566 571/393/583 572/394/584 
f 568/390/580 573/395/585 571/393/583 
f 569/391/581 574/396/586 573/395/585 
f 572/394/584 575/397/587 511/327/517 
f 571/393/583 576/398/588 575/397/587 
f 573/395/585 577/399/589 576/398/588 
f 511/327/517 578/400/590 513/329/519 
f 575/397/587 579/401/591 578/400/590 
f 576/398/588 580/402/592 579/401/591 
f 513/329/519 581/403/593 515/331/521 
f 578/400/590 582/404/594 581/403/593 
f 579/401/591 583/405/595 582/404/594 
f 515/331/521 584/406/596 517/333/523 
f 581/403/593 585/407/597 584/406/596 
f 582/404/594 586/408/598 585/407/597 
f 517/333/523 558/380/570 519/335/525 
f 584/406/596 587/409/599 558/380/570 
f 585/407/597 588/410/600 587/409/599 
f 589/411/601 590/412/602 591/413/603 
f 591/413/603 592/414/604 593/415/605 
f 593/415/605 594/416/606 595/417/607 
f 436/244/436 596/418/608 442/250/442 
f 442/250/442 597/419/609 439/247/439 
f 598/420/610 599/421/611 435/243/435 
f 435/243/435 600/422/612 596/418/608 
f 596/418/608 601/423/613 597/419/609 
f 602/424/614 603/425/615 599/421/611 
f 599/421/611 604/426/616 600/422/612 
f 600/422/612 605/427/617 601/423/613 
f 606/428/618 607/429/619 603/425/615 
f 603/425/615 608/430/620 604/426/616 
f 604/426/616 609/431/621 605/427/617 
f 610/432/622 611/433/623 607/429/619 
f 607/429/619 612/434/624 608/430/620 
f 608/430/620 613/435/625 609/431/621 
f 614/436/626 615/437/627 611/433/623 
f 611/433/623 616/438/628 612/434/624 
f 612/434/624 617/439/629 613/435/625 
f 618/440/630 619/441/631 615/437/627 
f 615/437/627 620/442/632 616/438/628 
f 616/438/628 621/443/633 617/439/629 
f 622/444/634 484/294/484 619/441/631 
f 619/441/631 486/296/486 620/442/632 
f 620/442/632 623/445/635 621/443/633 
f 624/446/636 625/447/637 626/448/638 
f 627/449/639 628/450/640 625/447/637 
f 629/451/641 630/452/642 628/450/640 
f 631/453/643 632/454/644 633/455/645 
f 540/362/552 634/456/646 635/457/647 
f 542/364/554 636/458/648 634/456/646 
f 544/366/556 637/459/649 636/458/648 
f 546/368/558 638/460/650 637/459/649 
f 548/370/560 639/461/651 638/460/650 
f 480/289/481 640/462/652 639/461/651 
f 500/315/505 641/463/653 640/462/652 
f 502/317/507 642/464/654 641/463/653 
f 504/319/509 643/465/655 642/464/654 
f 506/321/511 644/466/656 643/465/655 
f 508/323/513 645/467/657 644/466/656 
f 646/468/658 647/469/659 648/470/660 
f 649/471/661 650/472/662 647/469/659 
f 651/473/663 652/474/664 653/475/665 
f 635/457/647 654/476/666 655/477/667 
f 655/477/667 536/353/543 656/478/668 
f 634/456/646 657/479/669 654/476/666 
f 654/476/666 537/355/545 536/353/543 
f 636/458/648 658/480/670 657/479/669 
f 657/479/669 538/357/547 537/355/545 
f 637/459/649 659/481/671 658/480/670 
f 658/480/670 539/359/549 538/357/547 
f 638/460/650 660/482/672 659/481/671 
f 659/481/671 447/256/448 539/359/549 
f 639/461/651 661/483/673 660/482/672 
f 660/482/672 448/257/449 447/256/448 
f 640/462/652 662/484/674 661/483/673 
f 661/483/673 495/305/495 448/257/449 
f 641/463/653 663/485/675 662/484/674 
f 662/484/674 496/307/497 495/305/495 
f 642/464/654 664/486/676 663/485/675 
f 663/485/675 497/309/499 496/307/497 
f 643/465/655 665/487/677 664/486/676 
f 664/486/676 498/311/501 497/309/499 
f 644/466/656 666/488/678 665/487/677 
f 665/487/677 499/313/503 498/311/501 
f 667/489/679 668/490/680 650/472/662 
f 669/491/681 670/492/682 444/493/683 
f 671/494/684 672/495/685 673/496/686 
f 674/497/687 675/498/688 676/499/689 
f 428/500/690 499/313/503 677/501/691 
f 678/502/692 679/503/693 680/504/694 
f 443/251/443 673/496/686 669/505/695 
f 681/506/696 682/507/697 683/508/698 
f 674/497/687 680/504/694 684/509/699 
f 685/510/700 686/511/701 687/512/702 
f 688/513/703 687/512/702 689/514/704 
f 690/515/705 656/478/668 691/516/706 
f 692/517/707 689/514/704 681/506/696 
f 684/518/708 693/519/709 675/520/710 
f 450/352/542 691/516/706 656/478/668 
f 694/521/711 695/522/712 685/510/700 
f 477/523/713 631/453/643 633/455/645 
f 696/524/714 685/510/700 688/513/703 
f 697/525/715 698/526/716 699/527/717 
f 700/528/718 509/325/515 461/324/514 
f 701/529/719 688/513/703 692/517/707 
f 702/530/720 703/531/721 694/521/711 
f 704/532/722 705/533/723 706/534/724 
f 488/298/488 694/521/711 696/524/714 
f 707/535/725 708/536/726 709/537/727 
f 710/538/728 711/539/729 707/535/725 
f 712/540/730 635/457/647 713/541/731 
f 489/299/489 696/524/714 701/529/719 
f 699/542/732 714/543/733 715/544/734 
f 716/545/735 712/540/730 482/546/736 
f 486/296/486 717/547/737 623/445/635 
f 718/548/738 464/273/465 564/386/576 
f 719/549/739 720/550/740 679/503/693 
f 721/551/741 722/552/742 720/550/740 
f 723/553/743 418/226/418 722/552/742 
f 684/518/708 724/554/744 725/555/745 
f 680/556/746 726/557/747 724/554/744 
f 679/558/748 727/559/749 726/557/747 
f 720/560/750 728/561/751 727/559/749 
f 722/562/752 729/563/753 728/561/751 
f 715/544/734 730/564/754 699/542/732 
f 731/565/755 732/566/756 730/564/754 
f 733/567/757 734/568/758 732/566/756 
f 735/569/759 736/570/760 734/568/758 
f 737/571/761 454/572/762 736/570/760 
f 738/573/763 739/574/764 740/575/765 
f 741/576/766 742/577/767 739/574/764 
f 743/578/768 744/579/769 742/577/767 
f 745/580/770 746/581/771 744/579/769 
f 747/582/772 589/411/601 746/581/771 
f 748/583/773 706/534/724 710/538/728 
f 749/584/774 709/537/727 750/585/775 
f 751/586/776 707/535/725 749/584/774 
f 752/587/777 710/538/728 751/586/776 
f 753/588/778 750/585/775 529/345/535 
f 587/409/599 754/589/779 559/381/571 
f 755/590/780 756/591/781 672/495/685 
f 757/592/782 758/593/783 756/591/781 
f 759/594/784 675/498/688 758/593/783 
f 669/491/681 760/595/785 652/474/664 
f 673/596/786 761/597/787 760/595/785 
f 672/598/788 762/599/789 761/597/787 
f 756/600/790 763/601/791 762/599/789 
f 758/602/792 693/519/709 763/601/791 
f 633/455/645 764/603/793 477/523/713 
f 765/604/794 766/605/795 764/603/793 
f 767/606/796 768/607/797 766/605/795 
f 769/608/798 770/609/799 768/607/797 
f 771/610/800 698/611/801 770/609/799 
f 772/612/802 752/587/777 773/613/803 
f 774/614/804 748/583/773 752/587/777 
f 775/615/805 704/532/722 748/583/773 
f 776/616/806 777/617/807 704/532/722 
f 778/618/808 779/619/809 777/617/807 
f 562/384/574 749/584/774 753/588/778 
f 773/613/803 751/586/776 562/384/574 
f 780/620/810 526/342/532 556/378/568 
f 781/621/811 782/622/812 526/342/532 
f 783/623/813 784/624/814 702/530/720 
f 706/534/724 785/625/815 711/539/729 
f 711/539/729 786/626/816 708/536/726 
f 777/617/807 787/627/817 705/533/723 
f 705/533/723 788/628/818 785/625/815 
f 785/625/815 789/629/819 786/626/816 
f 779/619/809 790/630/820 787/627/817 
f 787/627/817 791/631/821 788/628/818 
f 788/628/818 792/632/822 789/629/819 
f 740/575/765 793/633/823 790/630/820 
f 790/630/820 794/634/824 791/631/821 
f 791/631/821 795/635/825 792/632/822 
f 739/574/764 796/636/826 793/633/823 
f 793/633/823 797/637/827 794/634/824 
f 794/634/824 798/638/828 795/635/825 
f 742/577/767 799/639/829 796/636/826 
f 796/636/826 800/640/830 797/637/827 
f 797/637/827 801/641/831 798/638/828 
f 744/579/769 802/642/832 799/639/829 
f 799/639/829 803/643/833 800/640/830 
f 800/640/830 804/644/834 801/641/831 
f 746/581/771 591/413/603 802/642/832 
f 802/642/832 593/415/605 803/643/833 
f 803/643/833 595/417/607 804/644/834 
f 563/385/575 753/588/778 528/344/534 
f 805/645/835 702/530/720 488/298/488 
f 519/335/525 560/382/572 806/646/836 
f 689/514/704 807/647/837 682/507/697 
f 687/512/702 808/648/838 807/647/837 
f 683/508/698 809/649/839 810/650/840 
f 682/507/697 811/651/841 809/649/839 
f 807/647/837 812/652/842 811/651/841 
f 810/650/840 813/653/843 814/654/844 
f 809/649/839 815/655/845 813/653/843 
f 811/651/841 816/656/846 815/655/845 
f 814/654/844 817/657/847 818/658/848 
f 813/653/843 819/659/849 817/657/847 
f 815/655/845 820/660/850 819/659/849 
f 818/658/848 821/661/851 822/662/852 
f 817/657/847 823/663/853 821/661/851 
f 819/659/849 824/664/854 823/663/853 
f 822/662/852 825/665/855 826/666/856 
f 821/661/851 827/667/857 825/665/855 
f 823/663/853 828/668/858 827/667/857 
f 826/666/856 829/669/859 830/670/860 
f 825/665/855 831/671/861 829/669/859 
f 827/667/857 832/672/862 831/671/861 
f 830/670/860 627/449/639 624/446/636 
f 829/669/859 629/451/641 627/449/639 
f 831/671/861 833/673/863 629/451/641 
f 455/674/864 646/468/658 648/470/660 
f 834/675/865 653/475/665 632/454/644 
f 835/676/866 836/677/867 484/294/484 
f 509/325/515 837/678/868 645/467/657 
f 633/455/645 838/679/869 765/604/794 
f 765/604/794 839/680/870 767/606/796 
f 767/606/796 840/681/871 769/608/798 
f 769/608/798 841/682/872 771/610/800 
f 771/610/800 842/683/873 714/543/733 
f 714/543/733 843/684/874 715/544/734 
f 715/544/734 844/685/875 731/565/755 
f 731/565/755 845/686/876 733/567/757 
f 733/567/757 846/687/877 735/569/759 
f 735/569/759 847/688/878 737/571/761 
f 737/571/761 649/471/661 646/468/658 
f 848/689/573 556/378/568 557/379/569 
f 713/541/731 655/477/667 690/515/705 
f 666/488/678 677/501/691 499/313/503 
f 632/454/644 849/690/879 838/679/869 
f 653/475/665 760/595/785 849/690/879 
f 838/679/869 850/691/880 839/680/870 
f 849/690/879 761/597/787 850/691/880 
f 839/680/870 851/692/881 840/681/871 
f 850/691/880 762/599/789 851/692/881 
f 840/681/871 852/693/882 841/682/872 
f 851/692/881 763/601/791 852/693/882 
f 841/682/872 853/694/883 842/683/873 
f 852/693/882 693/519/709 853/694/883 
f 842/683/873 854/695/884 843/684/874 
f 853/694/883 725/555/745 854/695/884 
f 843/684/874 855/696/885 844/685/875 
f 854/695/884 724/554/744 855/696/885 
f 844/685/875 856/697/886 845/686/876 
f 855/696/885 726/557/747 856/697/886 
f 845/686/876 857/698/887 846/687/877 
f 856/697/886 727/559/749 857/698/887 
f 846/687/877 858/699/888 847/688/878 
f 857/698/887 728/561/751 858/699/888 
f 847/688/878 667/489/679 649/471/661 
f 858/699/888 729/563/753 667/489/679 
f 645/467/657 859/700/889 666/488/678 
f 860/701/890 469/278/470 718/548/738 
f 444/493/683 861/702/891 862/703/892 
f 862/704/892 691/516/706 449/705/893 
f 668/490/680 863/706/894 864/707/895 
f 864/708/895 428/500/690 677/501/691 
f 564/386/576 865/709/896 866/710/897 
f 866/711/897 867/712/898 783/623/813 
f 445/253/445 862/713/899 868/714/899 
f 868/715/899 449/258/450 869/716/900 
f 870/717/901 871/718/902 872/719/903 
f 872/719/903 873/720/904 874/721/905 
f 482/546/736 875/722/906 876/723/736 
f 876/724/736 631/453/643 476/725/736 
f 877/726/907 878/727/908 879/728/909 
f 879/729/909 455/674/864 648/470/660 
f 483/293/477 876/730/477 880/731/477 
f 880/732/477 476/285/477 881/733/477 
f 882/734/910 883/735/911 884/736/912 
f 884/736/912 885/737/913 886/738/914 
f 718/548/738 866/710/897 887/739/915 
f 887/740/915 783/623/813 805/645/835 
f 528/344/534 888/741/916 889/742/917 
f 889/743/917 890/744/536 781/621/811 
f 860/701/890 887/739/915 891/745/918 
f 891/746/918 805/645/835 487/297/487 
f 563/385/575 889/742/917 892/747/919 
f 892/748/919 781/621/811 780/620/810 
f 561/383/573 892/747/919 893/749/920 
f 893/750/920 780/620/810 848/689/573 
f 590/412/602 883/735/911 894/751/921 
f 894/751/921 806/646/836 560/382/572 
f 592/414/604 894/751/921 895/752/922 
f 895/752/922 560/382/572 559/381/571 
f 594/416/606 895/752/922 896/753/923 
f 896/753/923 559/381/571 754/589/779 
f 836/677/867 871/718/902 897/754/924 
f 897/754/924 626/448/638 625/447/637 
f 485/295/485 897/754/924 898/755/925 
f 898/755/925 625/447/637 628/450/640 
f 717/547/737 898/755/925 899/756/926 
f 899/756/926 628/450/640 630/452/642 
f 670/492/682 900/757/927 861/702/891 
f 861/758/891 690/515/705 691/516/706 
f 648/470/660 901/759/928 879/729/909 
f 879/728/909 837/678/868 877/726/907 
f 712/540/730 902/760/929 875/722/906 
f 875/761/906 834/675/865 631/453/643 
f 713/541/731 900/762/927 902/760/929 
f 902/763/929 651/473/663 834/675/865 
f 677/501/691 903/764/930 864/708/895 
f 864/707/895 650/472/662 668/490/680 
f 859/700/889 901/765/928 903/764/930 
f 903/766/930 647/469/659 650/472/662 
f 904/767/931 729/563/753 418/768/932 
f 471/769/472 905/770/933 567/771/579 
f 523/772/529 906/773/933 905/770/933 
f 527/774/533 907/775/933 906/773/933 
f 782/776/812 908/777/933 907/775/933 
f 890/778/536 909/779/933 908/777/933 
f 888/780/916 910/781/933 909/779/933 
f 530/782/536 911/783/933 910/781/933 
f 529/784/535 912/785/933 911/783/933 
f 750/786/775 913/787/933 912/785/933 
f 709/788/727 786/789/816 913/787/933 
f 567/771/579 914/790/933 570/791/582 
f 905/770/933 915/792/933 914/790/933 
f 906/773/933 916/793/933 915/792/933 
f 907/775/933 917/794/933 916/793/933 
f 908/777/933 918/795/933 917/794/933 
f 909/779/933 919/796/933 918/795/933 
f 910/781/933 920/797/933 919/796/933 
f 911/783/933 921/798/933 920/797/933 
f 912/785/933 922/799/933 921/798/933 
f 913/787/933 789/800/819 922/799/933 
f 570/791/582 923/801/933 574/802/586 
f 914/790/933 924/803/933 923/801/933 
f 915/792/933 925/804/933 924/803/933 
f 916/793/933 926/805/933 925/804/933 
f 917/794/933 927/806/933 926/805/933 
f 918/795/933 928/807/933 927/806/933 
f 919/796/933 929/808/933 928/807/933 
f 920/797/933 930/809/933 929/808/933 
f 921/798/933 931/810/933 930/809/933 
f 922/799/933 792/811/822 931/810/933 
f 574/802/586 932/812/933 577/813/589 
f 923/801/933 933/814/933 932/812/933 
f 924/803/933 934/815/933 933/814/933 
f 925/804/933 935/816/933 934/815/933 
f 926/805/933 936/817/933 935/816/933 
f 927/806/933 937/818/933 936/817/933 
f 928/807/933 938/819/933 937/818/933 
f 929/808/933 939/820/933 938/819/933 
f 930/809/933 940/821/933 939/820/933 
f 931/810/933 795/822/825 940/821/933 
f 577/813/589 583/823/595 580/824/592 
f 932/812/933 586/825/598 583/823/595 
f 933/814/933 588/826/600 586/825/598 
f 934/815/933 754/827/779 588/826/600 
f 935/816/933 896/828/923 754/827/779 
f 936/817/933 594/829/606 896/828/923 
f 937/818/933 595/830/607 594/829/606 
f 938/819/933 804/831/834 595/830/607 
f 939/820/933 801/832/831 804/831/834 
f 940/821/933 798/833/828 801/832/831 
f 440/834/440 941/835/934 452/836/453 
f 439/837/439 942/838/935 941/835/934 
f 597/839/609 943/840/936 942/838/935 
f 601/841/613 944/842/937 943/840/936 
f 605/843/617 945/844/938 944/842/937 
f 609/845/621 946/846/939 945/844/938 
f 613/847/625 621/848/633 946/846/939 
f 452/836/453 947/849/940 465/850/466 
f 941/835/934 948/851/941 947/849/940 
f 942/838/935 949/852/942 948/851/941 
f 943/840/936 950/853/943 949/852/942 
f 944/842/937 951/854/944 950/853/943 
f 945/844/938 952/855/945 951/854/944 
f 946/846/939 623/856/635 952/855/945 
f 465/850/466 953/857/946 565/858/577 
f 947/849/940 954/859/939 953/857/946 
f 948/851/941 955/860/947 954/859/939 
f 949/852/942 956/861/948 955/860/947 
f 950/853/943 957/862/944 956/861/948 
f 951/854/944 958/863/939 957/862/944 
f 952/855/945 717/864/737 958/863/939 
f 565/858/577 959/865/949 865/866/896 
f 953/857/946 960/867/950 959/865/949 
f 954/859/939 961/868/951 960/867/950 
f 955/860/947 962/869/952 961/868/951 
f 956/861/948 963/870/949 962/869/952 
f 957/862/944 964/871/953 963/870/949 
f 958/863/939 899/872/926 964/871/953 
f 865/866/896 965/873/954 867/874/898 
f 959/865/949 966/875/955 965/873/954 
f 960/867/950 967/876/956 966/875/955 
f 961/868/951 968/877/957 967/876/956 
f 962/869/952 969/878/958 968/877/957 
f 963/870/949 970/879/959 969/878/958 
f 964/871/953 630/880/642 970/879/959 
f 867/874/898 971/881/960 784/882/814 
f 965/873/954 972/883/961 971/881/960 
f 966/875/955 973/884/962 972/883/961 
f 967/876/956 974/885/963 973/884/962 
f 968/877/957 975/886/958 974/885/963 
f 969/878/958 976/887/964 975/886/958 
f 970/879/959 833/888/863 976/887/964 
f 784/882/814 977/889/965 703/890/721 
f 971/881/960 978/891/966 977/889/965 
f 972/883/961 979/892/967 978/891/966 
f 973/884/962 980/893/968 979/892/967 
f 974/885/963 981/894/969 980/893/968 
f 975/886/958 982/895/959 981/894/969 
f 976/887/964 832/896/862 982/895/959 
f 703/890/721 686/897/701 695/898/712 
f 977/889/965 808/899/838 686/897/701 
f 978/891/966 812/900/842 808/899/838 
f 979/892/967 816/901/846 812/900/842 
f 980/893/968 820/902/850 816/901/846 
f 981/894/969 824/903/854 820/902/850 
f 982/895/959 828/904/858 824/903/854 
f 863/905/970 426/234/426 428/236/428 
f 983/906/971 984/907/972 426/234/426 
f 985/908/903 986/909/973 984/907/972 
f 987/910/903 874/721/905 986/909/973 
f 904/911/974 983/906/971 863/905/970 
f 417/225/417 985/908/903 983/906/971 
f 988/912/975 987/910/903 985/908/903 
f 989/913/976 872/719/903 987/910/903 
f 891/745/918 990/914/977 860/701/890 
f 991/915/899 992/916/978 990/914/977 
f 993/917/899 994/918/979 992/916/978 
f 995/919/899 869/716/900 994/918/979 
f 487/297/487 991/920/899 891/746/918 
f 996/921/980 993/922/899 991/920/899 
f 997/923/981 995/924/899 993/922/899 
f 998/925/982 868/714/899 995/924/899 
f 683/508/698 999/926/983 1000/927/984 
f 1000/927/984 1001/928/985 1002/929/986 
f 1002/929/986 1003/930/987 1004/931/988 
f 1004/931/988 676/499/689 759/594/784 
f 681/506/696 1000/927/984 1005/932/989 
f 1005/932/989 1002/929/986 1006/933/990 
f 1006/933/990 1004/931/988 1007/934/991 
f 1007/934/991 759/594/784 757/592/782 
f 692/517/707 1005/932/989 1008/935/992 
f 1008/935/992 1006/933/990 1009/936/993 
f 1009/936/993 1007/934/991 1010/937/994 
f 1010/937/994 757/592/782 755/590/780 
f 830/670/860 1011/938/995 1012/939/996 
f 1012/939/996 1013/940/997 1014/941/998 
f 1014/941/998 1015/942/999 1016/943/1000 
f 1016/943/1000 419/227/419 723/553/743 
f 826/666/856 1012/939/996 1017/944/1001 
f 1017/944/1001 1014/941/998 1018/945/1002 
f 1018/945/1002 1016/943/1000 1019/946/1003 
f 1019/946/1003 723/553/743 721/551/741 
f 822/662/852 1017/944/1001 1020/947/1004 
f 1020/947/1004 1018/945/1002 1021/948/1005 
f 1021/948/1005 1019/946/1003 1022/949/1006 
f 1022/949/1006 721/551/741 719/549/739 
f 814/654/844 1023/950/1007 1024/951/1008 
f 1024/951/1008 1025/952/1009 1026/953/1010 
f 1026/953/1010 1027/954/1011 1028/955/1012 
f 1028/955/1012 678/502/692 674/497/687 
f 489/299/489 1029/956/1013 1030/957/1014 
f 1030/957/1014 1031/958/1015 1032/959/1016 
f 1032/959/1016 1033/960/1017 1034/961/1018 
f 1034/961/1018 671/494/684 443/251/443 
f 818/658/848 1020/947/1004 1023/950/1007 
f 1023/950/1007 1021/948/1005 1025/952/1009 
f 1025/952/1009 1022/949/1006 1027/954/1011 
f 1027/954/1011 719/549/739 678/502/692 
f 814/654/844 999/926/983 810/650/840 
f 1024/951/1008 1001/928/985 999/926/983 
f 1026/953/1010 1003/930/987 1001/928/985 
f 1028/955/1012 676/499/689 1003/930/987 
f 701/529/719 1008/935/992 1029/956/1013 
f 1029/956/1013 1009/936/993 1031/958/1015 
f 1031/958/1015 1010/937/994 1033/960/1017 
f 1033/960/1017 755/590/780 671/494/684 
f 598/420/610 1035/962/1019 602/424/614 
f 1036/963/1020 1037/964/1021 1035/962/1019 
f 1038/965/1022 1039/966/1023 1037/964/1021 
f 1040/967/1024 535/351/541 1039/966/1023 
f 434/242/434 1036/963/1020 598/420/610 
f 1041/968/1025 1038/965/1022 1036/963/1020 
f 1042/969/1026 1040/967/1024 1038/965/1022 
f 1043/970/1027 534/350/540 1040/967/1024 
f 446/254/446 1041/968/1025 434/242/434 
f 1044/971/1028 1042/969/1026 1041/968/1025 
f 1045/972/1029 1043/970/1027 1042/969/1026 
f 1046/973/1030 532/348/538 1043/970/1027 
f 622/444/634 1047/974/1031 835/676/866 
f 1048/975/1032 1049/976/1033 1047/974/1031 
f 1050/977/1034 1051/978/1035 1049/976/1033 
f 1052/979/1036 494/304/494 1051/978/1035 
f 618/440/630 1048/975/1032 622/444/634 
f 1053/980/1037 1050/977/1034 1048/975/1032 
f 1054/981/1038 1052/979/1036 1050/977/1034 
f 1055/982/1039 493/303/493 1052/979/1036 
f 614/436/626 1053/980/1037 618/440/630 
f 1056/983/1040 1054/981/1038 1053/980/1037 
f 1057/984/1041 1055/982/1039 1054/981/1038 
f 1058/985/1042 491/301/491 1055/982/1039 
f 478/287/479 990/914/977 1059/986/1043 
f 1059/986/1043 992/916/978 1060/987/1044 
f 1060/987/1044 994/918/979 1061/988/1045 
f 1061/988/1045 869/716/900 432/240/432 
f 489/299/489 996/921/980 487/297/487 
f 1030/957/1014 997/923/981 996/921/980 
f 1032/959/1016 998/925/982 997/923/981 
f 1034/961/1018 445/253/445 998/925/982 
f 606/428/618 1062/989/1046 610/432/622 
f 1063/990/1047 1064/991/1048 1062/989/1046 
f 1065/992/1049 1066/993/1050 1064/991/1048 
f 1067/994/1051 429/237/429 1066/993/1050 
f 478/287/479 1068/995/1052 463/272/464 
f 1059/986/1043 1069/996/1053 1068/995/1052 
f 1060/987/1044 1070/997/1054 1069/996/1053 
f 1061/988/1045 420/228/420 1070/997/1054 
f 610/432/622 1056/983/1040 614/436/626 
f 1062/989/1046 1057/984/1041 1056/983/1040 
f 1064/991/1048 1058/985/1042 1057/984/1041 
f 1066/993/1050 431/239/431 1058/985/1042 
f 873/720/904 1047/974/1031 874/721/905 
f 874/721/905 1049/976/1033 986/909/973 
f 986/909/973 1051/978/1035 984/907/972 
f 984/907/972 494/304/494 426/234/426 
f 606/428/618 1035/962/1019 1063/990/1047 
f 1063/990/1047 1037/964/1021 1065/992/1049 
f 1065/992/1049 1039/966/1023 1067/994/1051 
f 1067/994/1051 535/351/541 423/231/423 
f 463/272/464 1044/971/1028 446/254/446 
f 1068/995/1052 1045/972/1029 1044/971/1028 
f 1069/996/1053 1046/973/1030 1045/972/1029 
f 1070/997/1054 422/230/422 1046/973/1030 
f 626/448/638 1011/938/995 624/446/636 
f 870/717/901 1013/940/997 1011/938/995 
f 989/913/976 1015/942/999 1013/940/997 
f 988/912/975 419/227/419 1015/942/999 
f 878/998/912 453/262/454 455/264/456 
f 1071/999/912 1072/1000/1055 453/262/454 
f 1073/1001/912 1074/1002/1056 1072/1000/1055 
f 1075/1003/912 886/738/914 1074/1002/1056 
f 700/1004/1057 1071/999/912 878/998/912 
f 460/269/461 1073/1001/912 1071/999/912 
f 1076/1005/1058 1075/1003/912 1073/1001/912 
f 1077/1006/1059 884/736/912 1075/1003/912 
f 893/749/920 1078/1007/477 561/383/573 
f 1079/1008/477 1080/1009/477 1078/1007/477 
f 1081/1010/477 1082/1011/477 1080/1009/477 
f 1083/1012/477 881/733/477 1082/1011/477 
f 848/689/573 1079/1013/477 893/750/920 
f 1084/1014/477 1081/1015/477 1079/1013/477 
f 1085/1016/477 1083/1017/477 1081/1015/477 
f 1086/1018/477 880/731/477 1083/1017/477 
f 770/1019/1060 1087/1020/1061 1088/1021/1062 
f 1088/1021/1062 1089/1022/1063 1090/1023/1064 
f 1090/1023/1064 1091/1024/1065 1092/1025/1066 
f 1092/1025/1066 1093/1026/1067 778/618/808 
f 768/1027/1068 1088/1021/1062 1094/1028/1069 
f 1094/1028/1069 1090/1023/1064 1095/1029/1070 
f 1095/1029/1070 1092/1025/1066 1096/1030/1071 
f 1096/1030/1071 778/618/808 776/616/806 
f 766/1031/1072 1094/1028/1069 1097/1032/1073 
f 1097/1032/1073 1095/1029/1070 1098/1033/1074 
f 1098/1033/1074 1096/1030/1071 1099/1034/1075 
f 1099/1034/1075 776/616/806 775/615/805 
f 764/1035/1076 1097/1032/1073 1100/1036/1077 
f 1100/1036/1077 1098/1033/1074 1101/1037/1078 
f 1101/1037/1078 1099/1034/1075 1102/1038/1079 
f 1102/1038/1079 775/615/805 774/614/804 
f 477/286/478 1100/1036/1077 475/284/476 
f 475/284/476 1101/1037/1078 1103/1039/1080 
f 1103/1039/1080 1102/1038/1079 1104/1040/1081 
f 1104/1040/1081 774/614/804 772/612/802 
f 736/1041/1082 1105/1042/1083 1106/1043/1084 
f 1106/1043/1084 1107/1044/1085 1108/1045/1086 
f 1108/1045/1086 1109/1046/1087 1110/1047/1088 
f 1110/1047/1088 1111/1048/1089 747/582/772 
f 734/1049/1090 1106/1043/1084 1112/1050/1091 
f 1112/1050/1091 1108/1045/1086 1113/1051/1092 
f 1113/1051/1092 1110/1047/1088 1114/1052/1093 
f 1114/1052/1093 747/582/772 745/580/770 
f 732/1053/1094 1112/1050/1091 1115/1054/1095 
f 1115/1054/1095 1113/1051/1092 1116/1055/1096 
f 1116/1055/1096 1114/1052/1093 1117/1056/1097 
f 1117/1056/1097 745/580/770 743/578/768 
f 730/1057/1098 1115/1054/1095 1118/1058/1099 
f 1118/1058/1099 1116/1055/1096 1119/1059/1100 
f 1119/1059/1100 1117/1056/1097 1120/1060/1101 
f 1120/1060/1101 743/578/768 741/576/766 
f 699/527/717 1118/1058/1099 697/525/715 
f 697/525/715 1119/1059/1100 1121/1061/1102 
f 1121/1061/1102 1120/1060/1101 1122/1062/1103 
f 1122/1062/1103 741/576/766 738/573/763 
f 740/575/765 1093/1026/1067 738/573/763 
f 738/573/763 1091/1024/1065 1122/1062/1103 
f 1122/1062/1103 1089/1022/1063 1121/1061/1102 
f 1121/1061/1102 1087/1020/1061 697/525/715 
f 547/1063/1104 459/268/460 458/267/459 
f 1123/1064/1105 1124/1065/1106 459/268/460 
f 1125/1066/1107 1126/1067/1108 1124/1065/1106 
f 1127/1068/1109 555/377/567 1126/1067/1108 
f 545/1069/1110 1123/1064/1105 547/1063/1104 
f 1128/1070/1111 1125/1066/1107 1123/1064/1105 
f 1129/1071/1112 1127/1068/1109 1125/1066/1107 
f 1130/1072/1113 553/375/565 1127/1068/1109 
f 543/1073/1114 1128/1070/1111 545/1069/1110 
f 1131/1074/1115 1129/1071/1112 1128/1070/1111 
f 1132/1075/1116 1130/1072/1113 1129/1071/1112 
f 1133/1076/1117 552/374/564 1130/1072/1113 
f 541/1077/1118 1131/1074/1115 543/1073/1114 
f 1134/1078/1119 1132/1075/1116 1131/1074/1115 
f 1135/1079/1120 1133/1076/1117 1132/1075/1116 
f 1136/1080/1121 551/373/563 1133/1076/1117 
f 716/1081/1122 1134/1078/1119 541/1077/1118 
f 481/291/483 1135/1079/1120 1134/1078/1119 
f 1137/1082/1123 1136/1080/1121 1135/1079/1120 
f 1138/1083/1124 550/372/562 1136/1080/1121 
f 507/1084/1125 462/271/463 461/270/462 
f 1139/1085/1126 1140/1086/1127 462/271/463 
f 1141/1087/1128 1142/1088/1129 1140/1086/1127 
f 1143/1089/1130 520/336/526 1142/1088/1129 
f 505/1090/1131 1139/1085/1126 507/1084/1125 
f 1144/1091/1132 1141/1087/1128 1139/1085/1126 
f 1145/1092/1133 1143/1089/1130 1141/1087/1128 
f 1146/1093/1134 518/334/524 1143/1089/1130 
f 503/1094/1135 1144/1091/1132 505/1090/1131 
f 1147/1095/1136 1145/1092/1133 1144/1091/1132 
f 1148/1096/1137 1146/1093/1134 1145/1092/1133 
f 1149/1097/1138 516/332/522 1146/1093/1134 
f 501/1098/1139 1147/1095/1136 503/1094/1135 
f 1150/1099/1140 1148/1096/1137 1147/1095/1136 
f 1151/1100/1141 1149/1097/1138 1148/1096/1137 
f 1152/1101/1142 514/330/520 1149/1097/1138 
f 479/1102/1143 1150/1099/1140 501/1098/1139 
f 457/266/458 1151/1100/1141 1150/1099/1140 
f 1153/1103/1144 1152/1101/1142 1151/1100/1141 
f 1154/1104/1145 512/328/518 1152/1101/1142 
f 557/379/569 1084/1014/477 848/689/573 
f 549/371/561 1085/1016/477 1084/1014/477 
f 1138/1083/1124 1086/1018/477 1085/1016/477 
f 1137/1082/1123 483/293/477 1086/1018/477 
f 773/613/803 1078/1007/477 772/612/802 
f 772/612/802 1080/1009/477 1104/1040/1081 
f 1104/1040/1081 1082/1011/477 1103/1039/1080 
f 1103/1039/1080 881/733/477 475/284/476 
f 806/646/836 520/336/526 519/335/525 
f 882/734/910 1142/1088/1129 520/336/526 
f 1077/1006/1059 1140/1086/1127 1142/1088/1129 
f 1076/1005/1058 462/271/463 1140/1086/1127 
f 572/394/584 555/377/567 554/376/566 
f 510/326/516 1126/1067/1108 555/377/567 
f 1154/1104/1145 1124/1065/1106 1126/1067/1108 
f 1153/1103/1144 459/268/460 1124/1065/1106 
f 885/737/913 1111/1048/1089 886/738/914 
f 886/738/914 1109/1046/1087 1074/1002/1056 
f 1074/1002/1056 1107/1044/1085 1072/1000/1055 
f 1072/1000/1055 1105/1042/1083 453/262/454 
f 417/225/417 904/911/974 418/226/418 
f 420/228/420 433/241/433 421/229/421 
f 423/231/423 535/351/541 424/232/424 
f 426/234/426 494/304/494 427/235/427 
f 429/237/429 437/245/437 430/238/430 
f 432/240/432 450/259/451 433/241/433 
f 434/242/434 598/420/610 435/243/435 
f 423/231/423 425/233/425 437/245/437 
f 438/246/438 442/250/442 439/247/439 
f 441/249/441 436/244/436 442/250/442 
f 443/251/443 669/505/695 444/252/444 
f 446/254/446 434/242/434 436/244/436 
f 425/255/447 424/361/551 447/256/448 
f 432/240/432 869/716/900 449/258/450 
f 451/260/452 438/246/438 440/248/440 
f 453/262/454 1105/1042/1083 454/263/455 
f 456/265/457 441/249/441 438/246/438 
f 457/266/458 479/1102/1143 458/267/459 
f 460/269/461 700/1004/1057 461/270/462 
f 463/272/464 446/254/446 441/249/441 
f 464/273/465 451/260/452 452/261/453 
f 466/275/467 474/283/475 467/276/468 
f 469/278/470 456/265/457 451/260/452 
f 470/279/471 523/339/529 471/280/472 
f 473/282/474 470/279/471 472/281/473 
f 475/284/476 881/733/477 476/285/477 
f 478/287/479 463/272/464 456/265/457 
f 479/288/480 500/315/505 480/289/481 
f 481/291/483 716/1081/1122 482/292/477 
f 484/294/484 836/677/867 485/295/485 
f 487/297/487 805/645/835 488/298/488 
f 431/239/431 430/238/430 490/300/490 
f 491/301/491 490/300/490 492/302/492 
f 493/303/493 492/302/492 427/235/427 
f 425/255/447 448/257/449 495/305/495 
f 437/306/496 495/305/495 496/307/497 
f 430/308/498 496/307/497 497/309/499 
f 490/310/500 497/309/499 498/311/501 
f 492/312/502 498/311/501 499/313/503 
f 500/315/505 479/288/480 501/316/506 
f 502/317/507 501/316/506 503/318/508 
f 504/319/509 503/318/508 505/320/510 
f 506/321/511 505/320/510 507/322/512 
f 508/323/513 507/322/512 461/324/514 
f 510/326/516 572/394/584 511/327/517 
f 512/328/518 511/327/517 513/329/519 
f 514/330/520 513/329/519 515/331/521 
f 516/332/522 515/331/521 517/333/523 
f 518/334/524 517/333/523 519/335/525 
f 521/337/527 473/282/474 474/283/475 
f 522/338/528 527/343/533 523/339/529 
f 524/340/530 522/338/528 470/279/471 
f 525/341/531 524/340/530 473/282/474 
f 526/342/532 782/622/812 527/343/533 
f 528/344/534 753/588/778 529/345/535 
f 422/230/422 421/229/421 531/347/537 
f 532/348/538 531/347/537 533/349/539 
f 534/350/540 533/349/539 424/232/424 
f 450/352/542 656/478/668 536/353/543 
f 433/354/544 536/353/543 537/355/545 
f 421/356/546 537/355/545 538/357/547 
f 531/358/548 538/357/547 539/359/549 
f 533/360/550 539/359/549 447/256/448 
f 540/362/552 716/545/735 541/363/553 
f 542/364/554 541/363/553 543/365/555 
f 544/366/556 543/365/555 545/367/557 
f 546/368/558 545/367/557 547/369/559 
f 548/370/560 547/369/559 458/290/482 
f 549/371/561 557/379/569 525/341/531 
f 550/372/562 525/341/531 521/337/527 
f 551/373/563 521/337/527 466/275/467 
f 552/374/564 466/275/467 468/277/469 
f 553/375/565 468/277/469 554/376/566 
f 556/378/568 526/342/532 522/338/528 
f 557/379/569 556/378/568 524/340/530 
f 558/380/570 587/409/599 559/381/571 
f 561/383/573 773/613/803 562/384/574 
f 564/386/576 464/273/465 465/274/466 
f 474/283/475 472/281/473 566/388/578 
f 472/281/473 471/280/472 567/389/579 
f 468/277/469 467/276/468 568/390/580 
f 467/276/468 566/388/578 569/391/581 
f 566/388/578 567/389/579 570/392/582 
f 554/376/566 568/390/580 571/393/583 
f 568/390/580 569/391/581 573/395/585 
f 569/391/581 570/392/582 574/396/586 
f 572/394/584 571/393/583 575/397/587 
f 571/393/583 573/395/585 576/398/588 
f 573/395/585 574/396/586 577/399/589 
f 511/327/517 575/397/587 578/400/590 
f 575/397/587 576/398/588 579/401/591 
f 576/398/588 577/399/589 580/402/592 
f 513/329/519 578/400/590 581/403/593 
f 578/400/590 579/401/591 582/404/594 
f 579/401/591 580/402/592 583/405/595 
f 515/331/521 581/403/593 584/406/596 
f 581/403/593 582/404/594 585/407/597 
f 582/404/594 583/405/595 586/408/598 
f 517/333/523 584/406/596 558/380/570 
f 584/406/596 585/407/597 587/409/599 
f 585/407/597 586/408/598 588/410/600 
f 589/411/601 885/737/913 590/412/602 
f 591/413/603 590/412/602 592/414/604 
f 593/415/605 592/414/604 594/416/606 
f 436/244/436 435/243/435 596/418/608 
f 442/250/442 596/418/608 597/419/609 
f 598/420/610 602/424/614 599/421/611 
f 435/243/435 599/421/611 600/422/612 
f 596/418/608 600/422/612 601/423/613 
f 602/424/614 606/428/618 603/425/615 
f 599/421/611 603/425/615 604/426/616 
f 600/422/612 604/426/616 605/427/617 
f 606/428/618 610/432/622 607/429/619 
f 603/425/615 607/429/619 608/430/620 
f 604/426/616 608/430/620 609/431/621 
f 610/432/622 614/436/626 611/433/623 
f 607/429/619 611/433/623 612/434/624 
f 608/430/620 612/434/624 613/435/625 
f 614/436/626 618/440/630 615/437/627 
f 611/433/623 615/437/627 616/438/628 
f 612/434/624 616/438/628 617/439/629 
f 618/440/630 622/444/634 619/441/631 
f 615/437/627 619/441/631 620/442/632 
f 616/438/628 620/442/632 621/443/633 
f 622/444/634 835/676/866 484/294/484 
f 619/441/631 484/294/484 486/296/486 
f 620/442/632 486/296/486 623/445/635 
f 624/446/636 627/449/639 625/447/637 
f 627/449/639 629/451/641 628/450/640 
f 629/451/641 833/673/863 630/452/642 
f 631/453/643 834/675/865 632/454/644 
f 540/362/552 542/364/554 634/456/646 
f 542/364/554 544/366/556 636/458/648 
f 544/366/556 546/368/558 637/459/649 
f 546/368/558 548/370/560 638/460/650 
f 548/370/560 480/289/481 639/461/651 
f 480/289/481 500/315/505 640/462/652 
f 500/315/505 502/317/507 641/463/653 
f 502/317/507 504/319/509 642/464/654 
f 504/319/509 506/321/511 643/465/655 
f 506/321/511 508/323/513 644/466/656 
f 508/323/513 509/325/515 645/467/657 
f 646/468/658 649/471/661 647/469/659 
f 649/471/661 667/489/679 650/472/662 
f 651/473/663 670/492/682 652/474/664 
f 635/457/647 634/456/646 654/476/666 
f 655/477/667 654/476/666 536/353/543 
f 634/456/646 636/458/648 657/479/669 
f 654/476/666 657/479/669 537/355/545 
f 636/458/648 637/459/649 658/480/670 
f 657/479/669 658/480/670 538/357/547 
f 637/459/649 638/460/650 659/481/671 
f 658/480/670 659/481/671 539/359/549 
f 638/460/650 639/461/651 660/482/672 
f 659/481/671 660/482/672 447/256/448 
f 639/461/651 640/462/652 661/483/673 
f 660/482/672 661/483/673 448/257/449 
f 640/462/652 641/463/653 662/484/674 
f 661/483/673 662/484/674 495/305/495 
f 641/463/653 642/464/654 663/485/675 
f 662/484/674 663/485/675 496/307/497 
f 642/464/654 643/465/655 664/486/676 
f 663/485/675 664/486/676 497/309/499 
f 643/465/655 644/466/656 665/487/677 
f 664/486/676 665/487/677 498/311/501 
f 644/466/656 645/467/657 666/488/678 
f 665/487/677 666/488/678 499/313/503 
f 667/489/679 729/563/753 668/490/680 
f 669/491/681 652/474/664 670/492/682 
f 671/494/684 755/590/780 672/495/685 
f 674/497/687 684/509/699 675/498/688 
f 428/500/690 427/314/504 499/313/503 
f 678/502/692 719/549/739 679/503/693 
f 443/251/443 671/494/684 673/496/686 
f 681/506/696 689/514/704 682/507/697 
f 674/497/687 678/502/692 680/504/694 
f 685/510/700 695/522/712 686/511/701 
f 688/513/703 685/510/700 687/512/702 
f 690/515/705 655/477/667 656/478/668 
f 692/517/707 688/513/703 689/514/704 
f 684/518/708 725/555/745 693/519/709 
f 450/352/542 449/705/893 691/516/706 
f 694/521/711 703/531/721 695/522/712 
f 477/523/713 476/725/736 631/453/643 
f 696/524/714 694/521/711 685/510/700 
f 697/525/715 1087/1020/1061 698/526/716 
f 700/528/718 877/726/907 509/325/515 
f 701/529/719 696/524/714 688/513/703 
f 702/530/720 784/624/814 703/531/721 
f 704/532/722 777/617/807 705/533/723 
f 488/298/488 702/530/720 694/521/711 
f 707/535/725 711/539/729 708/536/726 
f 710/538/728 706/534/724 711/539/729 
f 712/540/730 540/362/552 635/457/647 
f 489/299/489 488/298/488 696/524/714 
f 699/542/732 698/611/801 714/543/733 
f 716/545/735 540/362/552 712/540/730 
f 486/296/486 485/295/485 717/547/737 
f 718/548/738 469/278/470 464/273/465 
f 719/549/739 721/551/741 720/550/740 
f 721/551/741 723/553/743 722/552/742 
f 723/553/743 419/227/419 418/226/418 
f 684/518/708 680/556/746 724/554/744 
f 680/556/746 679/558/748 726/557/747 
f 679/558/748 720/560/750 727/559/749 
f 720/560/750 722/562/752 728/561/751 
f 722/562/752 418/768/932 729/563/753 
f 715/544/734 731/565/755 730/564/754 
f 731/565/755 733/567/757 732/566/756 
f 733/567/757 735/569/759 734/568/758 
f 735/569/759 737/571/761 736/570/760 
f 737/571/761 646/468/658 454/572/762 
f 738/573/763 741/576/766 739/574/764 
f 741/576/766 743/578/768 742/577/767 
f 743/578/768 745/580/770 744/579/769 
f 745/580/770 747/582/772 746/581/771 
f 747/582/772 1111/1048/1089 589/411/601 
f 748/583/773 704/532/722 706/534/724 
f 749/584/774 707/535/725 709/537/727 
f 751/586/776 710/538/728 707/535/725 
f 752/587/777 748/583/773 710/538/728 
f 753/588/778 749/584/774 750/585/775 
f 587/409/599 588/410/600 754/589/779 
f 755/590/780 757/592/782 756/591/781 
f 757/592/782 759/594/784 758/593/783 
f 759/594/784 676/499/689 675/498/688 
f 669/491/681 673/596/786 760/595/785 
f 673/596/786 672/598/788 761/597/787 
f 672/598/788 756/600/790 762/599/789 
f 756/600/790 758/602/792 763/601/791 
f 758/602/792 675/520/710 693/519/709 
f 633/455/645 765/604/794 764/603/793 
f 765/604/794 767/606/796 766/605/795 
f 767/606/796 769/608/798 768/607/797 
f 769/608/798 771/610/800 770/609/799 
f 771/610/800 714/543/733 698/611/801 
f 772/612/802 774/614/804 752/587/777 
f 774/614/804 775/615/805 748/583/773 
f 775/615/805 776/616/806 704/532/722 
f 776/616/806 778/618/808 777/617/807 
f 778/618/808 1093/1026/1067 779/619/809 
f 562/384/574 751/586/776 749/584/774 
f 773/613/803 752/587/777 751/586/776 
f 780/620/810 781/621/811 526/342/532 
f 781/621/811 890/744/536 782/622/812 
f 783/623/813 867/712/898 784/624/814 
f 706/534/724 705/533/723 785/625/815 
f 711/539/729 785/625/815 786/626/816 
f 777/617/807 779/619/809 787/627/817 
f 705/533/723 787/627/817 788/628/818 
f 785/625/815 788/628/818 789/629/819 
f 779/619/809 740/575/765 790/630/820 
f 787/627/817 790/630/820 791/631/821 
f 788/628/818 791/631/821 792/632/822 
f 740/575/765 739/574/764 793/633/823 
f 790/630/820 793/633/823 794/634/824 
f 791/631/821 794/634/824 795/635/825 
f 739/574/764 742/577/767 796/636/826 
f 793/633/823 796/636/826 797/637/827 
f 794/634/824 797/637/827 798/638/828 
f 742/577/767 744/579/769 799/639/829 
f 796/636/826 799/639/829 800/640/830 
f 797/637/827 800/640/830 801/641/831 
f 744/579/769 746/581/771 802/642/832 
f 799/639/829 802/642/832 803/643/833 
f 800/640/830 803/643/833 804/644/834 
f 746/581/771 589/411/601 591/413/603 
f 802/642/832 591/413/603 593/415/605 
f 803/643/833 593/415/605 595/417/607 
f 563/385/575 562/384/574 753/588/778 
f 805/645/835 783/623/813 702/530/720 
f 519/335/525 558/380/570 560/382/572 
f 689/514/704 687/512/702 807/647/837 
f 687/512/702 686/511/701 808/648/838 
f 683/508/698 682/507/697 809/649/839 
f 682/507/697 807/647/837 811/651/841 
f 807/647/837 808/648/838 812/652/842 
f 810/650/840 809/649/839 813/653/843 
f 809/649/839 811/651/841 815/655/845 
f 811/651/841 812/652/842 816/656/846 
f 814/654/844 813/653/843 817/657/847 
f 813/653/843 815/655/845 819/659/849 
f 815/655/845 816/656/846 820/660/850 
f 818/658/848 817/657/847 821/661/851 
f 817/657/847 819/659/849 823/663/853 
f 819/659/849 820/660/850 824/664/854 
f 822/662/852 821/661/851 825/665/855 
f 821/661/851 823/663/853 827/667/857 
f 823/663/853 824/664/854 828/668/858 
f 826/666/856 825/665/855 829/669/859 
f 825/665/855 827/667/857 831/671/861 
f 827/667/857 828/668/858 832/672/862 
f 830/670/860 829/669/859 627/449/639 
f 829/669/859 831/671/861 629/451/641 
f 831/671/861 832/672/862 833/673/863 
f 455/674/864 454/572/762 646/468/658 
f 834/675/865 651/473/663 653/475/665 
f 835/676/866 873/720/904 836/677/867 
f 509/325/515 877/726/907 837/678/868 
f 633/455/645 632/454/644 838/679/869 
f 765/604/794 838/679/869 839/680/870 
f 767/606/796 839/680/870 840/681/871 
f 769/608/798 840/681/871 841/682/872 
f 771/610/800 841/682/872 842/683/873 
f 714/543/733 842/683/873 843/684/874 
f 715/544/734 843/684/874 844/685/875 
f 731/565/755 844/685/875 845/686/876 
f 733/567/757 845/686/876 846/687/877 
f 735/569/759 846/687/877 847/688/878 
f 737/571/761 847/688/878 649/471/661 
f 848/689/573 780/620/810 556/378/568 
f 713/541/731 635/457/647 655/477/667 
f 666/488/678 859/700/889 677/501/691 
f 632/454/644 653/475/665 849/690/879 
f 653/475/665 652/474/664 760/595/785 
f 838/679/869 849/690/879 850/691/880 
f 849/690/879 760/595/785 761/597/787 
f 839/680/870 850/691/880 851/692/881 
f 850/691/880 761/597/787 762/599/789 
f 840/681/871 851/692/881 852/693/882 
f 851/692/881 762/599/789 763/601/791 
f 841/682/872 852/693/882 853/694/883 
f 852/693/882 763/601/791 693/519/709 
f 842/683/873 853/694/883 854/695/884 
f 853/694/883 693/519/709 725/555/745 
f 843/684/874 854/695/884 855/696/885 
f 854/695/884 725/555/745 724/554/744 
f 844/685/875 855/696/885 856/697/886 
f 855/696/885 724/554/744 726/557/747 
f 845/686/876 856/697/886 857/698/887 
f 856/697/886 726/557/747 727/559/749 
f 846/687/877 857/698/887 858/699/888 
f 857/698/887 727/559/749 728/561/751 
f 847/688/878 858/699/888 667/489/679 
f 858/699/888 728/561/751 729/563/753 
f 645/467/657 837/678/868 859/700/889 
f 860/701/890 478/287/479 469/278/470 
f 444/493/683 670/492/682 861/702/891 
f 862/704/892 861/758/891 691/516/706 
f 668/490/680 904/767/931 863/706/894 
f 864/708/895 863/1105/894 428/500/690 
f 564/386/576 565/387/577 865/709/896 
f 866/711/897 865/1106/896 867/712/898 
f 445/253/445 444/252/444 862/713/899 
f 868/715/899 862/1107/899 449/258/450 
f 870/717/901 626/448/638 871/718/902 
f 872/719/903 871/718/902 873/720/904 
f 482/546/736 712/540/730 875/722/906 
f 876/724/736 875/761/906 631/453/643 
f 877/726/907 700/528/718 878/727/908 
f 879/729/909 878/1108/908 455/674/864 
f 483/293/477 482/292/477 876/730/477 
f 880/732/477 876/1109/477 476/285/477 
f 882/734/910 806/646/836 883/735/911 
f 884/736/912 883/735/911 885/737/913 
f 718/548/738 564/386/576 866/710/897 
f 887/740/915 866/711/897 783/623/813 
f 528/344/534 530/346/536 888/741/916 
f 889/743/917 888/1110/916 890/744/536 
f 860/701/890 718/548/738 887/739/915 
f 891/746/918 887/740/915 805/645/835 
f 563/385/575 528/344/534 889/742/917 
f 892/748/919 889/743/917 781/621/811 
f 561/383/573 563/385/575 892/747/919 
f 893/750/920 892/748/919 780/620/810 
f 590/412/602 885/737/913 883/735/911 
f 894/751/921 883/735/911 806/646/836 
f 592/414/604 590/412/602 894/751/921 
f 895/752/922 894/751/921 560/382/572 
f 594/416/606 592/414/604 895/752/922 
f 896/753/923 895/752/922 559/381/571 
f 836/677/867 873/720/904 871/718/902 
f 897/754/924 871/718/902 626/448/638 
f 485/295/485 836/677/867 897/754/924 
f 898/755/925 897/754/924 625/447/637 
f 717/547/737 485/295/485 898/755/925 
f 899/756/926 898/755/925 628/450/640 
f 670/492/682 651/473/663 900/757/927 
f 861/758/891 900/762/927 690/515/705 
f 648/470/660 647/469/659 901/759/928 
f 879/728/909 901/765/928 837/678/868 
f 712/540/730 713/541/731 902/760/929 
f 875/761/906 902/763/929 834/675/865 
f 713/541/731 690/515/705 900/762/927 
f 902/763/929 900/757/927 651/473/663 
f 677/501/691 859/700/889 903/764/930 
f 864/707/895 903/766/930 650/472/662 
f 859/700/889 837/678/868 901/765/928 
f 903/766/930 901/759/928 647/469/659 
f 904/767/931 668/490/680 729/563/753 
f 471/769/472 523/772/529 905/770/933 
f 523/772/529 527/774/533 906/773/933 
f 527/774/533 782/776/812 907/775/933 
f 782/776/812 890/778/536 908/777/933 
f 890/778/536 888/780/916 909/779/933 
f 888/780/916 530/782/536 910/781/933 
f 530/782/536 529/784/535 911/783/933 
f 529/784/535 750/786/775 912/785/933 
f 750/786/775 709/788/727 913/787/933 
f 709/788/727 708/1111/726 786/789/816 
f 567/771/579 905/770/933 914/790/933 
f 905/770/933 906/773/933 915/792/933 
f 906/773/933 907/775/933 916/793/933 
f 907/775/933 908/777/933 917/794/933 
f 908/777/933 909/779/933 918/795/933 
f 909/779/933 910/781/933 919/796/933 
f 910/781/933 911/783/933 920/797/933 
f 911/783/933 912/785/933 921/798/933 
f 912/785/933 913/787/933 922/799/933 
f 913/787/933 786/789/816 789/800/819 
f 570/791/582 914/790/933 923/801/933 
f 914/790/933 915/792/933 924/803/933 
f 915/792/933 916/793/933 925/804/933 
f 916/793/933 917/794/933 926/805/933 
f 917/794/933 918/795/933 927/806/933 
f 918/795/933 919/796/933 928/807/933 
f 919/796/933 920/797/933 929/808/933 
f 920/797/933 921/798/933 930/809/933 
f 921/798/933 922/799/933 931/810/933 
f 922/799/933 789/800/819 792/811/822 
f 574/802/586 923/801/933 932/812/933 
f 923/801/933 924/803/933 933/814/933 
f 924/803/933 925/804/933 934/815/933 
f 925/804/933 926/805/933 935/816/933 
f 926/805/933 927/806/933 936/817/933 
f 927/806/933 928/807/933 937/818/933 
f 928/807/933 929/808/933 938/819/933 
f 929/808/933 930/809/933 939/820/933 
f 930/809/933 931/810/933 940/821/933 
f 931/810/933 792/811/822 795/822/825 
f 577/813/589 932/812/933 583/823/595 
f 932/812/933 933/814/933 586/825/598 
f 933/814/933 934/815/933 588/826/600 
f 934/815/933 935/816/933 754/827/779 
f 935/816/933 936/817/933 896/828/923 
f 936/817/933 937/818/933 594/829/606 
f 937/818/933 938/819/933 595/830/607 
f 938/819/933 939/820/933 804/831/834 
f 939/820/933 940/821/933 801/832/831 
f 940/821/933 795/822/825 798/833/828 
f 440/834/440 439/837/439 941/835/934 
f 439/837/439 597/839/609 942/838/935 
f 597/839/609 601/841/613 943/840/936 
f 601/841/613 605/843/617 944/842/937 
f 605/843/617 609/845/621 945/844/938 
f 609/845/621 613/847/625 946/846/939 
f 613/847/625 617/1112/629 621/848/633 
f 452/836/453 941/835/934 947/849/940 
f 941/835/934 942/838/935 948/851/941 
f 942/838/935 943/840/936 949/852/942 
f 943/840/936 944/842/937 950/853/943 
f 944/842/937 945/844/938 951/854/944 
f 945/844/938 946/846/939 952/855/945 
f 946/846/939 621/848/633 623/856/635 
f 465/850/466 947/849/940 953/857/946 
f 947/849/940 948/851/941 954/859/939 
f 948/851/941 949/852/942 955/860/947 
f 949/852/942 950/853/943 956/861/948 
f 950/853/943 951/854/944 957/862/944 
f 951/854/944 952/855/945 958/863/939 
f 952/855/945 623/856/635 717/864/737 
f 565/858/577 953/857/946 959/865/949 
f 953/857/946 954/859/939 960/867/950 
f 954/859/939 955/860/947 961/868/951 
f 955/860/947 956/861/948 962/869/952 
f 956/861/948 957/862/944 963/870/949 
f 957/862/944 958/863/939 964/871/953 
f 958/863/939 717/864/737 899/872/926 
f 865/866/896 959/865/949 965/873/954 
f 959/865/949 960/867/950 966/875/955 
f 960/867/950 961/868/951 967/876/956 
f 961/868/951 962/869/952 968/877/957 
f 962/869/952 963/870/949 969/878/958 
f 963/870/949 964/871/953 970/879/959 
f 964/871/953 899/872/926 630/880/642 
f 867/874/898 965/873/954 971/881/960 
f 965/873/954 966/875/955 972/883/961 
f 966/875/955 967/876/956 973/884/962 
f 967/876/956 968/877/957 974/885/963 
f 968/877/957 969/878/958 975/886/958 
f 969/878/958 970/879/959 976/887/964 
f 970/879/959 630/880/642 833/888/863 
f 784/882/814 971/881/960 977/889/965 
f 971/881/960 972/883/961 978/891/966 
f 972/883/961 973/884/962 979/892/967 
f 973/884/962 974/885/963 980/893/968 
f 974/885/963 975/886/958 981/894/969 
f 975/886/958 976/887/964 982/895/959 
f 976/887/964 833/888/863 832/896/862 
f 703/890/721 977/889/965 686/897/701 
f 977/889/965 978/891/966 808/899/838 
f 978/891/966 979/892/967 812/900/842 
f 979/892/967 980/893/968 816/901/846 
f 980/893/968 981/894/969 820/902/850 
f 981/894/969 982/895/959 824/903/854 
f 982/895/959 832/896/862 828/904/858 
f 863/905/970 983/906/971 426/234/426 
f 983/906/971 985/908/903 984/907/972 
f 985/908/903 987/910/903 986/909/973 
f 987/910/903 872/719/903 874/721/905 
f 904/911/974 417/225/417 983/906/971 
f 417/225/417 988/912/975 985/908/903 
f 988/912/975 989/913/976 987/910/903 
f 989/913/976 870/717/901 872/719/903 
f 891/745/918 991/915/899 990/914/977 
f 991/915/899 993/917/899 992/916/978 
f 993/917/899 995/919/899 994/918/979 
f 995/919/899 868/715/899 869/716/900 
f 487/297/487 996/921/980 991/920/899 
f 996/921/980 997/923/981 993/922/899 
f 997/923/981 998/925/982 995/924/899 
f 998/925/982 445/253/445 868/714/899 
f 683/508/698 810/650/840 999/926/983 
f 1000/927/984 999/926/983 1001/928/985 
f 1002/929/986 1001/928/985 1003/930/987 
f 1004/931/988 1003/930/987 676/499/689 
f 681/506/696 683/508/698 1000/927/984 
f 1005/932/989 1000/927/984 1002/929/986 
f 1006/933/990 1002/929/986 1004/931/988 
f 1007/934/991 1004/931/988 759/594/784 
f 692/517/707 681/506/696 1005/932/989 
f 1008/935/992 1005/932/989 1006/933/990 
f 1009/936/993 1006/933/990 1007/934/991 
f 1010/937/994 1007/934/991 757/592/782 
f 830/670/860 624/446/636 1011/938/995 
f 1012/939/996 1011/938/995 1013/940/997 
f 1014/941/998 1013/940/997 1015/942/999 
f 1016/943/1000 1015/942/999 419/227/419 
f 826/666/856 830/670/860 1012/939/996 
f 1017/944/1001 1012/939/996 1014/941/998 
f 1018/945/1002 1014/941/998 1016/943/1000 
f 1019/946/1003 1016/943/1000 723/553/743 
f 822/662/852 826/666/856 1017/944/1001 
f 1020/947/1004 1017/944/1001 1018/945/1002 
f 1021/948/1005 1018/945/1002 1019/946/1003 
f 1022/949/1006 1019/946/1003 721/551/741 
f 814/654/844 818/658/848 1023/950/1007 
f 1024/951/1008 1023/950/1007 1025/952/1009 
f 1026/953/1010 1025/952/1009 1027/954/1011 
f 1028/955/1012 1027/954/1011 678/502/692 
f 489/299/489 701/529/719 1029/956/1013 
f 1030/957/1014 1029/956/1013 1031/958/1015 
f 1032/959/1016 1031/958/1015 1033/960/1017 
f 1034/961/1018 1033/960/1017 671/494/684 
f 818/658/848 822/662/852 1020/947/1004 
f 1023/950/1007 1020/947/1004 1021/948/1005 
f 1025/952/1009 1021/948/1005 1022/949/1006 
f 1027/954/1011 1022/949/1006 719/549/739 
f 814/654/844 1024/951/1008 999/926/983 
f 1024/951/1008 1026/953/1010 1001/928/985 
f 1026/953/1010 1028/955/1012 1003/930/987 
f 1028/955/1012 674/497/687 676/499/689 
f 701/529/719 692/517/707 1008/935/992 
f 1029/956/1013 1008/935/992 1009/936/993 
f 1031/958/1015 1009/936/993 1010/937/994 
f 1033/960/1017 1010/937/994 755/590/780 
f 598/420/610 1036/963/1020 1035/962/1019 
f 1036/963/1020 1038/965/1022 1037/964/1021 
f 1038/965/1022 1040/967/1024 1039/966/1023 
f 1040/967/1024 534/350/540 535/351/541 
f 434/242/434 1041/968/1025 1036/963/1020 
f 1041/968/1025 1042/969/1026 1038/965/1022 
f 1042/969/1026 1043/970/1027 1040/967/1024 
f 1043/970/1027 532/348/538 534/350/540 
f 446/254/446 1044/971/1028 1041/968/1025 
f 1044/971/1028 1045/972/1029 1042/969/1026 
f 1045/972/1029 1046/973/1030 1043/970/1027 
f 1046/973/1030 422/230/422 532/348/538 
f 622/444/634 1048/975/1032 1047/974/1031 
f 1048/975/1032 1050/977/1034 1049/976/1033 
f 1050/977/1034 1052/979/1036 1051/978/1035 
f 1052/979/1036 493/303/493 494/304/494 
f 618/440/630 1053/980/1037 1048/975/1032 
f 1053/980/1037 1054/981/1038 1050/977/1034 
f 1054/981/1038 1055/982/1039 1052/979/1036 
f 1055/982/1039 491/301/491 493/303/493 
f 614/436/626 1056/983/1040 1053/980/1037 
f 1056/983/1040 1057/984/1041 1054/981/1038 
f 1057/984/1041 1058/985/1042 1055/982/1039 
f 1058/985/1042 431/239/431 491/301/491 
f 478/287/479 860/701/890 990/914/977 
f 1059/986/1043 990/914/977 992/916/978 
f 1060/987/1044 992/916/978 994/918/979 
f 1061/988/1045 994/918/979 869/716/900 
f 489/299/489 1030/957/1014 996/921/980 
f 1030/957/1014 1032/959/1016 997/923/981 
f 1032/959/1016 1034/961/1018 998/925/982 
f 1034/961/1018 443/251/443 445/253/445 
f 606/428/618 1063/990/1047 1062/989/1046 
f 1063/990/1047 1065/992/1049 1064/991/1048 
f 1065/992/1049 1067/994/1051 1066/993/1050 
f 1067/994/1051 423/231/423 429/237/429 
f 478/287/479 1059/986/1043 1068/995/1052 
f 1059/986/1043 1060/987/1044 1069/996/1053 
f 1060/987/1044 1061/988/1045 1070/997/1054 
f 1061/988/1045 432/240/432 420/228/420 
f 610/432/622 1062/989/1046 1056/983/1040 
f 1062/989/1046 1064/991/1048 1057/984/1041 
f 1064/991/1048 1066/993/1050 1058/985/1042 
f 1066/993/1050 429/237/429 431/239/431 
f 873/720/904 835/676/866 1047/974/1031 
f 874/721/905 1047/974/1031 1049/976/1033 
f 986/909/973 1049/976/1033 1051/978/1035 
f 984/907/972 1051/978/1035 494/304/494 
f 606/428/618 602/424/614 1035/962/1019 
f 1063/990/1047 1035/962/1019 1037/964/1021 
f 1065/992/1049 1037/964/1021 1039/966/1023 
f 1067/994/1051 1039/966/1023 535/351/541 
f 463/272/464 1068/995/1052 1044/971/1028 
f 1068/995/1052 1069/996/1053 1045/972/1029 
f 1069/996/1053 1070/997/1054 1046/973/1030 
f 1070/997/1054 420/228/420 422/230/422 
f 626/448/638 870/717/901 1011/938/995 
f 870/717/901 989/913/976 1013/940/997 
f 989/913/976 988/912/975 1015/942/999 
f 988/912/975 417/225/417 419/227/419 
f 878/998/912 1071/999/912 453/262/454 
f 1071/999/912 1073/1001/912 1072/1000/1055 
f 1073/1001/912 1075/1003/912 1074/1002/1056 
f 1075/1003/912 884/736/912 886/738/914 
f 700/1004/1057 460/269/461 1071/999/912 
f 460/269/461 1076/1005/1058 1073/1001/912 
f 1076/1005/1058 1077/1006/1059 1075/1003/912 
f 1077/1006/1059 882/734/910 884/736/912 
f 893/749/920 1079/1008/477 1078/1007/477 
f 1079/1008/477 1081/1010/477 1080/1009/477 
f 1081/1010/477 1083/1012/477 1082/1011/477 
f 1083/1012/477 880/732/477 881/733/477 
f 848/689/573 1084/1014/477 1079/1013/477 
f 1084/1014/477 1085/1016/477 1081/1015/477 
f 1085/1016/477 1086/1018/477 1083/1017/477 
f 1086/1018/477 483/293/477 880/731/477 
f 770/1019/1060 698/526/716 1087/1020/1061 
f 1088/1021/1062 1087/1020/1061 1089/1022/1063 
f 1090/1023/1064 1089/1022/1063 1091/1024/1065 
f 1092/1025/1066 1091/1024/1065 1093/1026/1067 
f 768/1027/1068 770/1019/1060 1088/1021/1062 
f 1094/1028/1069 1088/1021/1062 1090/1023/1064 
f 1095/1029/1070 1090/1023/1064 1092/1025/1066 
f 1096/1030/1071 1092/1025/1066 778/618/808 
f 766/1031/1072 768/1027/1068 1094/1028/1069 
f 1097/1032/1073 1094/1028/1069 1095/1029/1070 
f 1098/1033/1074 1095/1029/1070 1096/1030/1071 
f 1099/1034/1075 1096/1030/1071 776/616/806 
f 764/1035/1076 766/1031/1072 1097/1032/1073 
f 1100/1036/1077 1097/1032/1073 1098/1033/1074 
f 1101/1037/1078 1098/1033/1074 1099/1034/1075 
f 1102/1038/1079 1099/1034/1075 775/615/805 
f 477/286/478 764/1035/1076 1100/1036/1077 
f 475/284/476 1100/1036/1077 1101/1037/1078 
f 1103/1039/1080 1101/1037/1078 1102/1038/1079 
f 1104/1040/1081 1102/1038/1079 774/614/804 
f 736/1041/1082 454/263/455 1105/1042/1083 
f 1106/1043/1084 1105/1042/1083 1107/1044/1085 
f 1108/1045/1086 1107/1044/1085 1109/1046/1087 
f 1110/1047/1088 1109/1046/1087 1111/1048/1089 
f 734/1049/1090 736/1041/1082 1106/1043/1084 
f 1112/1050/1091 1106/1043/1084 1108/1045/1086 
f 1113/1051/1092 1108/1045/1086 1110/1047/1088 
f 1114/1052/1093 1110/1047/1088 747/582/772 
f 732/1053/1094 734/1049/1090 1112/1050/1091 
f 1115/1054/1095 1112/1050/1091 1113/1051/1092 
f 1116/1055/1096 1113/1051/1092 1114/1052/1093 
f 1117/1056/1097 1114/1052/1093 745/580/770 
f 730/1057/1098 732/1053/1094 1115/1054/1095 
f 1118/1058/1099 1115/1054/1095 1116/1055/1096 
f 1119/1059/1100 1116/1055/1096 1117/1056/1097 
f 1120/1060/1101 1117/1056/1097 743/578/768 
f 699/527/717 730/1057/1098 1118/1058/1099 
f 697/525/715 1118/1058/1099 1119/1059/1100 
f 1121/1061/1102 1119/1059/1100 1120/1060/1101 
f 1122/1062/1103 1120/1060/1101 741/576/766 
f 740/575/765 779/619/809 1093/1026/1067 
f 738/573/763 1093/1026/1067 1091/1024/1065 
f 1122/1062/1103 1091/1024/1065 1089/1022/1063 
f 1121/1061/1102 1089/1022/1063 1087/1020/1061 
f 547/1063/1104 1123/1064/1105 459/268/460 
f 1123/1064/1105 1125/1066/1107 1124/1065/1106 
f 1125/1066/1107 1127/1068/1109 1126/1067/1108 
f 1127/1068/1109 553/375/565 555/377/567 
f 545/1069/1110 1128/1070/1111 1123/1064/1105 
f 1128/1070/1111 1129/1071/1112 1125/1066/1107 
f 1129/1071/1112 1130/1072/1113 1127/1068/1109 
f 1130/1072/1113 552/374/564 553/375/565 
f 543/1073/1114 1131/1074/1115 1128/1070/1111 
f 1131/1074/1115 1132/1075/1116 1129/1071/1112 
f 1132/1075/1116 1133/1076/1117 1130/1072/1113 
f 1133/1076/1117 551/373/563 552/374/564 
f 541/1077/1118 1134/1078/1119 1131/1074/1115 
f 1134/1078/1119 1135/1079/1120 1132/1075/1116 
f 1135/1079/1120 1136/1080/1121 1133/1076/1117 
f 1136/1080/1121 550/372/562 551/373/563 
f 716/1081/1122 481/291/483 1134/1078/1119 
f 481/291/483 1137/1082/1123 1135/1079/1120 
f 1137/1082/1123 1138/1083/1124 1136/1080/1121 
f 1138/1083/1124 549/371/561 550/372/562 
f 507/1084/1125 1139/1085/1126 462/271/463 
f 1139/1085/1126 1141/1087/1128 1140/1086/1127 
f 1141/1087/1128 1143/1089/1130 1142/1088/1129 
f 1143/1089/1130 518/334/524 520/336/526 
f 505/1090/1131 1144/1091/1132 1139/1085/1126 
f 1144/1091/1132 1145/1092/1133 1141/1087/1128 
f 1145/1092/1133 1146/1093/1134 1143/1089/1130 
f 1146/1093/1134 516/332/522 518/334/524 
f 503/1094/1135 1147/1095/1136 1144/1091/1132 
f 1147/1095/1136 1148/1096/1137 1145/1092/1133 
f 1148/1096/1137 1149/1097/1138 1146/1093/1134 
f 1149/1097/1138 514/330/520 516/332/522 
f 501/1098/1139 1150/1099/1140 1147/1095/1136 
f 1150/1099/1140 1151/1100/1141 1148/1096/1137 
f 1151/1100/1141 1152/1101/1142 1149/1097/1138 
f 1152/1101/1142 512/328/518 514/330/520 
f 479/1102/1143 457/266/458 1150/1099/1140 
f 457/266/458 1153/1103/1144 1151/1100/1141 
f 1153/1103/1144 1154/1104/1145 1152/1101/1142 
f 1154/1104/1145 510/326/516 512/328/518 
f 557/379/569 549/371/561 1084/1014/477 
f 549/371/561 1138/1083/1124 1085/1016/477 
f 1138/1083/1124 1137/1082/1123 1086/1018/477 
f 1137/1082/1123 481/291/483 483/293/477 
f 773/613/803 561/383/573 1078/1007/477 
f 772/612/802 1078/1007/477 1080/1009/477 
f 1104/1040/1081 1080/1009/477 1082/1011/477 
f 1103/1039/1080 1082/1011/477 881/733/477 
f 806/646/836 882/734/910 520/336/526 
f 882/734/910 1077/1006/1059 1142/1088/1129 
f 1077/1006/1059 1076/1005/1058 1140/1086/1127 
f 1076/1005/1058 460/269/461 462/271/463 
f 572/394/584 510/326/516 555/377/567 
f 510/326/516 1154/1104/1145 1126/1067/1108 
f 1154/1104/1145 1153/1103/1144 1124/1065/1106 
f 1153/1103/1144 457/266/458 459/268/460 
f 885/737/913 589/411/601 1111/1048/1089 
f 886/738/914 1111/1048/1089 1109/1046/1087 
f 1074/1002/1056 1109/1046/1087 1107/1044/1085 
f 1072/1000/1055 1107/1044/1085 1105/1042/1083 
f 1155/1113/1146 1156/1114/1146 1157/1115/1146 
f 1158/1116/1147 1159/1117/1147 1160/1118/1148 
f 1161/1119/1149 1162/1120/1149 1163/1121/1150 
f 1156/1122/1151 1164/1123/1151 1165/1124/1152 
f 1166/1125/1153 1158/1126/1153 1167/1127/1153 
f 1168/1128/1154 1156/1122/1151 1165/1124/1152 
f 1162/1120/1149 1164/1123/1151 1155/1129/1155 
f 1169/1130/1154 1158/1116/1147 1160/1118/1148 
f 1161/1131/1149 1159/1117/1147 1166/1132/1156 
f 1168/1128/1154 1169/1130/1154 1157/1133/1157 
f 1157/1115/1146 1169/1134/1146 1163/1135/1146 
f 1169/1134/1146 1160/1136/1146 1163/1135/1146 
f 1160/1136/1146 1159/1137/1146 1163/1135/1146 
f 1163/1135/1146 1162/1138/1146 1157/1115/1146 
f 1162/1138/1146 1155/1113/1146 1157/1115/1146 
f 1158/1116/1147 1166/1132/1156 1159/1117/1147 
f 1161/1119/1149 1170/1139/1158 1162/1120/1149 
f 1156/1122/1151 1155/1129/1155 1164/1123/1151 
f 1167/1127/1153 1168/1140/1153 1170/1141/1153 
f 1168/1140/1153 1165/1142/1153 1170/1141/1153 
f 1165/1142/1153 1164/1143/1153 1170/1141/1153 
f 1170/1141/1153 1161/1144/1153 1167/1127/1153 
f 1161/1144/1153 1166/1125/1153 1167/1127/1153 
f 1168/1128/1154 1157/1133/1157 1156/1122/1151 
f 1162/1120/1149 1170/1139/1158 1164/1123/1151 
f 1169/1130/1154 1167/1145/1159 1158/1116/1147 
f 1161/1131/1149 1163/1146/1150 1159/1117/1147 
f 1168/1128/1154 1167/1145/1159 1169/1130/1154 
f 1171/1147/1146 1172/1148/1146 1173/1149/1146 
f 1174/1150/1160 1175/1151/1161 1176/1152/1160 
f 1177/1153/1162 1178/1154/1163 1179/1155/1164 
f 1172/1156/1165 1180/1157/1166 1181/1158/1167 
f 1182/1159/1153 1174/1160/1153 1183/1161/1153 
f 1184/1162/1168 1172/1156/1165 1181/1158/1167 
f 1178/1163/1163 1180/1157/1166 1171/1164/1169 
f 1185/1165/1170 1174/1150/1160 1176/1152/1160 
f 1177/1153/1162 1175/1151/1161 1182/1166/1161 
f 1184/1162/1168 1185/1165/1170 1173/1167/1168 
f 1173/1149/1146 1185/1168/1146 1179/1169/1146 
f 1185/1168/1146 1176/1170/1146 1179/1169/1146 
f 1176/1170/1146 1175/1171/1146 1179/1169/1146 
f 1179/1169/1146 1178/1172/1146 1173/1149/1146 
f 1178/1172/1146 1171/1147/1146 1173/1149/1146 
f 1174/1150/1160 1182/1166/1161 1175/1151/1161 
f 1177/1153/1162 1186/1173/1171 1178/1154/1163 
f 1172/1156/1165 1171/1164/1169 1180/1157/1166 
f 1183/1161/1153 1184/1174/1153 1186/1175/1153 
f 1184/1174/1153 1181/1176/1153 1186/1175/1153 
f 1181/1176/1153 1180/1177/1153 1186/1175/1153 
f 1186/1175/1153 1177/1178/1153 1183/1161/1153 
f 1177/1178/1153 1182/1159/1153 1183/1161/1153 
f 1184/1162/1168 1173/1167/1168 1172/1156/1165 
f 1178/1163/1163 1186/1179/1171 1180/1157/1166 
f 1185/1165/1170 1183/1180/1172 1174/1150/1160 
f 1177/1153/1162 1179/1155/1164 1175/1151/1161 
f 1184/1162/1168 1183/1180/1172 1185/1165/1170 
f 1187/1181/22 1188/1182/22 1189/1183/22 
f 1189/1183/22 1190/1184/22 1191/1185/22 
f 1192/1186/1173 1187/1187/2 1189/1188/1173 
f 1191/1185/22 1193/1189/22 1194/1190/22 
f 1191/1191/1174 1192/1186/1173 1189/1188/1173 
f 1194/1192/1175 1195/1193/1174 1191/1191/1174 
f 1194/1190/22 1196/1194/22 1197/1195/22 
f 1197/1195/22 1198/1196/22 1199/1197/22 
f 1197/1198/1176 1200/1199/1175 1194/1192/1175 
f 1199/1197/22 1201/1200/1177 1202/1201/1177 
f 1199/1202/1178 1203/1203/1176 1197/1198/1176 
f 1202/1201/1177 1204/1204/1179 1205/1205/1179 
f 1205/1205/1179 1206/1206/1180 1207/1207/1180 
f 1207/1207/1180 1208/1208/2 1209/1209/2 
f 1210/1210/1181 1198/1211/1182 1196/1212/1181 
f 1211/1213/1183 1196/1212/1181 1193/1214/1183 
f 1212/1215/1184 1193/1214/1183 1190/1216/1184 
f 1213/1217/1185 1190/1216/1184 1188/1218/1185 
f 1214/1219/38 1213/1217/1185 1188/1218/1185 
f 1215/1220/54 1213/1221/54 1216/1222/54 
f 1192/1223/54 1212/1224/54 1213/1221/54 
f 1195/1225/54 1211/1226/54 1212/1224/54 
f 1200/1227/54 1210/1228/54 1211/1226/54 
f 1203/1229/54 1217/1230/54 1210/1228/54 
f 1218/1231/54 1219/1232/1186 1217/1230/54 
f 1220/1233/1186 1221/1234/1187 1219/1232/1186 
f 1222/1235/1187 1223/1236/1188 1221/1234/1187 
f 1224/1237/1188 1208/1208/2 1223/1236/1188 
f 1202/1238/1146 1205/1239/1146 1207/1240/1146 
f 1201/1241/1153 1198/1211/1182 1219/1242/1153 
f 1225/1181/22 1226/1182/22 1227/1243/22 
f 1228/1183/22 1229/1184/22 1226/1182/22 
f 1230/1186/1189 1225/1187/2 1231/1244/2 
f 1232/1185/22 1233/1189/22 1229/1184/22 
f 1232/1191/1190 1230/1186/1189 1234/1193/1190 
f 1235/1192/1191 1234/1193/1190 1236/1199/1191 
f 1235/1190/22 1237/1194/22 1233/1189/22 
f 1238/1195/22 1239/1196/22 1237/1194/22 
f 1238/1198/1192 1236/1199/1191 1240/1203/1192 
f 1241/1197/22 1242/1200/1177 1239/1196/22 
f 1241/1202/1193 1240/1203/1192 1243/1245/1193 
f 1244/1201/1177 1245/1204/1179 1242/1200/1177 
f 1246/1205/1179 1247/1206/1180 1245/1204/1179 
f 1248/1207/1180 1249/1208/2 1247/1206/1180 
f 1250/1210/1194 1239/1211/1195 1251/1246/1195 
f 1252/1213/1196 1237/1212/1194 1250/1210/1194 
f 1253/1215/1197 1233/1214/1196 1252/1213/1196 
f 1254/1217/1198 1229/1216/1197 1253/1215/1197 
f 1227/1219/38 1254/1217/1198 1255/1247/38 
f 1231/1220/54 1254/1221/54 1230/1223/54 
f 1230/1223/54 1253/1224/54 1234/1225/54 
f 1234/1225/54 1252/1226/54 1236/1227/54 
f 1236/1227/54 1250/1228/54 1240/1229/54 
f 1240/1229/54 1251/1230/54 1243/1231/54 
f 1243/1231/54 1256/1232/1186 1257/1233/1186 
f 1257/1233/1186 1258/1234/1187 1259/1235/1187 
f 1259/1235/1187 1260/1236/1188 1261/1237/1188 
f 1261/1237/1188 1249/1208/2 1262/1209/2 
f 1257/1248/1153 1259/1249/1153 1261/1250/1153 
f 1242/1241/1146 1249/1251/1146 1256/1242/1146 
f 1187/1181/22 1214/1243/22 1188/1182/22 
f 1189/1183/22 1188/1182/22 1190/1184/22 
f 1192/1186/1173 1215/1244/2 1187/1187/2 
f 1191/1185/22 1190/1184/22 1193/1189/22 
f 1191/1191/1174 1195/1193/1174 1192/1186/1173 
f 1194/1192/1175 1200/1199/1175 1195/1193/1174 
f 1194/1190/22 1193/1189/22 1196/1194/22 
f 1197/1195/22 1196/1194/22 1198/1196/22 
f 1197/1198/1176 1203/1203/1176 1200/1199/1175 
f 1199/1197/22 1198/1196/22 1201/1200/1177 
f 1199/1202/1178 1218/1245/1178 1203/1203/1176 
f 1202/1201/1177 1201/1200/1177 1204/1204/1179 
f 1205/1205/1179 1204/1204/1179 1206/1206/1180 
f 1207/1207/1180 1206/1206/1180 1208/1208/2 
f 1210/1210/1181 1217/1246/1182 1198/1211/1182 
f 1211/1213/1183 1210/1210/1181 1196/1212/1181 
f 1212/1215/1184 1211/1213/1183 1193/1214/1183 
f 1213/1217/1185 1212/1215/1184 1190/1216/1184 
f 1214/1219/38 1216/1247/38 1213/1217/1185 
f 1215/1220/54 1192/1223/54 1213/1221/54 
f 1192/1223/54 1195/1225/54 1212/1224/54 
f 1195/1225/54 1200/1227/54 1211/1226/54 
f 1200/1227/54 1203/1229/54 1210/1228/54 
f 1203/1229/54 1218/1231/54 1217/1230/54 
f 1218/1231/54 1220/1233/1186 1219/1232/1186 
f 1220/1233/1186 1222/1235/1187 1221/1234/1187 
f 1222/1235/1187 1224/1237/1188 1223/1236/1188 
f 1224/1237/1188 1209/1209/2 1208/1208/2 
f 1207/1240/1146 1209/1252/1146 1202/1238/1146 
f 1209/1252/1146 1224/1250/1146 1220/1248/1146 
f 1202/1238/1146 1209/1252/1146 1220/1248/1146 
f 1224/1250/1146 1222/1249/1146 1220/1248/1146 
f 1220/1248/1146 1218/1245/1178 1199/1202/1178 
f 1199/1202/1178 1202/1238/1146 1220/1248/1146 
f 1198/1211/1182 1217/1246/1182 1219/1242/1153 
f 1219/1242/1153 1221/1253/1153 1223/1254/1153 
f 1223/1254/1153 1208/1251/1153 1219/1242/1153 
f 1208/1251/1153 1206/1255/1153 1201/1241/1153 
f 1219/1242/1153 1208/1251/1153 1201/1241/1153 
f 1206/1255/1153 1204/1256/1153 1201/1241/1153 
f 1225/1181/22 1228/1183/22 1226/1182/22 
f 1228/1183/22 1232/1185/22 1229/1184/22 
f 1230/1186/1189 1228/1188/1189 1225/1187/2 
f 1232/1185/22 1235/1190/22 1233/1189/22 
f 1232/1191/1190 1228/1188/1189 1230/1186/1189 
f 1235/1192/1191 1232/1191/1190 1234/1193/1190 
f 1235/1190/22 1238/1195/22 1237/1194/22 
f 1238/1195/22 1241/1197/22 1239/1196/22 
f 1238/1198/1192 1235/1192/1191 1236/1199/1191 
f 1241/1197/22 1244/1201/1177 1242/1200/1177 
f 1241/1202/1193 1238/1198/1192 1240/1203/1192 
f 1244/1201/1177 1246/1205/1179 1245/1204/1179 
f 1246/1205/1179 1248/1207/1180 1247/1206/1180 
f 1248/1207/1180 1262/1209/2 1249/1208/2 
f 1250/1210/1194 1237/1212/1194 1239/1211/1195 
f 1252/1213/1196 1233/1214/1196 1237/1212/1194 
f 1253/1215/1197 1229/1216/1197 1233/1214/1196 
f 1254/1217/1198 1226/1218/1198 1229/1216/1197 
f 1227/1219/38 1226/1218/1198 1254/1217/1198 
f 1231/1220/54 1255/1222/54 1254/1221/54 
f 1230/1223/54 1254/1221/54 1253/1224/54 
f 1234/1225/54 1253/1224/54 1252/1226/54 
f 1236/1227/54 1252/1226/54 1250/1228/54 
f 1240/1229/54 1250/1228/54 1251/1230/54 
f 1243/1231/54 1251/1230/54 1256/1232/1186 
f 1257/1233/1186 1256/1232/1186 1258/1234/1187 
f 1259/1235/1187 1258/1234/1187 1260/1236/1188 
f 1261/1237/1188 1260/1236/1188 1249/1208/2 
f 1261/1250/1153 1262/1252/1153 1257/1248/1153 
f 1262/1252/1153 1248/1240/1153 1244/1238/1153 
f 1257/1248/1153 1262/1252/1153 1244/1238/1153 
f 1248/1240/1153 1246/1239/1153 1244/1238/1153 
f 1244/1238/1153 1241/1202/1193 1243/1245/1193 
f 1243/1245/1193 1257/1248/1153 1244/1238/1153 
f 1256/1242/1146 1251/1246/1195 1239/1211/1195 
f 1239/1211/1195 1242/1241/1146 1256/1242/1146 
f 1242/1241/1146 1245/1256/1146 1247/1255/1146 
f 1249/1251/1146 1242/1241/1146 1247/1255/1146 
f 1249/1251/1146 1260/1254/1146 1256/1242/1146 
f 1260/1254/1146 1258/1253/1146 1256/1242/1146 
f 1263/1257/1199 1264/1258/1199 1265/1259/1199 
f 1266/1260/1200 1264/1261/1201 1267/1262/1200 
f 1268/1263/1202 1269/1264/1203 1265/1265/1202 
f 1270/1266/1204 1271/1267/1205 1272/1268/1204 
f 1273/1269/1206 1268/1270/1206 1274/1271/1206 
f 1275/1272/1207 1276/1273/1208 1277/1274/1208 
f 1277/1274/1208 1278/1275/1209 1279/1276/1209 
f 1279/1276/1209 1270/1266/1204 1272/1268/1204 
f 1269/1264/1203 1280/1277/1210 1281/1278/1210 
f 1281/1278/1210 1282/1279/1211 1283/1280/1211 
f 1283/1280/1211 1271/1267/1205 1284/1281/1212 
f 1285/1282/1213 1286/1283/1214 1287/1284/1214 
f 1287/1284/1214 1288/1285/1215 1289/1286/1215 
f 1289/1286/1215 1266/1260/1200 1267/1262/1200 
f 1268/1263/1202 1290/1287/1216 1291/1288/1216 
f 1291/1288/1216 1292/1289/1217 1293/1290/1217 
f 1293/1291/1217 1264/1261/1201 1294/1292/1201 
f 1275/1272/1207 1285/1282/1213 1295/1293/1207 
f 1296/1294/1199 1297/1295/1199 1289/1296/1199 
f 1298/1297/1206 1286/1298/1206 1299/1299/1206 
f 1300/1300/1218 1301/1301/1219 1299/1302/1220 
f 1299/1302/1220 1297/1303/1221 1298/1304/1222 
f 1302/1305/1223 1303/1306/1224 1300/1300/1218 
f 1304/1307/1225 1305/1308/1226 1302/1305/1223 
f 1306/1309/1227 1307/1310/1228 1308/1311/1229 
f 1309/1312/1230 1310/1313/1231 1311/1314/1232 
f 1311/1314/1232 1312/1315/1233 1306/1309/1227 
f 1313/1316/1234 1314/1317/1235 1315/1318/1236 
f 1315/1318/1236 1316/1319/1237 1317/1320/1238 
f 1274/1321/1239 1318/1322/1240 1273/1323/1241 
f 1298/1304/1222 1296/1324/1242 1319/1325/1243 
f 1319/1325/1243 1320/1326/1244 1321/1327/1245 
f 1322/1328/1246 1323/1329/1247 1324/1330/1248 
f 1317/1320/1238 1325/1331/1249 1322/1328/1246 
f 1324/1330/1248 1263/1332/1250 1274/1333/1239 
f 1273/1323/1241 1326/1334/1251 1309/1312/1230 
f 1327/1335/1252 1328/1259/1252 1329/1257/1252 
f 1330/1260/1253 1331/1261/1254 1332/1292/1254 
f 1333/1263/1255 1334/1264/1256 1335/1336/1256 
f 1336/1266/1257 1337/1267/1258 1338/1281/1259 
f 1339/1271/1260 1332/1337/1260 1333/1270/1260 
f 1340/1272/1261 1341/1273/1262 1342/1293/1261 
f 1343/1274/1262 1344/1275/1263 1341/1273/1262 
f 1345/1276/1263 1336/1266/1257 1344/1275/1263 
f 1334/1264/1256 1346/1277/1264 1335/1336/1256 
f 1347/1278/1264 1348/1279/1265 1346/1277/1264 
f 1349/1280/1265 1337/1267/1258 1348/1279/1265 
f 1350/1282/1266 1351/1283/1267 1352/1338/1266 
f 1353/1284/1267 1354/1285/1268 1351/1283/1267 
f 1355/1286/1268 1330/1260/1253 1354/1285/1268 
f 1333/1263/1255 1356/1287/1269 1328/1265/1255 
f 1357/1288/1269 1358/1289/1270 1356/1287/1269 
f 1359/1291/1270 1331/1261/1254 1358/1339/1270 
f 1340/1272/1261 1350/1282/1266 1352/1338/1266 
f 1360/1340/1252 1350/1341/1252 1361/1342/1252 
f 1362/1299/1260 1363/1343/1260 1352/1344/1260 
f 1363/1300/1271 1360/1301/1272 1361/1306/1273 
f 1362/1302/1274 1364/1303/1275 1360/1301/1272 
f 1365/1305/1276 1361/1306/1273 1366/1345/1277 
f 1365/1305/1276 1366/1345/1277 1367/1308/1278 
f 1368/1309/1279 1369/1310/1280 1370/1315/1281 
f 1371/1312/1282 1372/1313/1283 1373/1334/1284 
f 1374/1314/1285 1370/1315/1281 1372/1313/1283 
f 1375/1317/1286 1376/1326/1287 1377/1316/1288 
f 1378/1318/1289 1379/1319/1290 1380/1346/1291 
f 1339/1321/1292 1327/1322/1293 1329/1347/1294 
f 1381/1304/1295 1382/1324/1296 1364/1303/1275 
f 1383/1325/1297 1376/1326/1287 1382/1324/1296 
f 1384/1328/1298 1385/1329/1299 1386/1331/1300 
f 1387/1320/1301 1386/1331/1300 1379/1319/1290 
f 1388/1330/1302 1329/1332/1294 1385/1329/1299 
f 1389/1323/1303 1373/1334/1284 1327/1322/1293 
f 1269/1348/1199 1305/1349/1199 1307/1350/1199 
f 1269/1348/1199 1307/1350/1199 1312/1351/1199 
f 1290/1352/1199 1265/1259/1199 1264/1258/1199 
f 1265/1259/1199 1269/1348/1199 1326/1353/1199 
f 1310/1354/1199 1269/1348/1199 1312/1351/1199 
f 1264/1258/1199 1292/1355/1199 1290/1352/1199 
f 1390/1356/1199 1314/1357/1199 1267/1358/1199 
f 1316/1359/1199 1390/1356/1199 1267/1358/1199 
f 1267/1358/1199 1264/1258/1199 1325/1360/1199 
f 1325/1360/1199 1264/1258/1199 1323/1361/1199 
f 1269/1348/1199 1310/1354/1199 1326/1353/1199 
f 1316/1359/1199 1267/1358/1199 1325/1360/1199 
f 1323/1361/1199 1264/1258/1199 1263/1257/1199 
f 1265/1259/1199 1326/1353/1199 1318/1335/1199 
f 1265/1259/1199 1318/1335/1199 1263/1257/1199 
f 1266/1260/1200 1294/1292/1201 1264/1261/1201 
f 1268/1263/1202 1391/1336/1203 1269/1264/1203 
f 1270/1266/1204 1284/1281/1212 1271/1267/1205 
f 1266/1362/1206 1313/1363/1206 1315/1364/1206 
f 1266/1362/1206 1315/1364/1206 1317/1365/1206 
f 1293/1366/1206 1294/1337/1206 1268/1270/1206 
f 1294/1337/1206 1266/1362/1206 1322/1367/1206 
f 1268/1270/1206 1291/1368/1206 1293/1366/1206 
f 1308/1369/1206 1304/1370/1206 1391/1371/1206 
f 1306/1372/1206 1308/1369/1206 1391/1371/1206 
f 1391/1371/1206 1268/1270/1206 1309/1373/1206 
f 1309/1373/1206 1268/1270/1206 1273/1269/1206 
f 1294/1337/1206 1322/1367/1206 1324/1374/1206 
f 1266/1362/1206 1317/1365/1206 1322/1367/1206 
f 1311/1375/1206 1306/1372/1206 1391/1371/1206 
f 1309/1373/1206 1311/1375/1206 1391/1371/1206 
f 1294/1337/1206 1324/1374/1206 1274/1271/1206 
f 1294/1337/1206 1274/1271/1206 1268/1270/1206 
f 1275/1272/1207 1295/1293/1207 1276/1273/1208 
f 1277/1274/1208 1276/1273/1208 1278/1275/1209 
f 1279/1276/1209 1278/1275/1209 1270/1266/1204 
f 1269/1264/1203 1391/1336/1203 1280/1277/1210 
f 1281/1278/1210 1280/1277/1210 1282/1279/1211 
f 1283/1280/1211 1282/1279/1211 1271/1267/1205 
f 1285/1282/1213 1392/1338/1213 1286/1283/1214 
f 1287/1284/1214 1286/1283/1214 1288/1285/1215 
f 1289/1286/1215 1288/1285/1215 1266/1260/1200 
f 1268/1263/1202 1265/1265/1202 1290/1287/1216 
f 1291/1288/1216 1290/1287/1216 1292/1289/1217 
f 1293/1291/1217 1292/1339/1217 1264/1261/1201 
f 1275/1272/1207 1392/1338/1213 1285/1282/1213 
f 1295/1376/1199 1285/1341/1199 1270/1377/1199 
f 1285/1341/1199 1287/1378/1199 1301/1340/1199 
f 1287/1378/1199 1289/1296/1199 1297/1295/1199 
f 1289/1296/1199 1267/1358/1199 1296/1294/1199 
f 1287/1378/1199 1297/1295/1199 1301/1340/1199 
f 1267/1358/1199 1314/1357/1199 1320/1379/1199 
f 1267/1358/1199 1320/1379/1199 1296/1294/1199 
f 1285/1341/1199 1301/1340/1199 1303/1342/1199 
f 1278/1380/1199 1276/1381/1199 1295/1376/1199 
f 1284/1382/1199 1270/1377/1199 1285/1341/1199 
f 1270/1377/1199 1278/1380/1199 1295/1376/1199 
f 1284/1382/1199 1303/1342/1199 1393/1383/1199 
f 1281/1384/1199 1283/1385/1199 1393/1383/1199 
f 1283/1385/1199 1284/1382/1199 1393/1383/1199 
f 1305/1349/1199 1269/1348/1199 1281/1384/1199 
f 1393/1383/1199 1305/1349/1199 1281/1384/1199 
f 1303/1342/1199 1284/1382/1199 1285/1341/1199 
f 1392/1344/1206 1275/1386/1206 1272/1387/1206 
f 1275/1386/1206 1277/1388/1206 1272/1387/1206 
f 1277/1388/1206 1279/1389/1206 1272/1387/1206 
f 1272/1387/1206 1271/1390/1206 1392/1344/1206 
f 1271/1390/1206 1282/1391/1206 1302/1392/1206 
f 1300/1343/1206 1271/1390/1206 1302/1392/1206 
f 1282/1391/1206 1280/1393/1206 1302/1392/1206 
f 1280/1393/1206 1391/1371/1206 1304/1370/1206 
f 1304/1370/1206 1302/1392/1206 1280/1393/1206 
f 1271/1390/1206 1300/1343/1206 1392/1344/1206 
f 1288/1394/1206 1286/1298/1206 1298/1297/1206 
f 1286/1298/1206 1392/1344/1206 1299/1299/1206 
f 1288/1394/1206 1298/1297/1206 1319/1395/1206 
f 1313/1363/1206 1266/1362/1206 1321/1396/1206 
f 1266/1362/1206 1288/1394/1206 1319/1395/1206 
f 1321/1396/1206 1266/1362/1206 1319/1395/1206 
f 1300/1343/1206 1299/1299/1206 1392/1344/1206 
f 1300/1300/1218 1303/1306/1224 1301/1301/1219 
f 1299/1302/1220 1301/1301/1219 1297/1303/1221 
f 1302/1305/1223 1393/1345/1304 1303/1306/1224 
f 1304/1307/1225 1308/1311/1229 1305/1308/1226 
f 1308/1311/1229 1307/1310/1228 1305/1308/1226 
f 1305/1308/1226 1393/1345/1304 1302/1305/1223 
f 1306/1309/1227 1312/1315/1233 1307/1310/1228 
f 1309/1312/1230 1326/1334/1251 1310/1313/1231 
f 1311/1314/1232 1310/1313/1231 1312/1315/1233 
f 1313/1316/1234 1321/1327/1245 1320/1326/1244 
f 1320/1326/1244 1314/1317/1235 1313/1316/1234 
f 1314/1317/1235 1390/1346/1305 1315/1318/1236 
f 1315/1318/1236 1390/1346/1305 1316/1319/1237 
f 1274/1321/1239 1263/1347/1250 1318/1322/1240 
f 1298/1304/1222 1297/1303/1221 1296/1324/1242 
f 1319/1325/1243 1296/1324/1242 1320/1326/1244 
f 1322/1328/1246 1325/1331/1249 1323/1329/1247 
f 1317/1320/1238 1316/1319/1237 1325/1331/1249 
f 1324/1330/1248 1323/1329/1247 1263/1332/1250 
f 1273/1323/1241 1318/1322/1240 1326/1334/1251 
f 1334/1348/1252 1328/1259/1252 1373/1353/1252 
f 1328/1259/1252 1356/1352/1252 1331/1258/1252 
f 1334/1348/1252 1372/1354/1252 1370/1351/1252 
f 1356/1352/1252 1358/1355/1252 1331/1258/1252 
f 1394/1358/1252 1375/1357/1252 1380/1356/1252 
f 1394/1358/1252 1380/1356/1252 1379/1359/1252 
f 1331/1258/1252 1394/1358/1252 1386/1360/1252 
f 1369/1350/1252 1367/1349/1252 1334/1348/1252 
f 1370/1351/1252 1369/1350/1252 1334/1348/1252 
f 1331/1258/1252 1386/1360/1252 1385/1361/1252 
f 1394/1358/1252 1379/1359/1252 1386/1360/1252 
f 1372/1354/1252 1334/1348/1252 1373/1353/1252 
f 1373/1353/1252 1328/1259/1252 1327/1335/1252 
f 1331/1258/1252 1385/1361/1252 1329/1257/1252 
f 1331/1258/1252 1329/1257/1252 1328/1259/1252 
f 1330/1260/1253 1394/1262/1306 1331/1261/1254 
f 1333/1263/1255 1328/1265/1255 1334/1264/1256 
f 1336/1266/1257 1395/1268/1257 1337/1267/1258 
f 1330/1362/1260 1332/1337/1260 1384/1367/1260 
f 1332/1337/1260 1359/1366/1260 1333/1270/1260 
f 1384/1367/1260 1332/1337/1260 1388/1374/1260 
f 1359/1366/1260 1357/1368/1260 1333/1270/1260 
f 1335/1371/1260 1396/1370/1260 1397/1369/1260 
f 1335/1371/1260 1397/1369/1260 1368/1372/1260 
f 1333/1270/1260 1335/1371/1260 1371/1373/1260 
f 1378/1364/1260 1377/1363/1260 1330/1362/1260 
f 1387/1365/1260 1378/1364/1260 1330/1362/1260 
f 1335/1371/1260 1368/1372/1260 1374/1375/1260 
f 1335/1371/1260 1374/1375/1260 1371/1373/1260 
f 1387/1365/1260 1330/1362/1260 1384/1367/1260 
f 1388/1374/1260 1332/1337/1260 1339/1271/1260 
f 1333/1270/1260 1371/1373/1260 1389/1269/1260 
f 1333/1270/1260 1389/1269/1260 1339/1271/1260 
f 1340/1272/1261 1343/1274/1262 1341/1273/1262 
f 1343/1274/1262 1345/1276/1263 1344/1275/1263 
f 1345/1276/1263 1395/1268/1257 1336/1266/1257 
f 1334/1264/1256 1347/1278/1264 1346/1277/1264 
f 1347/1278/1264 1349/1280/1265 1348/1279/1265 
f 1349/1280/1265 1338/1281/1259 1337/1267/1258 
f 1350/1282/1266 1353/1284/1267 1351/1283/1267 
f 1353/1284/1267 1355/1286/1268 1354/1285/1268 
f 1355/1286/1268 1394/1262/1306 1330/1260/1253 
f 1333/1263/1255 1357/1288/1269 1356/1287/1269 
f 1357/1288/1269 1359/1290/1270 1358/1289/1270 
f 1359/1291/1270 1332/1292/1254 1331/1261/1254 
f 1340/1272/1261 1342/1293/1261 1350/1282/1266 
f 1353/1378/1252 1350/1341/1252 1360/1340/1252 
f 1350/1341/1252 1342/1376/1252 1336/1377/1252 
f 1353/1378/1252 1360/1340/1252 1364/1295/1252 
f 1342/1376/1252 1341/1381/1252 1344/1380/1252 
f 1344/1380/1252 1336/1377/1252 1342/1376/1252 
f 1336/1377/1252 1338/1382/1252 1350/1341/1252 
f 1361/1342/1252 1338/1382/1252 1366/1383/1252 
f 1338/1382/1252 1349/1385/1252 1366/1383/1252 
f 1349/1385/1252 1347/1384/1252 1366/1383/1252 
f 1347/1384/1252 1334/1348/1252 1367/1349/1252 
f 1347/1384/1252 1367/1349/1252 1366/1383/1252 
f 1338/1382/1252 1361/1342/1252 1350/1341/1252 
f 1394/1358/1252 1355/1296/1252 1382/1294/1252 
f 1355/1296/1252 1353/1378/1252 1364/1295/1252 
f 1382/1294/1252 1355/1296/1252 1364/1295/1252 
f 1376/1379/1252 1375/1357/1252 1394/1358/1252 
f 1382/1294/1252 1376/1379/1252 1394/1358/1252 
f 1343/1388/1260 1340/1386/1260 1395/1387/1260 
f 1340/1386/1260 1352/1344/1260 1395/1387/1260 
f 1352/1344/1260 1351/1298/1260 1362/1299/1260 
f 1351/1298/1260 1354/1394/1260 1381/1297/1260 
f 1362/1299/1260 1351/1298/1260 1381/1297/1260 
f 1354/1394/1260 1330/1362/1260 1383/1395/1260 
f 1330/1362/1260 1377/1363/1260 1398/1396/1260 
f 1330/1362/1260 1398/1396/1260 1383/1395/1260 
f 1395/1387/1260 1352/1344/1260 1337/1390/1260 
f 1395/1387/1260 1345/1389/1260 1343/1388/1260 
f 1348/1391/1260 1337/1390/1260 1365/1392/1260 
f 1363/1343/1260 1337/1390/1260 1352/1344/1260 
f 1335/1371/1260 1346/1393/1260 1396/1370/1260 
f 1346/1393/1260 1348/1391/1260 1365/1392/1260 
f 1365/1392/1260 1396/1370/1260 1346/1393/1260 
f 1363/1343/1260 1365/1392/1260 1337/1390/1260 
f 1354/1394/1260 1383/1395/1260 1381/1297/1260 
f 1363/1300/1271 1362/1302/1274 1360/1301/1272 
f 1362/1302/1274 1381/1304/1295 1364/1303/1275 
f 1365/1305/1276 1363/1300/1271 1361/1306/1273 
f 1369/1310/1280 1397/1311/1307 1367/1308/1278 
f 1397/1311/1307 1396/1307/1308 1367/1308/1278 
f 1396/1307/1308 1365/1305/1276 1367/1308/1278 
f 1368/1309/1279 1397/1311/1307 1369/1310/1280 
f 1371/1312/1282 1374/1314/1285 1372/1313/1283 
f 1374/1314/1285 1368/1309/1279 1370/1315/1281 
f 1376/1326/1287 1398/1327/1309 1377/1316/1288 
f 1377/1316/1288 1378/1318/1289 1375/1317/1286 
f 1378/1318/1289 1380/1346/1291 1375/1317/1286 
f 1378/1318/1289 1387/1320/1301 1379/1319/1290 
f 1339/1321/1292 1389/1323/1303 1327/1322/1293 
f 1381/1304/1295 1383/1325/1297 1382/1324/1296 
f 1383/1325/1297 1398/1327/1309 1376/1326/1287 
f 1384/1328/1298 1388/1330/1302 1385/1329/1299 
f 1387/1320/1301 1384/1328/1298 1386/1331/1300 
f 1388/1330/1302 1339/1333/1292 1329/1332/1294 
f 1389/1323/1303 1371/1312/1282 1373/1334/1284 
f 1399/1397/1310 1400/1398/1311 1401/1399/1312 
f 1402/1400/1313 1403/1401/1314 1399/1397/1310 
f 1404/1402/1315 1405/1403/1316 1402/1400/1313 
f 1406/1404/1317 1407/1405/1318 1404/1402/1315 
f 1408/1406/1319 1409/1407/1320 1406/1408/1317 
f 1410/1409/1321 1411/1410/1322 1408/1406/1319 
f 1412/1411/1323 1413/1412/1324 1410/1409/1321 
f 1414/1413/1325 1415/1414/1326 1412/1411/1323 
f 1416/1415/1327 1417/1416/1328 1414/1413/1325 
f 1418/1417/1329 1419/1418/1330 1416/1415/1327 
f 1420/1419/1331 1421/1420/1332 1418/1417/1329 
f 1401/1399/1312 1422/1421/1333 1420/1419/1331 
f 1403/1401/1314 1423/1422/1334 1400/1398/1311 
f 1405/1403/1316 1424/1423/1335 1403/1401/1314 
f 1407/1405/1318 1425/1424/1336 1405/1403/1316 
f 1409/1425/1320 1426/1426/1337 1407/1405/1318 
f 1411/1410/1322 1427/1427/1338 1409/1407/1320 
f 1413/1412/1324 1428/1428/1339 1411/1410/1322 
f 1415/1414/1326 1429/1429/1340 1413/1412/1324 
f 1417/1416/1328 1430/1430/1341 1415/1414/1326 
f 1419/1418/1330 1431/1431/1342 1417/1416/1328 
f 1421/1420/1332 1432/1432/1343 1419/1418/1330 
f 1422/1421/1333 1433/1433/1344 1421/1420/1332 
f 1400/1398/1311 1434/1434/1345 1422/1421/1333 
f 1424/1423/1335 1435/1435/1346 1423/1422/1334 
f 1425/1424/1336 1436/1436/1347 1424/1423/1335 
f 1426/1426/1337 1437/1437/1348 1425/1424/1336 
f 1427/1438/1338 1438/1439/1349 1426/1426/1337 
f 1428/1428/1339 1439/1440/1350 1427/1427/1338 
f 1429/1429/1340 1440/1441/1351 1428/1428/1339 
f 1430/1430/1341 1441/1442/1352 1429/1429/1340 
f 1431/1431/1342 1442/1443/1353 1430/1430/1341 
f 1432/1432/1343 1443/1444/1354 1431/1431/1342 
f 1433/1433/1344 1444/1445/1355 1432/1432/1343 
f 1434/1434/1345 1445/1446/1356 1433/1433/1344 
f 1423/1422/1334 1446/1447/1357 1434/1434/1345 
f 1436/1436/1347 1447/1448/1358 1435/1435/1346 
f 1437/1437/1348 1448/1449/1359 1436/1436/1347 
f 1438/1439/1349 1449/1450/1360 1437/1437/1348 
f 1439/1451/1350 1450/1452/1361 1438/1439/1349 
f 1440/1441/1351 1451/1453/1362 1439/1440/1350 
f 1441/1442/1352 1452/1454/1363 1440/1441/1351 
f 1442/1443/1353 1453/1455/1364 1441/1442/1352 
f 1443/1444/1354 1454/1456/1365 1442/1443/1353 
f 1444/1445/1355 1455/1457/1366 1443/1444/1354 
f 1445/1446/1356 1456/1458/1367 1444/1445/1355 
f 1446/1447/1357 1457/1459/1368 1445/1446/1356 
f 1435/1435/1346 1458/1460/1369 1446/1447/1357 
f 1448/1449/1359 1459/1461/1370 1447/1448/1358 
f 1449/1450/1360 1460/1462/1371 1448/1449/1359 
f 1450/1452/1361 1461/1463/1372 1449/1450/1360 
f 1451/1464/1362 1462/1465/1373 1450/1452/1361 
f 1452/1454/1363 1463/1466/1374 1451/1453/1362 
f 1453/1455/1364 1464/1467/1375 1452/1454/1363 
f 1454/1456/1365 1465/1468/1376 1453/1455/1364 
f 1455/1457/1366 1466/1469/1377 1454/1456/1365 
f 1456/1458/1367 1467/1470/1378 1455/1457/1366 
f 1457/1459/1368 1468/1471/1379 1456/1458/1367 
f 1458/1460/1369 1469/1472/1380 1457/1459/1368 
f 1447/1448/1358 1470/1473/1381 1458/1460/1369 
f 1460/1462/1371 1471/1474/1382 1459/1461/1370 
f 1461/1463/1372 1472/1475/1383 1460/1462/1371 
f 1462/1465/1373 1473/1476/1384 1461/1463/1372 
f 1463/1477/1374 1474/1478/1385 1462/1465/1373 
f 1464/1467/1375 1475/1479/1386 1463/1466/1374 
f 1465/1468/1376 1476/1480/1387 1464/1467/1375 
f 1466/1469/1377 1477/1481/1388 1465/1468/1376 
f 1467/1470/1378 1478/1482/1389 1466/1469/1377 
f 1468/1471/1379 1479/1483/1390 1467/1470/1378 
f 1469/1472/1380 1480/1484/1391 1468/1471/1379 
f 1470/1473/1381 1481/1485/1392 1469/1472/1380 
f 1459/1461/1370 1482/1486/1393 1470/1473/1381 
f 1472/1475/1383 1483/1487/1394 1471/1474/1382 
f 1473/1476/1384 1484/1488/1395 1472/1475/1383 
f 1474/1478/1385 1485/1489/1396 1473/1476/1384 
f 1475/1490/1386 1486/1491/1397 1474/1478/1385 
f 1476/1480/1387 1487/1492/1398 1475/1479/1386 
f 1477/1481/1388 1488/1493/1399 1476/1480/1387 
f 1478/1482/1389 1489/1494/1400 1477/1481/1388 
f 1479/1483/1390 1490/1495/1401 1478/1482/1389 
f 1480/1484/1391 1491/1496/1402 1479/1483/1390 
f 1481/1485/1392 1492/1497/1403 1480/1484/1391 
f 1482/1486/1393 1493/1498/1404 1481/1485/1392 
f 1471/1474/1382 1494/1499/1405 1482/1486/1393 
f 1484/1488/1395 1495/1500/1406 1483/1487/1394 
f 1485/1489/1396 1496/1501/1407 1484/1488/1395 
f 1486/1491/1397 1497/1502/1408 1485/1489/1396 
f 1487/1503/1398 1498/1504/1409 1486/1491/1397 
f 1488/1493/1399 1499/1505/1410 1487/1492/1398 
f 1489/1494/1400 1500/1506/1411 1488/1493/1399 
f 1490/1495/1401 1501/1507/1412 1489/1494/1400 
f 1491/1496/1402 1502/1508/1413 1490/1495/1401 
f 1492/1497/1403 1503/1509/1414 1491/1496/1402 
f 1493/1498/1404 1504/1510/1415 1492/1497/1403 
f 1494/1499/1405 1505/1511/1416 1493/1498/1404 
f 1483/1487/1394 1506/1512/1417 1494/1499/1405 
f 1496/1501/1407 1507/1513/1418 1495/1500/1406 
f 1497/1502/1408 1508/1514/1419 1496/1501/1407 
f 1498/1504/1409 1509/1515/1420 1497/1502/1408 
f 1499/1516/1410 1510/1517/1421 1498/1504/1409 
f 1500/1506/1411 1511/1518/1422 1499/1505/1410 
f 1501/1507/1412 1512/1519/1423 1500/1506/1411 
f 1502/1508/1413 1513/1520/1424 1501/1507/1412 
f 1503/1509/1414 1514/1521/1425 1502/1508/1413 
f 1504/1510/1415 1515/1522/1426 1503/1509/1414 
f 1505/1511/1416 1516/1523/1427 1504/1510/1415 
f 1506/1512/1417 1517/1524/1428 1505/1511/1416 
f 1495/1500/1406 1518/1525/1429 1506/1512/1417 
f 1508/1514/1419 1519/1526/1430 1507/1513/1418 
f 1509/1515/1420 1520/1527/1431 1508/1514/1419 
f 1510/1517/1421 1521/1528/1432 1509/1515/1420 
f 1511/1529/1422 1522/1530/1433 1510/1517/1421 
f 1512/1519/1423 1523/1531/1434 1511/1518/1422 
f 1513/1520/1424 1524/1532/1435 1512/1519/1423 
f 1514/1521/1425 1525/1533/1436 1513/1520/1424 
f 1515/1522/1426 1526/1534/1437 1514/1521/1425 
f 1516/1523/1427 1527/1535/1438 1515/1522/1426 
f 1517/1524/1428 1528/1536/1439 1516/1523/1427 
f 1518/1525/1429 1529/1537/1440 1517/1524/1428 
f 1507/1513/1418 1530/1538/1441 1518/1525/1429 
f 1520/1527/1431 1531/1539/1442 1519/1526/1430 
f 1521/1528/1432 1532/1540/1443 1520/1527/1431 
f 1522/1530/1433 1533/1541/1444 1521/1528/1432 
f 1523/1542/1434 1534/1543/1445 1522/1530/1433 
f 1524/1532/1435 1535/1544/1446 1523/1531/1434 
f 1525/1533/1436 1536/1545/1447 1524/1532/1435 
f 1526/1534/1437 1537/1546/1448 1525/1533/1436 
f 1527/1535/1438 1538/1547/1449 1526/1534/1437 
f 1528/1536/1439 1539/1548/1450 1527/1535/1438 
f 1529/1537/1440 1540/1549/1451 1528/1536/1439 
f 1530/1538/1441 1541/1550/1452 1529/1537/1440 
f 1519/1526/1430 1542/1551/1453 1530/1538/1441 
f 1532/1540/1443 1543/1552/1454 1531/1539/1442 
f 1533/1541/1444 1544/1553/1455 1532/1540/1443 
f 1534/1543/1445 1545/1554/1456 1533/1541/1444 
f 1535/1555/1446 1546/1556/1457 1534/1543/1445 
f 1536/1545/1447 1547/1557/1458 1535/1544/1446 
f 1537/1546/1448 1548/1558/1459 1536/1545/1447 
f 1538/1547/1449 1549/1559/1460 1537/1546/1448 
f 1539/1548/1450 1550/1560/1461 1538/1547/1449 
f 1540/1549/1451 1551/1561/1462 1539/1548/1450 
f 1541/1550/1452 1552/1562/1463 1540/1549/1451 
f 1542/1551/1453 1553/1563/1464 1541/1550/1452 
f 1531/1539/1442 1554/1564/1465 1542/1551/1453 
f 1544/1553/1455 1555/1565/1466 1543/1552/1454 
f 1545/1554/1456 1556/1566/1467 1544/1553/1455 
f 1546/1556/1457 1557/1567/1468 1545/1554/1456 
f 1547/1568/1458 1558/1569/1469 1546/1556/1457 
f 1548/1558/1459 1559/1570/1470 1547/1557/1458 
f 1549/1559/1460 1560/1571/1471 1548/1558/1459 
f 1550/1560/1461 1561/1572/1472 1549/1559/1460 
f 1551/1561/1462 1562/1573/1473 1550/1560/1461 
f 1552/1562/1463 1563/1574/1474 1551/1561/1462 
f 1553/1563/1464 1564/1575/1475 1552/1562/1463 
f 1554/1564/1465 1565/1576/1476 1553/1563/1464 
f 1543/1552/1454 1566/1577/1477 1554/1564/1465 
f 1556/1566/1467 1567/1578/1478 1555/1565/1466 
f 1557/1567/1468 1568/1579/1479 1556/1566/1467 
f 1558/1569/1469 1569/1580/1480 1557/1567/1468 
f 1559/1581/1470 1570/1582/1481 1558/1569/1469 
f 1560/1571/1471 1571/1583/1482 1559/1570/1470 
f 1561/1572/1472 1572/1584/1483 1560/1571/1471 
f 1562/1573/1473 1573/1585/1484 1561/1572/1472 
f 1563/1574/1474 1574/1586/1485 1562/1573/1473 
f 1564/1575/1475 1575/1587/1486 1563/1574/1474 
f 1565/1576/1476 1576/1588/1487 1564/1575/1475 
f 1566/1577/1477 1577/1589/1488 1565/1576/1476 
f 1555/1565/1466 1578/1590/1489 1566/1577/1477 
f 1568/1579/1479 1579/1591/1490 1567/1578/1478 
f 1569/1580/1480 1580/1592/1491 1568/1579/1479 
f 1570/1582/1481 1581/1593/1492 1569/1580/1480 
f 1571/1594/1482 1582/1595/1493 1570/1582/1481 
f 1572/1584/1483 1583/1596/1494 1571/1583/1482 
f 1573/1585/1484 1584/1597/1495 1572/1584/1483 
f 1574/1586/1485 1585/1598/1496 1573/1585/1484 
f 1575/1587/1486 1586/1599/1497 1574/1586/1485 
f 1576/1588/1487 1587/1600/1498 1575/1587/1486 
f 1577/1589/1488 1588/1601/1499 1576/1588/1487 
f 1578/1590/1489 1589/1602/1500 1577/1589/1488 
f 1567/1578/1478 1590/1603/1501 1578/1590/1489 
f 1580/1592/1491 1591/1604/1502 1579/1591/1490 
f 1581/1593/1492 1592/1605/1503 1580/1592/1491 
f 1582/1595/1493 1593/1606/1504 1581/1593/1492 
f 1583/1607/1494 1594/1608/1505 1582/1595/1493 
f 1584/1597/1495 1595/1609/1506 1583/1596/1494 
f 1585/1598/1496 1596/1610/1507 1584/1597/1495 
f 1586/1599/1497 1597/1611/1508 1585/1598/1496 
f 1587/1600/1498 1598/1612/1509 1586/1599/1497 
f 1588/1601/1499 1599/1613/1510 1587/1600/1498 
f 1589/1602/1500 1600/1614/1511 1588/1601/1499 
f 1590/1603/1501 1601/1615/1512 1589/1602/1500 
f 1579/1591/1490 1602/1616/1513 1590/1603/1501 
f 1592/1605/1503 1603/1617/1514 1591/1604/1502 
f 1593/1606/1504 1604/1618/1515 1592/1605/1503 
f 1594/1608/1505 1605/1619/1516 1593/1606/1504 
f 1595/1620/1506 1606/1621/1517 1594/1608/1505 
f 1596/1610/1507 1607/1622/1518 1595/1609/1506 
f 1597/1611/1508 1608/1623/1519 1596/1610/1507 
f 1598/1612/1509 1609/1624/1520 1597/1611/1508 
f 1599/1613/1510 1610/1625/1521 1598/1612/1509 
f 1600/1614/1511 1611/1626/1522 1599/1613/1510 
f 1601/1615/1512 1612/1627/1523 1600/1614/1511 
f 1602/1616/1513 1613/1628/1524 1601/1615/1512 
f 1591/1604/1502 1614/1629/1525 1602/1616/1513 
f 1604/1618/1515 1615/1630/1526 1603/1617/1514 
f 1605/1619/1516 1616/1631/1527 1604/1618/1515 
f 1606/1621/1517 1617/1632/1528 1605/1619/1516 
f 1607/1633/1518 1618/1634/1529 1606/1621/1517 
f 1608/1623/1519 1619/1635/1530 1607/1622/1518 
f 1609/1624/1520 1620/1636/1531 1608/1623/1519 
f 1610/1625/1521 1621/1637/1532 1609/1624/1520 
f 1611/1626/1522 1622/1638/1533 1610/1625/1521 
f 1612/1627/1523 1623/1639/1534 1611/1626/1522 
f 1613/1628/1524 1624/1640/1535 1612/1627/1523 
f 1614/1629/1525 1625/1641/1536 1613/1628/1524 
f 1603/1617/1514 1626/1642/1537 1614/1629/1525 
f 1616/1631/1527 1627/1643/1538 1615/1630/1526 
f 1617/1632/1528 1628/1644/1539 1616/1631/1527 
f 1618/1634/1529 1629/1645/1540 1617/1632/1528 
f 1619/1646/1530 1630/1647/1541 1618/1634/1529 
f 1620/1636/1531 1631/1648/1542 1619/1635/1530 
f 1621/1637/1532 1632/1649/1543 1620/1636/1531 
f 1622/1638/1533 1633/1650/1544 1621/1637/1532 
f 1623/1639/1534 1634/1651/1545 1622/1638/1533 
f 1624/1640/1535 1635/1652/1546 1623/1639/1534 
f 1625/1641/1536 1636/1653/1547 1624/1640/1535 
f 1626/1642/1537 1637/1654/1548 1625/1641/1536 
f 1615/1630/1526 1638/1655/1549 1626/1642/1537 
f 1628/1644/1539 1639/1656/1550 1627/1643/1538 
f 1629/1645/1540 1640/1657/1551 1628/1644/1539 
f 1630/1647/1541 1641/1658/1552 1629/1645/1540 
f 1631/1659/1542 1642/1660/1553 1630/1647/1541 
f 1632/1649/1543 1643/1661/1554 1631/1648/1542 
f 1633/1650/1544 1644/1662/1555 1632/1649/1543 
f 1634/1651/1545 1645/1663/1556 1633/1650/1544 
f 1635/1652/1546 1646/1664/1557 1634/1651/1545 
f 1636/1653/1547 1647/1665/1558 1635/1652/1546 
f 1637/1654/1548 1648/1666/1559 1636/1653/1547 
f 1638/1655/1549 1649/1667/1560 1637/1654/1548 
f 1627/1643/1538 1650/1668/1561 1638/1655/1549 
f 1640/1657/1551 1651/1669/1562 1639/1656/1550 
f 1641/1658/1552 1652/1670/1563 1640/1657/1551 
f 1642/1660/1553 1653/1671/1564 1641/1658/1552 
f 1643/1672/1554 1654/1673/1565 1642/1660/1553 
f 1644/1662/1555 1655/1674/1566 1643/1661/1554 
f 1645/1663/1556 1656/1675/1567 1644/1662/1555 
f 1646/1664/1557 1657/1676/1568 1645/1663/1556 
f 1647/1665/1558 1658/1677/1569 1646/1664/1557 
f 1648/1666/1559 1659/1678/1570 1647/1665/1558 
f 1649/1667/1560 1660/1679/1571 1648/1666/1559 
f 1650/1668/1561 1661/1680/1572 1649/1667/1560 
f 1639/1656/1550 1662/1681/1573 1650/1668/1561 
f 1652/1670/1563 1663/1682/1574 1651/1669/1562 
f 1653/1671/1564 1664/1683/1575 1652/1670/1563 
f 1654/1673/1565 1665/1684/1576 1653/1671/1564 
f 1655/1685/1566 1666/1686/1577 1654/1673/1565 
f 1656/1675/1567 1667/1687/1578 1655/1674/1566 
f 1657/1676/1568 1668/1688/1579 1656/1675/1567 
f 1658/1677/1569 1669/1689/1580 1657/1676/1568 
f 1659/1678/1570 1670/1690/1581 1658/1677/1569 
f 1660/1679/1571 1671/1691/1582 1659/1678/1570 
f 1661/1680/1572 1672/1692/1583 1660/1679/1571 
f 1662/1681/1573 1673/1693/1584 1661/1680/1572 
f 1651/1669/1562 1674/1694/1585 1662/1681/1573 
f 1664/1683/1575 1675/1695/1586 1663/1682/1574 
f 1665/1684/1576 1676/1696/1587 1664/1683/1575 
f 1666/1686/1577 1677/1697/1588 1665/1684/1576 
f 1667/1698/1578 1678/1699/1589 1666/1686/1577 
f 1668/1688/1579 1679/1700/1590 1667/1687/1578 
f 1669/1689/1580 1680/1701/1591 1668/1688/1579 
f 1670/1690/1581 1681/1702/1592 1669/1689/1580 
f 1671/1691/1582 1682/1703/1593 1670/1690/1581 
f 1672/1692/1583 1683/1704/1594 1671/1691/1582 
f 1673/1693/1584 1684/1705/1595 1672/1692/1583 
f 1674/1694/1585 1685/1706/1596 1673/1693/1584 
f 1663/1682/1574 1686/1707/1597 1674/1694/1585 
f 1676/1696/1587 1687/1708/1598 1675/1695/1586 
f 1677/1697/1588 1688/1709/1599 1676/1696/1587 
f 1678/1699/1589 1689/1710/1600 1677/1697/1588 
f 1679/1711/1590 1690/1712/1601 1678/1699/1589 
f 1680/1701/1591 1691/1713/1602 1679/1700/1590 
f 1681/1702/1592 1692/1714/1603 1680/1701/1591 
f 1682/1703/1593 1693/1715/1604 1681/1702/1592 
f 1683/1704/1594 1694/1716/1605 1682/1703/1593 
f 1684/1705/1595 1695/1717/1606 1683/1704/1594 
f 1685/1706/1596 1696/1718/1607 1684/1705/1595 
f 1686/1707/1597 1697/1719/1608 1685/1706/1596 
f 1675/1695/1586 1698/1720/1609 1686/1707/1597 
f 1688/1709/1599 1699/1721/1610 1687/1708/1598 
f 1689/1710/1600 1700/1722/1611 1688/1709/1599 
f 1690/1712/1601 1701/1723/1612 1689/1710/1600 
f 1691/1724/1602 1702/1725/1613 1690/1712/1601 
f 1692/1714/1603 1703/1726/1614 1691/1713/1602 
f 1693/1715/1604 1704/1727/1615 1692/1714/1603 
f 1694/1716/1605 1705/1728/1616 1693/1715/1604 
f 1695/1717/1606 1706/1729/1617 1694/1716/1605 
f 1696/1718/1607 1707/1730/1618 1695/1717/1606 
f 1697/1719/1608 1708/1731/1619 1696/1718/1607 
f 1698/1720/1609 1709/1732/1620 1697/1719/1608 
f 1687/1708/1598 1710/1733/1621 1698/1720/1609 
f 1711/1734/1622 1712/1735/1623 1713/1736/1624 
f 1714/1737/1625 1715/1738/1626 1712/1735/1623 
f 1716/1739/1627 1717/1740/1628 1718/1741/1629 
f 1719/1742/1630 1720/1743/1631 1715/1738/1626 
f 1721/1744/1632 1722/1745/1633 1717/1740/1628 
f 1723/1746/1634 1724/1747/1635 1720/1743/1631 
f 1725/1748/1636 1726/1749/1637 1722/1745/1633 
f 1699/1721/1610 1727/1750/1638 1710/1733/1621 
f 1710/1733/1621 1728/1751/1639 1709/1732/1620 
f 1709/1732/1620 1723/1752/1640 1708/1731/1619 
f 1708/1731/1619 1719/1753/1641 1707/1730/1618 
f 1707/1730/1618 1714/1754/1642 1706/1729/1617 
f 1706/1729/1617 1711/1755/1643 1705/1728/1616 
f 1705/1728/1616 1729/1756/1644 1704/1727/1615 
f 1704/1727/1615 1730/1757/1645 1703/1726/1614 
f 1703/1758/1614 1731/1759/1646 1702/1725/1613 
f 1702/1725/1613 1725/1760/1647 1701/1723/1612 
f 1701/1723/1612 1721/1761/1648 1700/1722/1611 
f 1700/1722/1611 1716/1762/1649 1699/1721/1610 
f 1728/1763/1650 1732/1764/1651 1724/1747/1635 
f 1731/1765/1652 1733/1766/1653 1726/1749/1637 
f 1727/1767/1654 1718/1741/1629 1732/1764/1651 
f 1730/1768/1655 1734/1769/1656 1733/1770/1653 
f 1729/1771/1657 1713/1736/1624 1734/1769/1656 
f 1735/1772/1658 1736/1773/1658 1737/1774/1658 
f 1722/1745/1633 1738/1775/1659 1717/1740/1628 
f 1726/1749/1637 1739/1776/1660 1722/1745/1633 
f 1733/1766/1653 1740/1777/1661 1726/1749/1637 
f 1734/1769/1656 1741/1778/1662 1733/1770/1653 
f 1713/1736/1624 1742/1779/1663 1734/1769/1656 
f 1712/1735/1623 1743/1780/1664 1713/1736/1624 
f 1715/1738/1626 1744/1781/1665 1712/1735/1623 
f 1720/1743/1631 1745/1782/1666 1715/1738/1626 
f 1724/1747/1635 1746/1783/1667 1720/1743/1631 
f 1732/1764/1651 1747/1784/1668 1724/1747/1635 
f 1718/1741/1629 1748/1785/1669 1732/1764/1651 
f 1738/1775/1659 1749/1786/1670 1750/1787/1671 
f 1739/1776/1660 1751/1788/1672 1738/1775/1659 
f 1740/1777/1661 1752/1789/1673 1739/1776/1660 
f 1741/1790/1662 1753/1791/1674 1740/1777/1661 
f 1742/1779/1663 1754/1792/1675 1741/1778/1662 
f 1743/1780/1664 1735/1793/1676 1742/1779/1663 
f 1744/1781/1665 1755/1794/1677 1743/1780/1664 
f 1745/1782/1666 1736/1795/1678 1744/1781/1665 
f 1746/1783/1667 1756/1796/1679 1745/1782/1666 
f 1747/1784/1668 1757/1797/1680 1746/1783/1667 
f 1748/1785/1669 1758/1798/1681 1747/1784/1668 
f 1750/1787/1671 1737/1799/1682 1748/1785/1669 
f 1717/1740/1628 1750/1787/1671 1718/1741/1629 
f 1399/1397/1310 1759/1398/1683 1760/1401/1684 
f 1402/1400/1313 1760/1401/1684 1761/1403/1685 
f 1404/1402/1315 1761/1403/1685 1762/1405/1686 
f 1406/1404/1317 1762/1405/1686 1763/1425/1687 
f 1408/1406/1319 1763/1407/1687 1764/1410/1688 
f 1410/1409/1321 1764/1410/1688 1765/1412/1689 
f 1412/1411/1323 1765/1412/1689 1766/1414/1690 
f 1414/1413/1325 1766/1414/1690 1767/1416/1691 
f 1416/1415/1327 1767/1416/1691 1768/1418/1692 
f 1418/1417/1329 1768/1418/1692 1769/1420/1693 
f 1420/1419/1331 1769/1420/1693 1770/1421/1694 
f 1401/1399/1312 1770/1421/1694 1759/1398/1683 
f 1760/1401/1684 1771/1422/1695 1772/1423/1696 
f 1761/1403/1685 1772/1423/1696 1773/1424/1697 
f 1762/1405/1686 1773/1424/1697 1774/1426/1698 
f 1763/1425/1687 1774/1426/1698 1775/1438/1699 
f 1764/1410/1688 1775/1427/1699 1776/1428/1700 
f 1765/1412/1689 1776/1428/1700 1777/1429/1701 
f 1766/1414/1690 1777/1429/1701 1778/1430/1702 
f 1767/1416/1691 1778/1430/1702 1779/1431/1703 
f 1768/1418/1692 1779/1431/1703 1780/1432/1704 
f 1769/1420/1693 1780/1432/1704 1781/1433/1705 
f 1770/1421/1694 1781/1433/1705 1782/1434/1706 
f 1759/1398/1683 1782/1434/1706 1771/1422/1695 
f 1772/1423/1696 1783/1435/1707 1784/1436/1708 
f 1773/1424/1697 1784/1436/1708 1785/1437/1709 
f 1774/1426/1698 1785/1437/1709 1786/1439/1710 
f 1775/1438/1699 1786/1439/1710 1787/1451/1711 
f 1776/1428/1700 1787/1440/1711 1788/1441/1712 
f 1777/1429/1701 1788/1441/1712 1789/1442/1713 
f 1778/1430/1702 1789/1442/1713 1790/1443/1714 
f 1779/1431/1703 1790/1443/1714 1791/1444/1715 
f 1780/1432/1704 1791/1444/1715 1792/1445/1716 
f 1781/1433/1705 1792/1445/1716 1793/1446/1717 
f 1782/1434/1706 1793/1446/1717 1794/1447/1718 
f 1771/1422/1695 1794/1447/1718 1783/1435/1707 
f 1784/1436/1708 1795/1448/1719 1796/1449/1720 
f 1785/1437/1709 1796/1449/1720 1797/1450/1721 
f 1786/1439/1710 1797/1450/1721 1798/1452/1722 
f 1787/1451/1711 1798/1452/1722 1799/1464/1723 
f 1788/1441/1712 1799/1453/1723 1800/1454/1724 
f 1789/1442/1713 1800/1454/1724 1801/1455/1725 
f 1790/1443/1714 1801/1455/1725 1802/1456/1726 
f 1791/1444/1715 1802/1456/1726 1803/1457/1727 
f 1792/1445/1716 1803/1457/1727 1804/1458/1728 
f 1793/1446/1717 1804/1458/1728 1805/1459/1729 
f 1794/1447/1718 1805/1459/1729 1806/1460/1730 
f 1783/1435/1707 1806/1460/1730 1795/1448/1719 
f 1796/1449/1720 1807/1461/1731 1808/1462/1732 
f 1797/1450/1721 1808/1462/1732 1809/1463/1733 
f 1798/1452/1722 1809/1463/1733 1810/1465/1734 
f 1799/1464/1723 1810/1465/1734 1811/1477/1735 
f 1800/1454/1724 1811/1466/1735 1812/1467/1736 
f 1801/1455/1725 1812/1467/1736 1813/1468/1737 
f 1802/1456/1726 1813/1468/1737 1814/1469/1738 
f 1803/1457/1727 1814/1469/1738 1815/1470/1739 
f 1804/1458/1728 1815/1470/1739 1816/1471/1740 
f 1805/1459/1729 1816/1471/1740 1817/1472/1741 
f 1806/1460/1730 1817/1472/1741 1818/1473/1742 
f 1795/1448/1719 1818/1473/1742 1807/1461/1731 
f 1808/1462/1732 1819/1474/1743 1820/1475/1744 
f 1809/1463/1733 1820/1475/1744 1821/1476/1745 
f 1810/1465/1734 1821/1476/1745 1822/1478/1746 
f 1811/1477/1735 1822/1478/1746 1823/1490/1747 
f 1812/1467/1736 1823/1479/1747 1824/1480/1748 
f 1813/1468/1737 1824/1480/1748 1825/1481/1749 
f 1814/1469/1738 1825/1481/1749 1826/1482/1750 
f 1815/1470/1739 1826/1482/1750 1827/1483/1751 
f 1816/1471/1740 1827/1483/1751 1828/1484/1752 
f 1817/1472/1741 1828/1484/1752 1829/1485/1753 
f 1818/1473/1742 1829/1485/1753 1830/1486/1754 
f 1807/1461/1731 1830/1486/1754 1819/1474/1743 
f 1820/1475/1744 1831/1487/1755 1832/1488/1756 
f 1821/1476/1745 1832/1488/1756 1833/1489/1757 
f 1822/1478/1746 1833/1489/1757 1834/1491/1758 
f 1823/1490/1747 1834/1491/1758 1835/1503/1759 
f 1824/1480/1748 1835/1492/1759 1836/1493/1760 
f 1825/1481/1749 1836/1493/1760 1837/1494/1761 
f 1826/1482/1750 1837/1494/1761 1838/1495/1762 
f 1827/1483/1751 1838/1495/1762 1839/1496/1763 
f 1828/1484/1752 1839/1496/1763 1840/1497/1764 
f 1829/1485/1753 1840/1497/1764 1841/1498/1765 
f 1830/1486/1754 1841/1498/1765 1842/1499/1766 
f 1819/1474/1743 1842/1499/1766 1831/1487/1755 
f 1832/1488/1756 1843/1500/1767 1844/1501/1768 
f 1833/1489/1757 1844/1501/1768 1845/1502/1769 
f 1834/1491/1758 1845/1502/1769 1846/1504/1770 
f 1835/1503/1759 1846/1504/1770 1847/1516/1771 
f 1836/1493/1760 1847/1505/1771 1848/1506/1772 
f 1837/1494/1761 1848/1506/1772 1849/1507/1773 
f 1838/1495/1762 1849/1507/1773 1850/1508/1774 
f 1839/1496/1763 1850/1508/1774 1851/1509/1775 
f 1840/1497/1764 1851/1509/1775 1852/1510/1776 
f 1841/1498/1765 1852/1510/1776 1853/1511/1777 
f 1842/1499/1766 1853/1511/1777 1854/1512/1778 
f 1831/1487/1755 1854/1512/1778 1843/1500/1767 
f 1844/1501/1768 1855/1513/1779 1856/1514/1780 
f 1845/1502/1769 1856/1514/1780 1857/1515/1781 
f 1846/1504/1770 1857/1515/1781 1858/1517/1782 
f 1847/1516/1771 1858/1517/1782 1859/1529/1783 
f 1848/1506/1772 1859/1518/1783 1860/1519/1784 
f 1849/1507/1773 1860/1519/1784 1861/1520/1785 
f 1850/1508/1774 1861/1520/1785 1862/1521/1786 
f 1851/1509/1775 1862/1521/1786 1863/1522/1787 
f 1852/1510/1776 1863/1522/1787 1864/1523/1788 
f 1853/1511/1777 1864/1523/1788 1865/1524/1789 
f 1854/1512/1778 1865/1524/1789 1866/1525/1790 
f 1843/1500/1767 1866/1525/1790 1855/1513/1779 
f 1856/1514/1780 1867/1526/1791 1868/1527/1792 
f 1857/1515/1781 1868/1527/1792 1869/1528/1793 
f 1858/1517/1782 1869/1528/1793 1870/1530/1794 
f 1859/1529/1783 1870/1530/1794 1871/1542/1795 
f 1860/1519/1784 1871/1531/1795 1872/1532/1796 
f 1861/1520/1785 1872/1532/1796 1873/1533/1797 
f 1862/1521/1786 1873/1533/1797 1874/1534/1798 
f 1863/1522/1787 1874/1534/1798 1875/1535/1799 
f 1864/1523/1788 1875/1535/1799 1876/1536/1800 
f 1865/1524/1789 1876/1536/1800 1877/1537/1801 
f 1866/1525/1790 1877/1537/1801 1878/1538/1802 
f 1855/1513/1779 1878/1538/1802 1867/1526/1791 
f 1868/1527/1792 1879/1539/1803 1880/1540/1804 
f 1869/1528/1793 1880/1540/1804 1881/1541/1805 
f 1870/1530/1794 1881/1541/1805 1882/1543/1806 
f 1871/1542/1795 1882/1543/1806 1883/1555/1807 
f 1872/1532/1796 1883/1544/1807 1884/1545/1808 
f 1873/1533/1797 1884/1545/1808 1885/1546/1809 
f 1874/1534/1798 1885/1546/1809 1886/1547/1810 
f 1875/1535/1799 1886/1547/1810 1887/1548/1811 
f 1876/1536/1800 1887/1548/1811 1888/1549/1812 
f 1877/1537/1801 1888/1549/1812 1889/1550/1813 
f 1878/1538/1802 1889/1550/1813 1890/1551/1814 
f 1867/1526/1791 1890/1551/1814 1879/1539/1803 
f 1880/1540/1804 1891/1552/1815 1892/1553/1816 
f 1881/1541/1805 1892/1553/1816 1893/1554/1817 
f 1882/1543/1806 1893/1554/1817 1894/1556/1818 
f 1883/1555/1807 1894/1556/1818 1895/1568/1819 
f 1884/1545/1808 1895/1557/1819 1896/1558/1820 
f 1885/1546/1809 1896/1558/1820 1897/1559/1821 
f 1886/1547/1810 1897/1559/1821 1898/1560/1822 
f 1887/1548/1811 1898/1560/1822 1899/1561/1823 
f 1888/1549/1812 1899/1561/1823 1900/1562/1824 
f 1889/1550/1813 1900/1562/1824 1901/1563/1825 
f 1890/1551/1814 1901/1563/1825 1902/1564/1826 
f 1879/1539/1803 1902/1564/1826 1891/1552/1815 
f 1892/1553/1816 1903/1565/1827 1904/1566/1828 
f 1893/1554/1817 1904/1566/1828 1905/1567/1829 
f 1894/1556/1818 1905/1567/1829 1906/1569/1830 
f 1895/1568/1819 1906/1569/1830 1907/1581/1831 
f 1896/1558/1820 1907/1570/1831 1908/1571/1832 
f 1897/1559/1821 1908/1571/1832 1909/1572/1833 
f 1898/1560/1822 1909/1572/1833 1910/1573/1834 
f 1899/1561/1823 1910/1573/1834 1911/1574/1835 
f 1900/1562/1824 1911/1574/1835 1912/1575/1836 
f 1901/1563/1825 1912/1575/1836 1913/1576/1837 
f 1902/1564/1826 1913/1576/1837 1914/1577/1838 
f 1891/1552/1815 1914/1577/1838 1903/1565/1827 
f 1904/1566/1828 1915/1578/1839 1916/1579/1840 
f 1905/1567/1829 1916/1579/1840 1917/1580/1841 
f 1906/1569/1830 1917/1580/1841 1918/1582/1842 
f 1907/1581/1831 1918/1582/1842 1919/1594/1843 
f 1908/1571/1832 1919/1583/1843 1920/1584/1844 
f 1909/1572/1833 1920/1584/1844 1921/1585/1845 
f 1910/1573/1834 1921/1585/1845 1922/1586/1846 
f 1911/1574/1835 1922/1586/1846 1923/1587/1847 
f 1912/1575/1836 1923/1587/1847 1924/1588/1848 
f 1913/1576/1837 1924/1588/1848 1925/1589/1849 
f 1914/1577/1838 1925/1589/1849 1926/1590/1850 
f 1903/1565/1827 1926/1590/1850 1915/1578/1839 
f 1916/1579/1840 1927/1591/1851 1928/1592/1852 
f 1917/1580/1841 1928/1592/1852 1929/1593/1853 
f 1918/1582/1842 1929/1593/1853 1930/1595/1854 
f 1919/1594/1843 1930/1595/1854 1931/1607/1855 
f 1920/1584/1844 1931/1596/1855 1932/1597/1856 
f 1921/1585/1845 1932/1597/1856 1933/1598/1857 
f 1922/1586/1846 1933/1598/1857 1934/1599/1858 
f 1923/1587/1847 1934/1599/1858 1935/1600/1859 
f 1924/1588/1848 1935/1600/1859 1936/1601/1860 
f 1925/1589/1849 1936/1601/1860 1937/1602/1861 
f 1926/1590/1850 1937/1602/1861 1938/1603/1862 
f 1915/1578/1839 1938/1603/1862 1927/1591/1851 
f 1928/1592/1852 1939/1604/1863 1940/1605/1864 
f 1929/1593/1853 1940/1605/1864 1941/1606/1865 
f 1930/1595/1854 1941/1606/1865 1942/1608/1866 
f 1931/1607/1855 1942/1608/1866 1943/1620/1867 
f 1932/1597/1856 1943/1609/1867 1944/1610/1868 
f 1933/1598/1857 1944/1610/1868 1945/1611/1869 
f 1934/1599/1858 1945/1611/1869 1946/1612/1870 
f 1935/1600/1859 1946/1612/1870 1947/1613/1871 
f 1936/1601/1860 1947/1613/1871 1948/1614/1872 
f 1937/1602/1861 1948/1614/1872 1949/1615/1873 
f 1938/1603/1862 1949/1615/1873 1950/1616/1874 
f 1927/1591/1851 1950/1616/1874 1939/1604/1863 
f 1940/1605/1864 1951/1617/1875 1952/1618/1876 
f 1941/1606/1865 1952/1618/1876 1953/1619/1877 
f 1942/1608/1866 1953/1619/1877 1954/1621/1878 
f 1943/1620/1867 1954/1621/1878 1955/1633/1879 
f 1944/1610/1868 1955/1622/1879 1956/1623/1880 
f 1945/1611/1869 1956/1623/1880 1957/1624/1881 
f 1946/1612/1870 1957/1624/1881 1958/1625/1882 
f 1947/1613/1871 1958/1625/1882 1959/1626/1883 
f 1948/1614/1872 1959/1626/1883 1960/1627/1884 
f 1949/1615/1873 1960/1627/1884 1961/1628/1885 
f 1950/1616/1874 1961/1628/1885 1962/1629/1886 
f 1939/1604/1863 1962/1629/1886 1951/1617/1875 
f 1952/1618/1876 1963/1630/1887 1964/1631/1888 
f 1953/1619/1877 1964/1631/1888 1965/1632/1889 
f 1954/1621/1878 1965/1632/1889 1966/1634/1890 
f 1955/1633/1879 1966/1634/1890 1967/1646/1891 
f 1956/1623/1880 1967/1635/1891 1968/1636/1892 
f 1957/1624/1881 1968/1636/1892 1969/1637/1893 
f 1958/1625/1882 1969/1637/1893 1970/1638/1894 
f 1959/1626/1883 1970/1638/1894 1971/1639/1895 
f 1960/1627/1884 1971/1639/1895 1972/1640/1896 
f 1961/1628/1885 1972/1640/1896 1973/1641/1897 
f 1962/1629/1886 1973/1641/1897 1974/1642/1898 
f 1951/1617/1875 1974/1642/1898 1963/1630/1887 
f 1964/1631/1888 1975/1643/1899 1976/1644/1900 
f 1965/1632/1889 1976/1644/1900 1977/1645/1901 
f 1966/1634/1890 1977/1645/1901 1978/1647/1902 
f 1967/1646/1891 1978/1647/1902 1979/1659/1903 
f 1968/1636/1892 1979/1648/1903 1980/1649/1904 
f 1969/1637/1893 1980/1649/1904 1981/1650/1905 
f 1970/1638/1894 1981/1650/1905 1982/1651/1906 
f 1971/1639/1895 1982/1651/1906 1983/1652/1907 
f 1972/1640/1896 1983/1652/1907 1984/1653/1908 
f 1973/1641/1897 1984/1653/1908 1985/1654/1909 
f 1974/1642/1898 1985/1654/1909 1986/1655/1910 
f 1963/1630/1887 1986/1655/1910 1975/1643/1899 
f 1976/1644/1900 1987/1656/1911 1988/1657/1912 
f 1977/1645/1901 1988/1657/1912 1989/1658/1913 
f 1978/1647/1902 1989/1658/1913 1990/1660/1914 
f 1979/1659/1903 1990/1660/1914 1991/1672/1915 
f 1980/1649/1904 1991/1661/1915 1992/1662/1916 
f 1981/1650/1905 1992/1662/1916 1993/1663/1917 
f 1982/1651/1906 1993/1663/1917 1994/1664/1918 
f 1983/1652/1907 1994/1664/1918 1995/1665/1919 
f 1984/1653/1908 1995/1665/1919 1996/1666/1920 
f 1985/1654/1909 1996/1666/1920 1997/1667/1921 
f 1986/1655/1910 1997/1667/1921 1998/1668/1922 
f 1975/1643/1899 1998/1668/1922 1987/1656/1911 
f 1988/1657/1912 1999/1669/1923 2000/1670/1924 
f 1989/1658/1913 2000/1670/1924 2001/1671/1925 
f 1990/1660/1914 2001/1671/1925 2002/1673/1926 
f 1991/1672/1915 2002/1673/1926 2003/1685/1927 
f 1992/1662/1916 2003/1674/1927 2004/1675/1928 
f 1993/1663/1917 2004/1675/1928 2005/1676/1929 
f 1994/1664/1918 2005/1676/1929 2006/1677/1930 
f 1995/1665/1919 2006/1677/1930 2007/1678/1931 
f 1996/1666/1920 2007/1678/1931 2008/1679/1932 
f 1997/1667/1921 2008/1679/1932 2009/1680/1933 
f 1998/1668/1922 2009/1680/1933 2010/1681/1934 
f 1987/1656/1911 2010/1681/1934 1999/1669/1923 
f 2000/1670/1924 2011/1682/1935 2012/1683/1936 
f 2001/1671/1925 2012/1683/1936 2013/1684/1937 
f 2002/1673/1926 2013/1684/1937 2014/1686/1938 
f 2003/1685/1927 2014/1686/1938 2015/1698/1939 
f 2004/1675/1928 2015/1687/1939 2016/1688/1940 
f 2005/1676/1929 2016/1688/1940 2017/1689/1941 
f 2006/1677/1930 2017/1689/1941 2018/1690/1942 
f 2007/1678/1931 2018/1690/1942 2019/1691/1943 
f 2008/1679/1932 2019/1691/1943 2020/1692/1944 
f 2009/1680/1933 2020/1692/1944 2021/1693/1945 
f 2010/1681/1934 2021/1693/1945 2022/1694/1946 
f 1999/1669/1923 2022/1694/1946 2011/1682/1935 
f 2012/1683/1936 2023/1695/1947 2024/1696/1948 
f 2013/1684/1937 2024/1696/1948 2025/1697/1949 
f 2014/1686/1938 2025/1697/1949 2026/1699/1950 
f 2015/1698/1939 2026/1699/1950 2027/1711/1951 
f 2016/1688/1940 2027/1700/1951 2028/1701/1952 
f 2017/1689/1941 2028/1701/1952 2029/1702/1953 
f 2018/1690/1942 2029/1702/1953 2030/1703/1954 
f 2019/1691/1943 2030/1703/1954 2031/1704/1955 
f 2020/1692/1944 2031/1704/1955 2032/1705/1956 
f 2021/1693/1945 2032/1705/1956 2033/1706/1957 
f 2022/1694/1946 2033/1706/1957 2034/1707/1958 
f 2011/1682/1935 2034/1707/1958 2023/1695/1947 
f 2024/1696/1948 2035/1708/1959 2036/1709/1960 
f 2025/1697/1949 2036/1709/1960 2037/1710/1961 
f 2026/1699/1950 2037/1710/1961 2038/1712/1962 
f 2027/1711/1951 2038/1712/1962 2039/1724/1963 
f 2028/1701/1952 2039/1713/1963 2040/1714/1964 
f 2029/1702/1953 2040/1714/1964 2041/1715/1965 
f 2030/1703/1954 2041/1715/1965 2042/1716/1966 
f 2031/1704/1955 2042/1716/1966 2043/1717/1967 
f 2032/1705/1956 2043/1717/1967 2044/1718/1968 
f 2033/1706/1957 2044/1718/1968 2045/1719/1969 
f 2034/1707/1958 2045/1719/1969 2046/1720/1970 
f 2023/1695/1947 2046/1720/1970 2035/1708/1959 
f 2036/1709/1960 2047/1721/1971 2048/1722/1972 
f 2037/1710/1961 2048/1722/1972 2049/1723/1973 
f 2038/1712/1962 2049/1723/1973 2050/1725/1974 
f 2039/1724/1963 2050/1725/1974 2051/1758/1975 
f 2040/1714/1964 2051/1726/1975 2052/1727/1976 
f 2041/1715/1965 2052/1727/1976 2053/1728/1977 
f 2042/1716/1966 2053/1728/1977 2054/1729/1978 
f 2043/1717/1967 2054/1729/1978 2055/1730/1979 
f 2044/1718/1968 2055/1730/1979 2056/1731/1980 
f 2045/1719/1969 2056/1731/1980 2057/1732/1981 
f 2046/1720/1970 2057/1732/1981 2058/1733/1982 
f 2035/1708/1959 2058/1733/1982 2047/1721/1971 
f 2059/1734/1983 2060/1735/1984 2061/1737/1985 
f 2061/1737/1985 2062/1738/1986 2063/1742/1987 
f 2064/1739/1988 2065/1740/1989 2066/1744/1990 
f 2063/1742/1987 2067/1743/1991 2068/1746/1634 
f 2066/1744/1990 2069/1745/1992 2070/1748/1993 
f 2068/1746/1634 2071/1747/1994 2072/1763/1995 
f 2070/1748/1993 2073/1749/1996 2074/1765/1652 
f 2047/1721/1971 2075/1750/1997 2064/1762/1998 
f 2058/1733/1982 2072/1751/1999 2075/1750/1997 
f 2057/1732/1981 2068/1752/2000 2072/1751/1999 
f 2056/1731/1980 2063/1753/2001 2068/1752/2000 
f 2055/1730/1979 2061/1754/2002 2063/1753/2001 
f 2054/1729/1978 2059/1755/2003 2061/1754/2002 
f 2053/1728/1977 2076/1756/2004 2059/1755/2003 
f 2052/1727/1976 2077/1757/2005 2076/1756/2004 
f 2051/1758/1975 2074/1759/2006 2077/1800/2005 
f 2050/1725/1974 2070/1760/2007 2074/1759/2006 
f 2049/1723/1973 2066/1761/2008 2070/1760/2007 
f 2048/1722/1972 2064/1762/1998 2066/1761/2008 
f 2072/1763/1995 2078/1764/2009 2075/1767/2010 
f 2074/1765/1652 2079/1766/2011 2077/1801/2012 
f 2075/1767/2010 2080/1741/2013 2064/1739/1988 
f 2077/1768/2012 2081/1769/2014 2076/1771/2015 
f 2076/1771/2015 2082/1736/2016 2059/1734/1983 
f 2083/1774/2017 2084/1802/2018 2085/1772/2017 
f 2069/1745/1992 2086/1775/2019 2087/1776/2020 
f 2073/1749/1996 2087/1776/2020 2088/1777/2021 
f 2079/1766/2011 2088/1777/2021 2089/1790/2022 
f 2081/1769/2014 2089/1778/2022 2090/1779/2023 
f 2082/1736/2016 2090/1779/2023 2091/1780/2024 
f 2060/1735/1984 2091/1780/2024 2092/1781/2025 
f 2062/1738/1986 2092/1781/2025 2093/1782/2026 
f 2067/1743/1991 2093/1782/2026 2094/1783/2027 
f 2071/1747/1994 2094/1783/2027 2095/1784/2028 
f 2078/1764/2009 2095/1784/2028 2096/1785/2029 
f 2080/1741/2013 2096/1785/2029 2097/1787/2030 
f 2086/1775/2019 2098/1786/2031 2099/1788/2032 
f 2087/1776/2020 2099/1788/2032 2100/1789/2033 
f 2088/1777/2021 2100/1789/2033 2101/1791/2034 
f 2089/1790/2022 2101/1791/2034 2102/1803/2035 
f 2090/1779/2023 2102/1792/2035 2085/1793/2036 
f 2091/1780/2024 2085/1793/2036 2103/1794/2037 
f 2092/1781/2025 2103/1794/2037 2104/1795/2038 
f 2093/1782/2026 2104/1795/2038 2105/1796/2039 
f 2094/1783/2027 2105/1796/2039 2084/1797/2040 
f 2095/1784/2028 2084/1797/2040 2106/1798/2041 
f 2096/1785/2029 2106/1798/2041 2083/1799/2042 
f 2097/1787/2030 2083/1799/2042 2098/1786/2031 
f 2065/1740/1989 2097/1787/2030 2086/1775/2019 
f 1399/1397/1310 1403/1401/1314 1400/1398/1311 
f 1402/1400/1313 1405/1403/1316 1403/1401/1314 
f 1404/1402/1315 1407/1405/1318 1405/1403/1316 
f 1406/1404/1317 1409/1425/1320 1407/1405/1318 
f 1408/1406/1319 1411/1410/1322 1409/1407/1320 
f 1410/1409/1321 1413/1412/1324 1411/1410/1322 
f 1412/1411/1323 1415/1414/1326 1413/1412/1324 
f 1414/1413/1325 1417/1416/1328 1415/1414/1326 
f 1416/1415/1327 1419/1418/1330 1417/1416/1328 
f 1418/1417/1329 1421/1420/1332 1419/1418/1330 
f 1420/1419/1331 1422/1421/1333 1421/1420/1332 
f 1401/1399/1312 1400/1398/1311 1422/1421/1333 
f 1403/1401/1314 1424/1423/1335 1423/1422/1334 
f 1405/1403/1316 1425/1424/1336 1424/1423/1335 
f 1407/1405/1318 1426/1426/1337 1425/1424/1336 
f 1409/1425/1320 1427/1438/1338 1426/1426/1337 
f 1411/1410/1322 1428/1428/1339 1427/1427/1338 
f 1413/1412/1324 1429/1429/1340 1428/1428/1339 
f 1415/1414/1326 1430/1430/1341 1429/1429/1340 
f 1417/1416/1328 1431/1431/1342 1430/1430/1341 
f 1419/1418/1330 1432/1432/1343 1431/1431/1342 
f 1421/1420/1332 1433/1433/1344 1432/1432/1343 
f 1422/1421/1333 1434/1434/1345 1433/1433/1344 
f 1400/1398/1311 1423/1422/1334 1434/1434/1345 
f 1424/1423/1335 1436/1436/1347 1435/1435/1346 
f 1425/1424/1336 1437/1437/1348 1436/1436/1347 
f 1426/1426/1337 1438/1439/1349 1437/1437/1348 
f 1427/1438/1338 1439/1451/1350 1438/1439/1349 
f 1428/1428/1339 1440/1441/1351 1439/1440/1350 
f 1429/1429/1340 1441/1442/1352 1440/1441/1351 
f 1430/1430/1341 1442/1443/1353 1441/1442/1352 
f 1431/1431/1342 1443/1444/1354 1442/1443/1353 
f 1432/1432/1343 1444/1445/1355 1443/1444/1354 
f 1433/1433/1344 1445/1446/1356 1444/1445/1355 
f 1434/1434/1345 1446/1447/1357 1445/1446/1356 
f 1423/1422/1334 1435/1435/1346 1446/1447/1357 
f 1436/1436/1347 1448/1449/1359 1447/1448/1358 
f 1437/1437/1348 1449/1450/1360 1448/1449/1359 
f 1438/1439/1349 1450/1452/1361 1449/1450/1360 
f 1439/1451/1350 1451/1464/1362 1450/1452/1361 
f 1440/1441/1351 1452/1454/1363 1451/1453/1362 
f 1441/1442/1352 1453/1455/1364 1452/1454/1363 
f 1442/1443/1353 1454/1456/1365 1453/1455/1364 
f 1443/1444/1354 1455/1457/1366 1454/1456/1365 
f 1444/1445/1355 1456/1458/1367 1455/1457/1366 
f 1445/1446/1356 1457/1459/1368 1456/1458/1367 
f 1446/1447/1357 1458/1460/1369 1457/1459/1368 
f 1435/1435/1346 1447/1448/1358 1458/1460/1369 
f 1448/1449/1359 1460/1462/1371 1459/1461/1370 
f 1449/1450/1360 1461/1463/1372 1460/1462/1371 
f 1450/1452/1361 1462/1465/1373 1461/1463/1372 
f 1451/1464/1362 1463/1477/1374 1462/1465/1373 
f 1452/1454/1363 1464/1467/1375 1463/1466/1374 
f 1453/1455/1364 1465/1468/1376 1464/1467/1375 
f 1454/1456/1365 1466/1469/1377 1465/1468/1376 
f 1455/1457/1366 1467/1470/1378 1466/1469/1377 
f 1456/1458/1367 1468/1471/1379 1467/1470/1378 
f 1457/1459/1368 1469/1472/1380 1468/1471/1379 
f 1458/1460/1369 1470/1473/1381 1469/1472/1380 
f 1447/1448/1358 1459/1461/1370 1470/1473/1381 
f 1460/1462/1371 1472/1475/1383 1471/1474/1382 
f 1461/1463/1372 1473/1476/1384 1472/1475/1383 
f 1462/1465/1373 1474/1478/1385 1473/1476/1384 
f 1463/1477/1374 1475/1490/1386 1474/1478/1385 
f 1464/1467/1375 1476/1480/1387 1475/1479/1386 
f 1465/1468/1376 1477/1481/1388 1476/1480/1387 
f 1466/1469/1377 1478/1482/1389 1477/1481/1388 
f 1467/1470/1378 1479/1483/1390 1478/1482/1389 
f 1468/1471/1379 1480/1484/1391 1479/1483/1390 
f 1469/1472/1380 1481/1485/1392 1480/1484/1391 
f 1470/1473/1381 1482/1486/1393 1481/1485/1392 
f 1459/1461/1370 1471/1474/1382 1482/1486/1393 
f 1472/1475/1383 1484/1488/1395 1483/1487/1394 
f 1473/1476/1384 1485/1489/1396 1484/1488/1395 
f 1474/1478/1385 1486/1491/1397 1485/1489/1396 
f 1475/1490/1386 1487/1503/1398 1486/1491/1397 
f 1476/1480/1387 1488/1493/1399 1487/1492/1398 
f 1477/1481/1388 1489/1494/1400 1488/1493/1399 
f 1478/1482/1389 1490/1495/1401 1489/1494/1400 
f 1479/1483/1390 1491/1496/1402 1490/1495/1401 
f 1480/1484/1391 1492/1497/1403 1491/1496/1402 
f 1481/1485/1392 1493/1498/1404 1492/1497/1403 
f 1482/1486/1393 1494/1499/1405 1493/1498/1404 
f 1471/1474/1382 1483/1487/1394 1494/1499/1405 
f 1484/1488/1395 1496/1501/1407 1495/1500/1406 
f 1485/1489/1396 1497/1502/1408 1496/1501/1407 
f 1486/1491/1397 1498/1504/1409 1497/1502/1408 
f 1487/1503/1398 1499/1516/1410 1498/1504/1409 
f 1488/1493/1399 1500/1506/1411 1499/1505/1410 
f 1489/1494/1400 1501/1507/1412 1500/1506/1411 
f 1490/1495/1401 1502/1508/1413 1501/1507/1412 
f 1491/1496/1402 1503/1509/1414 1502/1508/1413 
f 1492/1497/1403 1504/1510/1415 1503/1509/1414 
f 1493/1498/1404 1505/1511/1416 1504/1510/1415 
f 1494/1499/1405 1506/1512/1417 1505/1511/1416 
f 1483/1487/1394 1495/1500/1406 1506/1512/1417 
f 1496/1501/1407 1508/1514/1419 1507/1513/1418 
f 1497/1502/1408 1509/1515/1420 1508/1514/1419 
f 1498/1504/1409 1510/1517/1421 1509/1515/1420 
f 1499/1516/1410 1511/1529/1422 1510/1517/1421 
f 1500/1506/1411 1512/1519/1423 1511/1518/1422 
f 1501/1507/1412 1513/1520/1424 1512/1519/1423 
f 1502/1508/1413 1514/1521/1425 1513/1520/1424 
f 1503/1509/1414 1515/1522/1426 1514/1521/1425 
f 1504/1510/1415 1516/1523/1427 1515/1522/1426 
f 1505/1511/1416 1517/1524/1428 1516/1523/1427 
f 1506/1512/1417 1518/1525/1429 1517/1524/1428 
f 1495/1500/1406 1507/1513/1418 1518/1525/1429 
f 1508/1514/1419 1520/1527/1431 1519/1526/1430 
f 1509/1515/1420 1521/1528/1432 1520/1527/1431 
f 1510/1517/1421 1522/1530/1433 1521/1528/1432 
f 1511/1529/1422 1523/1542/1434 1522/1530/1433 
f 1512/1519/1423 1524/1532/1435 1523/1531/1434 
f 1513/1520/1424 1525/1533/1436 1524/1532/1435 
f 1514/1521/1425 1526/1534/1437 1525/1533/1436 
f 1515/1522/1426 1527/1535/1438 1526/1534/1437 
f 1516/1523/1427 1528/1536/1439 1527/1535/1438 
f 1517/1524/1428 1529/1537/1440 1528/1536/1439 
f 1518/1525/1429 1530/1538/1441 1529/1537/1440 
f 1507/1513/1418 1519/1526/1430 1530/1538/1441 
f 1520/1527/1431 1532/1540/1443 1531/1539/1442 
f 1521/1528/1432 1533/1541/1444 1532/1540/1443 
f 1522/1530/1433 1534/1543/1445 1533/1541/1444 
f 1523/1542/1434 1535/1555/1446 1534/1543/1445 
f 1524/1532/1435 1536/1545/1447 1535/1544/1446 
f 1525/1533/1436 1537/1546/1448 1536/1545/1447 
f 1526/1534/1437 1538/1547/1449 1537/1546/1448 
f 1527/1535/1438 1539/1548/1450 1538/1547/1449 
f 1528/1536/1439 1540/1549/1451 1539/1548/1450 
f 1529/1537/1440 1541/1550/1452 1540/1549/1451 
f 1530/1538/1441 1542/1551/1453 1541/1550/1452 
f 1519/1526/1430 1531/1539/1442 1542/1551/1453 
f 1532/1540/1443 1544/1553/1455 1543/1552/1454 
f 1533/1541/1444 1545/1554/1456 1544/1553/1455 
f 1534/1543/1445 1546/1556/1457 1545/1554/1456 
f 1535/1555/1446 1547/1568/1458 1546/1556/1457 
f 1536/1545/1447 1548/1558/1459 1547/1557/1458 
f 1537/1546/1448 1549/1559/1460 1548/1558/1459 
f 1538/1547/1449 1550/1560/1461 1549/1559/1460 
f 1539/1548/1450 1551/1561/1462 1550/1560/1461 
f 1540/1549/1451 1552/1562/1463 1551/1561/1462 
f 1541/1550/1452 1553/1563/1464 1552/1562/1463 
f 1542/1551/1453 1554/1564/1465 1553/1563/1464 
f 1531/1539/1442 1543/1552/1454 1554/1564/1465 
f 1544/1553/1455 1556/1566/1467 1555/1565/1466 
f 1545/1554/1456 1557/1567/1468 1556/1566/1467 
f 1546/1556/1457 1558/1569/1469 1557/1567/1468 
f 1547/1568/1458 1559/1581/1470 1558/1569/1469 
f 1548/1558/1459 1560/1571/1471 1559/1570/1470 
f 1549/1559/1460 1561/1572/1472 1560/1571/1471 
f 1550/1560/1461 1562/1573/1473 1561/1572/1472 
f 1551/1561/1462 1563/1574/1474 1562/1573/1473 
f 1552/1562/1463 1564/1575/1475 1563/1574/1474 
f 1553/1563/1464 1565/1576/1476 1564/1575/1475 
f 1554/1564/1465 1566/1577/1477 1565/1576/1476 
f 1543/1552/1454 1555/1565/1466 1566/1577/1477 
f 1556/1566/1467 1568/1579/1479 1567/1578/1478 
f 1557/1567/1468 1569/1580/1480 1568/1579/1479 
f 1558/1569/1469 1570/1582/1481 1569/1580/1480 
f 1559/1581/1470 1571/1594/1482 1570/1582/1481 
f 1560/1571/1471 1572/1584/1483 1571/1583/1482 
f 1561/1572/1472 1573/1585/1484 1572/1584/1483 
f 1562/1573/1473 1574/1586/1485 1573/1585/1484 
f 1563/1574/1474 1575/1587/1486 1574/1586/1485 
f 1564/1575/1475 1576/1588/1487 1575/1587/1486 
f 1565/1576/1476 1577/1589/1488 1576/1588/1487 
f 1566/1577/1477 1578/1590/1489 1577/1589/1488 
f 1555/1565/1466 1567/1578/1478 1578/1590/1489 
f 1568/1579/1479 1580/1592/1491 1579/1591/1490 
f 1569/1580/1480 1581/1593/1492 1580/1592/1491 
f 1570/1582/1481 1582/1595/1493 1581/1593/1492 
f 1571/1594/1482 1583/1607/1494 1582/1595/1493 
f 1572/1584/1483 1584/1597/1495 1583/1596/1494 
f 1573/1585/1484 1585/1598/1496 1584/1597/1495 
f 1574/1586/1485 1586/1599/1497 1585/1598/1496 
f 1575/1587/1486 1587/1600/1498 1586/1599/1497 
f 1576/1588/1487 1588/1601/1499 1587/1600/1498 
f 1577/1589/1488 1589/1602/1500 1588/1601/1499 
f 1578/1590/1489 1590/1603/1501 1589/1602/1500 
f 1567/1578/1478 1579/1591/1490 1590/1603/1501 
f 1580/1592/1491 1592/1605/1503 1591/1604/1502 
f 1581/1593/1492 1593/1606/1504 1592/1605/1503 
f 1582/1595/1493 1594/1608/1505 1593/1606/1504 
f 1583/1607/1494 1595/1620/1506 1594/1608/1505 
f 1584/1597/1495 1596/1610/1507 1595/1609/1506 
f 1585/1598/1496 1597/1611/1508 1596/1610/1507 
f 1586/1599/1497 1598/1612/1509 1597/1611/1508 
f 1587/1600/1498 1599/1613/1510 1598/1612/1509 
f 1588/1601/1499 1600/1614/1511 1599/1613/1510 
f 1589/1602/1500 1601/1615/1512 1600/1614/1511 
f 1590/1603/1501 1602/1616/1513 1601/1615/1512 
f 1579/1591/1490 1591/1604/1502 1602/1616/1513 
f 1592/1605/1503 1604/1618/1515 1603/1617/1514 
f 1593/1606/1504 1605/1619/1516 1604/1618/1515 
f 1594/1608/1505 1606/1621/1517 1605/1619/1516 
f 1595/1620/1506 1607/1633/1518 1606/1621/1517 
f 1596/1610/1507 1608/1623/1519 1607/1622/1518 
f 1597/1611/1508 1609/1624/1520 1608/1623/1519 
f 1598/1612/1509 1610/1625/1521 1609/1624/1520 
f 1599/1613/1510 1611/1626/1522 1610/1625/1521 
f 1600/1614/1511 1612/1627/1523 1611/1626/1522 
f 1601/1615/1512 1613/1628/1524 1612/1627/1523 
f 1602/1616/1513 1614/1629/1525 1613/1628/1524 
f 1591/1604/1502 1603/1617/1514 1614/1629/1525 
f 1604/1618/1515 1616/1631/1527 1615/1630/1526 
f 1605/1619/1516 1617/1632/1528 1616/1631/1527 
f 1606/1621/1517 1618/1634/1529 1617/1632/1528 
f 1607/1633/1518 1619/1646/1530 1618/1634/1529 
f 1608/1623/1519 1620/1636/1531 1619/1635/1530 
f 1609/1624/1520 1621/1637/1532 1620/1636/1531 
f 1610/1625/1521 1622/1638/1533 1621/1637/1532 
f 1611/1626/1522 1623/1639/1534 1622/1638/1533 
f 1612/1627/1523 1624/1640/1535 1623/1639/1534 
f 1613/1628/1524 1625/1641/1536 1624/1640/1535 
f 1614/1629/1525 1626/1642/1537 1625/1641/1536 
f 1603/1617/1514 1615/1630/1526 1626/1642/1537 
f 1616/1631/1527 1628/1644/1539 1627/1643/1538 
f 1617/1632/1528 1629/1645/1540 1628/1644/1539 
f 1618/1634/1529 1630/1647/1541 1629/1645/1540 
f 1619/1646/1530 1631/1659/1542 1630/1647/1541 
f 1620/1636/1531 1632/1649/1543 1631/1648/1542 
f 1621/1637/1532 1633/1650/1544 1632/1649/1543 
f 1622/1638/1533 1634/1651/1545 1633/1650/1544 
f 1623/1639/1534 1635/1652/1546 1634/1651/1545 
f 1624/1640/1535 1636/1653/1547 1635/1652/1546 
f 1625/1641/1536 1637/1654/1548 1636/1653/1547 
f 1626/1642/1537 1638/1655/1549 1637/1654/1548 
f 1615/1630/1526 1627/1643/1538 1638/1655/1549 
f 1628/1644/1539 1640/1657/1551 1639/1656/1550 
f 1629/1645/1540 1641/1658/1552 1640/1657/1551 
f 1630/1647/1541 1642/1660/1553 1641/1658/1552 
f 1631/1659/1542 1643/1672/1554 1642/1660/1553 
f 1632/1649/1543 1644/1662/1555 1643/1661/1554 
f 1633/1650/1544 1645/1663/1556 1644/1662/1555 
f 1634/1651/1545 1646/1664/1557 1645/1663/1556 
f 1635/1652/1546 1647/1665/1558 1646/1664/1557 
f 1636/1653/1547 1648/1666/1559 1647/1665/1558 
f 1637/1654/1548 1649/1667/1560 1648/1666/1559 
f 1638/1655/1549 1650/1668/1561 1649/1667/1560 
f 1627/1643/1538 1639/1656/1550 1650/1668/1561 
f 1640/1657/1551 1652/1670/1563 1651/1669/1562 
f 1641/1658/1552 1653/1671/1564 1652/1670/1563 
f 1642/1660/1553 1654/1673/1565 1653/1671/1564 
f 1643/1672/1554 1655/1685/1566 1654/1673/1565 
f 1644/1662/1555 1656/1675/1567 1655/1674/1566 
f 1645/1663/1556 1657/1676/1568 1656/1675/1567 
f 1646/1664/1557 1658/1677/1569 1657/1676/1568 
f 1647/1665/1558 1659/1678/1570 1658/1677/1569 
f 1648/1666/1559 1660/1679/1571 1659/1678/1570 
f 1649/1667/1560 1661/1680/1572 1660/1679/1571 
f 1650/1668/1561 1662/1681/1573 1661/1680/1572 
f 1639/1656/1550 1651/1669/1562 1662/1681/1573 
f 1652/1670/1563 1664/1683/1575 1663/1682/1574 
f 1653/1671/1564 1665/1684/1576 1664/1683/1575 
f 1654/1673/1565 1666/1686/1577 1665/1684/1576 
f 1655/1685/1566 1667/1698/1578 1666/1686/1577 
f 1656/1675/1567 1668/1688/1579 1667/1687/1578 
f 1657/1676/1568 1669/1689/1580 1668/1688/1579 
f 1658/1677/1569 1670/1690/1581 1669/1689/1580 
f 1659/1678/1570 1671/1691/1582 1670/1690/1581 
f 1660/1679/1571 1672/1692/1583 1671/1691/1582 
f 1661/1680/1572 1673/1693/1584 1672/1692/1583 
f 1662/1681/1573 1674/1694/1585 1673/1693/1584 
f 1651/1669/1562 1663/1682/1574 1674/1694/1585 
f 1664/1683/1575 1676/1696/1587 1675/1695/1586 
f 1665/1684/1576 1677/1697/1588 1676/1696/1587 
f 1666/1686/1577 1678/1699/1589 1677/1697/1588 
f 1667/1698/1578 1679/1711/1590 1678/1699/1589 
f 1668/1688/1579 1680/1701/1591 1679/1700/1590 
f 1669/1689/1580 1681/1702/1592 1680/1701/1591 
f 1670/1690/1581 1682/1703/1593 1681/1702/1592 
f 1671/1691/1582 1683/1704/1594 1682/1703/1593 
f 1672/1692/1583 1684/1705/1595 1683/1704/1594 
f 1673/1693/1584 1685/1706/1596 1684/1705/1595 
f 1674/1694/1585 1686/1707/1597 1685/1706/1596 
f 1663/1682/1574 1675/1695/1586 1686/1707/1597 
f 1676/1696/1587 1688/1709/1599 1687/1708/1598 
f 1677/1697/1588 1689/1710/1600 1688/1709/1599 
f 1678/1699/1589 1690/1712/1601 1689/1710/1600 
f 1679/1711/1590 1691/1724/1602 1690/1712/1601 
f 1680/1701/1591 1692/1714/1603 1691/1713/1602 
f 1681/1702/1592 1693/1715/1604 1692/1714/1603 
f 1682/1703/1593 1694/1716/1605 1693/1715/1604 
f 1683/1704/1594 1695/1717/1606 1694/1716/1605 
f 1684/1705/1595 1696/1718/1607 1695/1717/1606 
f 1685/1706/1596 1697/1719/1608 1696/1718/1607 
f 1686/1707/1597 1698/1720/1609 1697/1719/1608 
f 1675/1695/1586 1687/1708/1598 1698/1720/1609 
f 1688/1709/1599 1700/1722/1611 1699/1721/1610 
f 1689/1710/1600 1701/1723/1612 1700/1722/1611 
f 1690/1712/1601 1702/1725/1613 1701/1723/1612 
f 1691/1724/1602 1703/1758/1614 1702/1725/1613 
f 1692/1714/1603 1704/1727/1615 1703/1726/1614 
f 1693/1715/1604 1705/1728/1616 1704/1727/1615 
f 1694/1716/1605 1706/1729/1617 1705/1728/1616 
f 1695/1717/1606 1707/1730/1618 1706/1729/1617 
f 1696/1718/1607 1708/1731/1619 1707/1730/1618 
f 1697/1719/1608 1709/1732/1620 1708/1731/1619 
f 1698/1720/1609 1710/1733/1621 1709/1732/1620 
f 1687/1708/1598 1699/1721/1610 1710/1733/1621 
f 1711/1734/1622 1714/1737/1625 1712/1735/1623 
f 1714/1737/1625 1719/1742/1630 1715/1738/1626 
f 1716/1739/1627 1721/1744/1632 1717/1740/1628 
f 1719/1742/1630 1723/1746/1634 1720/1743/1631 
f 1721/1744/1632 1725/1748/1636 1722/1745/1633 
f 1723/1746/1634 1728/1763/1650 1724/1747/1635 
f 1725/1748/1636 1731/1765/1652 1726/1749/1637 
f 1699/1721/1610 1716/1762/1649 1727/1750/1638 
f 1710/1733/1621 1727/1750/1638 1728/1751/1639 
f 1709/1732/1620 1728/1751/1639 1723/1752/1640 
f 1708/1731/1619 1723/1752/1640 1719/1753/1641 
f 1707/1730/1618 1719/1753/1641 1714/1754/1642 
f 1706/1729/1617 1714/1754/1642 1711/1755/1643 
f 1705/1728/1616 1711/1755/1643 1729/1756/1644 
f 1704/1727/1615 1729/1756/1644 1730/1757/1645 
f 1703/1758/1614 1730/1800/1645 1731/1759/1646 
f 1702/1725/1613 1731/1759/1646 1725/1760/1647 
f 1701/1723/1612 1725/1760/1647 1721/1761/1648 
f 1700/1722/1611 1721/1761/1648 1716/1762/1649 
f 1728/1763/1650 1727/1767/1654 1732/1764/1651 
f 1731/1765/1652 1730/1801/1655 1733/1766/1653 
f 1727/1767/1654 1716/1739/1627 1718/1741/1629 
f 1730/1768/1655 1729/1771/1657 1734/1769/1656 
f 1729/1771/1657 1711/1734/1622 1713/1736/1624 
f 1737/1774/1658 1749/1804/2043 1753/1805/1658 
f 1749/1804/2043 1751/1806/1658 1753/1805/1658 
f 1751/1806/1658 1752/1807/1658 1753/1805/1658 
f 1753/1805/1658 1754/1808/1658 1735/1772/1658 
f 1735/1772/1658 1755/1809/1658 1736/1773/1658 
f 1736/1773/1658 1756/1810/2044 1757/1802/2044 
f 1757/1802/2044 1758/1811/2044 1736/1773/1658 
f 1758/1811/2044 1737/1774/1658 1736/1773/1658 
f 1753/1805/1658 1735/1772/1658 1737/1774/1658 
f 1722/1745/1633 1739/1776/1660 1738/1775/1659 
f 1726/1749/1637 1740/1777/1661 1739/1776/1660 
f 1733/1766/1653 1741/1790/1662 1740/1777/1661 
f 1734/1769/1656 1742/1779/1663 1741/1778/1662 
f 1713/1736/1624 1743/1780/1664 1742/1779/1663 
f 1712/1735/1623 1744/1781/1665 1743/1780/1664 
f 1715/1738/1626 1745/1782/1666 1744/1781/1665 
f 1720/1743/1631 1746/1783/1667 1745/1782/1666 
f 1724/1747/1635 1747/1784/1668 1746/1783/1667 
f 1732/1764/1651 1748/1785/1669 1747/1784/1668 
f 1718/1741/1629 1750/1787/1671 1748/1785/1669 
f 1738/1775/1659 1751/1788/1672 1749/1786/1670 
f 1739/1776/1660 1752/1789/1673 1751/1788/1672 
f 1740/1777/1661 1753/1791/1674 1752/1789/1673 
f 1741/1790/1662 1754/1803/1675 1753/1791/1674 
f 1742/1779/1663 1735/1793/1676 1754/1792/1675 
f 1743/1780/1664 1755/1794/1677 1735/1793/1676 
f 1744/1781/1665 1736/1795/1678 1755/1794/1677 
f 1745/1782/1666 1756/1796/1679 1736/1795/1678 
f 1746/1783/1667 1757/1797/1680 1756/1796/1679 
f 1747/1784/1668 1758/1798/1681 1757/1797/1680 
f 1748/1785/1669 1737/1799/1682 1758/1798/1681 
f 1750/1787/1671 1749/1786/1670 1737/1799/1682 
f 1717/1740/1628 1738/1775/1659 1750/1787/1671 
f 1399/1397/1310 1401/1399/1312 1759/1398/1683 
f 1402/1400/1313 1399/1397/1310 1760/1401/1684 
f 1404/1402/1315 1402/1400/1313 1761/1403/1685 
f 1406/1404/1317 1404/1402/1315 1762/1405/1686 
f 1408/1406/1319 1406/1408/1317 1763/1407/1687 
f 1410/1409/1321 1408/1406/1319 1764/1410/1688 
f 1412/1411/1323 1410/1409/1321 1765/1412/1689 
f 1414/1413/1325 1412/1411/1323 1766/1414/1690 
f 1416/1415/1327 1414/1413/1325 1767/1416/1691 
f 1418/1417/1329 1416/1415/1327 1768/1418/1692 
f 1420/1419/1331 1418/1417/1329 1769/1420/1693 
f 1401/1399/1312 1420/1419/1331 1770/1421/1694 
f 1760/1401/1684 1759/1398/1683 1771/1422/1695 
f 1761/1403/1685 1760/1401/1684 1772/1423/1696 
f 1762/1405/1686 1761/1403/1685 1773/1424/1697 
f 1763/1425/1687 1762/1405/1686 1774/1426/1698 
f 1764/1410/1688 1763/1407/1687 1775/1427/1699 
f 1765/1412/1689 1764/1410/1688 1776/1428/1700 
f 1766/1414/1690 1765/1412/1689 1777/1429/1701 
f 1767/1416/1691 1766/1414/1690 1778/1430/1702 
f 1768/1418/1692 1767/1416/1691 1779/1431/1703 
f 1769/1420/1693 1768/1418/1692 1780/1432/1704 
f 1770/1421/1694 1769/1420/1693 1781/1433/1705 
f 1759/1398/1683 1770/1421/1694 1782/1434/1706 
f 1772/1423/1696 1771/1422/1695 1783/1435/1707 
f 1773/1424/1697 1772/1423/1696 1784/1436/1708 
f 1774/1426/1698 1773/1424/1697 1785/1437/1709 
f 1775/1438/1699 1774/1426/1698 1786/1439/1710 
f 1776/1428/1700 1775/1427/1699 1787/1440/1711 
f 1777/1429/1701 1776/1428/1700 1788/1441/1712 
f 1778/1430/1702 1777/1429/1701 1789/1442/1713 
f 1779/1431/1703 1778/1430/1702 1790/1443/1714 
f 1780/1432/1704 1779/1431/1703 1791/1444/1715 
f 1781/1433/1705 1780/1432/1704 1792/1445/1716 
f 1782/1434/1706 1781/1433/1705 1793/1446/1717 
f 1771/1422/1695 1782/1434/1706 1794/1447/1718 
f 1784/1436/1708 1783/1435/1707 1795/1448/1719 
f 1785/1437/1709 1784/1436/1708 1796/1449/1720 
f 1786/1439/1710 1785/1437/1709 1797/1450/1721 
f 1787/1451/1711 1786/1439/1710 1798/1452/1722 
f 1788/1441/1712 1787/1440/1711 1799/1453/1723 
f 1789/1442/1713 1788/1441/1712 1800/1454/1724 
f 1790/1443/1714 1789/1442/1713 1801/1455/1725 
f 1791/1444/1715 1790/1443/1714 1802/1456/1726 
f 1792/1445/1716 1791/1444/1715 1803/1457/1727 
f 1793/1446/1717 1792/1445/1716 1804/1458/1728 
f 1794/1447/1718 1793/1446/1717 1805/1459/1729 
f 1783/1435/1707 1794/1447/1718 1806/1460/1730 
f 1796/1449/1720 1795/1448/1719 1807/1461/1731 
f 1797/1450/1721 1796/1449/1720 1808/1462/1732 
f 1798/1452/1722 1797/1450/1721 1809/1463/1733 
f 1799/1464/1723 1798/1452/1722 1810/1465/1734 
f 1800/1454/1724 1799/1453/1723 1811/1466/1735 
f 1801/1455/1725 1800/1454/1724 1812/1467/1736 
f 1802/1456/1726 1801/1455/1725 1813/1468/1737 
f 1803/1457/1727 1802/1456/1726 1814/1469/1738 
f 1804/1458/1728 1803/1457/1727 1815/1470/1739 
f 1805/1459/1729 1804/1458/1728 1816/1471/1740 
f 1806/1460/1730 1805/1459/1729 1817/1472/1741 
f 1795/1448/1719 1806/1460/1730 1818/1473/1742 
f 1808/1462/1732 1807/1461/1731 1819/1474/1743 
f 1809/1463/1733 1808/1462/1732 1820/1475/1744 
f 1810/1465/1734 1809/1463/1733 1821/1476/1745 
f 1811/1477/1735 1810/1465/1734 1822/1478/1746 
f 1812/1467/1736 1811/1466/1735 1823/1479/1747 
f 1813/1468/1737 1812/1467/1736 1824/1480/1748 
f 1814/1469/1738 1813/1468/1737 1825/1481/1749 
f 1815/1470/1739 1814/1469/1738 1826/1482/1750 
f 1816/1471/1740 1815/1470/1739 1827/1483/1751 
f 1817/1472/1741 1816/1471/1740 1828/1484/1752 
f 1818/1473/1742 1817/1472/1741 1829/1485/1753 
f 1807/1461/1731 1818/1473/1742 1830/1486/1754 
f 1820/1475/1744 1819/1474/1743 1831/1487/1755 
f 1821/1476/1745 1820/1475/1744 1832/1488/1756 
f 1822/1478/1746 1821/1476/1745 1833/1489/1757 
f 1823/1490/1747 1822/1478/1746 1834/1491/1758 
f 1824/1480/1748 1823/1479/1747 1835/1492/1759 
f 1825/1481/1749 1824/1480/1748 1836/1493/1760 
f 1826/1482/1750 1825/1481/1749 1837/1494/1761 
f 1827/1483/1751 1826/1482/1750 1838/1495/1762 
f 1828/1484/1752 1827/1483/1751 1839/1496/1763 
f 1829/1485/1753 1828/1484/1752 1840/1497/1764 
f 1830/1486/1754 1829/1485/1753 1841/1498/1765 
f 1819/1474/1743 1830/1486/1754 1842/1499/1766 
f 1832/1488/1756 1831/1487/1755 1843/1500/1767 
f 1833/1489/1757 1832/1488/1756 1844/1501/1768 
f 1834/1491/1758 1833/1489/1757 1845/1502/1769 
f 1835/1503/1759 1834/1491/1758 1846/1504/1770 
f 1836/1493/1760 1835/1492/1759 1847/1505/1771 
f 1837/1494/1761 1836/1493/1760 1848/1506/1772 
f 1838/1495/1762 1837/1494/1761 1849/1507/1773 
f 1839/1496/1763 1838/1495/1762 1850/1508/1774 
f 1840/1497/1764 1839/1496/1763 1851/1509/1775 
f 1841/1498/1765 1840/1497/1764 1852/1510/1776 
f 1842/1499/1766 1841/1498/1765 1853/1511/1777 
f 1831/1487/1755 1842/1499/1766 1854/1512/1778 
f 1844/1501/1768 1843/1500/1767 1855/1513/1779 
f 1845/1502/1769 1844/1501/1768 1856/1514/1780 
f 1846/1504/1770 1845/1502/1769 1857/1515/1781 
f 1847/1516/1771 1846/1504/1770 1858/1517/1782 
f 1848/1506/1772 1847/1505/1771 1859/1518/1783 
f 1849/1507/1773 1848/1506/1772 1860/1519/1784 
f 1850/1508/1774 1849/1507/1773 1861/1520/1785 
f 1851/1509/1775 1850/1508/1774 1862/1521/1786 
f 1852/1510/1776 1851/1509/1775 1863/1522/1787 
f 1853/1511/1777 1852/1510/1776 1864/1523/1788 
f 1854/1512/1778 1853/1511/1777 1865/1524/1789 
f 1843/1500/1767 1854/1512/1778 1866/1525/1790 
f 1856/1514/1780 1855/1513/1779 1867/1526/1791 
f 1857/1515/1781 1856/1514/1780 1868/1527/1792 
f 1858/1517/1782 1857/1515/1781 1869/1528/1793 
f 1859/1529/1783 1858/1517/1782 1870/1530/1794 
f 1860/1519/1784 1859/1518/1783 1871/1531/1795 
f 1861/1520/1785 1860/1519/1784 1872/1532/1796 
f 1862/1521/1786 1861/1520/1785 1873/1533/1797 
f 1863/1522/1787 1862/1521/1786 1874/1534/1798 
f 1864/1523/1788 1863/1522/1787 1875/1535/1799 
f 1865/1524/1789 1864/1523/1788 1876/1536/1800 
f 1866/1525/1790 1865/1524/1789 1877/1537/1801 
f 1855/1513/1779 1866/1525/1790 1878/1538/1802 
f 1868/1527/1792 1867/1526/1791 1879/1539/1803 
f 1869/1528/1793 1868/1527/1792 1880/1540/1804 
f 1870/1530/1794 1869/1528/1793 1881/1541/1805 
f 1871/1542/1795 1870/1530/1794 1882/1543/1806 
f 1872/1532/1796 1871/1531/1795 1883/1544/1807 
f 1873/1533/1797 1872/1532/1796 1884/1545/1808 
f 1874/1534/1798 1873/1533/1797 1885/1546/1809 
f 1875/1535/1799 1874/1534/1798 1886/1547/1810 
f 1876/1536/1800 1875/1535/1799 1887/1548/1811 
f 1877/1537/1801 1876/1536/1800 1888/1549/1812 
f 1878/1538/1802 1877/1537/1801 1889/1550/1813 
f 1867/1526/1791 1878/1538/1802 1890/1551/1814 
f 1880/1540/1804 1879/1539/1803 1891/1552/1815 
f 1881/1541/1805 1880/1540/1804 1892/1553/1816 
f 1882/1543/1806 1881/1541/1805 1893/1554/1817 
f 1883/1555/1807 1882/1543/1806 1894/1556/1818 
f 1884/1545/1808 1883/1544/1807 1895/1557/1819 
f 1885/1546/1809 1884/1545/1808 1896/1558/1820 
f 1886/1547/1810 1885/1546/1809 1897/1559/1821 
f 1887/1548/1811 1886/1547/1810 1898/1560/1822 
f 1888/1549/1812 1887/1548/1811 1899/1561/1823 
f 1889/1550/1813 1888/1549/1812 1900/1562/1824 
f 1890/1551/1814 1889/1550/1813 1901/1563/1825 
f 1879/1539/1803 1890/1551/1814 1902/1564/1826 
f 1892/1553/1816 1891/1552/1815 1903/1565/1827 
f 1893/1554/1817 1892/1553/1816 1904/1566/1828 
f 1894/1556/1818 1893/1554/1817 1905/1567/1829 
f 1895/1568/1819 1894/1556/1818 1906/1569/1830 
f 1896/1558/1820 1895/1557/1819 1907/1570/1831 
f 1897/1559/1821 1896/1558/1820 1908/1571/1832 
f 1898/1560/1822 1897/1559/1821 1909/1572/1833 
f 1899/1561/1823 1898/1560/1822 1910/1573/1834 
f 1900/1562/1824 1899/1561/1823 1911/1574/1835 
f 1901/1563/1825 1900/1562/1824 1912/1575/1836 
f 1902/1564/1826 1901/1563/1825 1913/1576/1837 
f 1891/1552/1815 1902/1564/1826 1914/1577/1838 
f 1904/1566/1828 1903/1565/1827 1915/1578/1839 
f 1905/1567/1829 1904/1566/1828 1916/1579/1840 
f 1906/1569/1830 1905/1567/1829 1917/1580/1841 
f 1907/1581/1831 1906/1569/1830 1918/1582/1842 
f 1908/1571/1832 1907/1570/1831 1919/1583/1843 
f 1909/1572/1833 1908/1571/1832 1920/1584/1844 
f 1910/1573/1834 1909/1572/1833 1921/1585/1845 
f 1911/1574/1835 1910/1573/1834 1922/1586/1846 
f 1912/1575/1836 1911/1574/1835 1923/1587/1847 
f 1913/1576/1837 1912/1575/1836 1924/1588/1848 
f 1914/1577/1838 1913/1576/1837 1925/1589/1849 
f 1903/1565/1827 1914/1577/1838 1926/1590/1850 
f 1916/1579/1840 1915/1578/1839 1927/1591/1851 
f 1917/1580/1841 1916/1579/1840 1928/1592/1852 
f 1918/1582/1842 1917/1580/1841 1929/1593/1853 
f 1919/1594/1843 1918/1582/1842 1930/1595/1854 
f 1920/1584/1844 1919/1583/1843 1931/1596/1855 
f 1921/1585/1845 1920/1584/1844 1932/1597/1856 
f 1922/1586/1846 1921/1585/1845 1933/1598/1857 
f 1923/1587/1847 1922/1586/1846 1934/1599/1858 
f 1924/1588/1848 1923/1587/1847 1935/1600/1859 
f 1925/1589/1849 1924/1588/1848 1936/1601/1860 
f 1926/1590/1850 1925/1589/1849 1937/1602/1861 
f 1915/1578/1839 1926/1590/1850 1938/1603/1862 
f 1928/1592/1852 1927/1591/1851 1939/1604/1863 
f 1929/1593/1853 1928/1592/1852 1940/1605/1864 
f 1930/1595/1854 1929/1593/1853 1941/1606/1865 
f 1931/1607/1855 1930/1595/1854 1942/1608/1866 
f 1932/1597/1856 1931/1596/1855 1943/1609/1867 
f 1933/1598/1857 1932/1597/1856 1944/1610/1868 
f 1934/1599/1858 1933/1598/1857 1945/1611/1869 
f 1935/1600/1859 1934/1599/1858 1946/1612/1870 
f 1936/1601/1860 1935/1600/1859 1947/1613/1871 
f 1937/1602/1861 1936/1601/1860 1948/1614/1872 
f 1938/1603/1862 1937/1602/1861 1949/1615/1873 
f 1927/1591/1851 1938/1603/1862 1950/1616/1874 
f 1940/1605/1864 1939/1604/1863 1951/1617/1875 
f 1941/1606/1865 1940/1605/1864 1952/1618/1876 
f 1942/1608/1866 1941/1606/1865 1953/1619/1877 
f 1943/1620/1867 1942/1608/1866 1954/1621/1878 
f 1944/1610/1868 1943/1609/1867 1955/1622/1879 
f 1945/1611/1869 1944/1610/1868 1956/1623/1880 
f 1946/1612/1870 1945/1611/1869 1957/1624/1881 
f 1947/1613/1871 1946/1612/1870 1958/1625/1882 
f 1948/1614/1872 1947/1613/1871 1959/1626/1883 
f 1949/1615/1873 1948/1614/1872 1960/1627/1884 
f 1950/1616/1874 1949/1615/1873 1961/1628/1885 
f 1939/1604/1863 1950/1616/1874 1962/1629/1886 
f 1952/1618/1876 1951/1617/1875 1963/1630/1887 
f 1953/1619/1877 1952/1618/1876 1964/1631/1888 
f 1954/1621/1878 1953/1619/1877 1965/1632/1889 
f 1955/1633/1879 1954/1621/1878 1966/1634/1890 
f 1956/1623/1880 1955/1622/1879 1967/1635/1891 
f 1957/1624/1881 1956/1623/1880 1968/1636/1892 
f 1958/1625/1882 1957/1624/1881 1969/1637/1893 
f 1959/1626/1883 1958/1625/1882 1970/1638/1894 
f 1960/1627/1884 1959/1626/1883 1971/1639/1895 
f 1961/1628/1885 1960/1627/1884 1972/1640/1896 
f 1962/1629/1886 1961/1628/1885 1973/1641/1897 
f 1951/1617/1875 1962/1629/1886 1974/1642/1898 
f 1964/1631/1888 1963/1630/1887 1975/1643/1899 
f 1965/1632/1889 1964/1631/1888 1976/1644/1900 
f 1966/1634/1890 1965/1632/1889 1977/1645/1901 
f 1967/1646/1891 1966/1634/1890 1978/1647/1902 
f 1968/1636/1892 1967/1635/1891 1979/1648/1903 
f 1969/1637/1893 1968/1636/1892 1980/1649/1904 
f 1970/1638/1894 1969/1637/1893 1981/1650/1905 
f 1971/1639/1895 1970/1638/1894 1982/1651/1906 
f 1972/1640/1896 1971/1639/1895 1983/1652/1907 
f 1973/1641/1897 1972/1640/1896 1984/1653/1908 
f 1974/1642/1898 1973/1641/1897 1985/1654/1909 
f 1963/1630/1887 1974/1642/1898 1986/1655/1910 
f 1976/1644/1900 1975/1643/1899 1987/1656/1911 
f 1977/1645/1901 1976/1644/1900 1988/1657/1912 
f 1978/1647/1902 1977/1645/1901 1989/1658/1913 
f 1979/1659/1903 1978/1647/1902 1990/1660/1914 
f 1980/1649/1904 1979/1648/1903 1991/1661/1915 
f 1981/1650/1905 1980/1649/1904 1992/1662/1916 
f 1982/1651/1906 1981/1650/1905 1993/1663/1917 
f 1983/1652/1907 1982/1651/1906 1994/1664/1918 
f 1984/1653/1908 1983/1652/1907 1995/1665/1919 
f 1985/1654/1909 1984/1653/1908 1996/1666/1920 
f 1986/1655/1910 1985/1654/1909 1997/1667/1921 
f 1975/1643/1899 1986/1655/1910 1998/1668/1922 
f 1988/1657/1912 1987/1656/1911 1999/1669/1923 
f 1989/1658/1913 1988/1657/1912 2000/1670/1924 
f 1990/1660/1914 1989/1658/1913 2001/1671/1925 
f 1991/1672/1915 1990/1660/1914 2002/1673/1926 
f 1992/1662/1916 1991/1661/1915 2003/1674/1927 
f 1993/1663/1917 1992/1662/1916 2004/1675/1928 
f 1994/1664/1918 1993/1663/1917 2005/1676/1929 
f 1995/1665/1919 1994/1664/1918 2006/1677/1930 
f 1996/1666/1920 1995/1665/1919 2007/1678/1931 
f 1997/1667/1921 1996/1666/1920 2008/1679/1932 
f 1998/1668/1922 1997/1667/1921 2009/1680/1933 
f 1987/1656/1911 1998/1668/1922 2010/1681/1934 
f 2000/1670/1924 1999/1669/1923 2011/1682/1935 
f 2001/1671/1925 2000/1670/1924 2012/1683/1936 
f 2002/1673/1926 2001/1671/1925 2013/1684/1937 
f 2003/1685/1927 2002/1673/1926 2014/1686/1938 
f 2004/1675/1928 2003/1674/1927 2015/1687/1939 
f 2005/1676/1929 2004/1675/1928 2016/1688/1940 
f 2006/1677/1930 2005/1676/1929 2017/1689/1941 
f 2007/1678/1931 2006/1677/1930 2018/1690/1942 
f 2008/1679/1932 2007/1678/1931 2019/1691/1943 
f 2009/1680/1933 2008/1679/1932 2020/1692/1944 
f 2010/1681/1934 2009/1680/1933 2021/1693/1945 
f 1999/1669/1923 2010/1681/1934 2022/1694/1946 
f 2012/1683/1936 2011/1682/1935 2023/1695/1947 
f 2013/1684/1937 2012/1683/1936 2024/1696/1948 
f 2014/1686/1938 2013/1684/1937 2025/1697/1949 
f 2015/1698/1939 2014/1686/1938 2026/1699/1950 
f 2016/1688/1940 2015/1687/1939 2027/1700/1951 
f 2017/1689/1941 2016/1688/1940 2028/1701/1952 
f 2018/1690/1942 2017/1689/1941 2029/1702/1953 
f 2019/1691/1943 2018/1690/1942 2030/1703/1954 
f 2020/1692/1944 2019/1691/1943 2031/1704/1955 
f 2021/1693/1945 2020/1692/1944 2032/1705/1956 
f 2022/1694/1946 2021/1693/1945 2033/1706/1957 
f 2011/1682/1935 2022/1694/1946 2034/1707/1958 
f 2024/1696/1948 2023/1695/1947 2035/1708/1959 
f 2025/1697/1949 2024/1696/1948 2036/1709/1960 
f 2026/1699/1950 2025/1697/1949 2037/1710/1961 
f 2027/1711/1951 2026/1699/1950 2038/1712/1962 
f 2028/1701/1952 2027/1700/1951 2039/1713/1963 
f 2029/1702/1953 2028/1701/1952 2040/1714/1964 
f 2030/1703/1954 2029/1702/1953 2041/1715/1965 
f 2031/1704/1955 2030/1703/1954 2042/1716/1966 
f 2032/1705/1956 2031/1704/1955 2043/1717/1967 
f 2033/1706/1957 2032/1705/1956 2044/1718/1968 
f 2034/1707/1958 2033/1706/1957 2045/1719/1969 
f 2023/1695/1947 2034/1707/1958 2046/1720/1970 
f 2036/1709/1960 2035/1708/1959 2047/1721/1971 
f 2037/1710/1961 2036/1709/1960 2048/1722/1972 
f 2038/1712/1962 2037/1710/1961 2049/1723/1973 
f 2039/1724/1963 2038/1712/1962 2050/1725/1974 
f 2040/1714/1964 2039/1713/1963 2051/1726/1975 
f 2041/1715/1965 2040/1714/1964 2052/1727/1976 
f 2042/1716/1966 2041/1715/1965 2053/1728/1977 
f 2043/1717/1967 2042/1716/1966 2054/1729/1978 
f 2044/1718/1968 2043/1717/1967 2055/1730/1979 
f 2045/1719/1969 2044/1718/1968 2056/1731/1980 
f 2046/1720/1970 2045/1719/1969 2057/1732/1981 
f 2035/1708/1959 2046/1720/1970 2058/1733/1982 
f 2059/1734/1983 2082/1736/2016 2060/1735/1984 
f 2061/1737/1985 2060/1735/1984 2062/1738/1986 
f 2064/1739/1988 2080/1741/2013 2065/1740/1989 
f 2063/1742/1987 2062/1738/1986 2067/1743/1991 
f 2066/1744/1990 2065/1740/1989 2069/1745/1992 
f 2068/1746/1634 2067/1743/1991 2071/1747/1994 
f 2070/1748/1993 2069/1745/1992 2073/1749/1996 
f 2047/1721/1971 2058/1733/1982 2075/1750/1997 
f 2058/1733/1982 2057/1732/1981 2072/1751/1999 
f 2057/1732/1981 2056/1731/1980 2068/1752/2000 
f 2056/1731/1980 2055/1730/1979 2063/1753/2001 
f 2055/1730/1979 2054/1729/1978 2061/1754/2002 
f 2054/1729/1978 2053/1728/1977 2059/1755/2003 
f 2053/1728/1977 2052/1727/1976 2076/1756/2004 
f 2052/1727/1976 2051/1726/1975 2077/1757/2005 
f 2051/1758/1975 2050/1725/1974 2074/1759/2006 
f 2050/1725/1974 2049/1723/1973 2070/1760/2007 
f 2049/1723/1973 2048/1722/1972 2066/1761/2008 
f 2048/1722/1972 2047/1721/1971 2064/1762/1998 
f 2072/1763/1995 2071/1747/1994 2078/1764/2009 
f 2074/1765/1652 2073/1749/1996 2079/1766/2011 
f 2075/1767/2010 2078/1764/2009 2080/1741/2013 
f 2077/1768/2012 2079/1770/2011 2081/1769/2014 
f 2076/1771/2015 2081/1769/2014 2082/1736/2016 
f 2099/1806/2017 2098/1804/2045 2083/1774/2017 
f 2083/1774/2017 2106/1811/2018 2084/1802/2018 
f 2084/1802/2018 2105/1810/2018 2104/1773/2018 
f 2104/1773/2018 2103/1809/2017 2084/1802/2018 
f 2103/1809/2017 2085/1772/2017 2084/1802/2018 
f 2085/1772/2017 2102/1808/2017 2099/1806/2017 
f 2102/1808/2017 2101/1805/2017 2099/1806/2017 
f 2101/1805/2017 2100/1807/2046 2099/1806/2017 
f 2099/1806/2017 2083/1774/2017 2085/1772/2017 
f 2069/1745/1992 2065/1740/1989 2086/1775/2019 
f 2073/1749/1996 2069/1745/1992 2087/1776/2020 
f 2079/1766/2011 2073/1749/1996 2088/1777/2021 
f 2081/1769/2014 2079/1770/2011 2089/1778/2022 
f 2082/1736/2016 2081/1769/2014 2090/1779/2023 
f 2060/1735/1984 2082/1736/2016 2091/1780/2024 
f 2062/1738/1986 2060/1735/1984 2092/1781/2025 
f 2067/1743/1991 2062/1738/1986 2093/1782/2026 
f 2071/1747/1994 2067/1743/1991 2094/1783/2027 
f 2078/1764/2009 2071/1747/1994 2095/1784/2028 
f 2080/1741/2013 2078/1764/2009 2096/1785/2029 
f 2086/1775/2019 2097/1787/2030 2098/1786/2031 
f 2087/1776/2020 2086/1775/2019 2099/1788/2032 
f 2088/1777/2021 2087/1776/2020 2100/1789/2033 
f 2089/1790/2022 2088/1777/2021 2101/1791/2034 
f 2090/1779/2023 2089/1778/2022 2102/1792/2035 
f 2091/1780/2024 2090/1779/2023 2085/1793/2036 
f 2092/1781/2025 2091/1780/2024 2103/1794/2037 
f 2093/1782/2026 2092/1781/2025 2104/1795/2038 
f 2094/1783/2027 2093/1782/2026 2105/1796/2039 
f 2095/1784/2028 2094/1783/2027 2084/1797/2040 
f 2096/1785/2029 2095/1784/2028 2106/1798/2041 
f 2097/1787/2030 2096/1785/2029 2083/1799/2042 
f 2065/1740/1989 2080/1741/2013 2097/1787/2030 
f 2107/1812/2047 2108/1813/2048 2109/1814/2049 
f 2110/1815/2050 2111/1816/2051 2112/1817/2052 
f 2113/1818/2053 2114/1819/2054 2107/1812/2047 
f 2115/1820/2055 2116/1821/2056 2117/1822/2057 
f 2118/1823/2058 2119/1824/2059 2120/1825/2060 
f 2121/1826/2061 2122/1827/2062 2115/1820/2055 
f 2123/1828/2063 2124/1829/2064 2121/1826/2061 
f 2125/1830/2065 2126/1831/2066 2123/1828/2063 
f 2127/1832/2067 2128/1833/2068 2129/1834/2069 
f 2130/1835/2070 2131/1836/2071 2127/1832/2067 
f 2132/1837/2072 2133/1838/2073 2134/1839/2074 
f 2135/1840/2075 2136/1841/2076 2130/1835/2070 
f 2137/1842/2077 2138/1843/2072 2139/1844/2078 
f 2112/1817/2052 2140/1845/2079 2141/1846/2080 
f 2141/1846/2080 2142/1847/2081 2143/1848/2082 
f 2143/1848/2082 2144/1849/2083 2145/1850/2084 
f 2129/1834/2069 2146/1851/2085 2125/1830/2065 
f 2145/1850/2084 2147/1852/2086 2148/1853/2087 
f 2148/1853/2087 2149/1854/2088 2118/1823/2058 
f 2120/1825/2060 2150/1855/2089 2151/1856/2090 
f 2151/1856/2090 2152/1857/2091 2137/1858/2077 
f 2117/1822/2057 2153/1859/2092 2113/1860/2053 
f 2139/1844/2078 2154/1861/2074 2155/1862/2093 
f 2155/1862/2093 2156/1863/2094 2110/1815/2050 
f 2157/1864/2094 2158/1865/2095 2159/1866/2051 
f 2134/1839/2074 2160/1867/2096 2157/1864/2094 
f 2161/1868/2097 2162/1869/2098 2163/1870/2099 
f 2164/1871/2059 2165/1872/2100 2161/1868/2097 
f 2166/1873/2088 2167/1874/2101 2164/1871/2059 
f 2168/1875/2086 2169/1876/2102 2166/1873/2088 
f 2170/1877/2083 2171/1878/2103 2168/1875/2086 
f 2172/1879/2104 2173/1880/2105 2170/1877/2083 
f 2174/1881/2106 2175/1882/2107 2172/1879/2081 
f 2159/1866/2051 2176/1883/2108 2174/1881/2106 
f 2163/1884/2109 2177/1885/2110 2132/1837/2072 
f 2109/1814/2049 2178/1886/2111 2135/1840/2075 
f 2156/1887/2112 2154/1888/2112 2149/1889/2112 
f 2134/1890/2113 2161/1891/2113 2132/1892/2113 
f 2133/1838/2073 2179/1893/2114 2180/1894/2115 
f 2177/1885/2110 2181/1895/2116 2179/1893/2114 
f 2162/1869/2098 2182/1896/2117 2181/1897/2116 
f 2165/1872/2100 2183/1898/2118 2182/1896/2117 
f 2167/1874/2101 2184/1899/2119 2183/1898/2118 
f 2169/1876/2102 2185/1900/2120 2184/1899/2119 
f 2171/1878/2103 2186/1901/2121 2185/1900/2120 
f 2173/1880/2105 2187/1902/2122 2186/1901/2121 
f 2175/1882/2107 2188/1903/2123 2187/1902/2122 
f 2176/1883/2108 2189/1904/2124 2188/1903/2123 
f 2158/1865/2095 2190/1905/2125 2189/1904/2124 
f 2160/1867/2096 2180/1894/2115 2190/1905/2125 
f 2189/1904/2124 2135/1840/2075 2130/1835/2070 
f 2188/1903/2123 2130/1835/2070 2127/1832/2067 
f 2187/1902/2122 2127/1832/2067 2129/1834/2069 
f 2186/1901/2121 2129/1834/2069 2125/1830/2065 
f 2185/1900/2120 2125/1830/2065 2123/1828/2063 
f 2184/1899/2119 2123/1828/2063 2121/1826/2061 
f 2183/1898/2118 2121/1826/2061 2115/1820/2055 
f 2182/1896/2117 2115/1820/2055 2117/1822/2057 
f 2181/1897/2116 2117/1822/2057 2113/1860/2053 
f 2179/1893/2114 2113/1818/2053 2107/1812/2047 
f 2180/1894/2115 2107/1812/2047 2109/1814/2049 
f 2190/1905/2125 2109/1814/2049 2135/1840/2075 
f 2178/1886/2111 2191/1906/2126 2192/1907/2127 
f 2108/1813/2048 2193/1908/2128 2191/1906/2126 
f 2114/1819/2054 2194/1909/2129 2193/1908/2128 
f 2153/1859/2092 2195/1910/2130 2194/1911/2129 
f 2116/1821/2056 2196/1912/2131 2195/1910/2130 
f 2122/1827/2062 2197/1913/2132 2196/1912/2131 
f 2124/1829/2064 2198/1914/2133 2197/1913/2132 
f 2126/1831/2066 2199/1915/2134 2198/1914/2133 
f 2146/1851/2085 2200/1916/2135 2199/1915/2134 
f 2128/1833/2068 2201/1917/2136 2200/1916/2135 
f 2131/1836/2071 2202/1918/2137 2201/1917/2136 
f 2136/1841/2076 2192/1907/2127 2202/1918/2137 
f 2201/1917/2136 2112/1817/2052 2141/1846/2080 
f 2200/1916/2135 2141/1846/2080 2143/1848/2082 
f 2199/1915/2134 2143/1848/2082 2145/1850/2084 
f 2198/1914/2133 2145/1850/2084 2148/1853/2087 
f 2197/1913/2132 2148/1853/2087 2118/1823/2058 
f 2196/1912/2131 2118/1823/2058 2120/1825/2060 
f 2195/1910/2130 2120/1825/2060 2151/1856/2090 
f 2194/1911/2129 2151/1856/2090 2137/1858/2077 
f 2193/1908/2128 2137/1842/2077 2139/1844/2078 
f 2191/1906/2126 2139/1844/2078 2155/1862/2093 
f 2192/1907/2127 2155/1862/2093 2110/1815/2050 
f 2202/1918/2137 2110/1815/2050 2112/1817/2052 
f 2203/1812/2138 2204/1813/2139 2205/1819/2140 
f 2206/1815/2141 2207/1816/2142 2208/1863/2143 
f 2209/1818/2144 2205/1819/2140 2210/1919/2145 
f 2211/1820/2146 2212/1821/2147 2213/1827/2148 
f 2214/1823/2149 2215/1824/2150 2216/1854/2151 
f 2217/1826/2152 2213/1827/2148 2218/1829/2153 
f 2219/1828/2154 2218/1829/2153 2220/1831/2155 
f 2221/1830/2156 2220/1831/2155 2222/1851/2157 
f 2223/1832/2158 2224/1833/2159 2225/1836/2160 
f 2226/1835/2161 2225/1836/2160 2227/1841/2162 
f 2228/1837/2163 2229/1838/2164 2230/1885/2165 
f 2231/1840/2166 2227/1841/2162 2232/1886/2167 
f 2233/1842/2168 2234/1843/2163 2235/1920/2169 
f 2236/1817/2170 2237/1845/2171 2207/1816/2142 
f 2238/1846/2172 2239/1847/2173 2237/1845/2171 
f 2240/1848/2174 2241/1849/2175 2239/1847/2176 
f 2242/1834/2177 2222/1851/2157 2224/1833/2159 
f 2243/1850/2178 2244/1852/2179 2241/1849/2175 
f 2245/1853/2180 2216/1854/2151 2244/1852/2179 
f 2246/1825/2181 2247/1855/2182 2215/1824/2150 
f 2248/1856/2183 2235/1857/2184 2247/1855/2182 
f 2249/1822/2185 2210/1859/2145 2212/1821/2147 
f 2250/1844/2186 2251/1861/2187 2234/1843/2163 
f 2252/1862/2188 2208/1863/2143 2251/1861/2187 
f 2253/1864/2143 2254/1865/2189 2255/1867/2190 
f 2256/1839/2187 2255/1867/2190 2229/1838/2164 
f 2257/1868/2182 2258/1869/2191 2259/1872/2192 
f 2260/1871/2150 2259/1872/2192 2261/1874/2193 
f 2262/1873/2151 2261/1874/2193 2263/1876/2194 
f 2264/1875/2179 2263/1876/2194 2265/1878/2195 
f 2266/1877/2175 2265/1878/2195 2267/1880/2196 
f 2268/1879/2176 2267/1880/2196 2269/1882/2197 
f 2270/1881/2198 2269/1882/2197 2271/1883/2199 
f 2272/1866/2142 2271/1883/2199 2254/1865/2189 
f 2273/1884/2169 2230/1885/2165 2258/1921/2191 
f 2274/1814/2200 2232/1886/2167 2204/1813/2139 
f 2216/1889/2201 2215/1922/2201 2208/1887/2201 
f 2270/1923/2202 2272/1924/2202 2264/1925/2202 
f 2229/1838/2164 2275/1893/2203 2230/1885/2165 
f 2230/1885/2165 2276/1895/2204 2258/1921/2191 
f 2258/1869/2191 2277/1896/2205 2259/1872/2192 
f 2259/1872/2192 2278/1898/2206 2261/1874/2193 
f 2261/1874/2193 2279/1899/2207 2263/1876/2194 
f 2263/1876/2194 2280/1900/2208 2265/1878/2195 
f 2265/1878/2195 2281/1901/2209 2267/1880/2196 
f 2267/1880/2196 2282/1902/2210 2269/1882/2197 
f 2269/1882/2197 2283/1903/2211 2271/1883/2199 
f 2271/1883/2199 2284/1904/2212 2254/1865/2189 
f 2254/1865/2189 2285/1905/2213 2255/1867/2190 
f 2255/1867/2190 2286/1894/2214 2229/1838/2164 
f 2284/1904/2212 2231/1840/2166 2285/1905/2213 
f 2283/1903/2211 2226/1835/2161 2284/1904/2212 
f 2282/1902/2210 2223/1832/2158 2283/1903/2211 
f 2281/1901/2209 2242/1834/2177 2282/1902/2210 
f 2280/1900/2208 2221/1830/2156 2281/1901/2209 
f 2279/1899/2207 2219/1828/2154 2280/1900/2208 
f 2278/1898/2206 2217/1826/2152 2279/1899/2207 
f 2277/1896/2205 2211/1820/2146 2278/1898/2206 
f 2276/1897/2204 2249/1822/2185 2277/1896/2205 
f 2275/1893/2203 2209/1818/2144 2276/1895/2204 
f 2286/1894/2214 2203/1812/2138 2275/1893/2203 
f 2285/1905/2213 2274/1814/2200 2286/1894/2214 
f 2232/1886/2167 2287/1906/2215 2204/1813/2139 
f 2204/1813/2139 2288/1908/2216 2205/1819/2140 
f 2205/1819/2140 2289/1909/2217 2210/1919/2145 
f 2210/1859/2145 2290/1910/2218 2212/1821/2147 
f 2212/1821/2147 2291/1912/2219 2213/1827/2148 
f 2213/1827/2148 2292/1913/2220 2218/1829/2153 
f 2218/1829/2153 2293/1914/2221 2220/1831/2155 
f 2220/1831/2155 2294/1915/2222 2222/1851/2157 
f 2222/1851/2157 2295/1916/2223 2224/1833/2159 
f 2224/1833/2159 2296/1917/2224 2225/1836/2160 
f 2225/1836/2160 2297/1918/2225 2227/1841/2162 
f 2227/1841/2162 2298/1907/2226 2232/1886/2167 
f 2296/1917/2224 2236/1817/2170 2297/1918/2225 
f 2295/1916/2223 2238/1846/2172 2296/1917/2224 
f 2294/1915/2222 2240/1848/2174 2295/1916/2223 
f 2293/1914/2221 2243/1850/2178 2294/1915/2222 
f 2292/1913/2220 2245/1853/2180 2293/1914/2221 
f 2291/1912/2219 2214/1823/2149 2292/1913/2220 
f 2290/1910/2218 2246/1825/2181 2291/1912/2219 
f 2289/1911/2217 2248/1856/2183 2290/1910/2218 
f 2288/1908/2216 2233/1842/2168 2289/1909/2217 
f 2287/1906/2215 2250/1844/2186 2288/1908/2216 
f 2298/1907/2226 2252/1862/2188 2287/1906/2215 
f 2297/1918/2225 2206/1815/2141 2298/1907/2226 
f 2107/1812/2047 2114/1819/2054 2108/1813/2048 
f 2110/1815/2050 2156/1863/2094 2111/1816/2051 
f 2113/1818/2053 2153/1919/2092 2114/1819/2054 
f 2115/1820/2055 2122/1827/2062 2116/1821/2056 
f 2118/1823/2058 2149/1854/2088 2119/1824/2059 
f 2121/1826/2061 2124/1829/2064 2122/1827/2062 
f 2123/1828/2063 2126/1831/2066 2124/1829/2064 
f 2125/1830/2065 2146/1851/2085 2126/1831/2066 
f 2127/1832/2067 2131/1836/2071 2128/1833/2068 
f 2130/1835/2070 2136/1841/2076 2131/1836/2071 
f 2132/1837/2072 2177/1885/2110 2133/1838/2073 
f 2135/1840/2075 2178/1886/2111 2136/1841/2076 
f 2137/1842/2077 2152/1920/2109 2138/1843/2072 
f 2112/1817/2052 2111/1816/2051 2140/1845/2079 
f 2141/1846/2080 2140/1845/2079 2142/1847/2081 
f 2143/1848/2082 2142/1847/2104 2144/1849/2083 
f 2129/1834/2069 2128/1833/2068 2146/1851/2085 
f 2145/1850/2084 2144/1849/2083 2147/1852/2086 
f 2148/1853/2087 2147/1852/2086 2149/1854/2088 
f 2120/1825/2060 2119/1824/2059 2150/1855/2089 
f 2151/1856/2090 2150/1855/2089 2152/1857/2091 
f 2117/1822/2057 2116/1821/2056 2153/1859/2092 
f 2139/1844/2078 2138/1843/2072 2154/1861/2074 
f 2155/1862/2093 2154/1861/2074 2156/1863/2094 
f 2157/1864/2094 2160/1867/2096 2158/1865/2095 
f 2134/1839/2074 2133/1838/2073 2160/1867/2096 
f 2161/1868/2097 2165/1872/2100 2162/1869/2098 
f 2164/1871/2059 2167/1874/2101 2165/1872/2100 
f 2166/1873/2088 2169/1876/2102 2167/1874/2101 
f 2168/1875/2086 2171/1878/2103 2169/1876/2102 
f 2170/1877/2083 2173/1880/2105 2171/1878/2103 
f 2172/1879/2104 2175/1882/2107 2173/1880/2105 
f 2174/1881/2106 2176/1883/2108 2175/1882/2107 
f 2159/1866/2051 2158/1865/2095 2176/1883/2108 
f 2163/1884/2109 2162/1921/2098 2177/1885/2110 
f 2109/1814/2049 2108/1813/2048 2178/1886/2111 
f 2138/1926/2112 2152/1927/2112 2150/1928/2112 
f 2150/1928/2112 2119/1922/2112 2138/1926/2112 
f 2119/1922/2112 2149/1889/2112 2154/1888/2112 
f 2138/1926/2112 2119/1922/2112 2154/1888/2112 
f 2149/1889/2112 2147/1929/2112 2111/1930/2112 
f 2147/1929/2112 2144/1931/2112 2140/1932/2112 
f 2144/1931/2112 2142/1933/2112 2140/1932/2112 
f 2140/1932/2112 2111/1930/2112 2147/1929/2112 
f 2111/1930/2112 2156/1887/2112 2149/1889/2112 
f 2134/1890/2113 2157/1934/2113 2166/1935/2113 
f 2157/1934/2113 2159/1924/2113 2168/1925/2113 
f 2159/1924/2113 2174/1923/2113 2168/1925/2113 
f 2174/1923/2113 2172/1936/2227 2170/1937/2113 
f 2168/1925/2113 2174/1923/2113 2170/1937/2113 
f 2168/1925/2113 2166/1935/2113 2157/1934/2113 
f 2166/1935/2113 2164/1938/2113 2134/1890/2113 
f 2164/1938/2113 2161/1891/2113 2134/1890/2113 
f 2161/1891/2113 2163/1939/2113 2132/1892/2113 
f 2133/1838/2073 2177/1885/2110 2179/1893/2114 
f 2177/1885/2110 2162/1921/2098 2181/1895/2116 
f 2162/1869/2098 2165/1872/2100 2182/1896/2117 
f 2165/1872/2100 2167/1874/2101 2183/1898/2118 
f 2167/1874/2101 2169/1876/2102 2184/1899/2119 
f 2169/1876/2102 2171/1878/2103 2185/1900/2120 
f 2171/1878/2103 2173/1880/2105 2186/1901/2121 
f 2173/1880/2105 2175/1882/2107 2187/1902/2122 
f 2175/1882/2107 2176/1883/2108 2188/1903/2123 
f 2176/1883/2108 2158/1865/2095 2189/1904/2124 
f 2158/1865/2095 2160/1867/2096 2190/1905/2125 
f 2160/1867/2096 2133/1838/2073 2180/1894/2115 
f 2189/1904/2124 2190/1905/2125 2135/1840/2075 
f 2188/1903/2123 2189/1904/2124 2130/1835/2070 
f 2187/1902/2122 2188/1903/2123 2127/1832/2067 
f 2186/1901/2121 2187/1902/2122 2129/1834/2069 
f 2185/1900/2120 2186/1901/2121 2125/1830/2065 
f 2184/1899/2119 2185/1900/2120 2123/1828/2063 
f 2183/1898/2118 2184/1899/2119 2121/1826/2061 
f 2182/1896/2117 2183/1898/2118 2115/1820/2055 
f 2181/1897/2116 2182/1896/2117 2117/1822/2057 
f 2179/1893/2114 2181/1895/2116 2113/1818/2053 
f 2180/1894/2115 2179/1893/2114 2107/1812/2047 
f 2190/1905/2125 2180/1894/2115 2109/1814/2049 
f 2178/1886/2111 2108/1813/2048 2191/1906/2126 
f 2108/1813/2048 2114/1819/2054 2193/1908/2128 
f 2114/1819/2054 2153/1919/2092 2194/1909/2129 
f 2153/1859/2092 2116/1821/2056 2195/1910/2130 
f 2116/1821/2056 2122/1827/2062 2196/1912/2131 
f 2122/1827/2062 2124/1829/2064 2197/1913/2132 
f 2124/1829/2064 2126/1831/2066 2198/1914/2133 
f 2126/1831/2066 2146/1851/2085 2199/1915/2134 
f 2146/1851/2085 2128/1833/2068 2200/1916/2135 
f 2128/1833/2068 2131/1836/2071 2201/1917/2136 
f 2131/1836/2071 2136/1841/2076 2202/1918/2137 
f 2136/1841/2076 2178/1886/2111 2192/1907/2127 
f 2201/1917/2136 2202/1918/2137 2112/1817/2052 
f 2200/1916/2135 2201/1917/2136 2141/1846/2080 
f 2199/1915/2134 2200/1916/2135 2143/1848/2082 
f 2198/1914/2133 2199/1915/2134 2145/1850/2084 
f 2197/1913/2132 2198/1914/2133 2148/1853/2087 
f 2196/1912/2131 2197/1913/2132 2118/1823/2058 
f 2195/1910/2130 2196/1912/2131 2120/1825/2060 
f 2194/1911/2129 2195/1910/2130 2151/1856/2090 
f 2193/1908/2128 2194/1909/2129 2137/1842/2077 
f 2191/1906/2126 2193/1908/2128 2139/1844/2078 
f 2192/1907/2127 2191/1906/2126 2155/1862/2093 
f 2202/1918/2137 2192/1907/2127 2110/1815/2050 
f 2203/1812/2138 2274/1814/2200 2204/1813/2139 
f 2206/1815/2141 2236/1817/2170 2207/1816/2142 
f 2209/1818/2144 2203/1812/2138 2205/1819/2140 
f 2211/1820/2146 2249/1822/2185 2212/1821/2147 
f 2214/1823/2149 2246/1825/2181 2215/1824/2150 
f 2217/1826/2152 2211/1820/2146 2213/1827/2148 
f 2219/1828/2154 2217/1826/2152 2218/1829/2153 
f 2221/1830/2156 2219/1828/2154 2220/1831/2155 
f 2223/1832/2158 2242/1834/2177 2224/1833/2159 
f 2226/1835/2161 2223/1832/2158 2225/1836/2160 
f 2228/1837/2163 2256/1839/2187 2229/1838/2164 
f 2231/1840/2166 2226/1835/2161 2227/1841/2162 
f 2233/1842/2168 2250/1844/2186 2234/1843/2163 
f 2236/1817/2170 2238/1846/2172 2237/1845/2171 
f 2238/1846/2172 2240/1848/2174 2239/1847/2173 
f 2240/1848/2174 2243/1850/2178 2241/1849/2175 
f 2242/1834/2177 2221/1830/2156 2222/1851/2157 
f 2243/1850/2178 2245/1853/2180 2244/1852/2179 
f 2245/1853/2180 2214/1823/2149 2216/1854/2151 
f 2246/1825/2181 2248/1856/2183 2247/1855/2182 
f 2248/1856/2183 2233/1858/2168 2235/1857/2184 
f 2249/1822/2185 2209/1860/2144 2210/1859/2145 
f 2250/1844/2186 2252/1862/2188 2251/1861/2187 
f 2252/1862/2188 2206/1815/2141 2208/1863/2143 
f 2253/1864/2143 2272/1866/2142 2254/1865/2189 
f 2256/1839/2187 2253/1864/2143 2255/1867/2190 
f 2257/1868/2182 2273/1870/2184 2258/1869/2191 
f 2260/1871/2150 2257/1868/2182 2259/1872/2192 
f 2262/1873/2151 2260/1871/2150 2261/1874/2193 
f 2264/1875/2179 2262/1873/2151 2263/1876/2194 
f 2266/1877/2175 2264/1875/2179 2265/1878/2195 
f 2268/1879/2176 2266/1877/2175 2267/1880/2196 
f 2270/1881/2198 2268/1879/2173 2269/1882/2197 
f 2272/1866/2142 2270/1881/2198 2271/1883/2199 
f 2273/1884/2169 2228/1837/2163 2230/1885/2165 
f 2274/1814/2200 2231/1840/2166 2232/1886/2167 
f 2247/1928/2201 2235/1927/2201 2234/1926/2201 
f 2234/1926/2201 2251/1888/2201 2247/1928/2201 
f 2251/1888/2201 2208/1887/2201 2215/1922/2201 
f 2247/1928/2201 2251/1888/2201 2215/1922/2201 
f 2208/1887/2201 2207/1930/2201 2244/1929/2201 
f 2207/1930/2201 2237/1932/2201 2241/1931/2201 
f 2237/1932/2201 2239/1933/2201 2241/1931/2201 
f 2241/1931/2201 2244/1929/2201 2207/1930/2201 
f 2244/1929/2201 2216/1889/2201 2208/1887/2201 
f 2272/1924/2202 2253/1934/2202 2264/1925/2202 
f 2253/1934/2202 2256/1890/2202 2262/1935/2202 
f 2264/1925/2202 2253/1934/2202 2262/1935/2202 
f 2256/1890/2202 2228/1892/2202 2257/1891/2202 
f 2228/1892/2202 2273/1939/2202 2257/1891/2202 
f 2257/1891/2202 2260/1938/2202 2256/1890/2202 
f 2260/1938/2202 2262/1935/2202 2256/1890/2202 
f 2264/1925/2202 2266/1937/2202 2270/1923/2202 
f 2266/1937/2202 2268/1936/2202 2270/1923/2202 
f 2229/1838/2164 2286/1894/2214 2275/1893/2203 
f 2230/1885/2165 2275/1893/2203 2276/1895/2204 
f 2258/1869/2191 2276/1897/2204 2277/1896/2205 
f 2259/1872/2192 2277/1896/2205 2278/1898/2206 
f 2261/1874/2193 2278/1898/2206 2279/1899/2207 
f 2263/1876/2194 2279/1899/2207 2280/1900/2208 
f 2265/1878/2195 2280/1900/2208 2281/1901/2209 
f 2267/1880/2196 2281/1901/2209 2282/1902/2210 
f 2269/1882/2197 2282/1902/2210 2283/1903/2211 
f 2271/1883/2199 2283/1903/2211 2284/1904/2212 
f 2254/1865/2189 2284/1904/2212 2285/1905/2213 
f 2255/1867/2190 2285/1905/2213 2286/1894/2214 
f 2284/1904/2212 2226/1835/2161 2231/1840/2166 
f 2283/1903/2211 2223/1832/2158 2226/1835/2161 
f 2282/1902/2210 2242/1834/2177 2223/1832/2158 
f 2281/1901/2209 2221/1830/2156 2242/1834/2177 
f 2280/1900/2208 2219/1828/2154 2221/1830/2156 
f 2279/1899/2207 2217/1826/2152 2219/1828/2154 
f 2278/1898/2206 2211/1820/2146 2217/1826/2152 
f 2277/1896/2205 2249/1822/2185 2211/1820/2146 
f 2276/1897/2204 2209/1860/2144 2249/1822/2185 
f 2275/1893/2203 2203/1812/2138 2209/1818/2144 
f 2286/1894/2214 2274/1814/2200 2203/1812/2138 
f 2285/1905/2213 2231/1840/2166 2274/1814/2200 
f 2232/1886/2167 2298/1907/2226 2287/1906/2215 
f 2204/1813/2139 2287/1906/2215 2288/1908/2216 
f 2205/1819/2140 2288/1908/2216 2289/1909/2217 
f 2210/1859/2145 2289/1911/2217 2290/1910/2218 
f 2212/1821/2147 2290/1910/2218 2291/1912/2219 
f 2213/1827/2148 2291/1912/2219 2292/1913/2220 
f 2218/1829/2153 2292/1913/2220 2293/1914/2221 
f 2220/1831/2155 2293/1914/2221 2294/1915/2222 
f 2222/1851/2157 2294/1915/2222 2295/1916/2223 
f 2224/1833/2159 2295/1916/2223 2296/1917/2224 
f 2225/1836/2160 2296/1917/2224 2297/1918/2225 
f 2227/1841/2162 2297/1918/2225 2298/1907/2226 
f 2296/1917/2224 2238/1846/2172 2236/1817/2170 
f 2295/1916/2223 2240/1848/2174 2238/1846/2172 
f 2294/1915/2222 2243/1850/2178 2240/1848/2174 
f 2293/1914/2221 2245/1853/2180 2243/1850/2178 
f 2292/1913/2220 2214/1823/2149 2245/1853/2180 
f 2291/1912/2219 2246/1825/2181 2214/1823/2149 
f 2290/1910/2218 2248/1856/2183 2246/1825/2181 
f 2289/1911/2217 2233/1858/2168 2248/1856/2183 
f 2288/1908/2216 2250/1844/2186 2233/1842/2168 
f 2287/1906/2215 2252/1862/2188 2250/1844/2186 
f 2298/1907/2226 2206/1815/2141 2252/1862/2188 
f 2297/1918/2225 2236/1817/2170 2206/1815/2141 
f 2299/1940/38 2300/1941/2228 2301/1942/2228 
f 2301/1942/2228 2302/1943/2229 2303/1944/2229 
f 2303/1944/2229 2304/1945/2230 2305/1946/2230 
f 2305/1946/2230 2306/1947/2231 2307/1948/2231 
f 2307/1948/2231 2308/1949/2232 2309/1950/2233 
f 2309/1950/2233 2310/1951/2234 2311/1952/2234 
f 2311/1952/2234 2312/1953/2235 2313/1954/2235 
f 2313/1954/2235 2314/1955/2 2315/1956/2 
f 2315/1956/2 2316/1957/2236 2317/1958/2236 
f 2317/1958/2236 2318/1959/2237 2319/1960/2237 
f 2319/1960/2237 2320/1961/2238 2321/1962/2238 
f 2321/1963/2238 2322/1964/2239 2323/1965/2239 
f 2323/1965/2239 2324/1966/2240 2325/1967/2240 
f 2325/1967/2240 2326/1968/2241 2327/1969/2241 
f 2314/1970/2242 2310/1971/2242 2302/1972/2242 
f 2327/1969/2241 2328/1973/2243 2329/1974/2243 
f 2329/1974/2243 2330/1975/38 2299/1940/38 
f 2331/1940/38 2332/1941/2244 2333/1975/38 
f 2334/1942/2244 2335/1943/2245 2332/1941/2244 
f 2336/1944/2245 2337/1945/2246 2335/1943/2245 
f 2338/1946/2246 2339/1947/2247 2337/1945/2246 
f 2340/1948/2247 2341/1949/2248 2339/1947/2247 
f 2342/1950/2248 2343/1951/2249 2341/1949/2248 
f 2344/1952/2249 2345/1953/2250 2343/1951/2249 
f 2346/1954/2250 2347/1955/2 2345/1953/2250 
f 2348/1956/2 2349/1957/2251 2347/1955/2 
f 2350/1958/2251 2351/1959/2252 2349/1957/2251 
f 2352/1960/2252 2353/1961/2253 2351/1959/2252 
f 2354/1963/2253 2355/1964/2254 2353/1976/2253 
f 2356/1965/2254 2357/1966/2255 2355/1964/2254 
f 2358/1967/2255 2359/1968/2256 2357/1966/2255 
f 2333/1977/2257 2339/1978/2257 2347/1970/2257 
f 2360/1969/2256 2361/1973/2258 2359/1968/2256 
f 2362/1974/2258 2333/1975/38 2361/1973/2258 
f 2299/1940/38 2330/1975/38 2300/1941/2228 
f 2301/1942/2228 2300/1941/2228 2302/1943/2229 
f 2303/1944/2229 2302/1943/2229 2304/1945/2230 
f 2305/1946/2230 2304/1945/2230 2306/1947/2231 
f 2307/1948/2231 2306/1947/2231 2308/1949/2232 
f 2309/1950/2233 2308/1949/2232 2310/1951/2234 
f 2311/1952/2234 2310/1951/2234 2312/1953/2235 
f 2313/1954/2235 2312/1953/2235 2314/1955/2 
f 2315/1956/2 2314/1955/2 2316/1957/2236 
f 2317/1958/2236 2316/1957/2236 2318/1959/2237 
f 2319/1960/2237 2318/1959/2237 2320/1961/2238 
f 2321/1963/2238 2320/1976/2238 2322/1964/2239 
f 2323/1965/2239 2322/1964/2239 2324/1966/2240 
f 2325/1967/2240 2324/1966/2240 2326/1968/2241 
f 2302/1972/2242 2300/1979/2259 2330/1977/2242 
f 2330/1977/2242 2328/1980/2242 2326/1981/2242 
f 2326/1981/2242 2324/1982/2242 2322/1983/2242 
f 2322/1983/2242 2320/1984/2242 2326/1981/2242 
f 2320/1984/2242 2318/1985/2242 2326/1981/2242 
f 2318/1985/2242 2316/1986/2242 2314/1970/2242 
f 2314/1970/2242 2312/1987/2242 2310/1971/2242 
f 2310/1971/2242 2308/1988/2242 2306/1978/2242 
f 2306/1978/2242 2304/1989/2242 2310/1971/2242 
f 2304/1989/2242 2302/1972/2242 2310/1971/2242 
f 2302/1972/2242 2330/1977/2242 2318/1985/2242 
f 2330/1977/2242 2326/1981/2242 2318/1985/2242 
f 2318/1985/2242 2314/1970/2242 2302/1972/2242 
f 2327/1969/2241 2326/1968/2241 2328/1973/2243 
f 2329/1974/2243 2328/1973/2243 2330/1975/38 
f 2331/1940/38 2334/1942/2244 2332/1941/2244 
f 2334/1942/2244 2336/1944/2245 2335/1943/2245 
f 2336/1944/2245 2338/1946/2246 2337/1945/2246 
f 2338/1946/2246 2340/1948/2247 2339/1947/2247 
f 2340/1948/2247 2342/1950/2248 2341/1949/2248 
f 2342/1950/2248 2344/1952/2249 2343/1951/2249 
f 2344/1952/2249 2346/1954/2250 2345/1953/2250 
f 2346/1954/2250 2348/1956/2 2347/1955/2 
f 2348/1956/2 2350/1958/2251 2349/1957/2251 
f 2350/1958/2251 2352/1960/2252 2351/1959/2252 
f 2352/1960/2252 2354/1962/2253 2353/1961/2253 
f 2354/1963/2253 2356/1965/2254 2355/1964/2254 
f 2356/1965/2254 2358/1967/2255 2357/1966/2255 
f 2358/1967/2255 2360/1969/2256 2359/1968/2256 
f 2333/1977/2257 2332/1979/2257 2339/1978/2257 
f 2332/1979/2257 2335/1972/2257 2339/1978/2257 
f 2335/1972/2257 2337/1989/2257 2339/1978/2257 
f 2339/1978/2257 2341/1988/2257 2343/1971/2257 
f 2343/1971/2257 2345/1987/2257 2347/1970/2257 
f 2347/1970/2257 2349/1986/2257 2355/1983/2257 
f 2349/1986/2257 2351/1985/2257 2355/1983/2257 
f 2351/1985/2257 2353/1984/2260 2355/1983/2257 
f 2355/1983/2257 2357/1982/2257 2359/1981/2257 
f 2359/1981/2257 2361/1980/2260 2333/1977/2257 
f 2339/1978/2257 2343/1971/2257 2347/1970/2257 
f 2355/1983/2257 2359/1981/2257 2347/1970/2257 
f 2359/1981/2257 2333/1977/2257 2347/1970/2257 
f 2360/1969/2256 2362/1974/2258 2361/1973/2258 
f 2362/1974/2258 2331/1940/38 2333/1975/38 
f 2363/1990/2261 2364/1991/2262 2365/1992/2263 
f 2366/1993/2264 2365/1992/2263 2367/1994/2265 
f 2368/1995/2266 2367/1994/2265 2369/1996/2267 
f 2370/1997/2268 2369/1996/2267 2371/1998/2269 
f 2372/1999/2270 2371/1998/2269 2373/2000/2271 
f 2374/2001/2272 2373/2000/2271 2375/2002/2273 
f 2376/2003/2274 2375/2002/2273 2377/2004/2275 
f 2378/2005/2276 2377/2004/2275 2379/2006/2277 
f 2380/2007/2278 2379/2006/2277 2381/2008/2279 
f 2382/2009/2280 2381/2008/2279 2383/2010/2281 
f 2384/2011/2282 2383/2010/2281 2385/2012/2283 
f 2386/2013/2284 2385/2012/2283 2387/2014/2285 
f 2388/2015/2286 2387/2014/2285 2389/2016/2287 
f 2390/2017/2288 2389/2016/2287 2391/2018/2289 
f 2392/2019/2290 2391/2018/2289 2393/2020/2291 
f 2394/2021/2292 2393/2020/2291 2395/2022/2293 
f 2396/2023/2294 2395/2022/2293 2397/2024/2295 
f 2398/2025/2296 2397/2024/2295 2399/2026/2297 
f 2400/2027/2298 2399/2026/2297 2401/2028/2299 
f 2402/2029/2300 2401/2028/2299 2403/2030/2301 
f 2404/2031/2302 2403/2030/2301 2405/2032/2303 
f 2406/2033/2304 2405/2032/2303 2407/2034/2305 
f 2408/2035/2306 2407/2034/2305 2409/2036/2307 
f 2410/2037/2308 2409/2036/2307 2411/2038/2309 
f 2412/2039/2310 2411/2038/2309 2413/2040/2311 
f 2414/2041/2312 2413/2040/2311 2415/2042/2313 
f 2416/2043/2314 2415/2042/2313 2417/2044/2315 
f 2418/2045/2316 2417/2044/2315 2419/2046/2317 
f 2420/2047/2318 2419/2046/2317 2421/2048/2319 
f 2422/2049/2320 2421/2048/2319 2423/2050/2321 
f 2424/2051/2322 2423/2050/2321 2425/2052/2323 
f 2426/2053/2324 2425/2052/2323 2364/1991/2262 
f 2427/2054/2325 2426/2053/2324 2363/1990/2261 
f 2428/2055/2326 2363/1990/2261 2366/1993/2264 
f 2429/2056/2327 2366/1993/2264 2368/1995/2266 
f 2430/2057/2328 2368/1995/2266 2370/1997/2268 
f 2431/2058/2329 2370/1997/2268 2372/1999/2270 
f 2432/2059/2330 2372/1999/2270 2374/2001/2272 
f 2433/2060/2331 2374/2001/2272 2376/2003/2274 
f 2434/2061/2332 2376/2003/2274 2378/2005/2276 
f 2435/2062/2333 2378/2005/2276 2380/2007/2278 
f 2436/2063/2334 2380/2007/2278 2382/2009/2280 
f 2437/2064/2335 2382/2009/2280 2384/2011/2282 
f 2438/2065/2336 2384/2011/2282 2386/2013/2284 
f 2439/2066/2337 2386/2013/2284 2388/2015/2286 
f 2440/2067/2338 2388/2015/2286 2390/2017/2288 
f 2441/2068/2339 2390/2017/2288 2392/2019/2290 
f 2442/2069/2340 2392/2019/2290 2394/2021/2292 
f 2443/2070/2341 2394/2021/2292 2396/2023/2294 
f 2444/2071/2342 2396/2023/2294 2398/2025/2296 
f 2445/2072/2343 2398/2025/2296 2400/2027/2298 
f 2446/2073/2344 2400/2027/2298 2402/2029/2300 
f 2447/2074/2345 2402/2029/2300 2404/2031/2302 
f 2448/2075/2346 2404/2031/2302 2406/2033/2304 
f 2449/2076/2347 2406/2033/2304 2408/2035/2306 
f 2450/2077/2348 2408/2035/2306 2410/2037/2308 
f 2451/2078/2349 2410/2037/2308 2412/2039/2310 
f 2452/2079/2350 2412/2039/2310 2414/2041/2312 
f 2453/2080/2351 2414/2041/2312 2416/2043/2314 
f 2454/2081/2352 2416/2043/2314 2418/2045/2316 
f 2455/2082/2353 2418/2045/2316 2420/2047/2318 
f 2456/2083/2354 2420/2047/2318 2422/2049/2320 
f 2457/2084/2355 2422/2049/2320 2424/2051/2322 
f 2458/2085/2356 2424/2051/2322 2426/2053/2324 
f 2459/2086/2357 2460/2087/2358 2461/2088/2359 
f 2462/2089/1146 2463/2090/2360 2460/2087/2358 
f 2464/2091/1146 2465/2092/2361 2463/2090/2360 
f 2466/2093/1146 2467/2094/2362 2465/2092/2361 
f 2468/2095/1146 2469/2096/2363 2467/2094/2362 
f 2470/2097/1146 2471/2098/2364 2469/2096/2363 
f 2472/2099/1146 2473/2100/2365 2471/2098/2364 
f 2474/2101/1146 2475/2102/2366 2473/2100/2365 
f 2476/2103/2367 2462/2089/1146 2459/2086/2357 
f 2477/2104/1146 2464/2091/1146 2462/2089/1146 
f 2478/2105/1146 2466/2093/1146 2464/2091/1146 
f 2479/2106/1146 2468/2095/1146 2466/2093/1146 
f 2480/2107/1146 2470/2097/1146 2468/2095/1146 
f 2481/2108/1146 2472/2099/1146 2470/2097/1146 
f 2482/2109/1146 2474/2101/1146 2472/2099/1146 
f 2483/2110/1146 2484/2111/2368 2474/2101/1146 
f 2485/2112/2369 2477/2104/1146 2476/2103/2367 
f 2486/2113/1146 2478/2105/1146 2477/2104/1146 
f 2487/2114/1146 2479/2106/1146 2478/2105/1146 
f 2488/2115/1146 2480/2107/1146 2479/2106/1146 
f 2489/2116/1146 2481/2108/1146 2480/2107/1146 
f 2490/2117/1146 2482/2109/1146 2481/2108/1146 
f 2491/2118/1146 2483/2110/1146 2482/2109/1146 
f 2492/2119/1146 2493/2120/2370 2483/2110/1146 
f 2494/2121/2371 2486/2113/1146 2485/2112/2369 
f 2495/2122/1146 2487/2114/1146 2486/2113/1146 
f 2496/2123/1146 2488/2115/1146 2487/2114/1146 
f 2497/2124/1146 2489/2116/1146 2488/2115/1146 
f 2498/2125/1146 2490/2117/1146 2489/2116/1146 
f 2499/2126/1146 2491/2118/1146 2490/2117/1146 
f 2500/2127/1146 2492/2119/1146 2491/2118/1146 
f 2501/2128/1146 2502/2129/2372 2492/2119/1146 
f 2503/2130/2373 2495/2122/1146 2494/2121/2371 
f 2504/2131/1146 2496/2123/1146 2495/2122/1146 
f 2505/2132/1146 2497/2124/1146 2496/2123/1146 
f 2506/2133/1146 2498/2125/1146 2497/2124/1146 
f 2507/2134/1146 2499/2126/1146 2498/2125/1146 
f 2508/2135/1146 2500/2127/1146 2499/2126/1146 
f 2509/2136/1146 2501/2128/1146 2500/2127/1146 
f 2510/2137/1146 2511/2138/2374 2501/2128/1146 
f 2512/2139/2375 2504/2131/1146 2503/2130/2373 
f 2513/2140/1146 2505/2132/1146 2504/2131/1146 
f 2514/2141/1146 2506/2133/1146 2505/2132/1146 
f 2515/2142/1146 2507/2134/1146 2506/2133/1146 
f 2516/2143/1146 2508/2135/1146 2507/2134/1146 
f 2517/2144/1146 2509/2136/1146 2508/2135/1146 
f 2518/2145/1146 2510/2137/1146 2509/2136/1146 
f 2519/2146/1146 2520/2147/2376 2510/2137/1146 
f 2521/2148/2377 2513/2140/1146 2512/2139/2375 
f 2522/2149/1146 2514/2141/1146 2513/2140/1146 
f 2523/2150/1146 2515/2142/1146 2514/2141/1146 
f 2524/2151/1146 2516/2143/1146 2515/2142/1146 
f 2525/2152/1146 2517/2144/1146 2516/2143/1146 
f 2526/2153/1146 2518/2145/1146 2517/2144/1146 
f 2527/2154/1146 2519/2146/1146 2518/2145/1146 
f 2528/2155/1146 2529/2156/2378 2519/2146/1146 
f 2530/2157/2379 2522/2149/1146 2521/2148/2377 
f 2531/2158/2380 2523/2150/1146 2522/2149/1146 
f 2532/2159/2381 2524/2151/1146 2523/2150/1146 
f 2533/2160/2382 2525/2152/1146 2524/2151/1146 
f 2534/2161/2383 2526/2153/1146 2525/2152/1146 
f 2535/2162/2384 2527/2154/1146 2526/2153/1146 
f 2536/2163/2385 2528/2155/1146 2527/2154/1146 
f 2537/2164/2386 2538/2165/2387 2528/2155/1146 
f 2469/2096/2363 2458/2085/2356 2467/2094/2362 
f 2471/2098/2364 2457/2084/2355 2469/2096/2363 
f 2473/2100/2365 2456/2083/2354 2471/2098/2364 
f 2475/2102/2366 2455/2082/2353 2473/2100/2365 
f 2484/2111/2368 2454/2081/2352 2475/2102/2366 
f 2493/2120/2370 2453/2080/2351 2484/2111/2368 
f 2502/2129/2372 2452/2079/2350 2493/2120/2370 
f 2511/2138/2374 2451/2078/2349 2502/2129/2372 
f 2520/2147/2376 2450/2077/2348 2511/2138/2374 
f 2529/2156/2378 2449/2076/2347 2520/2147/2376 
f 2538/2165/2387 2448/2075/2346 2529/2156/2378 
f 2539/2166/2388 2447/2074/2345 2538/2165/2387 
f 2537/2164/2386 2446/2073/2344 2539/2166/2388 
f 2536/2163/2385 2445/2072/2343 2537/2164/2386 
f 2535/2162/2384 2444/2071/2342 2536/2163/2385 
f 2534/2161/2383 2443/2070/2341 2535/2162/2384 
f 2533/2160/2382 2442/2069/2340 2534/2161/2383 
f 2532/2159/2381 2441/2068/2339 2533/2160/2382 
f 2531/2158/2380 2440/2067/2338 2532/2159/2381 
f 2530/2157/2379 2439/2066/2337 2531/2158/2380 
f 2521/2148/2377 2438/2065/2336 2530/2157/2379 
f 2512/2139/2375 2437/2064/2335 2521/2148/2377 
f 2503/2130/2373 2436/2063/2334 2512/2139/2375 
f 2494/2121/2371 2435/2062/2333 2503/2130/2373 
f 2485/2112/2369 2434/2061/2332 2494/2121/2371 
f 2476/2103/2367 2433/2060/2331 2485/2112/2369 
f 2459/2086/2357 2432/2059/2330 2476/2103/2367 
f 2461/2088/2359 2431/2058/2329 2459/2086/2357 
f 2460/2087/2358 2430/2057/2328 2461/2088/2359 
f 2463/2090/2360 2429/2056/2327 2460/2087/2358 
f 2465/2092/2361 2428/2055/2326 2463/2090/2360 
f 2467/2094/2362 2427/2054/2325 2465/2092/2361 
f 2540/2167/2389 2541/2168/40 2542/2169/38 
f 2543/2170/2390 2544/2171/5 2545/2172/63 
f 2546/2173/2391 2547/2174/2392 2548/2175/10 
f 2549/2176/2393 2542/2169/38 2550/2177/36 
f 2551/2178/2394 2545/2172/63 2552/2179/62 
f 2553/2180/2395 2548/2175/10 2554/2181/8 
f 2555/2182/2396 2550/2177/36 2556/2183/34 
f 2557/2184/2397 2552/2179/62 2558/2185/2398 
f 2559/2186/2399 2554/2181/8 2560/2187/2 
f 2561/2188/2400 2556/2183/34 2562/2189/32 
f 2563/2190/2401 2558/2185/2398 2564/2191/58 
f 2565/2192/2402 2562/2189/32 2566/2193/30 
f 2567/2194/2403 2564/2191/58 2568/2195/56 
f 2569/2196/2404 2566/2193/30 2570/2197/2405 
f 2571/2198/2406 2568/2195/56 2572/2199/54 
f 2573/2200/2407 2570/2197/2405 2574/2201/26 
f 2575/2202/2408 2572/2199/54 2576/2203/52 
f 2577/2204/2409 2574/2201/26 2578/2205/24 
f 2579/2206/2410 2576/2203/52 2580/2207/50 
f 2581/2208/2411 2578/2205/24 2582/2209/22 
f 2583/2210/2412 2580/2207/50 2584/2211/48 
f 2585/2212/2413 2582/2209/22 2586/2213/20 
f 2587/2214/2414 2584/2211/48 2588/2215/46 
f 2589/2216/2415 2586/2213/20 2590/2217/18 
f 2591/2218/2416 2588/2215/46 2592/2219/2417 
f 2593/2220/2418 2590/2217/18 2594/2221/16 
f 2595/2222/2419 2592/2219/2417 2596/2223/42 
f 2597/2224/2420 2560/2187/2 2598/2225/99 
f 2599/2226/2421 2594/2221/16 2600/2227/14 
f 2601/2228/2422 2596/2223/42 2541/2168/40 
f 2602/2229/2423 2598/2225/99 2544/2171/5 
f 2603/2230/2424 2600/2227/14 2547/2174/2392 
f 2597/2224/2420 2604/2231/2425 2605/2232/2426 
f 2602/2229/2423 2606/2233/2427 2604/2231/2425 
f 2543/2170/2390 2607/2234/2428 2606/2233/2427 
f 2551/2178/2394 2608/2235/2429 2607/2234/2428 
f 2557/2184/2397 2609/2236/2430 2608/2235/2429 
f 2563/2190/2401 2610/2237/2431 2609/2236/2430 
f 2567/2194/2403 2611/2238/2432 2610/2237/2431 
f 2571/2198/2406 2612/2239/2433 2611/2238/2432 
f 2575/2202/2408 2613/2240/2434 2612/2239/2433 
f 2579/2206/2410 2614/2241/2435 2613/2240/2434 
f 2583/2210/2412 2615/2242/2436 2614/2241/2435 
f 2587/2214/2414 2616/2243/2437 2615/2242/2436 
f 2591/2218/2416 2617/2244/2438 2616/2243/2437 
f 2595/2222/2419 2618/2245/2439 2617/2244/2438 
f 2601/2228/2422 2619/2246/2440 2618/2245/2439 
f 2540/2167/2389 2620/2247/2441 2619/2246/2440 
f 2549/2176/2393 2621/2248/2442 2620/2247/2441 
f 2555/2182/2396 2622/2249/2443 2621/2248/2442 
f 2561/2188/2400 2623/2250/2444 2622/2249/2443 
f 2565/2192/2402 2624/2251/2445 2623/2250/2444 
f 2569/2196/2404 2625/2252/2446 2624/2251/2445 
f 2573/2200/2407 2626/2253/2447 2625/2252/2446 
f 2577/2204/2409 2627/2254/2448 2626/2253/2447 
f 2581/2208/2411 2628/2255/2449 2627/2254/2448 
f 2585/2212/2413 2629/2256/2450 2628/2255/2449 
f 2589/2216/2415 2630/2257/2451 2629/2256/2450 
f 2593/2220/2418 2631/2258/2452 2630/2257/2451 
f 2599/2226/2421 2632/2259/2453 2631/2258/2452 
f 2603/2230/2424 2633/2260/2454 2632/2259/2453 
f 2546/2173/2391 2634/2261/2455 2633/2260/2454 
f 2553/2180/2395 2635/2262/2456 2634/2261/2455 
f 2559/2186/2399 2605/2232/2426 2635/2262/2456 
f 2634/2261/2455 2636/2263/2457 2637/2264/2458 
f 2637/2264/2458 2638/2265/2459 2639/2266/2460 
f 2639/2266/2460 2364/1991/2262 2425/2052/2323 
f 2633/2260/2454 2637/2264/2458 2640/2267/2461 
f 2640/2267/2461 2639/2266/2460 2641/2268/2462 
f 2641/2268/2462 2425/2052/2323 2423/2050/2321 
f 2632/2259/2453 2640/2267/2461 2642/2269/2463 
f 2642/2269/2463 2641/2268/2462 2643/2270/2464 
f 2643/2270/2464 2423/2050/2321 2421/2048/2319 
f 2631/2258/2452 2642/2269/2463 2644/2271/2465 
f 2644/2271/2465 2643/2270/2464 2645/2272/2466 
f 2645/2272/2466 2421/2048/2319 2419/2046/2317 
f 2630/2257/2451 2644/2271/2465 2646/2273/2467 
f 2646/2273/2467 2645/2272/2466 2647/2274/2468 
f 2647/2274/2468 2419/2046/2317 2417/2044/2315 
f 2629/2256/2450 2646/2273/2467 2648/2275/2469 
f 2648/2275/2469 2647/2274/2468 2649/2276/2470 
f 2649/2276/2470 2417/2044/2315 2415/2042/2313 
f 2628/2255/2449 2648/2275/2469 2650/2277/2471 
f 2650/2277/2471 2649/2276/2470 2651/2278/2472 
f 2651/2278/2472 2415/2042/2313 2413/2040/2311 
f 2627/2254/2448 2650/2277/2471 2652/2279/2473 
f 2652/2279/2473 2651/2278/2472 2653/2280/2474 
f 2653/2280/2474 2413/2040/2311 2411/2038/2309 
f 2626/2253/2447 2652/2279/2473 2654/2281/2475 
f 2654/2281/2475 2653/2280/2474 2655/2282/2476 
f 2655/2282/2476 2411/2038/2309 2409/2036/2307 
f 2625/2252/2446 2654/2281/2475 2656/2283/2477 
f 2656/2283/2477 2655/2282/2476 2657/2284/2478 
f 2657/2284/2478 2409/2036/2307 2407/2034/2305 
f 2624/2251/2445 2656/2283/2477 2658/2285/2479 
f 2658/2285/2479 2657/2284/2478 2659/2286/2480 
f 2659/2286/2480 2407/2034/2305 2405/2032/2303 
f 2623/2250/2444 2658/2285/2479 2660/2287/2481 
f 2660/2287/2481 2659/2286/2480 2661/2288/2482 
f 2661/2288/2482 2405/2032/2303 2403/2030/2301 
f 2622/2249/2443 2660/2287/2481 2662/2289/2483 
f 2662/2289/2483 2661/2288/2482 2663/2290/2484 
f 2663/2290/2484 2403/2030/2301 2401/2028/2299 
f 2621/2248/2442 2662/2289/2483 2664/2291/2485 
f 2664/2291/2485 2663/2290/2484 2665/2292/2486 
f 2665/2292/2486 2401/2028/2299 2399/2026/2297 
f 2620/2247/2441 2664/2291/2485 2666/2293/2487 
f 2666/2293/2487 2665/2292/2486 2667/2294/2488 
f 2667/2294/2488 2399/2026/2297 2397/2024/2295 
f 2619/2246/2440 2666/2293/2487 2668/2295/2489 
f 2668/2295/2489 2667/2294/2488 2669/2296/2490 
f 2669/2296/2490 2397/2024/2295 2395/2022/2293 
f 2618/2245/2439 2668/2295/2489 2670/2297/2491 
f 2670/2297/2491 2669/2296/2490 2671/2298/2492 
f 2671/2298/2492 2395/2022/2293 2393/2020/2291 
f 2617/2244/2438 2670/2297/2491 2672/2299/2493 
f 2672/2299/2493 2671/2298/2492 2673/2300/2494 
f 2673/2300/2494 2393/2020/2291 2391/2018/2289 
f 2616/2243/2437 2672/2299/2493 2674/2301/2495 
f 2674/2301/2495 2673/2300/2494 2675/2302/2496 
f 2675/2302/2496 2391/2018/2289 2389/2016/2287 
f 2615/2242/2436 2674/2301/2495 2676/2303/2497 
f 2676/2303/2497 2675/2302/2496 2677/2304/2498 
f 2677/2304/2498 2389/2016/2287 2387/2014/2285 
f 2614/2241/2435 2676/2303/2497 2678/2305/2499 
f 2678/2305/2499 2677/2304/2498 2679/2306/2500 
f 2679/2306/2500 2387/2014/2285 2385/2012/2283 
f 2613/2240/2434 2678/2305/2499 2680/2307/2501 
f 2680/2307/2501 2679/2306/2500 2681/2308/2502 
f 2681/2308/2502 2385/2012/2283 2383/2010/2281 
f 2612/2239/2433 2680/2307/2501 2682/2309/2503 
f 2682/2309/2503 2681/2308/2502 2683/2310/2504 
f 2683/2310/2504 2383/2010/2281 2381/2008/2279 
f 2611/2238/2432 2682/2309/2503 2684/2311/2505 
f 2684/2311/2505 2683/2310/2504 2685/2312/2506 
f 2685/2312/2506 2381/2008/2279 2379/2006/2277 
f 2610/2237/2431 2684/2311/2505 2686/2313/2507 
f 2686/2313/2507 2685/2312/2506 2687/2314/2508 
f 2687/2314/2508 2379/2006/2277 2377/2004/2275 
f 2609/2236/2430 2686/2313/2507 2688/2315/2509 
f 2688/2315/2509 2687/2314/2508 2689/2316/2510 
f 2689/2316/2510 2377/2004/2275 2375/2002/2273 
f 2608/2235/2429 2688/2315/2509 2690/2317/2511 
f 2690/2317/2511 2689/2316/2510 2691/2318/2512 
f 2691/2318/2512 2375/2002/2273 2373/2000/2271 
f 2607/2234/2428 2690/2317/2511 2692/2319/2513 
f 2692/2319/2513 2691/2318/2512 2693/2320/2514 
f 2693/2320/2514 2373/2000/2271 2371/1998/2269 
f 2606/2233/2427 2692/2319/2513 2694/2321/2515 
f 2694/2321/2515 2693/2320/2514 2695/2322/2516 
f 2695/2322/2516 2371/1998/2269 2369/1996/2267 
f 2604/2231/2425 2694/2321/2515 2696/2323/2517 
f 2696/2323/2517 2695/2322/2516 2697/2324/2518 
f 2697/2324/2518 2369/1996/2267 2367/1994/2265 
f 2605/2232/2426 2696/2323/2517 2698/2325/2519 
f 2698/2325/2519 2697/2324/2518 2699/2326/2520 
f 2699/2326/2520 2367/1994/2265 2365/1992/2263 
f 2635/2262/2456 2698/2325/2519 2636/2263/2457 
f 2636/2263/2457 2699/2326/2520 2638/2265/2459 
f 2638/2265/2459 2365/1992/2263 2364/1991/2262 
f 2700/1990/2521 2701/1991/2522 2702/2053/2523 
f 2703/1993/2524 2704/1992/2525 2700/1990/2521 
f 2705/1995/2526 2706/1994/2527 2703/1993/2524 
f 2707/1997/2528 2708/1996/2529 2705/1995/2526 
f 2709/1999/2530 2710/1998/2531 2707/1997/2528 
f 2711/2001/2532 2712/2000/2533 2709/1999/2530 
f 2713/2003/2534 2714/2002/2535 2711/2001/2532 
f 2715/2005/2536 2716/2004/2537 2713/2003/2534 
f 2717/2007/2538 2718/2006/2539 2715/2005/2536 
f 2719/2009/2540 2720/2008/2541 2717/2007/2538 
f 2721/2011/2542 2722/2010/2543 2719/2009/2540 
f 2723/2013/2544 2724/2012/2545 2721/2011/2542 
f 2725/2015/2546 2726/2014/2547 2723/2013/2544 
f 2727/2017/2548 2728/2016/2549 2725/2015/2546 
f 2729/2019/2550 2730/2018/2551 2727/2017/2548 
f 2731/2021/2552 2732/2020/2553 2729/2019/2550 
f 2733/2023/2554 2734/2022/2555 2731/2021/2552 
f 2735/2025/2556 2736/2024/2557 2733/2023/2554 
f 2737/2027/2558 2738/2026/2559 2735/2025/2556 
f 2739/2029/2560 2740/2028/2561 2737/2027/2558 
f 2741/2031/2562 2742/2030/2563 2739/2029/2560 
f 2743/2033/2564 2744/2032/2565 2741/2031/2562 
f 2745/2035/2566 2746/2034/2567 2743/2033/2564 
f 2747/2037/2568 2748/2036/2569 2745/2035/2566 
f 2749/2039/2570 2750/2038/2571 2747/2037/2568 
f 2751/2041/2572 2752/2040/2573 2749/2039/2570 
f 2753/2043/2574 2754/2042/2575 2751/2041/2572 
f 2755/2045/2576 2756/2044/2577 2753/2043/2574 
f 2757/2047/2578 2758/2046/2579 2755/2045/2576 
f 2759/2049/2580 2760/2048/2581 2757/2047/2578 
f 2761/2051/2582 2762/2050/2583 2759/2049/2580 
f 2702/2053/2523 2763/2052/2584 2761/2051/2582 
f 2764/2054/2585 2702/2053/2523 2765/2085/2586 
f 2766/2055/2587 2700/1990/2521 2764/2054/2585 
f 2767/2056/2588 2703/1993/2524 2766/2055/2587 
f 2768/2057/2589 2705/1995/2526 2767/2056/2588 
f 2769/2058/2590 2707/1997/2528 2768/2057/2589 
f 2770/2059/2591 2709/1999/2530 2769/2058/2590 
f 2771/2060/2592 2711/2001/2532 2770/2059/2591 
f 2772/2061/2593 2713/2003/2534 2771/2060/2592 
f 2773/2062/2594 2715/2005/2536 2772/2061/2593 
f 2774/2063/2595 2717/2007/2538 2773/2062/2594 
f 2775/2064/2596 2719/2009/2540 2774/2063/2595 
f 2776/2065/2597 2721/2011/2542 2775/2064/2596 
f 2777/2066/2598 2723/2013/2544 2776/2065/2597 
f 2778/2067/2599 2725/2015/2546 2777/2066/2598 
f 2779/2068/2600 2727/2017/2548 2778/2067/2599 
f 2780/2069/2601 2729/2019/2550 2779/2068/2600 
f 2781/2070/2602 2731/2021/2552 2780/2069/2601 
f 2782/2071/2603 2733/2023/2554 2781/2070/2602 
f 2783/2072/2604 2735/2025/2556 2782/2071/2603 
f 2784/2073/2605 2737/2027/2558 2783/2072/2604 
f 2785/2074/2606 2739/2029/2560 2784/2073/2605 
f 2786/2075/2607 2741/2031/2562 2785/2074/2606 
f 2787/2076/2608 2743/2033/2564 2786/2075/2607 
f 2788/2077/2609 2745/2035/2566 2787/2076/2608 
f 2789/2078/2610 2747/2037/2568 2788/2077/2609 
f 2790/2079/2611 2749/2039/2570 2789/2078/2610 
f 2791/2080/2612 2751/2041/2572 2790/2079/2611 
f 2792/2081/2613 2753/2043/2574 2791/2080/2612 
f 2793/2082/2614 2755/2045/2576 2792/2081/2613 
f 2794/2083/2615 2757/2047/2578 2793/2082/2614 
f 2795/2084/2616 2759/2049/2580 2794/2083/2615 
f 2765/2085/2586 2761/2051/2582 2795/2084/2616 
f 2796/2086/2617 2797/2087/2618 2798/2089/1153 
f 2798/2089/1153 2799/2090/2619 2800/2091/1153 
f 2800/2091/1153 2801/2092/2620 2802/2093/1153 
f 2802/2093/1153 2803/2094/2621 2804/2095/1153 
f 2804/2095/1153 2805/2096/2622 2806/2097/1153 
f 2806/2097/1153 2807/2098/2623 2808/2099/1153 
f 2808/2099/1153 2809/2100/2624 2810/2101/1153 
f 2810/2101/1153 2811/2102/2625 2812/2111/2626 
f 2813/2103/2627 2798/2089/1153 2814/2104/1153 
f 2814/2104/1153 2800/2091/1153 2815/2105/1153 
f 2815/2105/1153 2802/2093/1153 2816/2106/1153 
f 2816/2106/1153 2804/2095/1153 2817/2107/1153 
f 2817/2107/1153 2806/2097/1153 2818/2108/1153 
f 2818/2108/1153 2808/2099/1153 2819/2109/1153 
f 2819/2109/1153 2810/2101/1153 2820/2110/1153 
f 2820/2110/1153 2812/2111/2626 2821/2120/2628 
f 2822/2112/2629 2814/2104/1153 2823/2113/1153 
f 2823/2113/1153 2815/2105/1153 2824/2114/1153 
f 2824/2114/1153 2816/2106/1153 2825/2115/1153 
f 2825/2115/1153 2817/2107/1153 2826/2116/1153 
f 2826/2116/1153 2818/2108/1153 2827/2117/1153 
f 2827/2117/1153 2819/2109/1153 2828/2118/1153 
f 2828/2118/1153 2820/2110/1153 2829/2119/1153 
f 2829/2119/1153 2821/2120/2628 2830/2129/2630 
f 2831/2121/2631 2823/2113/1153 2832/2122/1153 
f 2832/2122/1153 2824/2114/1153 2833/2123/1153 
f 2833/2123/1153 2825/2115/1153 2834/2124/1153 
f 2834/2124/1153 2826/2116/1153 2835/2125/1153 
f 2835/2125/1153 2827/2117/1153 2836/2126/1153 
f 2836/2126/1153 2828/2118/1153 2837/2127/1153 
f 2837/2127/1153 2829/2119/1153 2838/2128/1153 
f 2838/2128/1153 2830/2129/2630 2839/2138/2632 
f 2840/2130/2633 2832/2122/1153 2841/2131/1153 
f 2841/2131/1153 2833/2123/1153 2842/2132/1153 
f 2842/2132/1153 2834/2124/1153 2843/2133/1153 
f 2843/2133/1153 2835/2125/1153 2844/2134/1153 
f 2844/2134/1153 2836/2126/1153 2845/2135/1153 
f 2845/2135/1153 2837/2127/1153 2846/2136/1153 
f 2846/2136/1153 2838/2128/1153 2847/2137/1153 
f 2847/2137/1153 2839/2138/2632 2848/2147/2634 
f 2849/2139/2635 2841/2131/1153 2850/2140/1153 
f 2850/2140/1153 2842/2132/1153 2851/2141/1153 
f 2851/2141/1153 2843/2133/1153 2852/2142/1153 
f 2852/2142/1153 2844/2134/1153 2853/2143/1153 
f 2853/2143/1153 2845/2135/1153 2854/2144/1153 
f 2854/2144/1153 2846/2136/1153 2855/2145/1153 
f 2855/2145/1153 2847/2137/1153 2856/2146/1153 
f 2856/2146/1153 2848/2147/2634 2857/2156/2636 
f 2858/2148/2637 2850/2140/1153 2859/2149/1153 
f 2859/2149/1153 2851/2141/1153 2860/2150/1153 
f 2860/2150/1153 2852/2142/1153 2861/2151/1153 
f 2861/2151/1153 2853/2143/1153 2862/2152/1153 
f 2862/2152/1153 2854/2144/1153 2863/2153/1153 
f 2863/2153/1153 2855/2145/1153 2864/2154/1153 
f 2864/2154/1153 2856/2146/1153 2865/2155/1153 
f 2865/2155/1153 2857/2156/2636 2866/2165/2638 
f 2867/2157/2639 2859/2149/1153 2868/2158/2640 
f 2868/2158/2640 2860/2150/1153 2869/2159/2641 
f 2869/2159/2641 2861/2151/1153 2870/2160/2642 
f 2870/2160/2642 2862/2152/1153 2871/2161/2643 
f 2871/2161/2643 2863/2153/1153 2872/2162/2644 
f 2872/2162/2644 2864/2154/1153 2873/2163/2645 
f 2873/2163/2645 2865/2155/1153 2874/2164/2646 
f 2874/2164/2646 2866/2165/2638 2875/2166/2647 
f 2805/2096/2622 2765/2085/2586 2795/2084/2616 
f 2807/2098/2623 2795/2084/2616 2794/2083/2615 
f 2809/2100/2624 2794/2083/2615 2793/2082/2614 
f 2811/2102/2625 2793/2082/2614 2792/2081/2613 
f 2812/2111/2626 2792/2081/2613 2791/2080/2612 
f 2821/2120/2628 2791/2080/2612 2790/2079/2611 
f 2830/2129/2630 2790/2079/2611 2789/2078/2610 
f 2839/2138/2632 2789/2078/2610 2788/2077/2609 
f 2848/2147/2634 2788/2077/2609 2787/2076/2608 
f 2857/2156/2636 2787/2076/2608 2786/2075/2607 
f 2866/2165/2638 2786/2075/2607 2785/2074/2606 
f 2875/2166/2647 2785/2074/2606 2784/2073/2605 
f 2874/2164/2646 2784/2073/2605 2783/2072/2604 
f 2873/2163/2645 2783/2072/2604 2782/2071/2603 
f 2872/2162/2644 2782/2071/2603 2781/2070/2602 
f 2871/2161/2643 2781/2070/2602 2780/2069/2601 
f 2870/2160/2642 2780/2069/2601 2779/2068/2600 
f 2869/2159/2641 2779/2068/2600 2778/2067/2599 
f 2868/2158/2640 2778/2067/2599 2777/2066/2598 
f 2867/2157/2639 2777/2066/2598 2776/2065/2597 
f 2858/2148/2637 2776/2065/2597 2775/2064/2596 
f 2849/2139/2635 2775/2064/2596 2774/2063/2595 
f 2840/2130/2633 2774/2063/2595 2773/2062/2594 
f 2831/2121/2631 2773/2062/2594 2772/2061/2593 
f 2822/2112/2629 2772/2061/2593 2771/2060/2592 
f 2813/2103/2627 2771/2060/2592 2770/2059/2591 
f 2796/2086/2617 2770/2059/2591 2769/2058/2590 
f 2876/2088/2648 2769/2058/2590 2768/2057/2589 
f 2797/2087/2618 2768/2057/2589 2767/2056/2588 
f 2799/2090/2619 2767/2056/2588 2766/2055/2587 
f 2801/2092/2620 2766/2055/2587 2764/2054/2585 
f 2803/2094/2621 2764/2054/2585 2765/2085/2586 
f 2877/2167/2649 2878/2168/40 2879/2228/2650 
f 2880/2170/2651 2881/2171/5 2882/2229/2652 
f 2883/2173/2653 2884/2174/2392 2885/2230/2654 
f 2886/2176/2655 2887/2169/38 2877/2167/2649 
f 2888/2178/2656 2889/2172/63 2880/2170/2651 
f 2890/2180/2657 2891/2175/10 2883/2173/2653 
f 2892/2182/2658 2893/2177/36 2886/2176/2655 
f 2894/2184/2659 2895/2179/62 2888/2178/2656 
f 2896/2186/2660 2897/2181/8 2890/2180/2657 
f 2898/2188/2661 2899/2183/34 2892/2182/2658 
f 2900/2190/2662 2901/2185/2398 2894/2184/2659 
f 2902/2192/2663 2903/2189/32 2898/2188/2661 
f 2904/2194/2664 2905/2191/58 2900/2190/2662 
f 2906/2196/2665 2907/2193/30 2902/2192/2663 
f 2908/2198/2666 2909/2195/56 2904/2194/2664 
f 2910/2200/2667 2911/2197/2405 2906/2196/2665 
f 2912/2202/2668 2913/2199/54 2908/2198/2666 
f 2914/2204/2669 2915/2201/26 2910/2200/2667 
f 2916/2206/2670 2917/2203/52 2912/2202/2668 
f 2918/2208/2671 2919/2205/24 2914/2204/2669 
f 2920/2210/2672 2921/2207/50 2916/2206/2670 
f 2922/2212/2673 2923/2209/22 2918/2208/2671 
f 2924/2214/2674 2925/2211/48 2920/2210/2672 
f 2926/2216/2675 2927/2213/20 2922/2212/2673 
f 2928/2218/2676 2929/2215/46 2924/2214/2674 
f 2930/2220/2677 2931/2217/18 2926/2216/2675 
f 2932/2222/2678 2933/2219/2417 2928/2218/2676 
f 2934/2224/2679 2935/2187/2 2896/2186/2660 
f 2936/2226/2680 2937/2221/16 2930/2220/2677 
f 2879/2228/2650 2938/2223/42 2932/2222/2678 
f 2882/2229/2652 2939/2225/99 2934/2224/2679 
f 2885/2230/2654 2940/2227/14 2936/2226/2680 
f 2934/2224/2679 2941/2231/2681 2882/2229/2652 
f 2882/2229/2652 2942/2233/2682 2880/2170/2651 
f 2880/2170/2651 2943/2234/2683 2888/2178/2656 
f 2888/2178/2656 2944/2235/2684 2894/2184/2659 
f 2894/2184/2659 2945/2236/2685 2900/2190/2662 
f 2900/2190/2662 2946/2237/2686 2904/2194/2664 
f 2904/2194/2664 2947/2238/2687 2908/2198/2666 
f 2908/2198/2666 2948/2239/2688 2912/2202/2668 
f 2912/2202/2668 2949/2240/2689 2916/2206/2670 
f 2916/2206/2670 2950/2241/2690 2920/2210/2672 
f 2920/2210/2672 2951/2242/2691 2924/2214/2674 
f 2924/2214/2674 2952/2243/2692 2928/2218/2676 
f 2928/2218/2676 2953/2244/2693 2932/2222/2678 
f 2932/2222/2678 2954/2245/2694 2879/2228/2650 
f 2879/2228/2650 2955/2246/2695 2877/2167/2649 
f 2877/2167/2649 2956/2247/2696 2886/2176/2655 
f 2886/2176/2655 2957/2248/2697 2892/2182/2658 
f 2892/2182/2658 2958/2249/2698 2898/2188/2661 
f 2898/2188/2661 2959/2250/2699 2902/2192/2663 
f 2902/2192/2663 2960/2251/2700 2906/2196/2665 
f 2906/2196/2665 2961/2252/2701 2910/2200/2667 
f 2910/2200/2667 2962/2253/2702 2914/2204/2669 
f 2914/2204/2669 2963/2254/2703 2918/2208/2671 
f 2918/2208/2671 2964/2255/2704 2922/2212/2673 
f 2922/2212/2673 2965/2256/2705 2926/2216/2675 
f 2926/2216/2675 2966/2257/2706 2930/2220/2677 
f 2930/2220/2677 2967/2258/2707 2936/2226/2680 
f 2936/2226/2680 2968/2259/2708 2885/2230/2654 
f 2885/2230/2654 2969/2260/2709 2883/2173/2653 
f 2883/2173/2653 2970/2261/2710 2890/2180/2657 
f 2890/2180/2657 2971/2262/2711 2896/2186/2660 
f 2896/2186/2660 2972/2232/2712 2934/2224/2679 
f 2970/2261/2710 2973/2263/2713 2971/2262/2711 
f 2974/2264/2714 2975/2265/2715 2973/2263/2713 
f 2976/2266/2716 2701/1991/2522 2975/2265/2715 
f 2969/2260/2709 2974/2264/2714 2970/2261/2710 
f 2977/2267/2717 2976/2266/2716 2974/2264/2714 
f 2978/2268/2718 2763/2052/2584 2976/2266/2716 
f 2968/2259/2708 2977/2267/2717 2969/2260/2709 
f 2979/2269/2719 2978/2268/2718 2977/2267/2717 
f 2980/2270/2720 2762/2050/2583 2978/2268/2718 
f 2967/2258/2707 2979/2269/2719 2968/2259/2708 
f 2981/2271/2721 2980/2270/2720 2979/2269/2719 
f 2982/2272/2722 2760/2048/2581 2980/2270/2720 
f 2966/2257/2706 2981/2271/2721 2967/2258/2707 
f 2983/2273/2723 2982/2272/2722 2981/2271/2721 
f 2984/2274/2724 2758/2046/2579 2982/2272/2722 
f 2965/2256/2705 2983/2273/2723 2966/2257/2706 
f 2985/2275/2725 2984/2274/2724 2983/2273/2723 
f 2986/2276/2726 2756/2044/2577 2984/2274/2724 
f 2964/2255/2704 2985/2275/2725 2965/2256/2705 
f 2987/2277/2727 2986/2276/2726 2985/2275/2725 
f 2988/2278/2728 2754/2042/2575 2986/2276/2726 
f 2963/2254/2703 2987/2277/2727 2964/2255/2704 
f 2989/2279/2729 2988/2278/2728 2987/2277/2727 
f 2990/2280/2730 2752/2040/2573 2988/2278/2728 
f 2962/2253/2702 2989/2279/2729 2963/2254/2703 
f 2991/2281/2731 2990/2280/2730 2989/2279/2729 
f 2992/2282/2732 2750/2038/2571 2990/2280/2730 
f 2961/2252/2701 2991/2281/2731 2962/2253/2702 
f 2993/2283/2733 2992/2282/2732 2991/2281/2731 
f 2994/2284/2734 2748/2036/2569 2992/2282/2732 
f 2960/2251/2700 2993/2283/2733 2961/2252/2701 
f 2995/2285/2735 2994/2284/2734 2993/2283/2733 
f 2996/2286/2736 2746/2034/2567 2994/2284/2734 
f 2959/2250/2699 2995/2285/2735 2960/2251/2700 
f 2997/2287/2737 2996/2286/2736 2995/2285/2735 
f 2998/2288/2738 2744/2032/2565 2996/2286/2736 
f 2958/2249/2698 2997/2287/2737 2959/2250/2699 
f 2999/2289/2739 2998/2288/2738 2997/2287/2737 
f 3000/2290/2740 2742/2030/2563 2998/2288/2738 
f 2957/2248/2697 2999/2289/2739 2958/2249/2698 
f 3001/2291/2741 3000/2290/2740 2999/2289/2739 
f 3002/2292/2742 2740/2028/2561 3000/2290/2740 
f 2956/2247/2696 3001/2291/2741 2957/2248/2697 
f 3003/2293/2743 3002/2292/2742 3001/2291/2741 
f 3004/2294/2744 2738/2026/2559 3002/2292/2742 
f 2955/2246/2695 3003/2293/2743 2956/2247/2696 
f 3005/2295/2745 3004/2294/2744 3003/2293/2743 
f 3006/2296/2746 2736/2024/2557 3004/2294/2744 
f 2954/2245/2694 3005/2295/2745 2955/2246/2695 
f 3007/2297/2747 3006/2296/2746 3005/2295/2745 
f 3008/2298/2748 2734/2022/2555 3006/2296/2746 
f 2953/2244/2693 3007/2297/2747 2954/2245/2694 
f 3009/2299/2749 3008/2298/2748 3007/2297/2747 
f 3010/2300/2750 2732/2020/2553 3008/2298/2748 
f 2952/2243/2692 3009/2299/2749 2953/2244/2693 
f 3011/2301/2751 3010/2300/2750 3009/2299/2749 
f 3012/2302/2752 2730/2018/2551 3010/2300/2750 
f 2951/2242/2691 3011/2301/2751 2952/2243/2692 
f 3013/2303/2753 3012/2302/2752 3011/2301/2751 
f 3014/2304/2754 2728/2016/2549 3012/2302/2752 
f 2950/2241/2690 3013/2303/2753 2951/2242/2691 
f 3015/2305/2755 3014/2304/2754 3013/2303/2753 
f 3016/2306/2756 2726/2014/2547 3014/2304/2754 
f 2949/2240/2689 3015/2305/2755 2950/2241/2690 
f 3017/2307/2757 3016/2306/2756 3015/2305/2755 
f 3018/2308/2758 2724/2012/2545 3016/2306/2756 
f 2948/2239/2688 3017/2307/2757 2949/2240/2689 
f 3019/2309/2759 3018/2308/2758 3017/2307/2757 
f 3020/2310/2760 2722/2010/2543 3018/2308/2758 
f 2947/2238/2687 3019/2309/2759 2948/2239/2688 
f 3021/2311/2761 3020/2310/2760 3019/2309/2759 
f 3022/2312/2762 2720/2008/2541 3020/2310/2760 
f 2946/2237/2686 3021/2311/2761 2947/2238/2687 
f 3023/2313/2763 3022/2312/2762 3021/2311/2761 
f 3024/2314/2764 2718/2006/2539 3022/2312/2762 
f 2945/2236/2685 3023/2313/2763 2946/2237/2686 
f 3025/2315/2765 3024/2314/2764 3023/2313/2763 
f 3026/2316/2766 2716/2004/2537 3024/2314/2764 
f 2944/2235/2684 3025/2315/2765 2945/2236/2685 
f 3027/2317/2767 3026/2316/2766 3025/2315/2765 
f 3028/2318/2768 2714/2002/2535 3026/2316/2766 
f 2943/2234/2683 3027/2317/2767 2944/2235/2684 
f 3029/2319/2769 3028/2318/2768 3027/2317/2767 
f 3030/2320/2770 2712/2000/2533 3028/2318/2768 
f 2942/2233/2682 3029/2319/2769 2943/2234/2683 
f 3031/2321/2771 3030/2320/2770 3029/2319/2769 
f 3032/2322/2772 2710/1998/2531 3030/2320/2770 
f 2941/2231/2681 3031/2321/2771 2942/2233/2682 
f 3033/2323/2773 3032/2322/2772 3031/2321/2771 
f 3034/2324/2774 2708/1996/2529 3032/2322/2772 
f 2972/2232/2712 3033/2323/2773 2941/2231/2681 
f 3035/2325/2775 3034/2324/2774 3033/2323/2773 
f 3036/2326/2776 2706/1994/2527 3034/2324/2774 
f 2971/2262/2711 3035/2325/2775 2972/2232/2712 
f 2973/2263/2713 3036/2326/2776 3035/2325/2775 
f 2975/2265/2715 2704/1992/2525 3036/2326/2776 
f 2363/1990/2261 2426/2053/2324 2364/1991/2262 
f 2366/1993/2264 2363/1990/2261 2365/1992/2263 
f 2368/1995/2266 2366/1993/2264 2367/1994/2265 
f 2370/1997/2268 2368/1995/2266 2369/1996/2267 
f 2372/1999/2270 2370/1997/2268 2371/1998/2269 
f 2374/2001/2272 2372/1999/2270 2373/2000/2271 
f 2376/2003/2274 2374/2001/2272 2375/2002/2273 
f 2378/2005/2276 2376/2003/2274 2377/2004/2275 
f 2380/2007/2278 2378/2005/2276 2379/2006/2277 
f 2382/2009/2280 2380/2007/2278 2381/2008/2279 
f 2384/2011/2282 2382/2009/2280 2383/2010/2281 
f 2386/2013/2284 2384/2011/2282 2385/2012/2283 
f 2388/2015/2286 2386/2013/2284 2387/2014/2285 
f 2390/2017/2288 2388/2015/2286 2389/2016/2287 
f 2392/2019/2290 2390/2017/2288 2391/2018/2289 
f 2394/2021/2292 2392/2019/2290 2393/2020/2291 
f 2396/2023/2294 2394/2021/2292 2395/2022/2293 
f 2398/2025/2296 2396/2023/2294 2397/2024/2295 
f 2400/2027/2298 2398/2025/2296 2399/2026/2297 
f 2402/2029/2300 2400/2027/2298 2401/2028/2299 
f 2404/2031/2302 2402/2029/2300 2403/2030/2301 
f 2406/2033/2304 2404/2031/2302 2405/2032/2303 
f 2408/2035/2306 2406/2033/2304 2407/2034/2305 
f 2410/2037/2308 2408/2035/2306 2409/2036/2307 
f 2412/2039/2310 2410/2037/2308 2411/2038/2309 
f 2414/2041/2312 2412/2039/2310 2413/2040/2311 
f 2416/2043/2314 2414/2041/2312 2415/2042/2313 
f 2418/2045/2316 2416/2043/2314 2417/2044/2315 
f 2420/2047/2318 2418/2045/2316 2419/2046/2317 
f 2422/2049/2320 2420/2047/2318 2421/2048/2319 
f 2424/2051/2322 2422/2049/2320 2423/2050/2321 
f 2426/2053/2324 2424/2051/2322 2425/2052/2323 
f 2427/2054/2325 2458/2085/2356 2426/2053/2324 
f 2428/2055/2326 2427/2054/2325 2363/1990/2261 
f 2429/2056/2327 2428/2055/2326 2366/1993/2264 
f 2430/2057/2328 2429/2056/2327 2368/1995/2266 
f 2431/2058/2329 2430/2057/2328 2370/1997/2268 
f 2432/2059/2330 2431/2058/2329 2372/1999/2270 
f 2433/2060/2331 2432/2059/2330 2374/2001/2272 
f 2434/2061/2332 2433/2060/2331 2376/2003/2274 
f 2435/2062/2333 2434/2061/2332 2378/2005/2276 
f 2436/2063/2334 2435/2062/2333 2380/2007/2278 
f 2437/2064/2335 2436/2063/2334 2382/2009/2280 
f 2438/2065/2336 2437/2064/2335 2384/2011/2282 
f 2439/2066/2337 2438/2065/2336 2386/2013/2284 
f 2440/2067/2338 2439/2066/2337 2388/2015/2286 
f 2441/2068/2339 2440/2067/2338 2390/2017/2288 
f 2442/2069/2340 2441/2068/2339 2392/2019/2290 
f 2443/2070/2341 2442/2069/2340 2394/2021/2292 
f 2444/2071/2342 2443/2070/2341 2396/2023/2294 
f 2445/2072/2343 2444/2071/2342 2398/2025/2296 
f 2446/2073/2344 2445/2072/2343 2400/2027/2298 
f 2447/2074/2345 2446/2073/2344 2402/2029/2300 
f 2448/2075/2346 2447/2074/2345 2404/2031/2302 
f 2449/2076/2347 2448/2075/2346 2406/2033/2304 
f 2450/2077/2348 2449/2076/2347 2408/2035/2306 
f 2451/2078/2349 2450/2077/2348 2410/2037/2308 
f 2452/2079/2350 2451/2078/2349 2412/2039/2310 
f 2453/2080/2351 2452/2079/2350 2414/2041/2312 
f 2454/2081/2352 2453/2080/2351 2416/2043/2314 
f 2455/2082/2353 2454/2081/2352 2418/2045/2316 
f 2456/2083/2354 2455/2082/2353 2420/2047/2318 
f 2457/2084/2355 2456/2083/2354 2422/2049/2320 
f 2458/2085/2356 2457/2084/2355 2424/2051/2322 
f 2459/2086/2357 2462/2089/1146 2460/2087/2358 
f 2462/2089/1146 2464/2091/1146 2463/2090/2360 
f 2464/2091/1146 2466/2093/1146 2465/2092/2361 
f 2466/2093/1146 2468/2095/1146 2467/2094/2362 
f 2468/2095/1146 2470/2097/1146 2469/2096/2363 
f 2470/2097/1146 2472/2099/1146 2471/2098/2364 
f 2472/2099/1146 2474/2101/1146 2473/2100/2365 
f 2474/2101/1146 2484/2111/2368 2475/2102/2366 
f 2476/2103/2367 2477/2104/1146 2462/2089/1146 
f 2477/2104/1146 2478/2105/1146 2464/2091/1146 
f 2478/2105/1146 2479/2106/1146 2466/2093/1146 
f 2479/2106/1146 2480/2107/1146 2468/2095/1146 
f 2480/2107/1146 2481/2108/1146 2470/2097/1146 
f 2481/2108/1146 2482/2109/1146 2472/2099/1146 
f 2482/2109/1146 2483/2110/1146 2474/2101/1146 
f 2483/2110/1146 2493/2120/2370 2484/2111/2368 
f 2485/2112/2369 2486/2113/1146 2477/2104/1146 
f 2486/2113/1146 2487/2114/1146 2478/2105/1146 
f 2487/2114/1146 2488/2115/1146 2479/2106/1146 
f 2488/2115/1146 2489/2116/1146 2480/2107/1146 
f 2489/2116/1146 2490/2117/1146 2481/2108/1146 
f 2490/2117/1146 2491/2118/1146 2482/2109/1146 
f 2491/2118/1146 2492/2119/1146 2483/2110/1146 
f 2492/2119/1146 2502/2129/2372 2493/2120/2370 
f 2494/2121/2371 2495/2122/1146 2486/2113/1146 
f 2495/2122/1146 2496/2123/1146 2487/2114/1146 
f 2496/2123/1146 2497/2124/1146 2488/2115/1146 
f 2497/2124/1146 2498/2125/1146 2489/2116/1146 
f 2498/2125/1146 2499/2126/1146 2490/2117/1146 
f 2499/2126/1146 2500/2127/1146 2491/2118/1146 
f 2500/2127/1146 2501/2128/1146 2492/2119/1146 
f 2501/2128/1146 2511/2138/2374 2502/2129/2372 
f 2503/2130/2373 2504/2131/1146 2495/2122/1146 
f 2504/2131/1146 2505/2132/1146 2496/2123/1146 
f 2505/2132/1146 2506/2133/1146 2497/2124/1146 
f 2506/2133/1146 2507/2134/1146 2498/2125/1146 
f 2507/2134/1146 2508/2135/1146 2499/2126/1146 
f 2508/2135/1146 2509/2136/1146 2500/2127/1146 
f 2509/2136/1146 2510/2137/1146 2501/2128/1146 
f 2510/2137/1146 2520/2147/2376 2511/2138/2374 
f 2512/2139/2375 2513/2140/1146 2504/2131/1146 
f 2513/2140/1146 2514/2141/1146 2505/2132/1146 
f 2514/2141/1146 2515/2142/1146 2506/2133/1146 
f 2515/2142/1146 2516/2143/1146 2507/2134/1146 
f 2516/2143/1146 2517/2144/1146 2508/2135/1146 
f 2517/2144/1146 2518/2145/1146 2509/2136/1146 
f 2518/2145/1146 2519/2146/1146 2510/2137/1146 
f 2519/2146/1146 2529/2156/2378 2520/2147/2376 
f 2521/2148/2377 2522/2149/1146 2513/2140/1146 
f 2522/2149/1146 2523/2150/1146 2514/2141/1146 
f 2523/2150/1146 2524/2151/1146 2515/2142/1146 
f 2524/2151/1146 2525/2152/1146 2516/2143/1146 
f 2525/2152/1146 2526/2153/1146 2517/2144/1146 
f 2526/2153/1146 2527/2154/1146 2518/2145/1146 
f 2527/2154/1146 2528/2155/1146 2519/2146/1146 
f 2528/2155/1146 2538/2165/2387 2529/2156/2378 
f 2530/2157/2379 2531/2158/2380 2522/2149/1146 
f 2531/2158/2380 2532/2159/2381 2523/2150/1146 
f 2532/2159/2381 2533/2160/2382 2524/2151/1146 
f 2533/2160/2382 2534/2161/2383 2525/2152/1146 
f 2534/2161/2383 2535/2162/2384 2526/2153/1146 
f 2535/2162/2384 2536/2163/2385 2527/2154/1146 
f 2536/2163/2385 2537/2164/2386 2528/2155/1146 
f 2537/2164/2386 2539/2166/2388 2538/2165/2387 
f 2469/2096/2363 2457/2084/2355 2458/2085/2356 
f 2471/2098/2364 2456/2083/2354 2457/2084/2355 
f 2473/2100/2365 2455/2082/2353 2456/2083/2354 
f 2475/2102/2366 2454/2081/2352 2455/2082/2353 
f 2484/2111/2368 2453/2080/2351 2454/2081/2352 
f 2493/2120/2370 2452/2079/2350 2453/2080/2351 
f 2502/2129/2372 2451/2078/2349 2452/2079/2350 
f 2511/2138/2374 2450/2077/2348 2451/2078/2349 
f 2520/2147/2376 2449/2076/2347 2450/2077/2348 
f 2529/2156/2378 2448/2075/2346 2449/2076/2347 
f 2538/2165/2387 2447/2074/2345 2448/2075/2346 
f 2539/2166/2388 2446/2073/2344 2447/2074/2345 
f 2537/2164/2386 2445/2072/2343 2446/2073/2344 
f 2536/2163/2385 2444/2071/2342 2445/2072/2343 
f 2535/2162/2384 2443/2070/2341 2444/2071/2342 
f 2534/2161/2383 2442/2069/2340 2443/2070/2341 
f 2533/2160/2382 2441/2068/2339 2442/2069/2340 
f 2532/2159/2381 2440/2067/2338 2441/2068/2339 
f 2531/2158/2380 2439/2066/2337 2440/2067/2338 
f 2530/2157/2379 2438/2065/2336 2439/2066/2337 
f 2521/2148/2377 2437/2064/2335 2438/2065/2336 
f 2512/2139/2375 2436/2063/2334 2437/2064/2335 
f 2503/2130/2373 2435/2062/2333 2436/2063/2334 
f 2494/2121/2371 2434/2061/2332 2435/2062/2333 
f 2485/2112/2369 2433/2060/2331 2434/2061/2332 
f 2476/2103/2367 2432/2059/2330 2433/2060/2331 
f 2459/2086/2357 2431/2058/2329 2432/2059/2330 
f 2461/2088/2359 2430/2057/2328 2431/2058/2329 
f 2460/2087/2358 2429/2056/2327 2430/2057/2328 
f 2463/2090/2360 2428/2055/2326 2429/2056/2327 
f 2465/2092/2361 2427/2054/2325 2428/2055/2326 
f 2467/2094/2362 2458/2085/2356 2427/2054/2325 
f 2540/2167/2389 2601/2228/2422 2541/2168/40 
f 2543/2170/2390 2602/2229/2423 2544/2171/5 
f 2546/2173/2391 2603/2230/2424 2547/2174/2392 
f 2549/2176/2393 2540/2167/2389 2542/2169/38 
f 2551/2178/2394 2543/2170/2390 2545/2172/63 
f 2553/2180/2395 2546/2173/2391 2548/2175/10 
f 2555/2182/2396 2549/2176/2393 2550/2177/36 
f 2557/2184/2397 2551/2178/2394 2552/2179/62 
f 2559/2186/2399 2553/2180/2395 2554/2181/8 
f 2561/2188/2400 2555/2182/2396 2556/2183/34 
f 2563/2190/2401 2557/2184/2397 2558/2185/2398 
f 2565/2192/2402 2561/2188/2400 2562/2189/32 
f 2567/2194/2403 2563/2190/2401 2564/2191/58 
f 2569/2196/2404 2565/2192/2402 2566/2193/30 
f 2571/2198/2406 2567/2194/2403 2568/2195/56 
f 2573/2200/2407 2569/2196/2404 2570/2197/2405 
f 2575/2202/2408 2571/2198/2406 2572/2199/54 
f 2577/2204/2409 2573/2200/2407 2574/2201/26 
f 2579/2206/2410 2575/2202/2408 2576/2203/52 
f 2581/2208/2411 2577/2204/2409 2578/2205/24 
f 2583/2210/2412 2579/2206/2410 2580/2207/50 
f 2585/2212/2413 2581/2208/2411 2582/2209/22 
f 2587/2214/2414 2583/2210/2412 2584/2211/48 
f 2589/2216/2415 2585/2212/2413 2586/2213/20 
f 2591/2218/2416 2587/2214/2414 2588/2215/46 
f 2593/2220/2418 2589/2216/2415 2590/2217/18 
f 2595/2222/2419 2591/2218/2416 2592/2219/2417 
f 2597/2224/2420 2559/2186/2399 2560/2187/2 
f 2599/2226/2421 2593/2220/2418 2594/2221/16 
f 2601/2228/2422 2595/2222/2419 2596/2223/42 
f 2602/2229/2423 2597/2224/2420 2598/2225/99 
f 2603/2230/2424 2599/2226/2421 2600/2227/14 
f 2597/2224/2420 2602/2229/2423 2604/2231/2425 
f 2602/2229/2423 2543/2170/2390 2606/2233/2427 
f 2543/2170/2390 2551/2178/2394 2607/2234/2428 
f 2551/2178/2394 2557/2184/2397 2608/2235/2429 
f 2557/2184/2397 2563/2190/2401 2609/2236/2430 
f 2563/2190/2401 2567/2194/2403 2610/2237/2431 
f 2567/2194/2403 2571/2198/2406 2611/2238/2432 
f 2571/2198/2406 2575/2202/2408 2612/2239/2433 
f 2575/2202/2408 2579/2206/2410 2613/2240/2434 
f 2579/2206/2410 2583/2210/2412 2614/2241/2435 
f 2583/2210/2412 2587/2214/2414 2615/2242/2436 
f 2587/2214/2414 2591/2218/2416 2616/2243/2437 
f 2591/2218/2416 2595/2222/2419 2617/2244/2438 
f 2595/2222/2419 2601/2228/2422 2618/2245/2439 
f 2601/2228/2422 2540/2167/2389 2619/2246/2440 
f 2540/2167/2389 2549/2176/2393 2620/2247/2441 
f 2549/2176/2393 2555/2182/2396 2621/2248/2442 
f 2555/2182/2396 2561/2188/2400 2622/2249/2443 
f 2561/2188/2400 2565/2192/2402 2623/2250/2444 
f 2565/2192/2402 2569/2196/2404 2624/2251/2445 
f 2569/2196/2404 2573/2200/2407 2625/2252/2446 
f 2573/2200/2407 2577/2204/2409 2626/2253/2447 
f 2577/2204/2409 2581/2208/2411 2627/2254/2448 
f 2581/2208/2411 2585/2212/2413 2628/2255/2449 
f 2585/2212/2413 2589/2216/2415 2629/2256/2450 
f 2589/2216/2415 2593/2220/2418 2630/2257/2451 
f 2593/2220/2418 2599/2226/2421 2631/2258/2452 
f 2599/2226/2421 2603/2230/2424 2632/2259/2453 
f 2603/2230/2424 2546/2173/2391 2633/2260/2454 
f 2546/2173/2391 2553/2180/2395 2634/2261/2455 
f 2553/2180/2395 2559/2186/2399 2635/2262/2456 
f 2559/2186/2399 2597/2224/2420 2605/2232/2426 
f 2634/2261/2455 2635/2262/2456 2636/2263/2457 
f 2637/2264/2458 2636/2263/2457 2638/2265/2459 
f 2639/2266/2460 2638/2265/2459 2364/1991/2262 
f 2633/2260/2454 2634/2261/2455 2637/2264/2458 
f 2640/2267/2461 2637/2264/2458 2639/2266/2460 
f 2641/2268/2462 2639/2266/2460 2425/2052/2323 
f 2632/2259/2453 2633/2260/2454 2640/2267/2461 
f 2642/2269/2463 2640/2267/2461 2641/2268/2462 
f 2643/2270/2464 2641/2268/2462 2423/2050/2321 
f 2631/2258/2452 2632/2259/2453 2642/2269/2463 
f 2644/2271/2465 2642/2269/2463 2643/2270/2464 
f 2645/2272/2466 2643/2270/2464 2421/2048/2319 
f 2630/2257/2451 2631/2258/2452 2644/2271/2465 
f 2646/2273/2467 2644/2271/2465 2645/2272/2466 
f 2647/2274/2468 2645/2272/2466 2419/2046/2317 
f 2629/2256/2450 2630/2257/2451 2646/2273/2467 
f 2648/2275/2469 2646/2273/2467 2647/2274/2468 
f 2649/2276/2470 2647/2274/2468 2417/2044/2315 
f 2628/2255/2449 2629/2256/2450 2648/2275/2469 
f 2650/2277/2471 2648/2275/2469 2649/2276/2470 
f 2651/2278/2472 2649/2276/2470 2415/2042/2313 
f 2627/2254/2448 2628/2255/2449 2650/2277/2471 
f 2652/2279/2473 2650/2277/2471 2651/2278/2472 
f 2653/2280/2474 2651/2278/2472 2413/2040/2311 
f 2626/2253/2447 2627/2254/2448 2652/2279/2473 
f 2654/2281/2475 2652/2279/2473 2653/2280/2474 
f 2655/2282/2476 2653/2280/2474 2411/2038/2309 
f 2625/2252/2446 2626/2253/2447 2654/2281/2475 
f 2656/2283/2477 2654/2281/2475 2655/2282/2476 
f 2657/2284/2478 2655/2282/2476 2409/2036/2307 
f 2624/2251/2445 2625/2252/2446 2656/2283/2477 
f 2658/2285/2479 2656/2283/2477 2657/2284/2478 
f 2659/2286/2480 2657/2284/2478 2407/2034/2305 
f 2623/2250/2444 2624/2251/2445 2658/2285/2479 
f 2660/2287/2481 2658/2285/2479 2659/2286/2480 
f 2661/2288/2482 2659/2286/2480 2405/2032/2303 
f 2622/2249/2443 2623/2250/2444 2660/2287/2481 
f 2662/2289/2483 2660/2287/2481 2661/2288/2482 
f 2663/2290/2484 2661/2288/2482 2403/2030/2301 
f 2621/2248/2442 2622/2249/2443 2662/2289/2483 
f 2664/2291/2485 2662/2289/2483 2663/2290/2484 
f 2665/2292/2486 2663/2290/2484 2401/2028/2299 
f 2620/2247/2441 2621/2248/2442 2664/2291/2485 
f 2666/2293/2487 2664/2291/2485 2665/2292/2486 
f 2667/2294/2488 2665/2292/2486 2399/2026/2297 
f 2619/2246/2440 2620/2247/2441 2666/2293/2487 
f 2668/2295/2489 2666/2293/2487 2667/2294/2488 
f 2669/2296/2490 2667/2294/2488 2397/2024/2295 
f 2618/2245/2439 2619/2246/2440 2668/2295/2489 
f 2670/2297/2491 2668/2295/2489 2669/2296/2490 
f 2671/2298/2492 2669/2296/2490 2395/2022/2293 
f 2617/2244/2438 2618/2245/2439 2670/2297/2491 
f 2672/2299/2493 2670/2297/2491 2671/2298/2492 
f 2673/2300/2494 2671/2298/2492 2393/2020/2291 
f 2616/2243/2437 2617/2244/2438 2672/2299/2493 
f 2674/2301/2495 2672/2299/2493 2673/2300/2494 
f 2675/2302/2496 2673/2300/2494 2391/2018/2289 
f 2615/2242/2436 2616/2243/2437 2674/2301/2495 
f 2676/2303/2497 2674/2301/2495 2675/2302/2496 
f 2677/2304/2498 2675/2302/2496 2389/2016/2287 
f 2614/2241/2435 2615/2242/2436 2676/2303/2497 
f 2678/2305/2499 2676/2303/2497 2677/2304/2498 
f 2679/2306/2500 2677/2304/2498 2387/2014/2285 
f 2613/2240/2434 2614/2241/2435 2678/2305/2499 
f 2680/2307/2501 2678/2305/2499 2679/2306/2500 
f 2681/2308/2502 2679/2306/2500 2385/2012/2283 
f 2612/2239/2433 2613/2240/2434 2680/2307/2501 
f 2682/2309/2503 2680/2307/2501 2681/2308/2502 
f 2683/2310/2504 2681/2308/2502 2383/2010/2281 
f 2611/2238/2432 2612/2239/2433 2682/2309/2503 
f 2684/2311/2505 2682/2309/2503 2683/2310/2504 
f 2685/2312/2506 2683/2310/2504 2381/2008/2279 
f 2610/2237/2431 2611/2238/2432 2684/2311/2505 
f 2686/2313/2507 2684/2311/2505 2685/2312/2506 
f 2687/2314/2508 2685/2312/2506 2379/2006/2277 
f 2609/2236/2430 2610/2237/2431 2686/2313/2507 
f 2688/2315/2509 2686/2313/2507 2687/2314/2508 
f 2689/2316/2510 2687/2314/2508 2377/2004/2275 
f 2608/2235/2429 2609/2236/2430 2688/2315/2509 
f 2690/2317/2511 2688/2315/2509 2689/2316/2510 
f 2691/2318/2512 2689/2316/2510 2375/2002/2273 
f 2607/2234/2428 2608/2235/2429 2690/2317/2511 
f 2692/2319/2513 2690/2317/2511 2691/2318/2512 
f 2693/2320/2514 2691/2318/2512 2373/2000/2271 
f 2606/2233/2427 2607/2234/2428 2692/2319/2513 
f 2694/2321/2515 2692/2319/2513 2693/2320/2514 
f 2695/2322/2516 2693/2320/2514 2371/1998/2269 
f 2604/2231/2425 2606/2233/2427 2694/2321/2515 
f 2696/2323/2517 2694/2321/2515 2695/2322/2516 
f 2697/2324/2518 2695/2322/2516 2369/1996/2267 
f 2605/2232/2426 2604/2231/2425 2696/2323/2517 
f 2698/2325/2519 2696/2323/2517 2697/2324/2518 
f 2699/2326/2520 2697/2324/2518 2367/1994/2265 
f 2635/2262/2456 2605/2232/2426 2698/2325/2519 
f 2636/2263/2457 2698/2325/2519 2699/2326/2520 
f 2638/2265/2459 2699/2326/2520 2365/1992/2263 
f 2700/1990/2521 2704/1992/2525 2701/1991/2522 
f 2703/1993/2524 2706/1994/2527 2704/1992/2525 
f 2705/1995/2526 2708/1996/2529 2706/1994/2527 
f 2707/1997/2528 2710/1998/2531 2708/1996/2529 
f 2709/1999/2530 2712/2000/2533 2710/1998/2531 
f 2711/2001/2532 2714/2002/2535 2712/2000/2533 
f 2713/2003/2534 2716/2004/2537 2714/2002/2535 
f 2715/2005/2536 2718/2006/2539 2716/2004/2537 
f 2717/2007/2538 2720/2008/2541 2718/2006/2539 
f 2719/2009/2540 2722/2010/2543 2720/2008/2541 
f 2721/2011/2542 2724/2012/2545 2722/2010/2543 
f 2723/2013/2544 2726/2014/2547 2724/2012/2545 
f 2725/2015/2546 2728/2016/2549 2726/2014/2547 
f 2727/2017/2548 2730/2018/2551 2728/2016/2549 
f 2729/2019/2550 2732/2020/2553 2730/2018/2551 
f 2731/2021/2552 2734/2022/2555 2732/2020/2553 
f 2733/2023/2554 2736/2024/2557 2734/2022/2555 
f 2735/2025/2556 2738/2026/2559 2736/2024/2557 
f 2737/2027/2558 2740/2028/2561 2738/2026/2559 
f 2739/2029/2560 2742/2030/2563 2740/2028/2561 
f 2741/2031/2562 2744/2032/2565 2742/2030/2563 
f 2743/2033/2564 2746/2034/2567 2744/2032/2565 
f 2745/2035/2566 2748/2036/2569 2746/2034/2567 
f 2747/2037/2568 2750/2038/2571 2748/2036/2569 
f 2749/2039/2570 2752/2040/2573 2750/2038/2571 
f 2751/2041/2572 2754/2042/2575 2752/2040/2573 
f 2753/2043/2574 2756/2044/2577 2754/2042/2575 
f 2755/2045/2576 2758/2046/2579 2756/2044/2577 
f 2757/2047/2578 2760/2048/2581 2758/2046/2579 
f 2759/2049/2580 2762/2050/2583 2760/2048/2581 
f 2761/2051/2582 2763/2052/2584 2762/2050/2583 
f 2702/2053/2523 2701/1991/2522 2763/2052/2584 
f 2764/2054/2585 2700/1990/2521 2702/2053/2523 
f 2766/2055/2587 2703/1993/2524 2700/1990/2521 
f 2767/2056/2588 2705/1995/2526 2703/1993/2524 
f 2768/2057/2589 2707/1997/2528 2705/1995/2526 
f 2769/2058/2590 2709/1999/2530 2707/1997/2528 
f 2770/2059/2591 2711/2001/2532 2709/1999/2530 
f 2771/2060/2592 2713/2003/2534 2711/2001/2532 
f 2772/2061/2593 2715/2005/2536 2713/2003/2534 
f 2773/2062/2594 2717/2007/2538 2715/2005/2536 
f 2774/2063/2595 2719/2009/2540 2717/2007/2538 
f 2775/2064/2596 2721/2011/2542 2719/2009/2540 
f 2776/2065/2597 2723/2013/2544 2721/2011/2542 
f 2777/2066/2598 2725/2015/2546 2723/2013/2544 
f 2778/2067/2599 2727/2017/2548 2725/2015/2546 
f 2779/2068/2600 2729/2019/2550 2727/2017/2548 
f 2780/2069/2601 2731/2021/2552 2729/2019/2550 
f 2781/2070/2602 2733/2023/2554 2731/2021/2552 
f 2782/2071/2603 2735/2025/2556 2733/2023/2554 
f 2783/2072/2604 2737/2027/2558 2735/2025/2556 
f 2784/2073/2605 2739/2029/2560 2737/2027/2558 
f 2785/2074/2606 2741/2031/2562 2739/2029/2560 
f 2786/2075/2607 2743/2033/2564 2741/2031/2562 
f 2787/2076/2608 2745/2035/2566 2743/2033/2564 
f 2788/2077/2609 2747/2037/2568 2745/2035/2566 
f 2789/2078/2610 2749/2039/2570 2747/2037/2568 
f 2790/2079/2611 2751/2041/2572 2749/2039/2570 
f 2791/2080/2612 2753/2043/2574 2751/2041/2572 
f 2792/2081/2613 2755/2045/2576 2753/2043/2574 
f 2793/2082/2614 2757/2047/2578 2755/2045/2576 
f 2794/2083/2615 2759/2049/2580 2757/2047/2578 
f 2795/2084/2616 2761/2051/2582 2759/2049/2580 
f 2765/2085/2586 2702/2053/2523 2761/2051/2582 
f 2796/2086/2617 2876/2088/2648 2797/2087/2618 
f 2798/2089/1153 2797/2087/2618 2799/2090/2619 
f 2800/2091/1153 2799/2090/2619 2801/2092/2620 
f 2802/2093/1153 2801/2092/2620 2803/2094/2621 
f 2804/2095/1153 2803/2094/2621 2805/2096/2622 
f 2806/2097/1153 2805/2096/2622 2807/2098/2623 
f 2808/2099/1153 2807/2098/2623 2809/2100/2624 
f 2810/2101/1153 2809/2100/2624 2811/2102/2625 
f 2813/2103/2627 2796/2086/2617 2798/2089/1153 
f 2814/2104/1153 2798/2089/1153 2800/2091/1153 
f 2815/2105/1153 2800/2091/1153 2802/2093/1153 
f 2816/2106/1153 2802/2093/1153 2804/2095/1153 
f 2817/2107/1153 2804/2095/1153 2806/2097/1153 
f 2818/2108/1153 2806/2097/1153 2808/2099/1153 
f 2819/2109/1153 2808/2099/1153 2810/2101/1153 
f 2820/2110/1153 2810/2101/1153 2812/2111/2626 
f 2822/2112/2629 2813/2103/2627 2814/2104/1153 
f 2823/2113/1153 2814/2104/1153 2815/2105/1153 
f 2824/2114/1153 2815/2105/1153 2816/2106/1153 
f 2825/2115/1153 2816/2106/1153 2817/2107/1153 
f 2826/2116/1153 2817/2107/1153 2818/2108/1153 
f 2827/2117/1153 2818/2108/1153 2819/2109/1153 
f 2828/2118/1153 2819/2109/1153 2820/2110/1153 
f 2829/2119/1153 2820/2110/1153 2821/2120/2628 
f 2831/2121/2631 2822/2112/2629 2823/2113/1153 
f 2832/2122/1153 2823/2113/1153 2824/2114/1153 
f 2833/2123/1153 2824/2114/1153 2825/2115/1153 
f 2834/2124/1153 2825/2115/1153 2826/2116/1153 
f 2835/2125/1153 2826/2116/1153 2827/2117/1153 
f 2836/2126/1153 2827/2117/1153 2828/2118/1153 
f 2837/2127/1153 2828/2118/1153 2829/2119/1153 
f 2838/2128/1153 2829/2119/1153 2830/2129/2630 
f 2840/2130/2633 2831/2121/2631 2832/2122/1153 
f 2841/2131/1153 2832/2122/1153 2833/2123/1153 
f 2842/2132/1153 2833/2123/1153 2834/2124/1153 
f 2843/2133/1153 2834/2124/1153 2835/2125/1153 
f 2844/2134/1153 2835/2125/1153 2836/2126/1153 
f 2845/2135/1153 2836/2126/1153 2837/2127/1153 
f 2846/2136/1153 2837/2127/1153 2838/2128/1153 
f 2847/2137/1153 2838/2128/1153 2839/2138/2632 
f 2849/2139/2635 2840/2130/2633 2841/2131/1153 
f 2850/2140/1153 2841/2131/1153 2842/2132/1153 
f 2851/2141/1153 2842/2132/1153 2843/2133/1153 
f 2852/2142/1153 2843/2133/1153 2844/2134/1153 
f 2853/2143/1153 2844/2134/1153 2845/2135/1153 
f 2854/2144/1153 2845/2135/1153 2846/2136/1153 
f 2855/2145/1153 2846/2136/1153 2847/2137/1153 
f 2856/2146/1153 2847/2137/1153 2848/2147/2634 
f 2858/2148/2637 2849/2139/2635 2850/2140/1153 
f 2859/2149/1153 2850/2140/1153 2851/2141/1153 
f 2860/2150/1153 2851/2141/1153 2852/2142/1153 
f 2861/2151/1153 2852/2142/1153 2853/2143/1153 
f 2862/2152/1153 2853/2143/1153 2854/2144/1153 
f 2863/2153/1153 2854/2144/1153 2855/2145/1153 
f 2864/2154/1153 2855/2145/1153 2856/2146/1153 
f 2865/2155/1153 2856/2146/1153 2857/2156/2636 
f 2867/2157/2639 2858/2148/2637 2859/2149/1153 
f 2868/2158/2640 2859/2149/1153 2860/2150/1153 
f 2869/2159/2641 2860/2150/1153 2861/2151/1153 
f 2870/2160/2642 2861/2151/1153 2862/2152/1153 
f 2871/2161/2643 2862/2152/1153 2863/2153/1153 
f 2872/2162/2644 2863/2153/1153 2864/2154/1153 
f 2873/2163/2645 2864/2154/1153 2865/2155/1153 
f 2874/2164/2646 2865/2155/1153 2866/2165/2638 
f 2805/2096/2622 2803/2094/2621 2765/2085/2586 
f 2807/2098/2623 2805/2096/2622 2795/2084/2616 
f 2809/2100/2624 2807/2098/2623 2794/2083/2615 
f 2811/2102/2625 2809/2100/2624 2793/2082/2614 
f 2812/2111/2626 2811/2102/2625 2792/2081/2613 
f 2821/2120/2628 2812/2111/2626 2791/2080/2612 
f 2830/2129/2630 2821/2120/2628 2790/2079/2611 
f 2839/2138/2632 2830/2129/2630 2789/2078/2610 
f 2848/2147/2634 2839/2138/2632 2788/2077/2609 
f 2857/2156/2636 2848/2147/2634 2787/2076/2608 
f 2866/2165/2638 2857/2156/2636 2786/2075/2607 
f 2875/2166/2647 2866/2165/2638 2785/2074/2606 
f 2874/2164/2646 2875/2166/2647 2784/2073/2605 
f 2873/2163/2645 2874/2164/2646 2783/2072/2604 
f 2872/2162/2644 2873/2163/2645 2782/2071/2603 
f 2871/2161/2643 2872/2162/2644 2781/2070/2602 
f 2870/2160/2642 2871/2161/2643 2780/2069/2601 
f 2869/2159/2641 2870/2160/2642 2779/2068/2600 
f 2868/2158/2640 2869/2159/2641 2778/2067/2599 
f 2867/2157/2639 2868/2158/2640 2777/2066/2598 
f 2858/2148/2637 2867/2157/2639 2776/2065/2597 
f 2849/2139/2635 2858/2148/2637 2775/2064/2596 
f 2840/2130/2633 2849/2139/2635 2774/2063/2595 
f 2831/2121/2631 2840/2130/2633 2773/2062/2594 
f 2822/2112/2629 2831/2121/2631 2772/2061/2593 
f 2813/2103/2627 2822/2112/2629 2771/2060/2592 
f 2796/2086/2617 2813/2103/2627 2770/2059/2591 
f 2876/2088/2648 2796/2086/2617 2769/2058/2590 
f 2797/2087/2618 2876/2088/2648 2768/2057/2589 
f 2799/2090/2619 2797/2087/2618 2767/2056/2588 
f 2801/2092/2620 2799/2090/2619 2766/2055/2587 
f 2803/2094/2621 2801/2092/2620 2764/2054/2585 
f 2877/2167/2649 2887/2169/38 2878/2168/40 
f 2880/2170/2651 2889/2172/63 2881/2171/5 
f 2883/2173/2653 2891/2175/10 2884/2174/2392 
f 2886/2176/2655 2893/2177/36 2887/2169/38 
f 2888/2178/2656 2895/2179/62 2889/2172/63 
f 2890/2180/2657 2897/2181/8 2891/2175/10 
f 2892/2182/2658 2899/2183/34 2893/2177/36 
f 2894/2184/2659 2901/2185/2398 2895/2179/62 
f 2896/2186/2660 2935/2187/2 2897/2181/8 
f 2898/2188/2661 2903/2189/32 2899/2183/34 
f 2900/2190/2662 2905/2191/58 2901/2185/2398 
f 2902/2192/2663 2907/2193/30 2903/2189/32 
f 2904/2194/2664 2909/2195/56 2905/2191/58 
f 2906/2196/2665 2911/2197/2405 2907/2193/30 
f 2908/2198/2666 2913/2199/54 2909/2195/56 
f 2910/2200/2667 2915/2201/26 2911/2197/2405 
f 2912/2202/2668 2917/2203/52 2913/2199/54 
f 2914/2204/2669 2919/2205/24 2915/2201/26 
f 2916/2206/2670 2921/2207/50 2917/2203/52 
f 2918/2208/2671 2923/2209/22 2919/2205/24 
f 2920/2210/2672 2925/2211/48 2921/2207/50 
f 2922/2212/2673 2927/2213/20 2923/2209/22 
f 2924/2214/2674 2929/2215/46 2925/2211/48 
f 2926/2216/2675 2931/2217/18 2927/2213/20 
f 2928/2218/2676 2933/2219/2417 2929/2215/46 
f 2930/2220/2677 2937/2221/16 2931/2217/18 
f 2932/2222/2678 2938/2223/42 2933/2219/2417 
f 2934/2224/2679 2939/2225/99 2935/2187/2 
f 2936/2226/2680 2940/2227/14 2937/2221/16 
f 2879/2228/2650 2878/2168/40 2938/2223/42 
f 2882/2229/2652 2881/2171/5 2939/2225/99 
f 2885/2230/2654 2884/2174/2392 2940/2227/14 
f 2934/2224/2679 2972/2232/2712 2941/2231/2681 
f 2882/2229/2652 2941/2231/2681 2942/2233/2682 
f 2880/2170/2651 2942/2233/2682 2943/2234/2683 
f 2888/2178/2656 2943/2234/2683 2944/2235/2684 
f 2894/2184/2659 2944/2235/2684 2945/2236/2685 
f 2900/2190/2662 2945/2236/2685 2946/2237/2686 
f 2904/2194/2664 2946/2237/2686 2947/2238/2687 
f 2908/2198/2666 2947/2238/2687 2948/2239/2688 
f 2912/2202/2668 2948/2239/2688 2949/2240/2689 
f 2916/2206/2670 2949/2240/2689 2950/2241/2690 
f 2920/2210/2672 2950/2241/2690 2951/2242/2691 
f 2924/2214/2674 2951/2242/2691 2952/2243/2692 
f 2928/2218/2676 2952/2243/2692 2953/2244/2693 
f 2932/2222/2678 2953/2244/2693 2954/2245/2694 
f 2879/2228/2650 2954/2245/2694 2955/2246/2695 
f 2877/2167/2649 2955/2246/2695 2956/2247/2696 
f 2886/2176/2655 2956/2247/2696 2957/2248/2697 
f 2892/2182/2658 2957/2248/2697 2958/2249/2698 
f 2898/2188/2661 2958/2249/2698 2959/2250/2699 
f 2902/2192/2663 2959/2250/2699 2960/2251/2700 
f 2906/2196/2665 2960/2251/2700 2961/2252/2701 
f 2910/2200/2667 2961/2252/2701 2962/2253/2702 
f 2914/2204/2669 2962/2253/2702 2963/2254/2703 
f 2918/2208/2671 2963/2254/2703 2964/2255/2704 
f 2922/2212/2673 2964/2255/2704 2965/2256/2705 
f 2926/2216/2675 2965/2256/2705 2966/2257/2706 
f 2930/2220/2677 2966/2257/2706 2967/2258/2707 
f 2936/2226/2680 2967/2258/2707 2968/2259/2708 
f 2885/2230/2654 2968/2259/2708 2969/2260/2709 
f 2883/2173/2653 2969/2260/2709 2970/2261/2710 
f 2890/2180/2657 2970/2261/2710 2971/2262/2711 
f 2896/2186/2660 2971/2262/2711 2972/2232/2712 
f 2970/2261/2710 2974/2264/2714 2973/2263/2713 
f 2974/2264/2714 2976/2266/2716 2975/2265/2715 
f 2976/2266/2716 2763/2052/2584 2701/1991/2522 
f 2969/2260/2709 2977/2267/2717 2974/2264/2714 
f 2977/2267/2717 2978/2268/2718 2976/2266/2716 
f 2978/2268/2718 2762/2050/2583 2763/2052/2584 
f 2968/2259/2708 2979/2269/2719 2977/2267/2717 
f 2979/2269/2719 2980/2270/2720 2978/2268/2718 
f 2980/2270/2720 2760/2048/2581 2762/2050/2583 
f 2967/2258/2707 2981/2271/2721 2979/2269/2719 
f 2981/2271/2721 2982/2272/2722 2980/2270/2720 
f 2982/2272/2722 2758/2046/2579 2760/2048/2581 
f 2966/2257/2706 2983/2273/2723 2981/2271/2721 
f 2983/2273/2723 2984/2274/2724 2982/2272/2722 
f 2984/2274/2724 2756/2044/2577 2758/2046/2579 
f 2965/2256/2705 2985/2275/2725 2983/2273/2723 
f 2985/2275/2725 2986/2276/2726 2984/2274/2724 
f 2986/2276/2726 2754/2042/2575 2756/2044/2577 
f 2964/2255/2704 2987/2277/2727 2985/2275/2725 
f 2987/2277/2727 2988/2278/2728 2986/2276/2726 
f 2988/2278/2728 2752/2040/2573 2754/2042/2575 
f 2963/2254/2703 2989/2279/2729 2987/2277/2727 
f 2989/2279/2729 2990/2280/2730 2988/2278/2728 
f 2990/2280/2730 2750/2038/2571 2752/2040/2573 
f 2962/2253/2702 2991/2281/2731 2989/2279/2729 
f 2991/2281/2731 2992/2282/2732 2990/2280/2730 
f 2992/2282/2732 2748/2036/2569 2750/2038/2571 
f 2961/2252/2701 2993/2283/2733 2991/2281/2731 
f 2993/2283/2733 2994/2284/2734 2992/2282/2732 
f 2994/2284/2734 2746/2034/2567 2748/2036/2569 
f 2960/2251/2700 2995/2285/2735 2993/2283/2733 
f 2995/2285/2735 2996/2286/2736 2994/2284/2734 
f 2996/2286/2736 2744/2032/2565 2746/2034/2567 
f 2959/2250/2699 2997/2287/2737 2995/2285/2735 
f 2997/2287/2737 2998/2288/2738 2996/2286/2736 
f 2998/2288/2738 2742/2030/2563 2744/2032/2565 
f 2958/2249/2698 2999/2289/2739 2997/2287/2737 
f 2999/2289/2739 3000/2290/2740 2998/2288/2738 
f 3000/2290/2740 2740/2028/2561 2742/2030/2563 
f 2957/2248/2697 3001/2291/2741 2999/2289/2739 
f 3001/2291/2741 3002/2292/2742 3000/2290/2740 
f 3002/2292/2742 2738/2026/2559 2740/2028/2561 
f 2956/2247/2696 3003/2293/2743 3001/2291/2741 
f 3003/2293/2743 3004/2294/2744 3002/2292/2742 
f 3004/2294/2744 2736/2024/2557 2738/2026/2559 
f 2955/2246/2695 3005/2295/2745 3003/2293/2743 
f 3005/2295/2745 3006/2296/2746 3004/2294/2744 
f 3006/2296/2746 2734/2022/2555 2736/2024/2557 
f 2954/2245/2694 3007/2297/2747 3005/2295/2745 
f 3007/2297/2747 3008/2298/2748 3006/2296/2746 
f 3008/2298/2748 2732/2020/2553 2734/2022/2555 
f 2953/2244/2693 3009/2299/2749 3007/2297/2747 
f 3009/2299/2749 3010/2300/2750 3008/2298/2748 
f 3010/2300/2750 2730/2018/2551 2732/2020/2553 
f 2952/2243/2692 3011/2301/2751 3009/2299/2749 
f 3011/2301/2751 3012/2302/2752 3010/2300/2750 
f 3012/2302/2752 2728/2016/2549 2730/2018/2551 
f 2951/2242/2691 3013/2303/2753 3011/2301/2751 
f 3013/2303/2753 3014/2304/2754 3012/2302/2752 
f 3014/2304/2754 2726/2014/2547 2728/2016/2549 
f 2950/2241/2690 3015/2305/2755 3013/2303/2753 
f 3015/2305/2755 3016/2306/2756 3014/2304/2754 
f 3016/2306/2756 2724/2012/2545 2726/2014/2547 
f 2949/2240/2689 3017/2307/2757 3015/2305/2755 
f 3017/2307/2757 3018/2308/2758 3016/2306/2756 
f 3018/2308/2758 2722/2010/2543 2724/2012/2545 
f 2948/2239/2688 3019/2309/2759 3017/2307/2757 
f 3019/2309/2759 3020/2310/2760 3018/2308/2758 
f 3020/2310/2760 2720/2008/2541 2722/2010/2543 
f 2947/2238/2687 3021/2311/2761 3019/2309/2759 
f 3021/2311/2761 3022/2312/2762 3020/2310/2760 
f 3022/2312/2762 2718/2006/2539 2720/2008/2541 
f 2946/2237/2686 3023/2313/2763 3021/2311/2761 
f 3023/2313/2763 3024/2314/2764 3022/2312/2762 
f 3024/2314/2764 2716/2004/2537 2718/2006/2539 
f 2945/2236/2685 3025/2315/2765 3023/2313/2763 
f 3025/2315/2765 3026/2316/2766 3024/2314/2764 
f 3026/2316/2766 2714/2002/2535 2716/2004/2537 
f 2944/2235/2684 3027/2317/2767 3025/2315/2765 
f 3027/2317/2767 3028/2318/2768 3026/2316/2766 
f 3028/2318/2768 2712/2000/2533 2714/2002/2535 
f 2943/2234/2683 3029/2319/2769 3027/2317/2767 
f 3029/2319/2769 3030/2320/2770 3028/2318/2768 
f 3030/2320/2770 2710/1998/2531 2712/2000/2533 
f 2942/2233/2682 3031/2321/2771 3029/2319/2769 
f 3031/2321/2771 3032/2322/2772 3030/2320/2770 
f 3032/2322/2772 2708/1996/2529 2710/1998/2531 
f 2941/2231/2681 3033/2323/2773 3031/2321/2771 
f 3033/2323/2773 3034/2324/2774 3032/2322/2772 
f 3034/2324/2774 2706/1994/2527 2708/1996/2529 
f 2972/2232/2712 3035/2325/2775 3033/2323/2773 
f 3035/2325/2775 3036/2326/2776 3034/2324/2774 
f 3036/2326/2776 2704/1992/2525 2706/1994/2527 
f 2971/2262/2711 2973/2263/2713 3035/2325/2775 
f 2973/2263/2713 2975/2265/2715 3036/2326/2776 
f 2975/2265/2715 2701/1991/2522 2704/1992/2525 
f 3037/2327/38 3038/2328/42 3039/2329/42 
f 3039/2330/42 3040/2331/46 3041/2332/46 
f 3041/2332/46 3042/2333/50 3043/2334/50 
f 3043/2334/50 3044/2335/54 3045/2336/54 
f 3045/2336/54 3046/2337/58 3047/2338/58 
f 3047/2338/58 3048/2339/62 3049/2340/62 
f 3049/2340/62 3050/2341/5 3051/2342/5 
f 3051/2342/5 3052/2343/2 3053/2344/2 
f 3053/2344/2 3054/2345/10 3055/2346/10 
f 3055/2346/10 3056/2347/14 3057/2348/14 
f 3057/2348/14 3058/2349/18 3059/2350/18 
f 3059/2350/18 3060/2351/22 3061/2352/22 
f 3061/2352/22 3062/2353/26 3063/2354/26 
f 3063/2354/26 3064/2355/30 3065/2356/30 
f 3066/2357/22 3067/2358/18 3068/2359/22 
f 3065/2356/30 3069/2360/34 3070/2361/34 
f 3070/2361/34 3071/2362/38 3037/2327/38 
f 3072/2363/1146 3038/2364/1146 3071/2365/1146 
f 3073/2366/1146 3040/2367/1146 3038/2364/1146 
f 3074/2368/1146 3042/2369/1146 3040/2367/1146 
f 3075/2370/1146 3044/2371/1146 3042/2369/1146 
f 3076/2372/1146 3046/2373/1146 3044/2371/1146 
f 3077/2374/1146 3048/2375/1146 3046/2373/1146 
f 3078/2376/1146 3050/2377/1146 3048/2375/1146 
f 3079/2378/1146 3052/2379/1146 3050/2377/1146 
f 3080/2380/1146 3054/2381/1146 3052/2379/1146 
f 3081/2382/1146 3056/2383/1146 3054/2381/1146 
f 3082/2384/1146 3058/2385/1146 3056/2383/1146 
f 3083/2386/1146 3060/2387/1146 3058/2385/1146 
f 3066/2388/1146 3062/2389/1146 3060/2387/1146 
f 3084/2390/1146 3064/2391/1146 3062/2389/1146 
f 3085/2392/1146 3069/2393/1146 3064/2391/1146 
f 3086/2394/1146 3071/2365/1146 3069/2393/1146 
f 3087/2395/1146 3088/2396/1146 3089/2397/1146 
f 3077/2398/58 3088/2399/54 3090/2400/58 
f 3084/2401/26 3068/2359/22 3091/2402/26 
f 3078/2403/62 3090/2400/58 3087/2404/62 
f 3085/2405/30 3091/2402/26 3092/2406/30 
f 3079/2407/5 3087/2404/62 3093/2408/5 
f 3086/2409/34 3092/2406/30 3094/2410/34 
f 3080/2411/2 3093/2408/5 3095/2412/2 
f 3073/2413/42 3096/2414/38 3097/2415/42 
f 3072/2416/38 3094/2410/34 3096/2414/38 
f 3081/2417/10 3095/2412/2 3098/2418/10 
f 3074/2419/46 3097/2415/42 3089/2420/46 
f 3082/2421/14 3098/2418/10 3099/2422/14 
f 3075/2423/50 3089/2420/46 3100/2424/50 
f 3083/2425/18 3099/2426/14 3067/2358/18 
f 3076/2427/54 3100/2424/50 3088/2399/54 
f 3101/2327/38 3102/2328/42 3103/2362/38 
f 3104/2330/42 3105/2331/46 3102/2428/42 
f 3106/2332/46 3107/2333/50 3105/2331/46 
f 3108/2334/50 3109/2335/54 3107/2333/50 
f 3110/2336/54 3111/2337/58 3109/2335/54 
f 3112/2338/58 3113/2339/62 3111/2337/58 
f 3114/2340/62 3115/2341/5 3113/2339/62 
f 3116/2342/5 3117/2343/2 3115/2341/5 
f 3118/2344/2 3119/2345/10 3117/2343/2 
f 3120/2346/10 3121/2347/14 3119/2345/10 
f 3122/2348/14 3123/2349/18 3121/2347/14 
f 3124/2350/18 3125/2351/22 3123/2349/18 
f 3126/2352/22 3127/2353/26 3125/2351/22 
f 3128/2354/26 3129/2355/30 3127/2353/26 
f 3130/2357/22 3131/2358/18 3132/2425/18 
f 3133/2356/30 3134/2360/34 3129/2355/30 
f 3135/2361/34 3103/2362/38 3134/2360/34 
f 3136/2363/1153 3102/2364/1153 3137/2366/1153 
f 3137/2366/1153 3105/2367/1153 3138/2368/1153 
f 3138/2368/1153 3107/2369/1153 3139/2370/1153 
f 3139/2370/1153 3109/2371/1153 3140/2372/1153 
f 3140/2372/1153 3111/2373/1153 3141/2374/1153 
f 3141/2374/1153 3113/2375/1153 3142/2376/1153 
f 3142/2376/1153 3115/2377/1153 3143/2378/1153 
f 3143/2378/1153 3117/2379/1153 3144/2380/1153 
f 3144/2380/1153 3119/2381/1153 3145/2382/1153 
f 3145/2382/1153 3121/2383/1153 3146/2384/1153 
f 3146/2384/1153 3123/2385/1153 3132/2386/1153 
f 3132/2386/1153 3125/2387/1153 3130/2388/1153 
f 3130/2388/1153 3127/2389/1153 3147/2390/1153 
f 3147/2390/1153 3129/2391/1153 3148/2392/1153 
f 3148/2392/1153 3134/2393/1153 3149/2394/1153 
f 3149/2394/1153 3103/2365/1153 3136/2363/1153 
f 3150/2429/1153 3151/2430/1153 3152/2431/1153 
f 3141/2398/58 3153/2399/54 3140/2427/54 
f 3147/2401/26 3154/2359/22 3130/2357/22 
f 3142/2403/62 3155/2400/58 3141/2398/58 
f 3148/2405/30 3156/2402/26 3147/2401/26 
f 3143/2407/5 3157/2404/62 3142/2403/62 
f 3149/2409/34 3150/2406/30 3148/2405/30 
f 3144/2411/2 3158/2408/5 3143/2407/5 
f 3137/2413/42 3151/2414/38 3136/2416/38 
f 3136/2416/38 3159/2410/34 3149/2409/34 
f 3145/2417/10 3152/2412/2 3144/2411/2 
f 3138/2419/46 3160/2415/42 3137/2413/42 
f 3146/2421/14 3161/2418/10 3145/2417/10 
f 3139/2423/50 3162/2420/46 3138/2419/46 
f 3132/2425/18 3163/2426/14 3146/2432/14 
f 3140/2427/54 3164/2424/50 3139/2423/50 
f 3037/2327/38 3071/2362/38 3038/2328/42 
f 3039/2330/42 3038/2428/42 3040/2331/46 
f 3041/2332/46 3040/2331/46 3042/2333/50 
f 3043/2334/50 3042/2333/50 3044/2335/54 
f 3045/2336/54 3044/2335/54 3046/2337/58 
f 3047/2338/58 3046/2337/58 3048/2339/62 
f 3049/2340/62 3048/2339/62 3050/2341/5 
f 3051/2342/5 3050/2341/5 3052/2343/2 
f 3053/2344/2 3052/2343/2 3054/2345/10 
f 3055/2346/10 3054/2345/10 3056/2347/14 
f 3057/2348/14 3056/2347/14 3058/2349/18 
f 3059/2350/18 3058/2349/18 3060/2351/22 
f 3061/2352/22 3060/2351/22 3062/2353/26 
f 3063/2354/26 3062/2353/26 3064/2355/30 
f 3066/2357/22 3083/2425/18 3067/2358/18 
f 3065/2356/30 3064/2355/30 3069/2360/34 
f 3070/2361/34 3069/2360/34 3071/2362/38 
f 3072/2363/1146 3073/2366/1146 3038/2364/1146 
f 3073/2366/1146 3074/2368/1146 3040/2367/1146 
f 3074/2368/1146 3075/2370/1146 3042/2369/1146 
f 3075/2370/1146 3076/2372/1146 3044/2371/1146 
f 3076/2372/1146 3077/2374/1146 3046/2373/1146 
f 3077/2374/1146 3078/2376/1146 3048/2375/1146 
f 3078/2376/1146 3079/2378/1146 3050/2377/1146 
f 3079/2378/1146 3080/2380/1146 3052/2379/1146 
f 3080/2380/1146 3081/2382/1146 3054/2381/1146 
f 3081/2382/1146 3082/2384/1146 3056/2383/1146 
f 3082/2384/1146 3083/2386/1146 3058/2385/1146 
f 3083/2386/1146 3066/2388/1146 3060/2387/1146 
f 3066/2388/1146 3084/2390/1146 3062/2389/1146 
f 3084/2390/1146 3085/2392/1146 3064/2391/1146 
f 3085/2392/1146 3086/2394/1146 3069/2393/1146 
f 3086/2394/1146 3072/2363/1146 3071/2365/1146 
f 3089/2397/1146 3097/2433/1146 3096/2430/1146 
f 3096/2430/1146 3094/2434/1146 3092/2429/1146 
f 3092/2429/1146 3091/2435/1146 3068/2436/1146 
f 3068/2436/1146 3067/2437/1146 3092/2429/1146 
f 3067/2437/1146 3099/2438/1146 3092/2429/1146 
f 3099/2438/1146 3098/2439/1146 3095/2431/1146 
f 3095/2431/1146 3093/2440/1146 3087/2395/1146 
f 3087/2395/1146 3090/2441/1146 3088/2396/1146 
f 3088/2396/1146 3100/2442/1146 3089/2397/1146 
f 3089/2397/1146 3096/2430/1146 3099/2438/1146 
f 3096/2430/1146 3092/2429/1146 3099/2438/1146 
f 3099/2438/1146 3095/2431/1146 3089/2397/1146 
f 3095/2431/1146 3087/2395/1146 3089/2397/1146 
f 3077/2398/58 3076/2427/54 3088/2399/54 
f 3084/2401/26 3066/2357/22 3068/2359/22 
f 3078/2403/62 3077/2398/58 3090/2400/58 
f 3085/2405/30 3084/2401/26 3091/2402/26 
f 3079/2407/5 3078/2403/62 3087/2404/62 
f 3086/2409/34 3085/2405/30 3092/2406/30 
f 3080/2411/2 3079/2407/5 3093/2408/5 
f 3073/2413/42 3072/2416/38 3096/2414/38 
f 3072/2416/38 3086/2409/34 3094/2410/34 
f 3081/2417/10 3080/2411/2 3095/2412/2 
f 3074/2419/46 3073/2413/42 3097/2415/42 
f 3082/2421/14 3081/2417/10 3098/2418/10 
f 3075/2423/50 3074/2419/46 3089/2420/46 
f 3083/2425/18 3082/2432/14 3099/2426/14 
f 3076/2427/54 3075/2423/50 3100/2424/50 
f 3101/2327/38 3104/2329/42 3102/2328/42 
f 3104/2330/42 3106/2332/46 3105/2331/46 
f 3106/2332/46 3108/2334/50 3107/2333/50 
f 3108/2334/50 3110/2336/54 3109/2335/54 
f 3110/2336/54 3112/2338/58 3111/2337/58 
f 3112/2338/58 3114/2340/62 3113/2339/62 
f 3114/2340/62 3116/2342/5 3115/2341/5 
f 3116/2342/5 3118/2344/2 3117/2343/2 
f 3118/2344/2 3120/2346/10 3119/2345/10 
f 3120/2346/10 3122/2348/14 3121/2347/14 
f 3122/2348/14 3124/2350/18 3123/2349/18 
f 3124/2350/18 3126/2352/22 3125/2351/22 
f 3126/2352/22 3128/2354/26 3127/2353/26 
f 3128/2354/26 3133/2356/30 3129/2355/30 
f 3130/2357/22 3154/2359/22 3131/2358/18 
f 3133/2356/30 3135/2361/34 3134/2360/34 
f 3135/2361/34 3101/2327/38 3103/2362/38 
f 3136/2363/1153 3103/2365/1153 3102/2364/1153 
f 3137/2366/1153 3102/2364/1153 3105/2367/1153 
f 3138/2368/1153 3105/2367/1153 3107/2369/1153 
f 3139/2370/1153 3107/2369/1153 3109/2371/1153 
f 3140/2372/1153 3109/2371/1153 3111/2373/1153 
f 3141/2374/1153 3111/2373/1153 3113/2375/1153 
f 3142/2376/1153 3113/2375/1153 3115/2377/1153 
f 3143/2378/1153 3115/2377/1153 3117/2379/1153 
f 3144/2380/1153 3117/2379/1153 3119/2381/1153 
f 3145/2382/1153 3119/2381/1153 3121/2383/1153 
f 3146/2384/1153 3121/2383/1153 3123/2385/1153 
f 3132/2386/1153 3123/2385/1153 3125/2387/1153 
f 3130/2388/1153 3125/2387/1153 3127/2389/1153 
f 3147/2390/1153 3127/2389/1153 3129/2391/1153 
f 3148/2392/1153 3129/2391/1153 3134/2393/1153 
f 3149/2394/1153 3134/2393/1153 3103/2365/1153 
f 3151/2430/1153 3160/2433/1153 3162/2397/1153 
f 3162/2397/1153 3164/2442/1153 3153/2396/1153 
f 3153/2396/1153 3155/2441/1153 3157/2395/1153 
f 3157/2395/1153 3158/2440/1153 3153/2396/1153 
f 3158/2440/1153 3152/2431/1153 3153/2396/1153 
f 3152/2431/1153 3161/2439/1153 3154/2436/1153 
f 3161/2439/1153 3163/2438/1153 3154/2436/1153 
f 3163/2438/1153 3131/2437/1153 3154/2436/1153 
f 3154/2436/1153 3156/2435/1153 3150/2429/1153 
f 3150/2429/1153 3159/2434/1153 3151/2430/1153 
f 3151/2430/1153 3162/2397/1153 3152/2431/1153 
f 3162/2397/1153 3153/2396/1153 3152/2431/1153 
f 3154/2436/1153 3150/2429/1153 3152/2431/1153 
f 3141/2398/58 3155/2400/58 3153/2399/54 
f 3147/2401/26 3156/2402/26 3154/2359/22 
f 3142/2403/62 3157/2404/62 3155/2400/58 
f 3148/2405/30 3150/2406/30 3156/2402/26 
f 3143/2407/5 3158/2408/5 3157/2404/62 
f 3149/2409/34 3159/2410/34 3150/2406/30 
f 3144/2411/2 3152/2412/2 3158/2408/5 
f 3137/2413/42 3160/2415/42 3151/2414/38 
f 3136/2416/38 3151/2414/38 3159/2410/34 
f 3145/2417/10 3161/2418/10 3152/2412/2 
f 3138/2419/46 3162/2420/46 3160/2415/42 
f 3146/2421/14 3163/2422/14 3161/2418/10 
f 3139/2423/50 3164/2424/50 3162/2420/46 
f 3132/2425/18 3131/2358/18 3163/2426/14 
f 3140/2427/54 3153/2399/54 3164/2424/50 
# 6088 faces

