# 3ds Max Wavefront OBJ Exporter v0.99 - (c)2007 guruware
# File Created: 12.03.2026 23:13:55

mtllib Granero.mtl

#
# object WINDOW_011
#

v  -2.5865 1.4275 2.0488
v  -2.5865 1.4396 1.4331
v  -2.5865 1.6458 1.4371
v  -2.5865 1.6337 2.0528
v  -2.5865 1.6463 1.4104
v  -2.5865 1.6583 0.7947
v  -2.6682 1.6583 0.7947
v  -2.6682 1.6463 1.4104
v  -2.5865 1.2401 0.7865
v  -2.5865 1.4405 0.7904
v  -2.5865 1.4284 1.4061
v  -2.5865 1.2281 1.4022
v  -2.7410 1.6458 1.4371
v  -2.6593 1.6458 1.4371
v  -2.6593 1.6463 1.4104
v  -2.7410 1.6463 1.4104
v  -2.5865 0.5857 1.4164
v  -2.5865 0.5737 2.0321
v  -2.6682 0.5737 2.0321
v  -2.6682 0.5857 1.4164
v  -2.6682 1.4284 1.4061
v  -2.6682 1.4405 0.7904
v  -2.6682 1.2401 0.7865
v  -2.6682 1.2281 1.4022
v  -2.6682 1.6458 1.4371
v  -2.6682 1.6337 2.0528
v  -2.6682 1.4275 2.0488
v  -2.5865 0.5982 0.7740
v  -2.5865 0.5862 1.3897
v  -2.6682 0.5862 1.3897
v  -2.6682 0.5982 0.7740
v  -2.7018 0.7924 1.3937
v  -2.7746 0.7924 1.3937
v  -2.7746 0.8041 1.3939
v  -2.7018 0.8041 1.3939
v  -2.7410 0.5862 1.3897
v  -2.7410 0.7924 1.3937
v  -2.6682 0.7924 1.3937
v  -2.5865 1.2276 1.4290
v  -2.5865 1.4279 1.4329
v  -2.5865 1.4159 2.0485
v  -2.5865 1.2155 2.0446
v  -2.6593 0.5857 1.4164
v  -2.7410 0.5857 1.4164
v  -2.6593 0.5862 1.3897
v  -2.7410 1.2164 1.4020
v  -2.7410 1.0161 1.3980
v  -2.7410 1.0155 1.4248
v  -2.7410 1.2159 1.4287
v  -2.6593 1.0155 1.4248
v  -2.6593 1.0161 1.3980
v  -2.6593 1.2164 1.4020
v  -2.6593 1.2159 1.4287
v  -2.5865 1.4521 0.7907
v  -2.5865 1.4401 1.4063
v  -2.6682 1.4396 1.4331
v  -2.7410 1.4396 1.4331
v  -2.7410 1.0044 1.3978
v  -2.7410 0.8041 1.3939
v  -2.7410 0.8035 1.4207
v  -2.7410 1.0039 1.4246
v  -2.7410 0.7919 1.4204
v  -2.7410 1.4284 1.4061
v  -2.7410 1.2281 1.4022
v  -2.7410 1.2276 1.4290
v  -2.7410 1.4279 1.4329
v  -2.7410 1.4401 1.4063
v  -2.6593 0.8035 1.4207
v  -2.6593 0.8041 1.3939
v  -2.6593 1.0044 1.3978
v  -2.6593 1.0039 1.4246
v  -2.6593 0.7924 1.3937
v  -2.6593 0.7919 1.4204
v  -2.6593 1.2276 1.4290
v  -2.6593 1.2281 1.4022
v  -2.6593 1.4284 1.4061
v  -2.6593 1.4279 1.4329
v  -2.6593 1.4396 1.4331
v  -2.6593 1.4401 1.4063
v  -2.5865 1.2159 1.4287
v  -2.5865 1.0155 1.4248
v  -2.5865 1.0039 1.4246
v  -2.5865 0.8035 1.4207
v  -2.6682 1.4401 1.4063
v  -2.6682 1.2164 1.4020
v  -2.6682 1.0161 1.3980
v  -2.6682 1.0044 1.3978
v  -2.6682 0.8041 1.3939
v  -2.5865 0.7919 1.4204
v  -2.5865 0.7798 2.0361
v  -2.5865 0.9919 2.0402
v  -2.5865 0.7915 2.0363
v  -2.5865 1.2039 2.0444
v  -2.5865 1.0035 2.0405
v  -2.5865 1.2164 1.4020
v  -2.5865 1.0161 1.3980
v  -2.5865 1.0044 1.3978
v  -2.5865 0.8041 1.3939
v  -2.5865 0.7924 1.3937
v  -2.6682 1.4279 1.4329
v  -2.6682 1.2276 1.4290
v  -2.6682 1.2159 1.4287
v  -2.6682 1.0155 1.4248
v  -2.6682 1.0039 1.4246
v  -2.6682 0.8035 1.4207
v  -2.6682 0.7919 1.4204
v  -2.6682 0.7915 2.0363
v  -2.6682 0.9919 2.0402
v  -2.6682 1.0035 2.0405
v  -2.6682 1.2039 2.0444
v  -2.6682 1.2155 2.0446
v  -2.6682 1.4159 2.0485
v  -2.6682 1.4521 0.7907
v  -2.6682 0.8044 0.7780
v  -2.5865 0.8044 0.7780
v  -2.5865 0.8161 0.7782
v  -2.6682 0.8161 0.7782
v  -2.6682 1.0164 0.7822
v  -2.5865 1.0164 0.7822
v  -2.5865 1.0281 0.7824
v  -2.6682 1.0281 0.7824
v  -2.6682 1.2284 0.7863
v  -2.5865 1.2284 0.7863
v  -2.6682 0.7798 2.0361
v  -2.6201 1.0155 1.4248
v  -2.6929 1.0155 1.4248
v  -2.6929 1.2281 1.4022
v  -2.6201 1.2281 1.4022
v  -2.7746 1.4401 1.4063
v  -2.7746 1.4396 1.4331
v  -2.6201 1.2164 1.4020
v  -2.6929 1.2164 1.4020
v  -2.7018 1.2155 2.0446
v  -2.7018 1.2276 1.4290
v  -2.7018 1.2164 1.4020
v  -2.7018 1.2284 0.7863
v  -2.6929 0.7919 1.4204
v  -2.6201 0.7919 1.4204
v  -2.7746 1.4284 1.4061
v  -2.7746 1.4279 1.4329
v  -2.7018 0.9919 2.0402
v  -2.7018 1.0039 1.4246
v  -2.7018 1.2281 1.4022
v  -2.7018 1.2401 0.7865
v  -2.6929 1.4401 1.4063
v  -2.6201 1.4401 1.4063
v  -2.6201 0.8035 1.4207
v  -2.6929 0.8035 1.4207
v  -2.6929 0.8041 1.3939
v  -2.6201 1.4284 1.4061
v  -2.6929 1.4284 1.4061
v  -2.7018 1.0155 1.4248
v  -2.7018 1.0035 2.0405
v  -2.7018 1.0044 1.3978
v  -2.7018 1.0164 0.7822
v  -2.6929 0.7924 1.3937
v  -2.7018 0.7798 2.0361
v  -2.7018 0.7919 1.4204
v  -2.7018 1.0281 0.7824
v  -2.7018 1.0161 1.3980
v  -2.7018 1.4284 1.4061
v  -2.6201 1.4279 1.4329
v  -2.6201 1.4159 2.0485
v  -2.6929 1.0161 1.3980
v  -2.6201 1.4275 2.0488
v  -2.6201 1.4396 1.4331
v  -2.7018 0.8035 1.4207
v  -2.7018 0.7915 2.0363
v  -2.7018 0.8044 0.7780
v  -2.7018 1.4401 1.4063
v  -2.6929 1.0044 1.3978
v  -2.6929 1.0039 1.4246
v  -2.7746 0.8035 1.4207
v  -2.7018 0.8161 0.7782
v  -2.7018 1.4159 2.0485
v  -2.6201 1.2039 2.0444
v  -2.6201 1.2159 1.4287
v  -2.7746 0.7919 1.4204
v  -2.7746 1.2164 1.4020
v  -2.7018 1.4275 2.0488
v  -2.6929 1.2276 1.4290
v  -2.6201 1.2155 2.0446
v  -2.6201 1.2276 1.4290
v  -2.6201 1.4405 0.7904
v  -2.7018 1.2039 2.0444
v  -2.6929 1.2159 1.4287
v  -2.7746 1.0155 1.4248
v  -2.7746 1.2281 1.4022
v  -2.6201 0.9919 2.0402
v  -2.6201 1.0039 1.4246
v  -2.7746 1.0039 1.4246
v  -2.6201 1.4521 0.7907
v  -2.6929 1.4396 1.4331
v  -2.6201 1.0035 2.0405
v  -2.7746 1.0044 1.3978
v  -2.7746 1.0161 1.3980
v  -2.6929 1.4279 1.4329
v  -2.7746 1.2159 1.4287
v  -2.7746 1.2276 1.4290
v  -2.6201 0.7915 2.0363
v  -2.6201 0.7798 2.0361
v  -2.6201 1.0044 1.3978
v  -2.6201 1.0161 1.3980
v  -2.6201 0.7924 1.3937
v  -2.6201 0.8041 1.3939
v  -2.7018 1.4279 1.4329
v  -2.7018 1.4396 1.4331
v  -2.7018 1.2159 1.4287
v  -2.6201 0.8161 0.7782
v  -2.6201 0.8044 0.7780
v  -2.6201 1.0164 0.7822
v  -2.6201 1.0281 0.7824
v  -2.6201 1.2401 0.7865
v  -2.6201 1.2284 0.7863
v  -2.7018 1.4521 0.7907
v  -2.7018 1.4405 0.7904
v  -2.6861 0.5273 0.8078
v  -2.6861 0.6330 0.7922
v  -2.6861 1.6174 1.9605
v  -2.6861 1.5484 2.0257
v  -2.6789 0.5127 0.8032
v  -2.6789 1.5489 2.0390
v  -2.5986 1.5489 2.0390
v  -2.5986 0.5127 0.8032
v  -2.6789 1.6162 1.9463
v  -2.5986 1.6162 1.9463
v  -2.5913 1.6174 1.9605
v  -2.5913 1.5484 2.0257
v  -2.6789 0.6483 0.7976
v  -2.5986 0.6483 0.7976
v  -2.5913 0.5273 0.8078
v  -2.5913 0.6330 0.7922
v  -2.6063 0.5294 1.9928
v  -2.6063 0.6362 2.0107
v  -2.6063 1.7135 0.8302
v  -2.6063 1.6474 0.7622
v  -2.6136 0.5143 1.9972
v  -2.6136 1.6487 0.7485
v  -2.6939 1.6487 0.7485
v  -2.6939 0.5143 1.9972
v  -2.6136 1.7114 0.8448
v  -2.6939 1.7114 0.8448
v  -2.7011 1.7135 0.8302
v  -2.7011 1.6474 0.7622
v  -2.6939 0.6521 2.0054
v  -2.6136 0.6521 2.0054
v  -2.7011 0.5294 1.9928
v  -2.7011 0.6362 2.0107
v  -2.7568 1.6010 2.1238
v  -2.7568 1.7145 2.1260
v  -2.7568 1.7416 0.7433
v  -2.7568 1.6280 0.7405
v  -2.7388 1.5907 2.1236
v  -2.7388 1.6177 0.7403
v  -2.5399 1.6177 0.7403
v  -2.5399 1.5907 2.1236
v  -2.7388 1.7518 0.7435
v  -2.5399 1.7518 0.7435
v  -2.5219 1.7416 0.7433
v  -2.5219 1.6280 0.7405
v  -2.5399 1.7248 2.1262
v  -2.7388 1.7248 2.1262
v  -2.5219 1.6010 2.1238
v  -2.5219 1.7145 2.1260
v  -2.7495 0.5989 2.1042
v  -2.7495 0.6259 0.7215
v  -2.7495 0.5124 0.7187
v  -2.7495 0.4853 2.1020
v  -2.7326 0.4751 2.1018
v  -2.7326 0.5021 0.7185
v  -2.5460 0.5021 0.7185
v  -2.5460 0.4751 2.1018
v  -2.7326 0.6362 0.7217
v  -2.5460 0.6362 0.7217
v  -2.5292 0.6259 0.7215
v  -2.5292 0.5124 0.7187
v  -2.5460 0.6092 2.1044
v  -2.7326 0.6092 2.1044
v  -2.5292 0.4853 2.1020
v  -2.5292 0.5989 2.1042
v  -2.7216 1.6846 0.8733
v  -2.7216 1.6872 0.7597
v  -2.7216 0.5713 0.7379
v  -2.7216 0.5691 0.8515
v  -2.7090 0.5715 0.7277
v  -2.7090 1.6875 0.7495
v  -2.5696 1.6875 0.7495
v  -2.5696 0.5715 0.7277
v  -2.7090 1.6843 0.8835
v  -2.5696 1.6843 0.8835
v  -2.5570 1.6846 0.8733
v  -2.5570 1.6872 0.7597
v  -2.5696 0.5689 0.8617
v  -2.7090 0.5689 0.8617
v  -2.5570 0.5691 0.8515
v  -2.5570 0.5713 0.7379
v  -2.7216 0.5451 2.0802
v  -2.7216 1.6606 2.1020
v  -2.7216 1.6632 1.9885
v  -2.7216 0.5473 1.9667
v  -2.7090 0.5475 1.9564
v  -2.7090 1.6635 1.9782
v  -2.5696 1.6635 1.9782
v  -2.5696 0.5475 1.9564
v  -2.7090 1.6603 2.1123
v  -2.5696 1.6603 2.1123
v  -2.5570 1.6606 2.1020
v  -2.5570 1.6632 1.9885
v  -2.5696 0.5449 2.0905
v  -2.7090 0.5449 2.0905
v  -2.5570 0.5473 1.9667
v  -2.5570 0.5451 2.0802
# 312 vertices

vn 1.0000 0.0000 -0.0000
vn 0.0000 0.9998 0.0195
vn 0.0000 -0.9998 -0.0195
vn -1.0000 0.0000 -0.0000
vn 0.0000 0.0195 -0.9998
vn 0.0000 -0.0195 0.9998
vn 0.0000 0.7663 -0.6425
vn 0.0000 -0.8023 -0.5969
vn 0.0000 -0.7647 0.6444
vn 0.7499 -0.5059 0.4263
vn -0.7499 -0.5059 0.4263
vn -0.7500 0.5069 -0.4250
vn 0.7500 0.5069 -0.4250
vn 0.0000 0.0480 0.9988
vn 0.0000 0.7402 0.6724
vn -0.0000 -0.8311 0.5561
vn 0.0000 -0.7386 -0.6742
vn -0.7499 -0.4887 -0.4460
vn 0.7499 -0.4887 -0.4460
vn 0.7500 0.4896 0.4448
vn -0.7500 0.4896 0.4448
vn 0.0000 0.0658 -0.9978
vn 0.0000 0.0243 -0.9997
vn -0.4958 0.8683 0.0170
vn 0.4958 0.8683 0.0170
vn 0.4958 -0.8683 -0.0170
vn -0.4958 -0.8683 -0.0170
vn -0.5200 0.8540 0.0167
vn 0.5200 0.8540 0.0167
vn 0.5200 -0.8540 -0.0167
vn -0.5200 -0.8540 -0.0167
vn 0.0000 0.9997 0.0234
vn -0.6315 -0.0151 0.7752
vn 0.6315 -0.0151 0.7752
vn 0.6315 0.0152 -0.7752
vn -0.6315 0.0152 -0.7752
# 36 vertex normals

vt 0.9626 0.1542 0.0000
vt 0.9626 0.1446 0.0000
vt 0.9588 0.1446 0.0000
vt 0.9588 0.1542 0.0000
vt 0.5551 0.3864 0.0000
vt 0.5455 0.3864 0.0000
vt 0.5455 0.4061 0.0000
vt 0.5551 0.4061 0.0000
vt 0.9816 0.0223 0.0000
vt 0.9853 0.0223 0.0000
vt 0.9853 0.0126 0.0000
vt 0.9816 0.0126 0.0000
vt 0.7553 0.2367 0.0000
vt 0.7553 0.2170 0.0000
vt 0.7549 0.2170 0.0000
vt 0.7549 0.2367 0.0000
vt 0.5758 0.3863 0.0000
vt 0.5661 0.3863 0.0000
vt 0.5661 0.4060 0.0000
vt 0.5758 0.4060 0.0000
vt 0.9332 0.4747 0.0000
vt 0.9332 0.4844 0.0000
vt 0.9369 0.4844 0.0000
vt 0.9369 0.4747 0.0000
vt 0.5632 0.2758 0.0000
vt 0.5535 0.2758 0.0000
vt 0.5535 0.2955 0.0000
vt 0.5632 0.2955 0.0000
vt 0.7639 0.4047 0.0000
vt 0.7639 0.4244 0.0000
vt 0.7676 0.4244 0.0000
vt 0.7676 0.4047 0.0000
vt 0.7135 0.4226 0.0000
vt 0.7174 0.4226 0.0000
vt 0.7174 0.4029 0.0000
vt 0.7135 0.4029 0.0000
vt 0.5985 0.3794 0.0000
vt 0.5888 0.3794 0.0000
vt 0.5888 0.3990 0.0000
vt 0.5985 0.3990 0.0000
vt 0.9920 0.3370 0.0000
vt 0.9920 0.3545 0.0000
vt 0.9922 0.3545 0.0000
vt 0.9922 0.3370 0.0000
vt 0.9517 0.3545 0.0000
vt 0.9555 0.3545 0.0000
vt 0.9555 0.3370 0.0000
vt 0.9517 0.3370 0.0000
vt 0.8872 0.3795 0.0000
vt 0.8857 0.3794 0.0000
vt 0.8858 0.3822 0.0000
vt 0.8872 0.3821 0.0000
vt 0.8862 0.2797 0.0000
vt 0.8862 0.2780 0.0000
vt 0.8878 0.2780 0.0000
vt 0.8878 0.2797 0.0000
vt 0.9858 0.2862 0.0000
vt 0.9821 0.2862 0.0000
vt 0.9821 0.2958 0.0000
vt 0.9858 0.2958 0.0000
vt 0.7549 0.1520 0.0000
vt 0.7549 0.1717 0.0000
vt 0.7553 0.1717 0.0000
vt 0.7553 0.1520 0.0000
vt 0.8652 0.2515 0.0000
vt 0.8652 0.2478 0.0000
vt 0.8647 0.2478 0.0000
vt 0.8647 0.2515 0.0000
vt 0.8676 0.2478 0.0000
vt 0.8671 0.2478 0.0000
vt 0.8671 0.2515 0.0000
vt 0.8676 0.2515 0.0000
vt 0.5266 0.4734 0.0000
vt 0.5228 0.4734 0.0000
vt 0.5228 0.4830 0.0000
vt 0.5266 0.4830 0.0000
vt 0.9615 0.4399 0.0000
vt 0.9577 0.4399 0.0000
vt 0.9577 0.4574 0.0000
vt 0.9615 0.4574 0.0000
vt 0.8872 0.0668 0.0000
vt 0.8872 0.0644 0.0000
vt 0.8887 0.0645 0.0000
vt 0.8886 0.0667 0.0000
vt 0.8873 0.2558 0.0000
vt 0.8872 0.2536 0.0000
vt 0.8887 0.2536 0.0000
vt 0.8887 0.2558 0.0000
vt 0.8612 0.1149 0.0000
vt 0.8612 0.1111 0.0000
vt 0.8607 0.1111 0.0000
vt 0.8607 0.1149 0.0000
vt 0.8033 0.1150 0.0000
vt 0.8033 0.1111 0.0000
vt 0.8029 0.1111 0.0000
vt 0.8029 0.1150 0.0000
vt 0.8732 0.1149 0.0000
vt 0.8732 0.1111 0.0000
vt 0.8728 0.1111 0.0000
vt 0.8728 0.1149 0.0000
vt 0.8057 0.1150 0.0000
vt 0.8057 0.1111 0.0000
vt 0.8053 0.1111 0.0000
vt 0.8053 0.1150 0.0000
vt 0.8515 0.1111 0.0000
vt 0.8511 0.1111 0.0000
vt 0.8511 0.1149 0.0000
vt 0.8515 0.1149 0.0000
vt 0.8077 0.1150 0.0000
vt 0.8081 0.1150 0.0000
vt 0.8081 0.1111 0.0000
vt 0.8077 0.1111 0.0000
vt 0.8772 0.2478 0.0000
vt 0.8768 0.2478 0.0000
vt 0.8768 0.2515 0.0000
vt 0.8772 0.2515 0.0000
vt 0.7120 0.2477 0.0000
vt 0.7115 0.2477 0.0000
vt 0.7115 0.2515 0.0000
vt 0.7120 0.2515 0.0000
vt 0.6499 0.4421 0.0000
vt 0.6499 0.4246 0.0000
vt 0.6461 0.4246 0.0000
vt 0.6461 0.4421 0.0000
vt 0.9694 0.2397 0.0000
vt 0.9657 0.2397 0.0000
vt 0.9657 0.2572 0.0000
vt 0.9694 0.2572 0.0000
vt 0.6528 0.4668 0.0000
vt 0.6566 0.4668 0.0000
vt 0.6566 0.4493 0.0000
vt 0.6528 0.4493 0.0000
vt 0.8632 0.4669 0.0000
vt 0.8669 0.4669 0.0000
vt 0.8669 0.4494 0.0000
vt 0.8632 0.4494 0.0000
vt 0.9563 0.2324 0.0000
vt 0.9563 0.2149 0.0000
vt 0.9524 0.2149 0.0000
vt 0.9524 0.2324 0.0000
vt 0.8746 0.4669 0.0000
vt 0.8784 0.4669 0.0000
vt 0.8784 0.4494 0.0000
vt 0.8746 0.4494 0.0000
vt 0.9633 0.3545 0.0000
vt 0.9671 0.3545 0.0000
vt 0.9671 0.3370 0.0000
vt 0.9633 0.3370 0.0000
vt 0.9678 0.1954 0.0000
vt 0.9641 0.1954 0.0000
vt 0.9641 0.2129 0.0000
vt 0.9678 0.2129 0.0000
vt 0.9579 0.2982 0.0000
vt 0.9541 0.2982 0.0000
vt 0.9541 0.3158 0.0000
vt 0.9579 0.3158 0.0000
vt 0.6730 0.4730 0.0000
vt 0.6730 0.4826 0.0000
vt 0.6768 0.4826 0.0000
vt 0.6768 0.4730 0.0000
vt 0.9884 0.3953 0.0000
vt 0.9847 0.3953 0.0000
vt 0.9847 0.4049 0.0000
vt 0.9884 0.4049 0.0000
vt 0.9766 0.4786 0.0000
vt 0.9728 0.4786 0.0000
vt 0.9728 0.4883 0.0000
vt 0.9766 0.4883 0.0000
vt 0.9202 0.4697 0.0000
vt 0.9202 0.4521 0.0000
vt 0.9165 0.4521 0.0000
vt 0.9165 0.4697 0.0000
vt 0.5381 0.4697 0.0000
vt 0.5381 0.4522 0.0000
vt 0.5344 0.4522 0.0000
vt 0.5344 0.4697 0.0000
vt 0.9369 0.4727 0.0000
vt 0.9369 0.4552 0.0000
vt 0.9332 0.4552 0.0000
vt 0.9332 0.4727 0.0000
vt 0.9637 0.2572 0.0000
vt 0.9637 0.2397 0.0000
vt 0.9599 0.2397 0.0000
vt 0.9599 0.2572 0.0000
vt 0.9698 0.1383 0.0000
vt 0.9698 0.1208 0.0000
vt 0.9661 0.1208 0.0000
vt 0.9661 0.1383 0.0000
vt 0.5756 0.4705 0.0000
vt 0.5756 0.4529 0.0000
vt 0.5718 0.4529 0.0000
vt 0.5718 0.4705 0.0000
vt 0.7848 0.4731 0.0000
vt 0.7848 0.4555 0.0000
vt 0.7811 0.4555 0.0000
vt 0.7811 0.4731 0.0000
vt 0.9614 0.3956 0.0000
vt 0.9575 0.3956 0.0000
vt 0.9575 0.4131 0.0000
vt 0.9614 0.4131 0.0000
vt 0.5048 0.4281 0.0000
vt 0.5048 0.4084 0.0000
vt 0.5011 0.4084 0.0000
vt 0.5011 0.4281 0.0000
vt 0.9319 0.3244 0.0000
vt 0.9319 0.3047 0.0000
vt 0.9282 0.3047 0.0000
vt 0.9282 0.3244 0.0000
vt 0.8559 0.4324 0.0000
vt 0.8559 0.4128 0.0000
vt 0.8521 0.4128 0.0000
vt 0.8521 0.4324 0.0000
vt 0.5069 0.4729 0.0000
vt 0.5069 0.4825 0.0000
vt 0.5107 0.4825 0.0000
vt 0.5107 0.4729 0.0000
vt 0.6771 0.2695 0.0000
vt 0.6771 0.2599 0.0000
vt 0.6732 0.2599 0.0000
vt 0.6732 0.2695 0.0000
vt 0.7871 0.3990 0.0000
vt 0.7871 0.4187 0.0000
vt 0.7909 0.4187 0.0000
vt 0.7909 0.3990 0.0000
vt 0.7057 0.4243 0.0000
vt 0.7057 0.4046 0.0000
vt 0.7019 0.4046 0.0000
vt 0.7019 0.4243 0.0000
vt 0.6999 0.4243 0.0000
vt 0.6999 0.4046 0.0000
vt 0.6962 0.4046 0.0000
vt 0.6962 0.4243 0.0000
vt 0.9620 0.0764 0.0000
vt 0.9620 0.0940 0.0000
vt 0.9658 0.0940 0.0000
vt 0.9658 0.0764 0.0000
vt 0.9824 0.4700 0.0000
vt 0.9786 0.4700 0.0000
vt 0.9786 0.4796 0.0000
vt 0.9824 0.4796 0.0000
vt 0.6528 0.4804 0.0000
vt 0.6528 0.4901 0.0000
vt 0.6566 0.4901 0.0000
vt 0.6566 0.4804 0.0000
vt 0.9844 0.4700 0.0000
vt 0.9844 0.4796 0.0000
vt 0.9881 0.4796 0.0000
vt 0.9881 0.4700 0.0000
vt 0.5513 0.4822 0.0000
vt 0.5551 0.4822 0.0000
vt 0.5551 0.4726 0.0000
vt 0.5513 0.4726 0.0000
vt 0.7811 0.4847 0.0000
vt 0.7848 0.4847 0.0000
vt 0.7848 0.4751 0.0000
vt 0.7811 0.4751 0.0000
vt 0.6847 0.4835 0.0000
vt 0.6884 0.4835 0.0000
vt 0.6884 0.4739 0.0000
vt 0.6847 0.4739 0.0000
vt 0.7971 0.4215 0.0000
vt 0.7971 0.4018 0.0000
vt 0.7933 0.4018 0.0000
vt 0.7933 0.4215 0.0000
vt 0.9781 0.0258 0.0000
vt 0.9781 0.0355 0.0000
vt 0.9820 0.0355 0.0000
vt 0.9820 0.0258 0.0000
vt 0.8987 0.4770 0.0000
vt 0.8950 0.4770 0.0000
vt 0.8950 0.4866 0.0000
vt 0.8987 0.4866 0.0000
vt 0.6203 0.4837 0.0000
vt 0.6203 0.4741 0.0000
vt 0.6166 0.4741 0.0000
vt 0.6166 0.4837 0.0000
vt 0.8381 0.4838 0.0000
vt 0.8381 0.4742 0.0000
vt 0.8343 0.4742 0.0000
vt 0.8343 0.4838 0.0000
vt 0.8956 0.2031 0.0000
vt 0.8942 0.2030 0.0000
vt 0.8942 0.2019 0.0000
vt 0.8955 0.2020 0.0000
vt 0.8942 0.2050 0.0000
vt 0.8942 0.2039 0.0000
vt 0.8955 0.2040 0.0000
vt 0.8956 0.2051 0.0000
vt 0.9546 0.4864 0.0000
vt 0.9542 0.4864 0.0000
vt 0.9542 0.4945 0.0000
vt 0.9546 0.4945 0.0000
vt 0.8956 0.2091 0.0000
vt 0.8942 0.2090 0.0000
vt 0.8942 0.2079 0.0000
vt 0.8955 0.2080 0.0000
vt 0.6789 0.4408 0.0000
vt 0.6870 0.4408 0.0000
vt 0.6870 0.4311 0.0000
vt 0.6789 0.4311 0.0000
vt 0.9420 0.2842 0.0000
vt 0.9420 0.2745 0.0000
vt 0.9339 0.2745 0.0000
vt 0.9339 0.2842 0.0000
vt 0.8942 0.2149 0.0000
vt 0.8942 0.2139 0.0000
vt 0.8955 0.2140 0.0000
vt 0.8956 0.2151 0.0000
vt 0.9522 0.4945 0.0000
vt 0.9522 0.4864 0.0000
vt 0.9518 0.4864 0.0000
vt 0.9518 0.4945 0.0000
vt 0.9420 0.2862 0.0000
vt 0.9339 0.2862 0.0000
vt 0.9339 0.2958 0.0000
vt 0.9420 0.2958 0.0000
vt 0.9339 0.3191 0.0000
vt 0.9420 0.3191 0.0000
vt 0.9420 0.3094 0.0000
vt 0.9339 0.3094 0.0000
vt 0.8942 0.2229 0.0000
vt 0.8942 0.2218 0.0000
vt 0.8955 0.2219 0.0000
vt 0.8956 0.2230 0.0000
vt 0.8956 0.2250 0.0000
vt 0.8942 0.2249 0.0000
vt 0.8942 0.2238 0.0000
vt 0.8955 0.2239 0.0000
vt 0.9423 0.4945 0.0000
vt 0.9423 0.4864 0.0000
vt 0.9419 0.4864 0.0000
vt 0.9419 0.4945 0.0000
vt 0.8956 0.2290 0.0000
vt 0.8942 0.2289 0.0000
vt 0.8942 0.2278 0.0000
vt 0.8955 0.2279 0.0000
vt 0.9339 0.3210 0.0000
vt 0.9339 0.3307 0.0000
vt 0.9420 0.3307 0.0000
vt 0.9420 0.3210 0.0000
vt 0.7777 0.4323 0.0000
vt 0.7696 0.4323 0.0000
vt 0.7696 0.4419 0.0000
vt 0.7777 0.4419 0.0000
vt 0.9399 0.4864 0.0000
vt 0.9395 0.4864 0.0000
vt 0.9395 0.4945 0.0000
vt 0.9399 0.4945 0.0000
vt 0.7878 0.4323 0.0000
vt 0.7797 0.4323 0.0000
vt 0.7797 0.4419 0.0000
vt 0.7878 0.4419 0.0000
vt 0.9343 0.1129 0.0000
vt 0.9343 0.1225 0.0000
vt 0.9424 0.1225 0.0000
vt 0.9424 0.1129 0.0000
vt 0.8955 0.2398 0.0000
vt 0.8956 0.2409 0.0000
vt 0.8942 0.2408 0.0000
vt 0.8942 0.2397 0.0000
vt 0.6409 0.4343 0.0000
vt 0.6328 0.4343 0.0000
vt 0.6328 0.4440 0.0000
vt 0.6409 0.4440 0.0000
vt 0.9327 0.4945 0.0000
vt 0.9327 0.4864 0.0000
vt 0.9323 0.4864 0.0000
vt 0.9323 0.4945 0.0000
vt 0.8405 0.4365 0.0000
vt 0.8405 0.4461 0.0000
vt 0.8486 0.4461 0.0000
vt 0.8486 0.4365 0.0000
vt 0.8033 0.4467 0.0000
vt 0.8033 0.4564 0.0000
vt 0.8114 0.4564 0.0000
vt 0.8114 0.4467 0.0000
vt 0.7933 0.4467 0.0000
vt 0.7933 0.4564 0.0000
vt 0.8014 0.4564 0.0000
vt 0.8014 0.4467 0.0000
vt 0.8948 0.1149 0.0000
vt 0.8963 0.1148 0.0000
vt 0.8963 0.1168 0.0000
vt 0.8948 0.1168 0.0000
vt 0.8348 0.4858 0.0000
vt 0.8343 0.4858 0.0000
vt 0.8343 0.4939 0.0000
vt 0.8348 0.4939 0.0000
vt 0.8963 0.0374 0.0000
vt 0.8960 0.0379 0.0000
vt 0.8952 0.0383 0.0000
vt 0.8950 0.0375 0.0000
vt 0.8602 0.4461 0.0000
vt 0.8521 0.4461 0.0000
vt 0.8521 0.4557 0.0000
vt 0.8602 0.4557 0.0000
vt 0.8968 0.1726 0.0000
vt 0.8953 0.1726 0.0000
vt 0.8954 0.1711 0.0000
vt 0.8967 0.1710 0.0000
vt 0.9476 0.4532 0.0000
vt 0.9557 0.4532 0.0000
vt 0.9557 0.4436 0.0000
vt 0.9476 0.4436 0.0000
vt 0.8983 0.1148 0.0000
vt 0.8983 0.1168 0.0000
vt 0.8968 0.1168 0.0000
vt 0.8968 0.1149 0.0000
vt 0.8969 0.0407 0.0000
vt 0.8968 0.0399 0.0000
vt 0.8977 0.0399 0.0000
vt 0.8975 0.0405 0.0000
vt 0.8979 0.0383 0.0000
vt 0.8970 0.0384 0.0000
vt 0.8970 0.0375 0.0000
vt 0.8980 0.0375 0.0000
vt 0.6170 0.4857 0.0000
vt 0.6166 0.4857 0.0000
vt 0.6166 0.4938 0.0000
vt 0.6170 0.4938 0.0000
vt 0.9557 0.4416 0.0000
vt 0.9557 0.4320 0.0000
vt 0.9476 0.4320 0.0000
vt 0.9476 0.4416 0.0000
vt 0.9557 0.4203 0.0000
vt 0.9476 0.4203 0.0000
vt 0.9476 0.4300 0.0000
vt 0.9557 0.4300 0.0000
vt 0.5883 0.3777 0.0000
vt 0.5929 0.3708 0.0000
vt 0.5921 0.3587 0.0000
vt 0.5888 0.3577 0.0000
vt 0.9939 0.1289 0.0000
vt 0.9939 0.1208 0.0000
vt 0.9934 0.1208 0.0000
vt 0.9934 0.1289 0.0000
vt 0.8993 0.0240 0.0000
vt 0.8992 0.0229 0.0000
vt 0.9002 0.0228 0.0000
vt 0.9000 0.0240 0.0000
vt 0.9011 0.3795 0.0000
vt 0.9011 0.3821 0.0000
vt 0.8998 0.3822 0.0000
vt 0.8998 0.3795 0.0000
vt 0.9012 0.0405 0.0000
vt 0.9008 0.0406 0.0000
vt 0.9008 0.0399 0.0000
vt 0.9020 0.0400 0.0000
vt 0.6228 0.4556 0.0000
vt 0.6309 0.4556 0.0000
vt 0.6309 0.4460 0.0000
vt 0.6228 0.4460 0.0000
vt 0.9011 0.0229 0.0000
vt 0.9019 0.0227 0.0000
vt 0.9018 0.0241 0.0000
vt 0.9012 0.0240 0.0000
vt 0.9525 0.1109 0.0000
vt 0.9525 0.1013 0.0000
vt 0.9444 0.1013 0.0000
vt 0.9444 0.1109 0.0000
vt 0.9035 0.1178 0.0000
vt 0.9019 0.1178 0.0000
vt 0.9019 0.1158 0.0000
vt 0.9034 0.1157 0.0000
vt 0.6841 0.4855 0.0000
vt 0.6837 0.4855 0.0000
vt 0.6837 0.4936 0.0000
vt 0.6841 0.4936 0.0000
vt 0.9521 0.3307 0.0000
vt 0.9521 0.3210 0.0000
vt 0.9440 0.3210 0.0000
vt 0.9440 0.3307 0.0000
vt 0.8169 0.4215 0.0000
vt 0.8207 0.4215 0.0000
vt 0.8207 0.4018 0.0000
vt 0.8169 0.4018 0.0000
vt 0.9912 0.1759 0.0000
vt 0.9912 0.1934 0.0000
vt 0.9914 0.1934 0.0000
vt 0.9914 0.1759 0.0000
vt 0.9912 0.0752 0.0000
vt 0.9912 0.0928 0.0000
vt 0.9914 0.0928 0.0000
vt 0.9914 0.0752 0.0000
vt 0.9925 0.3142 0.0000
vt 0.9925 0.3317 0.0000
vt 0.9927 0.3317 0.0000
vt 0.9927 0.3142 0.0000
vt 0.9972 0.0427 0.0000
vt 0.9972 0.0602 0.0000
vt 0.9974 0.0602 0.0000
vt 0.9974 0.0427 0.0000
vt 0.9905 0.0427 0.0000
vt 0.9905 0.0602 0.0000
vt 0.9907 0.0602 0.0000
vt 0.9907 0.0427 0.0000
vt 0.9904 0.4128 0.0000
vt 0.9906 0.4128 0.0000
vt 0.9906 0.3953 0.0000
vt 0.9904 0.3953 0.0000
vt 0.9979 0.1934 0.0000
vt 0.9981 0.1934 0.0000
vt 0.9981 0.1759 0.0000
vt 0.9979 0.1759 0.0000
vt 0.5904 0.3300 0.0000
vt 0.5929 0.3300 0.0000
vt 0.5929 0.3251 0.0000
vt 0.5904 0.3251 0.0000
vt 0.5990 0.3300 0.0000
vt 0.5990 0.3251 0.0000
vt 0.5965 0.3251 0.0000
vt 0.5965 0.3300 0.0000
vt 0.8626 0.0379 0.0000
vt 0.8626 0.0375 0.0000
vt 0.8623 0.0375 0.0000
vt 0.8623 0.0379 0.0000
vt 0.8626 0.0403 0.0000
vt 0.8626 0.0399 0.0000
vt 0.8623 0.0399 0.0000
vt 0.8623 0.0403 0.0000
vt 0.8622 0.1677 0.0000
vt 0.8622 0.1708 0.0000
vt 0.8638 0.1708 0.0000
vt 0.8638 0.1677 0.0000
vt 0.8642 0.0809 0.0000
vt 0.8642 0.0826 0.0000
vt 0.8651 0.0826 0.0000
vt 0.8651 0.0809 0.0000
vt 0.8640 0.2550 0.0000
vt 0.8653 0.2550 0.0000
vt 0.8653 0.2524 0.0000
vt 0.8640 0.2524 0.0000
vt 0.8644 0.1677 0.0000
vt 0.8644 0.1708 0.0000
vt 0.8660 0.1708 0.0000
vt 0.8660 0.1677 0.0000
vt 0.6316 0.4909 0.0000
vt 0.6318 0.4909 0.0000
vt 0.6318 0.4812 0.0000
vt 0.6316 0.4812 0.0000
vt 0.5776 0.4920 0.0000
vt 0.5779 0.4920 0.0000
vt 0.5779 0.4824 0.0000
vt 0.5776 0.4824 0.0000
vt 0.5933 0.4812 0.0000
vt 0.5933 0.4909 0.0000
vt 0.5935 0.4909 0.0000
vt 0.5935 0.4812 0.0000
vt 0.5891 0.4812 0.0000
vt 0.5888 0.4812 0.0000
vt 0.5888 0.4909 0.0000
vt 0.5891 0.4909 0.0000
vt 0.7594 0.4983 0.0000
vt 0.7597 0.4983 0.0000
vt 0.7597 0.4808 0.0000
vt 0.7594 0.4808 0.0000
vt 0.9942 0.3370 0.0000
vt 0.9942 0.3545 0.0000
vt 0.9944 0.3545 0.0000
vt 0.9944 0.3370 0.0000
vt 0.9946 0.4203 0.0000
vt 0.9943 0.4203 0.0000
vt 0.9943 0.4379 0.0000
vt 0.9946 0.4379 0.0000
vt 0.9966 0.4574 0.0000
vt 0.9968 0.4574 0.0000
vt 0.9968 0.4399 0.0000
vt 0.9966 0.4399 0.0000
vt 0.9944 0.2572 0.0000
vt 0.9946 0.2572 0.0000
vt 0.9946 0.2397 0.0000
vt 0.9944 0.2397 0.0000
vt 0.9946 0.2592 0.0000
vt 0.9944 0.2592 0.0000
vt 0.9944 0.2767 0.0000
vt 0.9946 0.2767 0.0000
vt 0.7653 0.4788 0.0000
vt 0.7653 0.4963 0.0000
vt 0.7655 0.4963 0.0000
vt 0.7655 0.4788 0.0000
vt 0.9945 0.4875 0.0000
vt 0.9947 0.4875 0.0000
vt 0.9947 0.4700 0.0000
vt 0.9945 0.4700 0.0000
vt 0.6272 0.4909 0.0000
vt 0.6274 0.4909 0.0000
vt 0.6274 0.4812 0.0000
vt 0.6272 0.4812 0.0000
vt 0.9577 0.4917 0.0000
vt 0.9579 0.4917 0.0000
vt 0.9579 0.4821 0.0000
vt 0.9577 0.4821 0.0000
vt 0.7276 0.4918 0.0000
vt 0.7276 0.4822 0.0000
vt 0.7267 0.4822 0.0000
vt 0.7267 0.4918 0.0000
vt 0.9924 0.3079 0.0000
vt 0.9924 0.2982 0.0000
vt 0.9922 0.2982 0.0000
vt 0.9922 0.3079 0.0000
vt 0.8203 0.4811 0.0000
vt 0.8203 0.4907 0.0000
vt 0.8205 0.4907 0.0000
vt 0.8205 0.4811 0.0000
vt 0.8249 0.4811 0.0000
vt 0.8247 0.4811 0.0000
vt 0.8247 0.4907 0.0000
vt 0.8249 0.4907 0.0000
vt 0.9050 0.4833 0.0000
vt 0.9050 0.4929 0.0000
vt 0.9053 0.4929 0.0000
vt 0.9053 0.4833 0.0000
vt 0.8427 0.4825 0.0000
vt 0.8427 0.4921 0.0000
vt 0.8429 0.4921 0.0000
vt 0.8429 0.4825 0.0000
vt 0.7551 0.2483 0.0000
vt 0.7551 0.2387 0.0000
vt 0.7549 0.2387 0.0000
vt 0.7549 0.2483 0.0000
vt 0.8609 0.1695 0.0000
vt 0.8609 0.1599 0.0000
vt 0.8607 0.1599 0.0000
vt 0.8607 0.1695 0.0000
vt 0.6765 0.4070 0.0000
vt 0.6767 0.4070 0.0000
vt 0.6767 0.3974 0.0000
vt 0.6765 0.3974 0.0000
vt 0.5196 0.2756 0.0000
vt 0.5198 0.2756 0.0000
vt 0.5198 0.2660 0.0000
vt 0.5196 0.2660 0.0000
vt 0.9899 0.4203 0.0000
vt 0.9899 0.4400 0.0000
vt 0.9901 0.4400 0.0000
vt 0.9901 0.4203 0.0000
vt 0.8313 0.4584 0.0000
vt 0.8310 0.4584 0.0000
vt 0.8310 0.4781 0.0000
vt 0.8313 0.4781 0.0000
vt 0.7107 0.4263 0.0000
vt 0.7107 0.4460 0.0000
vt 0.7109 0.4460 0.0000
vt 0.7109 0.4263 0.0000
vt 0.9900 0.2613 0.0000
vt 0.9900 0.2810 0.0000
vt 0.9902 0.2810 0.0000
vt 0.9902 0.2613 0.0000
vt 0.9878 0.3567 0.0000
vt 0.9878 0.3370 0.0000
vt 0.9876 0.3370 0.0000
vt 0.9876 0.3567 0.0000
vt 0.9880 0.2594 0.0000
vt 0.9880 0.2397 0.0000
vt 0.9878 0.2397 0.0000
vt 0.9878 0.2594 0.0000
vt 0.9878 0.2810 0.0000
vt 0.9880 0.2810 0.0000
vt 0.9880 0.2613 0.0000
vt 0.9878 0.2613 0.0000
vt 0.9873 0.0207 0.0000
vt 0.9875 0.0207 0.0000
vt 0.9875 0.0010 0.0000
vt 0.9873 0.0010 0.0000
vt 0.7383 0.4358 0.0000
vt 0.7464 0.4358 0.0000
vt 0.7464 0.4262 0.0000
vt 0.7383 0.4262 0.0000
vt 0.5985 0.3693 0.0000
vt 0.5985 0.3774 0.0000
vt 0.9726 0.2368 0.0000
vt 0.9726 0.2287 0.0000
vt 0.9722 0.2287 0.0000
vt 0.9722 0.2368 0.0000
vt 0.8814 0.4357 0.0000
vt 0.8814 0.4261 0.0000
vt 0.8733 0.4261 0.0000
vt 0.8733 0.4357 0.0000
vt 0.8632 0.4357 0.0000
vt 0.8713 0.4357 0.0000
vt 0.8713 0.4261 0.0000
vt 0.8632 0.4261 0.0000
vt 0.9175 0.3948 0.0000
vt 0.9175 0.3921 0.0000
vt 0.9188 0.3921 0.0000
vt 0.9188 0.3947 0.0000
vt 0.9702 0.2287 0.0000
vt 0.9698 0.2287 0.0000
vt 0.9698 0.2368 0.0000
vt 0.9702 0.2368 0.0000
vt 0.9195 0.3921 0.0000
vt 0.9208 0.3921 0.0000
vt 0.9208 0.3947 0.0000
vt 0.9195 0.3948 0.0000
vt 0.9196 0.2163 0.0000
vt 0.9196 0.2147 0.0000
vt 0.9213 0.2148 0.0000
vt 0.9213 0.2163 0.0000
vt 0.9196 0.2127 0.0000
vt 0.9213 0.2128 0.0000
vt 0.9213 0.2143 0.0000
vt 0.9196 0.2143 0.0000
vt 0.9204 0.0967 0.0000
vt 0.9217 0.0966 0.0000
vt 0.9219 0.1004 0.0000
vt 0.9204 0.1005 0.0000
vt 0.6528 0.4357 0.0000
vt 0.6609 0.4357 0.0000
vt 0.6609 0.4260 0.0000
vt 0.6528 0.4260 0.0000
vt 0.9299 0.3269 0.0000
vt 0.9299 0.3350 0.0000
vt 0.9303 0.3350 0.0000
vt 0.9303 0.3269 0.0000
vt 0.9237 0.0966 0.0000
vt 0.9239 0.1004 0.0000
vt 0.9224 0.1005 0.0000
vt 0.9224 0.0967 0.0000
vt 0.5154 0.2381 0.0000
vt 0.5087 0.2448 0.0000
vt 0.5103 0.2465 0.0000
vt 0.5159 0.2463 0.0000
vt 0.8486 0.4249 0.0000
vt 0.8405 0.4249 0.0000
vt 0.8405 0.4345 0.0000
vt 0.8486 0.4345 0.0000
vt 0.9243 0.1005 0.0000
vt 0.9243 0.0967 0.0000
vt 0.9257 0.0966 0.0000
vt 0.9259 0.1004 0.0000
vt 0.9274 0.3269 0.0000
vt 0.9274 0.3350 0.0000
vt 0.9279 0.3350 0.0000
vt 0.9279 0.3269 0.0000
vt 0.9253 0.3350 0.0000
vt 0.9269 0.3350 0.0000
vt 0.9269 0.3367 0.0000
vt 0.9253 0.3366 0.0000
vt 0.9263 0.0967 0.0000
vt 0.9277 0.0966 0.0000
vt 0.9279 0.1004 0.0000
vt 0.9263 0.1005 0.0000
vt 0.5999 0.4278 0.0000
vt 0.5981 0.4281 0.0000
vt 0.5980 0.4264 0.0000
vt 0.6001 0.4265 0.0000
vt 0.8597 0.4298 0.0000
vt 0.8597 0.4280 0.0000
vt 0.8618 0.4281 0.0000
vt 0.8619 0.4298 0.0000
vt 0.9283 0.0967 0.0000
vt 0.9297 0.0966 0.0000
vt 0.9298 0.1004 0.0000
vt 0.9283 0.1005 0.0000
vt 0.7236 0.4342 0.0000
vt 0.7317 0.4342 0.0000
vt 0.7317 0.4246 0.0000
vt 0.7236 0.4246 0.0000
vt 0.9209 0.3269 0.0000
vt 0.9209 0.3350 0.0000
vt 0.9213 0.3350 0.0000
vt 0.9213 0.3269 0.0000
vt 0.9300 0.0795 0.0000
vt 0.9315 0.0796 0.0000
vt 0.9316 0.0811 0.0000
vt 0.9300 0.0811 0.0000
vt 0.5058 0.2381 0.0000
vt 0.5058 0.2462 0.0000
vt 0.9316 0.0831 0.0000
vt 0.9300 0.0831 0.0000
vt 0.9300 0.0815 0.0000
vt 0.9315 0.0816 0.0000
vt 0.9185 0.3269 0.0000
vt 0.9185 0.3350 0.0000
vt 0.9189 0.3350 0.0000
vt 0.9189 0.3269 0.0000
vt 0.9317 0.0966 0.0000
vt 0.9318 0.1004 0.0000
vt 0.9303 0.1005 0.0000
vt 0.9303 0.0967 0.0000
vt 0.5979 0.4315 0.0000
vt 0.5974 0.4302 0.0000
vt 0.6000 0.4300 0.0000
vt 0.6003 0.4319 0.0000
vt 0.9325 0.0359 0.0000
vt 0.9324 0.0370 0.0000
vt 0.9312 0.0370 0.0000
vt 0.9312 0.0359 0.0000
vt 0.9324 0.0377 0.0000
vt 0.9324 0.0391 0.0000
vt 0.9312 0.0391 0.0000
vt 0.9312 0.0379 0.0000
vt 0.9312 0.0399 0.0000
vt 0.9324 0.0398 0.0000
vt 0.9324 0.0410 0.0000
vt 0.9312 0.0412 0.0000
vt 0.7135 0.4342 0.0000
vt 0.7216 0.4342 0.0000
vt 0.7216 0.4246 0.0000
vt 0.7135 0.4246 0.0000
vt 0.8235 0.4331 0.0000
vt 0.8316 0.4331 0.0000
vt 0.8316 0.4235 0.0000
vt 0.8235 0.4235 0.0000
vt 0.9320 0.0815 0.0000
vt 0.9335 0.0816 0.0000
vt 0.9336 0.0831 0.0000
vt 0.9320 0.0831 0.0000
vt 0.8618 0.4321 0.0000
vt 0.8619 0.4338 0.0000
vt 0.8597 0.4338 0.0000
vt 0.8597 0.4320 0.0000
vt 0.9339 0.3367 0.0000
vt 0.9323 0.3366 0.0000
vt 0.9323 0.3350 0.0000
vt 0.9339 0.3350 0.0000
vt 0.8704 0.0771 0.0000
vt 0.8704 0.0675 0.0000
vt 0.8623 0.0675 0.0000
vt 0.8623 0.0771 0.0000
vt 0.9323 0.0967 0.0000
vt 0.9336 0.0966 0.0000
vt 0.9338 0.1004 0.0000
vt 0.9323 0.1005 0.0000
vt 0.8587 0.1695 0.0000
vt 0.8587 0.1599 0.0000
vt 0.8506 0.1599 0.0000
vt 0.8506 0.1695 0.0000
vt 0.9344 0.0370 0.0000
vt 0.9332 0.0370 0.0000
vt 0.9332 0.0359 0.0000
vt 0.9345 0.0359 0.0000
vt 0.9332 0.0391 0.0000
vt 0.9332 0.0379 0.0000
vt 0.9344 0.0377 0.0000
vt 0.9344 0.0391 0.0000
vt 0.6271 0.2834 0.0000
vt 0.6275 0.2834 0.0000
vt 0.6275 0.2753 0.0000
vt 0.6271 0.2753 0.0000
vt 0.9355 0.0776 0.0000
vt 0.9356 0.0791 0.0000
vt 0.9340 0.0791 0.0000
vt 0.9340 0.0775 0.0000
vt 0.9340 0.0811 0.0000
vt 0.9340 0.0795 0.0000
vt 0.9355 0.0796 0.0000
vt 0.9356 0.0811 0.0000
vt 0.8486 0.1599 0.0000
vt 0.8405 0.1599 0.0000
vt 0.8405 0.1695 0.0000
vt 0.8486 0.1695 0.0000
vt 0.9751 0.3251 0.0000
vt 0.9766 0.3239 0.0000
vt 0.9766 0.2980 0.0000
vt 0.9750 0.2981 0.0000
vt 0.5228 0.3835 0.0000
vt 0.5425 0.3835 0.0000
vt 0.5425 0.3642 0.0000
vt 0.5228 0.3642 0.0000
vt 0.9788 0.2893 0.0000
vt 0.9786 0.2911 0.0000
vt 0.9786 0.3104 0.0000
vt 0.9788 0.3122 0.0000
vt 0.9799 0.2893 0.0000
vt 0.9799 0.3122 0.0000
vt 0.9801 0.2911 0.0000
vt 0.9801 0.3104 0.0000
vt 0.8832 0.1944 0.0000
vt 0.8832 0.1750 0.0000
vt 0.8648 0.1750 0.0000
vt 0.8648 0.1944 0.0000
vt 0.8804 0.4494 0.0000
vt 0.8804 0.4763 0.0000
vt 0.8820 0.4765 0.0000
vt 0.8820 0.4506 0.0000
vt 0.8832 0.1733 0.0000
vt 0.8646 0.1733 0.0000
vt 0.8646 0.1961 0.0000
vt 0.8832 0.1961 0.0000
vt 0.5425 0.3624 0.0000
vt 0.5230 0.3624 0.0000
vt 0.5230 0.3853 0.0000
vt 0.5425 0.3853 0.0000
vt 0.8626 0.1733 0.0000
vt 0.8623 0.1750 0.0000
vt 0.8623 0.1944 0.0000
vt 0.8626 0.1961 0.0000
vt 0.9718 0.0711 0.0000
vt 0.9734 0.0698 0.0000
vt 0.9734 0.0427 0.0000
vt 0.9718 0.0428 0.0000
vt 0.8632 0.3045 0.0000
vt 0.8839 0.3045 0.0000
vt 0.8839 0.2851 0.0000
vt 0.8632 0.2851 0.0000
vt 0.9786 0.3598 0.0000
vt 0.9796 0.3598 0.0000
vt 0.9799 0.3581 0.0000
vt 0.9799 0.3387 0.0000
vt 0.9796 0.3370 0.0000
vt 0.9786 0.3370 0.0000
vt 0.9784 0.3581 0.0000
vt 0.9784 0.3387 0.0000
vt 0.8195 0.1054 0.0000
vt 0.8387 0.1054 0.0000
vt 0.8387 0.0861 0.0000
vt 0.8195 0.0861 0.0000
vt 0.9009 0.4263 0.0000
vt 0.9008 0.4545 0.0000
vt 0.9024 0.4547 0.0000
vt 0.9024 0.4276 0.0000
vt 0.8387 0.0843 0.0000
vt 0.8192 0.0843 0.0000
vt 0.8192 0.1072 0.0000
vt 0.8387 0.1072 0.0000
vt 0.8838 0.2834 0.0000
vt 0.8635 0.2834 0.0000
vt 0.8635 0.3062 0.0000
vt 0.8838 0.3062 0.0000
vt 0.8172 0.0843 0.0000
vt 0.8169 0.0861 0.0000
vt 0.8169 0.1054 0.0000
vt 0.8172 0.1072 0.0000
vt 0.9222 0.4738 0.0000
vt 0.9243 0.4738 0.0000
vt 0.9243 0.4521 0.0000
vt 0.9222 0.4521 0.0000
vt 0.5878 0.1519 0.0000
vt 0.5661 0.1519 0.0000
vt 0.5661 0.1998 0.0000
vt 0.5878 0.1998 0.0000
vt 0.8875 0.1950 0.0000
vt 0.8854 0.1950 0.0000
vt 0.8852 0.1994 0.0000
vt 0.8877 0.1994 0.0000
vt 0.8852 0.2473 0.0000
vt 0.8854 0.2516 0.0000
vt 0.8877 0.2473 0.0000
vt 0.8875 0.2516 0.0000
vt 0.7696 0.1705 0.0000
vt 0.7913 0.1705 0.0000
vt 0.7913 0.1225 0.0000
vt 0.7696 0.1225 0.0000
vt 0.8542 0.4793 0.0000
vt 0.8542 0.4577 0.0000
vt 0.8521 0.4577 0.0000
vt 0.8521 0.4793 0.0000
vt 0.7913 0.1182 0.0000
vt 0.7696 0.1182 0.0000
vt 0.7696 0.1748 0.0000
vt 0.7913 0.1748 0.0000
vt 0.5661 0.2042 0.0000
vt 0.5878 0.2042 0.0000
vt 0.5878 0.1476 0.0000
vt 0.5661 0.1476 0.0000
vt 0.8897 0.1994 0.0000
vt 0.8897 0.2473 0.0000
vt 0.8899 0.2516 0.0000
vt 0.8920 0.2516 0.0000
vt 0.8922 0.2473 0.0000
vt 0.8922 0.1994 0.0000
vt 0.8920 0.1950 0.0000
vt 0.8899 0.1950 0.0000
vt 0.5203 0.4750 0.0000
vt 0.5203 0.4534 0.0000
vt 0.5182 0.4534 0.0000
vt 0.5182 0.4750 0.0000
vt 0.8149 0.2324 0.0000
vt 0.7933 0.2324 0.0000
vt 0.7933 0.2773 0.0000
vt 0.8149 0.2773 0.0000
vt 0.9142 0.3370 0.0000
vt 0.9140 0.3411 0.0000
vt 0.9140 0.3860 0.0000
vt 0.9142 0.3901 0.0000
vt 0.9163 0.3370 0.0000
vt 0.9163 0.3901 0.0000
vt 0.9165 0.3411 0.0000
vt 0.9165 0.3860 0.0000
vt 0.6227 0.2764 0.0000
vt 0.6011 0.2764 0.0000
vt 0.6011 0.3214 0.0000
vt 0.6227 0.3214 0.0000
vt 0.9775 0.1229 0.0000
vt 0.9775 0.1013 0.0000
vt 0.9754 0.1013 0.0000
vt 0.9754 0.1229 0.0000
vt 0.6011 0.3254 0.0000
vt 0.6227 0.3254 0.0000
vt 0.6227 0.2723 0.0000
vt 0.6011 0.2723 0.0000
vt 0.7933 0.2814 0.0000
vt 0.8149 0.2814 0.0000
vt 0.8149 0.2283 0.0000
vt 0.7933 0.2283 0.0000
vt 0.9219 0.3249 0.0000
vt 0.9221 0.3208 0.0000
vt 0.9221 0.2758 0.0000
vt 0.9219 0.2718 0.0000
vt 0.9198 0.3249 0.0000
vt 0.9198 0.2718 0.0000
vt 0.9196 0.3208 0.0000
vt 0.9196 0.2758 0.0000
vt 0.8562 0.4784 0.0000
vt 0.8580 0.4784 0.0000
vt 0.8580 0.4577 0.0000
vt 0.8562 0.4577 0.0000
vt 0.8169 0.0793 0.0000
vt 0.8376 0.0793 0.0000
vt 0.8376 0.0457 0.0000
vt 0.8169 0.0457 0.0000
vt 0.5778 0.4230 0.0000
vt 0.5779 0.4260 0.0000
vt 0.5797 0.4260 0.0000
vt 0.5799 0.4230 0.0000
vt 0.5799 0.3894 0.0000
vt 0.5797 0.3863 0.0000
vt 0.5778 0.3894 0.0000
vt 0.5779 0.3863 0.0000
vt 0.6445 0.3305 0.0000
vt 0.6238 0.3305 0.0000
vt 0.6238 0.3641 0.0000
vt 0.6445 0.3641 0.0000
vt 0.8121 0.4584 0.0000
vt 0.8121 0.4791 0.0000
vt 0.8139 0.4791 0.0000
vt 0.8139 0.4584 0.0000
vt 0.6238 0.3671 0.0000
vt 0.6445 0.3671 0.0000
vt 0.6445 0.3274 0.0000
vt 0.6238 0.3274 0.0000
vt 0.8376 0.0427 0.0000
vt 0.8169 0.0427 0.0000
vt 0.8169 0.0823 0.0000
vt 0.8376 0.0823 0.0000
vt 0.5346 0.3872 0.0000
vt 0.5344 0.3903 0.0000
vt 0.5344 0.4239 0.0000
vt 0.5346 0.4269 0.0000
vt 0.5363 0.3872 0.0000
vt 0.5363 0.4269 0.0000
vt 0.5365 0.3903 0.0000
vt 0.5365 0.4239 0.0000
vt 0.7173 0.4595 0.0000
vt 0.7173 0.4802 0.0000
vt 0.7191 0.4802 0.0000
vt 0.7191 0.4595 0.0000
vt 0.8396 0.2099 0.0000
vt 0.8603 0.2099 0.0000
vt 0.8603 0.1763 0.0000
vt 0.8396 0.1763 0.0000
vt 0.9280 0.0457 0.0000
vt 0.9278 0.0427 0.0000
vt 0.9261 0.0427 0.0000
vt 0.9259 0.0457 0.0000
vt 0.9259 0.0793 0.0000
vt 0.9261 0.0823 0.0000
vt 0.9280 0.0793 0.0000
vt 0.9278 0.0823 0.0000
vt 0.8612 0.3281 0.0000
vt 0.8405 0.3281 0.0000
vt 0.8405 0.3617 0.0000
vt 0.8612 0.3617 0.0000
vt 0.9632 0.4801 0.0000
vt 0.9632 0.4594 0.0000
vt 0.9615 0.4594 0.0000
vt 0.9615 0.4801 0.0000
vt 0.8405 0.3647 0.0000
vt 0.8612 0.3647 0.0000
vt 0.8612 0.3251 0.0000
vt 0.8405 0.3251 0.0000
vt 0.8603 0.1733 0.0000
vt 0.8396 0.1733 0.0000
vt 0.8396 0.2129 0.0000
vt 0.8603 0.2129 0.0000
vt 0.5406 0.3903 0.0000
vt 0.5404 0.3872 0.0000
vt 0.5386 0.3872 0.0000
vt 0.5385 0.3903 0.0000
vt 0.5385 0.4239 0.0000
vt 0.5386 0.4269 0.0000
vt 0.5406 0.4239 0.0000
vt 0.5404 0.4269 0.0000
# 1084 texture coords

o WINDOW_011
g WINDOW_011
usemtl BARN_SCENE_BARN_TEXTURES
s off
f 1/1/1 2/2/1 3/3/1 
f 3/3/1 4/4/1 1/1/1 
f 5/5/2 6/6/2 7/7/2 
f 7/7/2 8/8/2 5/5/2 
f 9/9/1 10/10/1 11/11/1 
f 11/11/1 12/12/1 9/9/1 
f 13/13/2 14/14/2 15/15/2 
f 15/15/2 16/16/2 13/13/2 
f 17/17/3 18/18/3 19/19/3 
f 19/19/3 20/20/3 17/17/3 
f 21/21/4 22/22/4 23/23/4 
f 23/23/4 24/24/4 21/21/4 
f 4/25/2 3/26/2 25/27/2 
f 25/27/2 26/28/2 4/25/2 
f 22/29/5 10/30/5 9/31/5 
f 9/31/5 23/32/5 22/29/5 
f 26/33/6 27/34/6 1/35/6 
f 1/35/6 4/36/6 26/33/6 
f 28/37/3 29/38/3 30/39/3 
f 30/39/3 31/40/3 28/37/3 
f 32/41/5 33/42/5 34/43/5 
f 34/43/5 35/44/5 32/41/5 
f 36/45/5 37/46/5 38/47/5 
f 38/47/5 30/48/5 36/45/5 
f 14/49/2 13/50/2 25/51/2 
f 25/51/2 3/52/2 14/49/2 
f 8/53/2 16/54/2 15/55/2 
f 15/55/2 5/56/2 8/53/2 
f 39/57/1 40/58/1 41/59/1 
f 41/59/1 42/60/1 39/57/1 
f 43/61/3 44/62/3 36/63/3 
f 36/63/3 45/64/3 43/61/3 
f 46/65/4 47/66/4 48/67/4 
f 48/67/4 49/68/4 46/65/4 
f 50/69/1 51/70/1 52/71/1 
f 52/71/1 53/72/1 50/69/1 
f 54/73/1 6/74/1 5/75/1 
f 5/75/1 55/76/1 54/73/1 
f 56/77/6 25/78/6 13/79/6 
f 13/79/6 57/80/6 56/77/6 
f 20/81/2 44/82/2 43/83/2 
f 43/83/2 17/84/2 20/81/2 
f 29/85/2 45/86/2 36/87/2 
f 36/87/2 30/88/2 29/85/2 
f 58/89/4 59/90/4 60/91/4 
f 60/91/4 61/92/4 58/89/4 
f 37/93/4 36/94/4 44/95/4 
f 44/95/4 62/96/4 37/93/4 
f 63/97/4 64/98/4 65/99/4 
f 65/99/4 66/100/4 63/97/4 
f 16/101/4 67/102/4 57/103/4 
f 57/103/4 13/104/4 16/101/4 
f 68/105/1 69/106/1 70/107/1 
f 70/107/1 71/108/1 68/105/1 
f 72/109/1 73/110/1 43/111/1 
f 43/111/1 45/112/1 72/109/1 
f 74/113/1 75/114/1 76/115/1 
f 76/115/1 77/116/1 74/113/1 
f 78/117/1 79/118/1 15/119/1 
f 15/119/1 14/120/1 78/117/1 
f 14/121/5 3/122/5 2/123/5 
f 2/123/5 78/124/5 14/121/5 
f 74/125/5 77/126/5 40/127/5 
f 40/127/5 39/128/5 74/125/5 
f 50/129/5 53/130/5 80/131/5 
f 80/131/5 81/132/5 50/129/5 
f 68/133/5 71/134/5 82/135/5 
f 82/135/5 83/136/5 68/133/5 
f 16/137/5 8/138/5 84/139/5 
f 84/139/5 67/140/5 16/137/5 
f 64/141/5 63/142/5 21/143/5 
f 21/143/5 24/144/5 64/141/5 
f 47/145/5 46/146/5 85/147/5 
f 85/147/5 86/148/5 47/145/5 
f 59/149/5 58/150/5 87/151/5 
f 87/151/5 88/152/5 59/149/5 
f 43/153/5 73/154/5 89/155/5 
f 89/155/5 17/156/5 43/153/5 
f 89/157/1 90/158/1 18/159/1 
f 18/159/1 17/160/1 89/157/1 
f 83/161/1 82/162/1 91/163/1 
f 91/163/1 92/164/1 83/161/1 
f 81/165/1 80/166/1 93/167/1 
f 93/167/1 94/168/1 81/165/1 
f 11/169/6 76/170/6 75/171/6 
f 75/171/6 12/172/6 11/169/6 
f 95/173/6 52/174/6 51/175/6 
f 51/175/6 96/176/6 95/173/6 
f 97/177/6 70/178/6 69/179/6 
f 69/179/6 98/180/6 97/177/6 
f 45/181/6 29/182/6 99/183/6 
f 99/183/6 72/184/6 45/181/6 
f 100/185/6 66/186/6 65/187/6 
f 65/187/6 101/188/6 100/185/6 
f 102/189/6 49/190/6 48/191/6 
f 48/191/6 103/192/6 102/189/6 
f 104/193/6 61/194/6 60/195/6 
f 60/195/6 105/196/6 104/193/6 
f 20/197/6 106/198/6 62/199/6 
f 62/199/6 44/200/6 20/197/6 
f 107/201/6 92/202/6 91/203/6 
f 91/203/6 108/204/6 107/201/6 
f 109/205/6 94/206/6 93/207/6 
f 93/207/6 110/208/6 109/205/6 
f 111/209/6 42/210/6 41/211/6 
f 41/211/6 112/212/6 111/209/6 
f 26/213/4 25/214/4 56/215/4 
f 56/215/4 27/216/4 26/213/4 
f 113/217/4 84/218/4 8/219/4 
f 8/219/4 7/220/4 113/217/4 
f 114/221/5 115/222/5 28/223/5 
f 28/223/5 31/224/5 114/221/5 
f 116/225/5 117/226/5 118/227/5 
f 118/227/5 119/228/5 116/225/5 
f 120/229/5 121/230/5 122/231/5 
f 122/231/5 123/232/5 120/229/5 
f 5/233/6 15/234/6 79/235/6 
f 79/235/6 55/236/6 5/233/6 
f 30/237/4 38/238/4 114/239/4 
f 114/239/4 31/240/4 30/237/4 
f 87/241/4 118/242/4 117/243/4 
f 117/243/4 88/244/4 87/241/4 
f 85/245/4 122/246/4 121/247/4 
f 121/247/4 86/248/4 85/245/4 
f 99/249/1 29/250/1 28/251/1 
f 28/251/1 115/252/1 99/249/1 
f 116/253/1 119/254/1 97/255/1 
f 97/255/1 98/256/1 116/253/1 
f 120/257/1 123/258/1 95/259/1 
f 95/259/1 96/260/1 120/257/1 
f 54/261/5 113/262/5 7/263/5 
f 7/263/5 6/264/5 54/261/5 
f 124/265/4 106/266/4 20/267/4 
f 20/267/4 19/268/4 124/265/4 
f 104/269/4 105/270/4 107/271/4 
f 107/271/4 108/272/4 104/269/4 
f 110/273/4 102/274/4 103/275/4 
f 103/275/4 109/276/4 110/273/4 
f 112/277/4 100/278/4 101/279/4 
f 101/279/4 111/280/4 112/277/4 
f 81/281/2 125/282/2 126/283/2 
f 126/283/2 50/284/2 81/281/2 
f 127/285/2 128/286/2 12/287/2 
f 12/287/2 75/288/2 127/285/2 
f 57/289/2 67/290/2 129/291/2 
f 129/291/2 130/292/2 57/289/2 
f 95/293/2 131/294/2 132/295/2 
f 132/295/2 52/296/2 95/293/2 
f 133/297/2 111/298/2 101/299/2 
f 101/299/2 134/300/2 133/297/2 
f 122/301/3 85/302/3 135/303/3 
f 135/303/3 136/304/3 122/301/3 
f 137/305/2 138/306/2 89/307/2 
f 89/307/2 73/308/2 137/305/2 
f 139/309/3 63/310/3 66/311/3 
f 66/311/3 140/312/3 139/309/3 
f 108/313/3 141/314/3 142/315/3 
f 142/315/3 104/316/3 108/313/3 
f 143/317/2 24/318/2 23/319/2 
f 23/319/2 144/320/2 143/317/2 
f 145/321/2 146/322/2 55/323/2 
f 55/323/2 79/324/2 145/321/2 
f 83/325/2 147/326/2 148/327/2 
f 148/327/2 68/328/2 83/325/2 
f 149/329/3 69/330/3 68/331/3 
f 68/331/3 148/332/3 149/329/3 
f 11/333/2 150/334/2 151/335/2 
f 151/335/2 76/336/2 11/333/2 
f 152/337/2 153/338/2 109/339/2 
f 109/339/2 103/340/2 152/337/2 
f 87/341/3 154/342/3 155/343/3 
f 155/343/3 118/344/3 87/341/3 
f 73/345/2 72/346/2 156/347/2 
f 156/347/2 137/348/2 73/345/2 
f 124/349/3 157/350/3 158/351/3 
f 158/351/3 106/352/3 124/349/3 
f 159/353/2 160/354/2 86/355/2 
f 86/355/2 121/356/2 159/353/2 
f 21/357/2 63/358/2 139/359/2 
f 139/359/2 161/360/2 21/357/2 
f 40/361/2 162/362/2 163/363/2 
f 163/363/2 41/364/2 40/361/2 
f 164/365/3 51/366/3 50/367/3 
f 50/367/3 126/368/3 164/365/3 
f 165/369/3 166/370/3 2/371/3 
f 2/371/3 1/372/3 165/369/3 
f 167/373/2 168/374/2 107/375/2 
f 107/375/2 105/376/2 167/373/2 
f 32/377/3 169/378/3 114/379/3 
f 114/379/3 38/380/3 32/377/3 
f 170/381/2 129/382/2 67/383/2 
f 67/383/2 84/384/2 170/381/2 
f 71/385/2 70/386/2 171/387/2 
f 171/387/2 172/388/2 71/385/2 
f 167/389/2 105/390/2 60/391/2 
f 60/391/2 173/392/2 167/389/2 
f 117/393/2 174/394/2 35/395/2 
f 35/395/2 88/396/2 117/393/2 
f 112/397/2 41/398/2 163/399/2 
f 163/399/2 175/400/2 112/397/2 
f 176/401/2 93/402/2 80/403/2 
f 80/403/2 177/404/2 176/401/2 
f 178/405/2 62/406/2 106/407/2 
f 106/407/2 158/408/2 178/405/2 
f 46/409/2 179/410/2 135/411/2 
f 135/411/2 85/412/2 46/409/2 
f 1/413/2 27/414/2 180/415/2 
f 180/415/2 165/416/2 1/413/2 
f 75/417/3 74/418/3 181/419/3 
f 181/419/3 127/420/3 75/417/3 
f 39/421/3 42/422/3 182/423/3 
f 182/423/3 183/424/3 39/421/3 
f 10/425/2 184/426/2 150/427/2 
f 150/427/2 11/428/2 10/425/2 
f 185/429/2 110/430/2 93/431/2 
f 93/431/2 176/432/2 185/429/2 
f 186/433/2 53/434/2 52/435/2 
f 52/435/2 132/436/2 186/433/2 
f 48/437/2 187/438/2 152/439/2 
f 152/439/2 103/440/2 48/437/2 
f 188/441/2 64/442/2 24/443/2 
f 24/443/2 143/444/2 188/441/2 
f 42/445/2 111/446/2 133/447/2 
f 133/447/2 182/448/2 42/445/2 
f 189/449/2 91/450/2 82/451/2 
f 82/451/2 190/452/2 189/449/2 
f 142/453/2 191/454/2 61/455/2 
f 61/455/2 104/456/2 142/453/2 
f 54/457/3 55/458/3 146/459/3 
f 146/459/3 192/460/3 54/457/3 
f 108/461/2 91/462/2 189/463/2 
f 189/463/2 141/464/2 108/461/2 
f 79/465/3 78/466/3 193/467/3 
f 193/467/3 145/468/3 79/465/3 
f 81/469/3 94/470/3 194/471/3 
f 194/471/3 125/472/3 81/469/3 
f 124/473/6 19/474/6 18/475/6 
f 18/475/6 90/476/6 124/473/6 
f 154/477/5 195/478/5 196/479/5 
f 196/479/5 160/480/5 154/477/5 
f 135/481/5 179/482/5 188/483/5 
f 188/483/5 143/484/5 135/481/5 
f 161/485/5 139/486/5 129/487/5 
f 129/487/5 170/488/5 161/485/5 
f 138/489/5 137/490/5 148/491/5 
f 148/491/5 147/492/5 138/489/5 
f 190/493/5 172/494/5 126/495/5 
f 126/495/5 125/496/5 190/493/5 
f 186/497/5 181/498/5 183/499/5 
f 183/499/5 177/500/5 186/497/5 
f 197/501/5 193/502/5 166/503/5 
f 166/503/5 162/504/5 197/501/5 
f 151/505/1 145/506/1 193/507/1 
f 193/507/1 197/508/1 151/505/1 
f 127/509/1 181/510/1 186/511/1 
f 186/511/1 132/512/1 127/509/1 
f 164/513/1 126/514/1 172/515/1 
f 172/515/1 171/516/1 164/513/1 
f 149/517/1 148/518/1 137/519/1 
f 137/519/1 156/520/1 149/517/1 
f 139/521/4 140/522/4 130/523/4 
f 130/523/4 129/524/4 139/521/4 
f 179/525/4 198/526/4 199/527/4 
f 199/527/4 188/528/4 179/525/4 
f 191/529/4 187/530/4 196/531/4 
f 196/531/4 195/532/4 191/529/4 
f 33/533/4 178/534/4 173/535/4 
f 173/535/4 34/536/4 33/533/4 
f 200/537/1 201/538/1 138/539/1 
f 138/539/1 147/540/1 200/537/1 
f 194/541/1 189/542/1 190/543/1 
f 190/543/1 125/544/1 194/541/1 
f 183/545/1 182/546/1 176/547/1 
f 176/547/1 177/548/1 183/545/1 
f 162/549/1 166/550/1 165/551/1 
f 165/551/1 163/552/1 162/549/1 
f 145/553/6 151/554/6 150/555/6 
f 150/555/6 146/556/6 145/553/6 
f 132/557/6 131/558/6 128/559/6 
f 128/559/6 127/560/6 132/557/6 
f 164/561/6 171/562/6 202/563/6 
f 202/563/6 203/564/6 164/561/6 
f 149/565/6 156/566/6 204/567/6 
f 204/567/6 205/568/6 149/565/6 
f 130/569/6 140/570/6 206/571/6 
f 206/571/6 207/572/6 130/569/6 
f 199/573/6 198/574/6 208/575/6 
f 208/575/6 134/576/6 199/573/6 
f 191/577/6 142/578/6 152/579/6 
f 152/579/6 187/580/6 191/577/6 
f 173/581/6 178/582/6 158/583/6 
f 158/583/6 167/584/6 173/581/6 
f 167/585/4 158/586/4 157/587/4 
f 157/587/4 168/588/4 167/585/4 
f 152/589/4 142/590/4 141/591/4 
f 141/591/4 153/592/4 152/589/4 
f 208/593/4 185/594/4 133/595/4 
f 133/595/4 134/596/4 208/593/4 
f 206/597/4 175/598/4 180/599/4 
f 180/599/4 207/600/4 206/597/4 
f 209/601/1 205/602/1 204/603/1 
f 204/603/1 210/604/1 209/601/1 
f 211/605/1 212/606/1 203/607/1 
f 203/607/1 202/608/1 211/605/1 
f 213/609/1 128/610/1 131/611/1 
f 131/611/1 214/612/1 213/609/1 
f 192/613/1 146/614/1 150/615/1 
f 150/615/1 184/616/1 192/613/1 
f 35/617/4 174/618/4 169/619/4 
f 169/619/4 32/620/4 35/617/4 
f 160/621/4 159/622/4 155/623/4 
f 155/623/4 154/624/4 160/621/4 
f 135/625/4 143/626/4 144/627/4 
f 144/627/4 136/628/4 135/625/4 
f 161/629/4 170/630/4 215/631/4 
f 215/631/4 216/632/4 161/629/4 
f 174/633/5 209/634/5 210/635/5 
f 210/635/5 169/636/5 174/633/5 
f 155/637/5 159/638/5 212/639/5 
f 212/639/5 211/640/5 155/637/5 
f 144/641/5 213/642/5 214/643/5 
f 214/643/5 136/644/5 144/641/5 
f 215/645/5 192/646/5 184/647/5 
f 184/647/5 216/648/5 215/645/5 
f 157/649/6 201/650/6 200/651/6 
f 200/651/6 168/652/6 157/649/6 
f 141/653/6 189/654/6 194/655/6 
f 194/655/6 153/656/6 141/653/6 
f 133/657/6 185/658/6 176/659/6 
f 176/659/6 182/660/6 133/657/6 
f 180/661/6 175/662/6 163/663/6 
f 163/663/6 165/664/6 180/661/6 
f 170/665/2 84/666/2 113/667/2 
f 113/667/2 215/668/2 170/665/2 
f 102/669/3 110/430/3 185/429/3 
f 185/429/3 208/670/3 102/669/3 
f 179/671/3 46/672/3 49/673/3 
f 49/673/3 198/674/3 179/671/3 
f 22/675/3 21/676/3 161/677/3 
f 161/677/3 216/678/3 22/675/3 
f 180/679/2 27/680/2 56/681/2 
f 56/681/2 207/682/2 180/679/2 
f 97/683/2 202/684/2 171/685/2 
f 171/685/2 70/686/2 97/683/2 
f 65/687/2 64/688/2 188/689/2 
f 188/689/2 199/690/2 65/687/2 
f 172/691/2 190/692/2 82/693/2 
f 82/693/2 71/694/2 172/691/2 
f 116/695/2 209/696/2 174/697/2 
f 174/697/2 117/698/2 116/695/2 
f 164/699/2 203/700/2 96/701/2 
f 96/701/2 51/702/2 164/699/2 
f 169/703/2 210/704/2 115/705/2 
f 115/705/2 114/706/2 169/703/2 
f 206/707/3 100/708/3 112/709/3 
f 112/709/3 175/710/3 206/707/3 
f 61/711/3 191/712/3 195/713/3 
f 195/713/3 58/714/3 61/711/3 
f 181/715/2 74/716/2 39/717/2 
f 39/717/2 183/718/2 181/715/2 
f 120/719/2 212/720/2 159/721/2 
f 159/721/2 121/722/2 120/719/2 
f 98/723/3 205/724/3 209/725/3 
f 209/725/3 116/726/3 98/723/3 
f 99/727/2 204/728/2 156/729/2 
f 156/729/2 72/730/2 99/727/2 
f 47/731/2 196/732/2 187/733/2 
f 187/733/2 48/734/2 47/731/2 
f 155/735/2 211/736/2 119/737/2 
f 119/737/2 118/738/2 155/735/2 
f 149/739/2 205/740/2 98/741/2 
f 98/741/2 69/742/2 149/739/2 
f 80/743/2 53/744/2 186/745/2 
f 186/745/2 177/746/2 80/743/2 
f 9/747/2 213/748/2 144/749/2 
f 144/749/2 23/750/2 9/747/2 
f 35/751/2 34/752/2 59/753/2 
f 59/753/2 88/754/2 35/751/2 
f 204/755/2 99/756/2 115/757/2 
f 115/757/2 210/758/2 204/755/2 
f 62/759/3 178/760/3 33/761/3 
f 33/761/3 37/762/3 62/759/3 
f 136/763/6 214/764/6 123/765/6 
f 123/765/6 122/766/6 136/763/6 
f 96/767/3 203/768/3 212/720/3 
f 212/720/3 120/719/3 96/767/3 
f 66/769/2 100/770/2 206/771/2 
f 206/771/2 140/772/2 66/769/2 
f 59/773/2 34/774/2 173/775/2 
f 173/775/2 60/776/2 59/773/2 
f 193/777/2 78/778/2 2/779/2 
f 2/779/2 166/780/2 193/777/2 
f 54/781/2 192/782/2 215/783/2 
f 215/783/2 113/784/2 54/781/2 
f 32/785/2 38/786/2 37/787/2 
f 37/787/2 33/788/2 32/785/2 
f 207/789/2 56/790/2 57/791/2 
f 57/791/2 130/792/2 207/789/2 
f 216/793/2 184/794/2 10/795/2 
f 10/795/2 22/796/2 216/793/2 
f 202/797/2 97/798/2 119/799/2 
f 119/799/2 211/800/2 202/797/2 
f 147/801/3 83/802/3 92/803/3 
f 92/803/3 200/804/3 147/801/3 
f 197/805/2 162/806/2 40/807/2 
f 40/807/2 77/808/2 197/805/2 
f 200/809/2 92/810/2 107/811/2 
f 107/811/2 168/812/2 200/809/2 
f 47/813/2 86/814/2 160/815/2 
f 160/815/2 196/816/2 47/813/2 
f 9/817/3 12/818/3 128/819/3 
f 128/819/3 213/820/3 9/817/3 
f 208/821/2 198/822/2 49/823/2 
f 49/823/2 102/824/2 208/821/2 
f 90/825/2 89/826/2 138/827/2 
f 138/827/2 201/828/2 90/825/2 
f 124/829/2 90/830/2 201/831/2 
f 201/831/2 157/832/2 124/829/2 
f 65/833/2 199/834/2 134/835/2 
f 134/835/2 101/836/2 65/833/2 
f 151/837/2 197/838/2 77/839/2 
f 77/839/2 76/840/2 151/837/2 
f 194/841/5 94/842/5 109/843/5 
f 109/843/5 153/844/5 194/841/5 
f 58/845/2 195/846/2 154/847/2 
f 154/847/2 87/848/2 58/845/2 
f 123/849/2 214/850/2 131/851/2 
f 131/851/2 95/852/2 123/849/2 
f 217/853/1 218/854/1 219/855/1 
f 219/855/1 220/856/1 217/853/1 
f 221/857/7 222/858/7 223/859/7 
f 223/859/7 224/860/7 221/857/7 
f 219/861/8 225/862/8 226/863/8 
f 219/861/8 226/863/8 227/864/8 
f 220/865/8 219/861/8 227/864/8 
f 220/865/8 227/864/8 228/866/8 
f 222/867/8 220/865/8 228/866/8 
f 223/868/8 222/867/8 228/866/8 
f 226/869/9 225/870/9 229/871/9 
f 229/871/9 230/872/9 226/869/9 
f 231/873/4 228/874/4 227/875/4 
f 227/875/4 232/876/4 231/873/4 
f 225/870/10 219/877/10 218/878/10 
f 218/878/10 229/871/10 225/870/10 
f 230/872/11 232/879/11 227/880/11 
f 227/880/11 226/869/11 230/872/11 
f 228/881/12 231/882/12 224/860/12 
f 224/860/12 223/859/12 228/881/12 
f 222/858/13 221/857/13 217/883/13 
f 217/883/13 220/884/13 222/858/13 
f 229/871/14 218/878/14 217/885/14 
f 217/885/14 221/886/14 224/887/14 
f 229/871/14 217/885/14 224/887/14 
f 229/871/14 224/887/14 231/888/14 
f 230/872/14 229/871/14 231/888/14 
f 230/872/14 231/888/14 232/879/14 
f 233/889/4 234/890/4 235/891/4 
f 235/891/4 236/892/4 233/889/4 
f 237/893/15 238/894/15 239/895/15 
f 239/895/15 240/896/15 237/893/15 
f 236/897/16 235/898/16 241/899/16 
f 241/899/16 242/900/16 243/901/16 
f 236/897/16 241/899/16 243/901/16 
f 236/897/16 243/901/16 244/902/16 
f 238/903/16 236/897/16 244/902/16 
f 239/904/16 238/903/16 244/902/16 
f 245/905/17 242/906/17 241/907/17 
f 241/907/17 246/908/17 245/905/17 
f 247/909/1 244/910/1 243/911/1 
f 243/911/1 248/912/1 247/909/1 
f 246/908/18 241/907/18 235/913/18 
f 235/913/18 234/914/18 246/908/18 
f 242/906/19 245/905/19 248/915/19 
f 248/915/19 243/916/19 242/906/19 
f 244/917/20 247/918/20 240/896/20 
f 240/896/20 239/895/20 244/917/20 
f 238/894/21 237/893/21 233/919/21 
f 233/919/21 236/920/21 238/894/21 
f 245/905/22 246/908/22 234/914/22 
f 233/921/22 237/922/22 240/923/22 
f 233/921/22 240/923/22 247/924/22 
f 234/914/22 233/921/22 247/924/22 
f 245/905/22 234/914/22 247/924/22 
f 245/905/22 247/924/22 248/915/22 
f 249/925/4 250/926/4 251/927/4 
f 251/927/4 252/928/4 249/925/4 
f 253/929/3 254/930/3 255/931/3 
f 255/931/3 256/932/3 253/929/3 
f 252/933/23 251/934/23 257/935/23 
f 254/936/23 252/933/23 257/935/23 
f 257/935/23 258/937/23 259/938/23 
f 254/936/23 257/935/23 259/938/23 
f 255/939/23 254/936/23 259/938/23 
f 255/939/23 259/938/23 260/940/23 
f 261/941/2 258/942/2 257/943/2 
f 257/943/2 262/944/2 261/941/2 
f 263/945/1 260/946/1 259/947/1 
f 259/947/1 264/948/1 263/945/1 
f 262/944/24 257/943/24 251/949/24 
f 251/949/24 250/950/24 262/944/24 
f 258/942/25 261/941/25 264/951/25 
f 264/951/25 259/952/25 258/942/25 
f 260/953/26 263/954/26 256/932/26 
f 256/932/26 255/931/26 260/953/26 
f 254/930/27 253/929/27 249/955/27 
f 249/955/27 252/956/27 254/930/27 
f 261/957/6 262/958/6 250/959/6 
f 261/957/6 250/959/6 249/960/6 
f 261/957/6 249/960/6 253/961/6 
f 261/957/6 253/961/6 256/962/6 
f 261/957/6 256/962/6 263/963/6 
f 261/957/6 263/963/6 264/964/6 
f 265/965/4 266/966/4 267/967/4 
f 267/967/4 268/968/4 265/965/4 
f 269/969/3 270/970/3 271/971/3 
f 271/971/3 272/972/3 269/969/3 
f 266/973/23 273/974/23 274/975/23 
f 266/973/23 274/975/23 275/976/23 
f 267/977/23 266/973/23 275/976/23 
f 267/977/23 275/976/23 276/978/23 
f 270/979/23 267/977/23 276/978/23 
f 271/980/23 270/979/23 276/978/23 
f 277/981/2 274/982/2 273/983/2 
f 273/983/2 278/984/2 277/981/2 
f 279/985/1 276/986/1 275/987/1 
f 275/987/1 280/988/1 279/985/1 
f 278/984/28 273/983/28 266/989/28 
f 266/989/28 265/990/28 278/984/28 
f 274/982/29 277/981/29 280/991/29 
f 280/991/29 275/992/29 274/982/29 
f 276/993/30 279/994/30 272/972/30 
f 272/972/30 271/971/30 276/993/30 
f 270/970/31 269/969/31 268/995/31 
f 268/995/31 267/996/31 270/970/31 
f 268/997/6 269/998/6 272/999/6 
f 268/997/6 272/999/6 279/1000/6 
f 265/1001/6 268/997/6 279/1000/6 
f 265/1001/6 279/1000/6 280/1002/6 
f 278/1003/6 265/1001/6 280/1002/6 
f 277/1004/6 278/1003/6 280/1002/6 
f 281/1005/4 282/1006/4 283/1007/4 
f 283/1007/4 284/1008/4 281/1005/4 
f 285/1009/5 286/1010/5 287/1011/5 
f 287/1011/5 288/1012/5 285/1009/5 
f 286/1013/32 282/1014/32 281/1015/32 
f 286/1013/32 281/1015/32 289/1016/32 
f 286/1013/32 289/1016/32 290/1017/32 
f 286/1013/32 290/1017/32 291/1018/32 
f 287/1019/32 286/1013/32 291/1018/32 
f 287/1019/32 291/1018/32 292/1020/32 
f 293/1021/6 290/1022/6 289/1023/6 
f 289/1023/6 294/1024/6 293/1021/6 
f 291/1025/1 295/1026/1 296/1027/1 
f 296/1027/1 292/1028/1 291/1025/1 
f 294/1024/33 289/1023/33 281/1029/33 
f 281/1029/33 284/1030/33 294/1024/33 
f 290/1022/34 293/1021/34 295/1031/34 
f 295/1031/34 291/1032/34 290/1022/34 
f 292/1033/35 296/1034/35 288/1012/35 
f 288/1012/35 287/1011/35 292/1033/35 
f 286/1010/36 285/1009/36 283/1035/36 
f 283/1035/36 282/1036/36 286/1010/36 
f 283/1037/3 285/1038/3 288/1039/3 
f 283/1037/3 288/1039/3 296/1040/3 
f 284/1041/3 283/1037/3 296/1040/3 
f 284/1041/3 296/1040/3 295/1042/3 
f 294/1043/3 284/1041/3 295/1042/3 
f 293/1044/3 294/1043/3 295/1042/3 
f 297/1045/4 298/1046/4 299/1047/4 
f 299/1047/4 300/1048/4 297/1045/4 
f 301/1049/5 302/1050/5 303/1051/5 
f 303/1051/5 304/1052/5 301/1049/5 
f 302/1053/32 299/1054/32 298/1055/32 
f 302/1053/32 298/1055/32 305/1056/32 
f 302/1053/32 305/1056/32 306/1057/32 
f 302/1053/32 306/1057/32 307/1058/32 
f 303/1059/32 302/1053/32 307/1058/32 
f 303/1059/32 307/1058/32 308/1060/32 
f 309/1061/6 306/1062/6 305/1063/6 
f 305/1063/6 310/1064/6 309/1061/6 
f 311/1065/1 308/1066/1 307/1067/1 
f 307/1067/1 312/1068/1 311/1065/1 
f 310/1064/33 305/1063/33 298/1069/33 
f 298/1069/33 297/1070/33 310/1064/33 
f 306/1062/34 309/1061/34 312/1071/34 
f 312/1071/34 307/1072/34 306/1062/34 
f 308/1073/35 311/1074/35 304/1052/35 
f 304/1052/35 303/1051/35 308/1073/35 
f 302/1050/36 301/1049/36 300/1075/36 
f 300/1075/36 299/1076/36 302/1050/36 
f 310/1077/3 297/1078/3 300/1079/3 
f 310/1077/3 300/1079/3 301/1080/3 
f 310/1077/3 301/1080/3 304/1081/3 
f 310/1077/3 304/1081/3 311/1082/3 
f 309/1083/3 310/1077/3 311/1082/3 
f 309/1083/3 311/1082/3 312/1084/3 
# 596 faces

#
# object HOUSE_BASE_001
#

v  -2.6346 0.1123 -3.8478
v  -2.6346 2.2999 -3.8051
v  -2.6346 2.1654 3.0788
v  -2.6346 -0.0221 3.0360
v  3.7972 0.1123 -3.8478
v  5.4593 0.1123 -3.8478
v  5.4593 2.2812 -3.8055
v  3.7812 3.4125 -3.7710
v  5.4593 2.1468 3.0784
v  5.4593 -0.0221 3.0360
v  -0.9297 3.2900 3.0884
v  -0.9706 -0.0221 3.0360
v  5.4586 0.0666 -3.8685
v  3.7965 0.0666 -3.8685
v  0.4222 2.2127 3.0703
v  0.4222 -0.0221 3.0360
v  -0.9706 0.1123 -3.8478
v  -0.9297 3.4240 -3.7708
v  3.7812 3.2785 3.0882
v  3.7972 -0.0221 3.0360
v  -0.9713 -0.0679 3.0154
v  0.4216 -0.0679 3.0154
v  -0.2731 3.9037 3.1077
v  3.0977 3.9037 3.1077
v  -0.2731 4.0380 -3.7661
v  3.0977 4.0380 -3.7661
v  0.4397 4.8465 -3.7488
v  0.0943 4.4346 -3.7534
v  2.7303 4.4346 -3.7534
v  2.3850 4.8465 -3.7488
v  0.0943 4.3005 3.1104
v  2.7303 4.3005 3.1104
v  2.3850 4.7126 3.1048
v  0.4397 4.7126 3.1048
v  1.2968 5.8909 -3.7266
v  0.8035 5.2172 -3.7398
v  2.0211 5.2172 -3.7398
v  1.5279 5.8909 -3.7266
v  2.0211 5.0835 3.1047
v  0.8035 5.0835 3.1047
v  1.2968 5.7572 3.1178
v  1.5279 5.7572 3.1178
v  -2.5430 2.2984 -3.7254
v  -2.5430 0.1709 -3.7670
v  -2.5430 0.0400 2.9345
v  -2.5430 2.1675 2.9760
v  5.4031 2.3734 -3.7239
v  5.4031 0.1709 -3.7670
v  3.6943 0.1709 -3.7670
v  3.6789 3.4109 -3.6918
v  5.4031 2.2427 2.9711
v  5.4031 0.0401 2.9281
v  -0.8677 0.0400 2.9345
v  -0.8427 3.2997 2.9863
v  -0.8427 3.4301 -3.6915
v  -0.8677 0.1709 -3.7670
v  3.6789 3.2806 2.9795
v  3.6943 0.0401 2.9281
v  -0.2003 3.9066 2.9592
v  3.0250 3.9066 2.9592
v  3.0250 4.0364 -3.6866
v  -0.2003 4.0364 -3.6866
v  0.4817 4.8449 -3.6694
v  2.3430 4.8449 -3.6694
v  2.6734 4.4331 -3.6741
v  0.1512 4.4331 -3.6741
v  2.6734 4.3034 2.9621
v  0.1512 4.3034 2.9621
v  2.3430 4.7155 2.9570
v  0.4817 4.7155 2.9570
v  1.3018 5.8893 -3.6473
v  1.5229 5.8893 -3.6473
v  1.9949 5.2157 -3.6605
v  0.8298 5.2157 -3.6605
v  1.9949 5.0864 2.9573
v  0.8298 5.0864 2.9573
v  1.5229 5.7600 2.9704
v  1.3018 5.7600 2.9704
v  2.4051 -0.0221 3.0360
v  2.4051 2.2127 3.0703
v  -0.9713 0.0666 -3.8685
v  -2.6353 0.0666 -3.8685
v  -2.6353 -0.0679 3.0154
v  3.7965 -0.0679 3.0154
v  5.4586 -0.0679 3.0154
v  5.4586 -0.1085 3.0146
v  3.7965 -0.1085 3.0146
v  5.4586 0.0259 -3.8693
v  -0.9713 -0.1085 3.0146
v  -2.6353 -0.1085 3.0146
v  3.7965 0.0259 -3.8693
v  -2.6353 0.0259 -3.8693
v  -0.9713 0.0259 -3.8693
v  2.4044 -0.0679 3.0154
v  0.4216 -0.1085 3.0146
v  2.4044 -0.1085 3.0146
# 96 vertices

vn 1.0000 0.0000 -0.0000
vn 0.0029 -0.0218 0.9998
vn -1.0000 0.0000 -0.0000
vn -0.0029 0.0173 -0.9998
vn 0.0000 -0.4116 0.9114
vn -0.0005 0.0156 -0.9999
vn -0.0029 -0.0217 0.9998
vn 0.0029 0.0172 -0.9998
vn 0.0000 0.4116 -0.9114
vn -0.0000 -0.0232 0.9997
vn 0.0000 0.0314 -0.9995
vn 0.0000 -0.0076 1.0000
vn 0.0000 -0.0110 0.9999
vn 0.0000 -0.0322 0.9995
vn 0.0000 0.0068 -1.0000
vn 0.0000 -0.0138 -0.9999
vn 0.0000 -0.0195 0.9998
vn 0.0000 -0.0243 0.9997
vn 0.0000 -0.0003 -1.0000
vn 0.0000 0.0195 -0.9998
vn -0.0028 0.0217 -0.9998
vn 0.0028 -0.0173 0.9998
vn 0.0028 0.0217 -0.9998
vn -0.0028 -0.0173 0.9998
vn 0.0000 0.0231 -0.9997
vn 0.0010 0.0385 0.9993
vn 0.0000 0.0081 -1.0000
vn 0.0000 0.0113 -0.9999
vn 0.0000 0.0316 -0.9995
vn 0.0000 -0.0074 1.0000
vn 0.0000 0.0124 0.9999
vn 0.0000 0.0241 -0.9997
vn 0.0000 -0.0006 1.0000
vn -0.5434 -0.5761 -0.6106
vn -0.6229 -0.6656 0.4110
vn -0.5375 -0.8415 -0.0554
vn -0.6897 -0.6547 -0.3093
vn -0.7132 -0.6844 0.1515
vn 0.7068 -0.6424 0.2962
vn 0.7132 -0.6844 0.1517
vn -0.8576 -0.5142 -0.0100
vn 0.6364 -0.5598 -0.5307
vn -0.5376 -0.8431 0.0118
vn 0.6897 -0.6547 -0.3094
vn -0.6364 -0.5598 -0.5306
vn 0.0000 -0.9998 -0.0195
vn -0.7068 -0.6424 0.2962
vn 0.5055 -0.7662 0.3968
vn 0.8027 -0.5718 -0.1694
vn -0.8027 -0.5718 -0.1693
vn 0.4796 -0.7083 -0.5180
vn 0.6950 -0.5653 -0.4442
vn -0.8099 -0.5818 0.0746
vn -0.6951 -0.5654 -0.4441
vn 0.6368 -0.6754 0.3719
vn 0.8099 -0.5818 0.0746
vn -0.7523 -0.6138 0.2393
vn 0.5709 -0.6036 -0.5566
vn 0.7523 -0.6138 0.2393
vn 0.0005 0.0156 -0.9999
vn 0.0000 0.0168 -0.9999
vn 0.9999 -0.0150 -0.0003
vn -0.9999 0.0150 0.0003
vn 0.0000 0.9998 0.0195
# 64 vertex normals

vt 0.2181 0.8883 0.0000
vt 0.1196 0.8877 0.0000
vt 0.1196 0.7689 0.0000
vt 0.2181 0.7695 0.0000
vt 0.2141 0.5043 0.0000
vt 0.2385 0.5043 0.0000
vt 0.2385 0.6035 0.0000
vt 0.2138 0.6553 0.0000
vt 0.1192 0.6013 0.0000
vt 0.0003 0.6013 0.0000
vt 0.0005 0.5042 0.0000
vt 0.1193 0.5042 0.0000
vt 0.2388 0.6646 0.0000
vt 0.2638 0.6132 0.0000
vt 0.2632 0.7647 0.0000
vt 0.2388 0.7647 0.0000
vt 0.2385 0.5022 0.0000
vt 0.2140 0.5022 0.0000
vt 0.2836 0.6624 0.0000
vt 0.2836 0.7647 0.0000
vt 0.1196 0.6044 0.0000
vt 0.1196 0.5043 0.0000
vt 0.1441 0.5043 0.0000
vt 0.1447 0.6558 0.0000
vt 0.3330 0.6137 0.0000
vt 0.3576 0.6654 0.0000
vt 0.3576 0.7647 0.0000
vt 0.3332 0.7647 0.0000
vt 0.2632 0.7668 0.0000
vt 0.2836 0.7668 0.0000
vt 0.2734 0.5851 0.0000
vt 0.3229 0.5851 0.0000
vt 0.1543 0.6839 0.0000
vt 0.2038 0.6839 0.0000
vt 0.1648 0.7209 0.0000
vt 0.1597 0.7020 0.0000
vt 0.1984 0.7020 0.0000
vt 0.1933 0.7209 0.0000
vt 0.2788 0.5669 0.0000
vt 0.3175 0.5669 0.0000
vt 0.3125 0.5481 0.0000
vt 0.2839 0.5481 0.0000
vt 0.1773 0.7687 0.0000
vt 0.1701 0.7378 0.0000
vt 0.1880 0.7378 0.0000
vt 0.1807 0.7687 0.0000
vt 0.3071 0.5311 0.0000
vt 0.2892 0.5311 0.0000
vt 0.2965 0.5003 0.0000
vt 0.2999 0.5003 0.0000
vt 0.4531 0.8847 0.0000
vt 0.3579 0.8846 0.0000
vt 0.3579 0.7689 0.0000
vt 0.4531 0.7690 0.0000
vt 0.4746 0.6612 0.0000
vt 0.4746 0.7619 0.0000
vt 0.4495 0.7619 0.0000
vt 0.4492 0.6137 0.0000
vt 0.0993 0.8912 0.0000
vt 0.0001 0.8907 0.0000
vt 0.0001 0.7751 0.0000
vt 0.0993 0.7757 0.0000
vt 0.4997 0.5004 0.0000
vt 0.4997 0.6495 0.0000
vt 0.4748 0.5976 0.0000
vt 0.4751 0.5003 0.0000
vt 0.3579 0.7619 0.0000
vt 0.3579 0.6646 0.0000
vt 0.3828 0.6128 0.0000
vt 0.3825 0.7619 0.0000
vt 0.4534 0.8164 0.0000
vt 0.4786 0.7689 0.0000
vt 0.4786 0.9171 0.0000
vt 0.4535 0.9172 0.0000
vt 0.4152 0.9701 0.0000
vt 0.4243 0.9979 0.0000
vt 0.3579 0.9979 0.0000
vt 0.3679 0.9695 0.0000
vt 0.4396 0.5851 0.0000
vt 0.3923 0.5851 0.0000
vt 0.4023 0.5481 0.0000
vt 0.4296 0.5481 0.0000
vt 0.4345 0.5669 0.0000
vt 0.3974 0.5669 0.0000
vt 0.3733 0.9514 0.0000
vt 0.4103 0.9519 0.0000
vt 0.3784 0.9326 0.0000
vt 0.4057 0.9330 0.0000
vt 0.4143 0.5003 0.0000
vt 0.4176 0.5003 0.0000
vt 0.4245 0.5311 0.0000
vt 0.4074 0.5311 0.0000
vt 0.3837 0.9157 0.0000
vt 0.4008 0.9160 0.0000
vt 0.3910 0.8850 0.0000
vt 0.3943 0.8851 0.0000
vt 0.0178 0.6873 0.0000
vt 0.0005 0.6871 0.0000
vt 0.0006 0.6570 0.0000
vt 0.0178 0.6573 0.0000
vt 0.1012 0.6573 0.0000
vt 0.1191 0.6570 0.0000
vt 0.1192 0.6871 0.0000
vt 0.1008 0.6873 0.0000
vt 0.0133 0.6245 0.0000
vt 0.0006 0.7432 0.0000
vt 0.0006 0.7255 0.0000
vt 0.0178 0.7256 0.0000
vt 0.0178 0.7433 0.0000
vt 0.1006 0.7256 0.0000
vt 0.1189 0.7255 0.0000
vt 0.1188 0.7432 0.0000
vt 0.1005 0.7433 0.0000
vt 0.1837 0.9909 0.0000
vt 0.1484 0.9908 0.0000
vt 0.1487 0.9680 0.0000
vt 0.1841 0.9680 0.0000
vt 0.0789 0.9696 0.0000
vt 0.1121 0.9691 0.0000
vt 0.1119 0.9918 0.0000
vt 0.0788 0.9921 0.0000
vt 0.1087 0.6245 0.0000
vt 0.1837 0.9535 0.0000
vt 0.1840 0.9653 0.0000
vt 0.1486 0.9644 0.0000
vt 0.1484 0.9526 0.0000
vt 0.0788 0.9525 0.0000
vt 0.1119 0.9528 0.0000
vt 0.1121 0.9647 0.0000
vt 0.0789 0.9644 0.0000
vt 0.0178 0.7062 0.0000
vt 0.0006 0.7060 0.0000
vt 0.2909 0.9046 0.0000
vt 0.2901 0.9426 0.0000
vt 0.2562 0.9426 0.0000
vt 0.2554 0.9046 0.0000
vt 0.1191 0.7060 0.0000
vt 0.1008 0.7062 0.0000
vt 0.3590 0.9058 0.0000
vt 0.3603 0.9417 0.0000
vt 0.2981 0.9417 0.0000
vt 0.2994 0.9058 0.0000
vt 0.2393 0.9700 0.0000
vt 0.3429 0.9678 0.0000
vt 0.3424 0.9838 0.0000
vt 0.2382 0.9858 0.0000
vt 0.0194 0.9638 0.0000
vt 0.0194 0.9517 0.0000
vt 0.0178 0.7699 0.0000
vt 0.0006 0.7748 0.0000
vt 0.3424 0.9517 0.0000
vt 0.3428 0.9635 0.0000
vt 0.2392 0.9640 0.0000
vt 0.2382 0.9522 0.0000
vt 0.1015 0.7699 0.0000
vt 0.1188 0.7748 0.0000
vt 0.0194 0.9902 0.0000
vt 0.0195 0.9678 0.0000
vt 0.0104 0.9413 0.0000
vt 0.0070 0.9106 0.0000
vt 0.2305 0.9106 0.0000
vt 0.2280 0.9413 0.0000
vt 0.3128 0.7647 0.0000
vt 0.3128 0.6624 0.0000
vt 0.1440 0.5022 0.0000
vt 0.1196 0.5022 0.0000
vt 0.2387 0.7668 0.0000
vt 0.3332 0.7668 0.0000
vt 0.3576 0.7668 0.0000
vt 0.3576 0.7686 0.0000
vt 0.3332 0.7686 0.0000
vt 0.0001 0.5021 0.0000
vt 0.0001 0.5003 0.0000
vt 0.1190 0.5003 0.0000
vt 0.1190 0.5021 0.0000
vt 0.2632 0.7686 0.0000
vt 0.2387 0.7686 0.0000
vt 0.2140 0.5003 0.0000
vt 0.2385 0.5003 0.0000
vt 0.1196 0.5003 0.0000
vt 0.1440 0.5003 0.0000
vt 0.3127 0.7668 0.0000
vt 0.2202 0.8886 0.0000
vt 0.2202 0.7699 0.0000
vt 0.2387 0.8878 0.0000
vt 0.2387 0.7689 0.0000
vt 0.2632 0.7689 0.0000
vt 0.2632 0.8878 0.0000
vt 0.3576 0.8878 0.0000
vt 0.3332 0.8878 0.0000
vt 0.3332 0.7689 0.0000
vt 0.3576 0.7689 0.0000
vt 0.3127 0.8878 0.0000
vt 0.2836 0.8878 0.0000
vt 0.2836 0.7686 0.0000
vt 0.2220 0.8886 0.0000
vt 0.2220 0.7699 0.0000
vt 0.3127 0.7686 0.0000
# 198 texture coords

o HOUSE_BASE_001
g HOUSE_BASE_001
usemtl BARN_SCENE_BARN_TEXTURES
s off
f 313/1085/37 314/1086/37 315/1087/37 
f 315/1087/37 316/1088/37 313/1085/37 
f 317/1089/38 318/1090/38 319/1091/38 
f 319/1091/38 320/1092/38 317/1089/38 
f 321/1093/39 319/1094/39 318/1095/39 
f 318/1095/39 322/1096/39 321/1093/39 
f 315/1097/40 323/1098/40 324/1099/40 
f 324/1099/40 316/1100/40 315/1097/40 
f 325/1101/41 318/1090/41 317/1089/41 
f 317/1089/41 326/1102/41 325/1101/41 
f 327/1103/42 328/1104/42 324/1099/42 
f 324/1099/42 323/1098/42 327/1103/42 
f 314/1105/43 313/1106/43 329/1107/43 
f 329/1107/43 330/1108/43 314/1105/43 
f 331/1109/44 321/1110/44 322/1111/44 
f 322/1111/44 332/1112/44 331/1109/44 
f 333/1113/45 324/1099/45 328/1104/45 
f 328/1104/45 334/1114/45 333/1113/45 
f 329/1107/46 317/1089/46 320/1092/46 
f 320/1092/46 330/1108/46 329/1107/46 
f 335/1115/47 336/1116/47 331/1109/47 
f 331/1109/47 323/1098/47 335/1115/47 
f 337/1117/48 330/1108/48 320/1092/48 
f 320/1092/48 338/1118/48 337/1117/48 
f 339/1119/49 340/1120/49 341/1121/49 
f 341/1121/49 342/1122/49 339/1119/49 
f 338/1118/50 341/1121/50 340/1120/50 
f 340/1120/50 337/1117/50 338/1118/50 
f 335/1115/51 343/1123/51 344/1124/51 
f 344/1124/51 336/1116/51 335/1115/51 
f 345/1125/52 344/1124/52 343/1123/52 
f 343/1123/52 346/1126/52 345/1125/52 
f 347/1127/53 348/1128/53 349/1129/53 
f 349/1129/53 350/1130/53 347/1127/53 
f 348/1128/54 339/1119/54 342/1122/54 
f 342/1122/54 349/1129/54 348/1128/54 
f 351/1131/55 345/1125/55 346/1126/55 
f 346/1126/55 352/1132/55 351/1131/55 
f 352/1132/56 353/1133/56 354/1134/56 
f 354/1134/56 351/1131/56 352/1132/56 
f 355/1135/39 356/1136/39 357/1137/39 
f 357/1137/39 358/1138/39 355/1135/39 
f 359/1139/57 360/1140/57 361/1141/57 
f 361/1141/57 362/1142/57 359/1139/57 
f 363/1143/37 364/1144/37 360/1145/37 
f 360/1145/37 359/1146/37 363/1143/37 
f 365/1147/58 366/1148/58 358/1149/58 
f 358/1149/58 357/1150/58 365/1147/58 
f 356/1151/59 355/1152/59 367/1153/59 
f 367/1153/59 368/1154/59 356/1151/59 
f 363/1155/60 369/1156/60 370/1157/60 
f 370/1157/60 364/1158/60 363/1155/60 
f 361/1141/61 368/1154/61 367/1153/61 
f 367/1153/61 362/1142/61 361/1141/61 
f 371/1159/62 366/1160/62 369/1161/62 
f 369/1161/62 372/1162/62 371/1159/62 
f 373/1163/63 362/1142/63 367/1153/63 
f 367/1153/63 374/1164/63 373/1163/63 
f 375/1165/64 376/1166/64 377/1167/64 
f 377/1167/64 378/1168/64 375/1165/64 
f 378/1168/65 377/1167/65 373/1163/65 
f 373/1163/65 374/1164/65 378/1168/65 
f 379/1169/66 380/1170/66 371/1159/66 
f 371/1159/66 372/1162/66 379/1169/66 
f 381/1171/67 382/1172/67 380/1170/67 
f 380/1170/67 379/1169/67 381/1171/67 
f 383/1173/56 384/1174/56 385/1175/56 
f 385/1175/56 386/1176/56 383/1173/56 
f 375/1165/68 386/1176/68 385/1175/68 
f 385/1175/68 376/1166/68 375/1165/68 
f 382/1172/69 381/1171/69 387/1177/69 
f 387/1177/69 388/1178/69 382/1172/69 
f 389/1179/53 390/1180/53 388/1178/53 
f 388/1178/53 387/1177/53 389/1179/53 
f 373/1181/70 338/1182/70 320/1183/70 
f 320/1183/70 362/1184/70 373/1181/70 
f 369/1185/71 331/1186/71 336/1187/71 
f 336/1187/71 372/1188/71 369/1185/71 
f 359/1189/72 362/1184/72 320/1183/72 
f 320/1183/72 319/1094/72 359/1189/72 
f 349/1190/73 342/1191/73 376/1192/73 
f 376/1192/73 385/1193/73 349/1190/73 
f 381/1194/74 345/1195/74 351/1196/74 
f 351/1196/74 387/1197/74 381/1194/74 
f 371/1198/75 380/1199/75 343/1200/75 
f 343/1200/75 335/1201/75 371/1198/75 
f 352/1202/76 346/1203/76 382/1204/76 
f 382/1204/76 388/1205/76 352/1202/76 
f 363/1206/77 359/1189/77 319/1094/77 
f 319/1094/77 321/1093/77 363/1206/77 
f 374/1207/78 337/1208/78 340/1209/78 
f 340/1209/78 378/1210/78 374/1207/78 
f 331/1186/79 369/1185/79 363/1206/79 
f 363/1206/79 321/1093/79 331/1186/79 
f 386/1211/80 375/1212/80 339/1213/80 
f 339/1213/80 348/1214/80 386/1211/80 
f 373/1181/81 377/1215/81 341/1216/81 
f 341/1216/81 338/1182/81 373/1181/81 
f 353/1217/82 390/1218/82 389/1219/82 
f 389/1219/82 354/1220/82 353/1217/82 
f 372/1188/83 336/1187/83 344/1221/83 
f 344/1221/83 379/1222/83 372/1188/83 
f 383/1223/82 347/1224/82 350/1225/82 
f 350/1225/82 384/1226/82 383/1223/82 
f 323/1227/84 315/1228/84 358/1229/84 
f 358/1229/84 366/1230/84 323/1227/84 
f 386/1211/85 348/1214/85 347/1231/85 
f 347/1231/85 383/1232/85 386/1211/85 
f 384/1233/86 350/1234/86 349/1190/86 
f 349/1190/86 385/1193/86 384/1233/86 
f 355/1235/87 314/1236/87 330/1237/87 
f 330/1237/87 367/1238/87 355/1235/87 
f 378/1210/88 340/1209/88 339/1213/88 
f 339/1213/88 375/1212/88 378/1210/88 
f 389/1239/89 387/1197/89 351/1196/89 
f 351/1196/89 354/1240/89 389/1239/89 
f 377/1215/90 376/1192/90 342/1191/90 
f 342/1191/90 341/1216/90 377/1215/90 
f 371/1198/91 335/1201/91 323/1227/91 
f 323/1227/91 366/1230/91 371/1198/91 
f 390/1241/92 353/1242/92 352/1202/92 
f 352/1202/92 388/1205/92 390/1241/92 
f 344/1221/93 345/1195/93 381/1194/93 
f 381/1194/93 379/1222/93 344/1221/93 
f 358/1243/82 315/1244/82 314/1245/82 
f 314/1245/82 355/1246/82 358/1243/82 
f 367/1238/94 330/1237/94 337/1208/94 
f 337/1208/94 374/1207/94 367/1238/94 
f 343/1200/95 380/1199/95 382/1204/95 
f 382/1204/95 346/1203/95 343/1200/95 
f 332/1112/96 391/1247/96 392/1248/96 
f 392/1248/96 331/1109/96 332/1112/96 
f 327/1103/97 323/1098/97 331/1109/97 
f 331/1109/97 392/1248/97 327/1103/97 
f 393/1249/41 329/1107/41 313/1106/41 
f 313/1106/41 394/1250/41 393/1249/41 
f 324/1099/45 333/1113/45 395/1251/45 
f 395/1251/45 316/1100/45 324/1099/45 
f 396/1252/56 397/1253/56 398/1254/56 
f 398/1254/56 399/1255/56 396/1252/56 
f 325/1256/39 400/1257/39 398/1258/39 
f 398/1258/39 397/1259/39 325/1256/39 
f 333/1113/56 401/1260/56 402/1261/56 
f 402/1261/56 395/1251/56 333/1113/56 
f 403/1262/53 400/1263/53 325/1101/53 
f 325/1101/53 326/1102/53 403/1262/53 
f 393/1249/53 394/1250/53 404/1264/53 
f 404/1264/53 405/1265/53 393/1249/53 
f 326/1102/41 317/1089/41 329/1107/41 
f 329/1107/41 393/1249/41 326/1102/41 
f 391/1247/45 332/1112/45 396/1252/45 
f 396/1252/45 406/1266/45 391/1247/45 
f 397/1253/45 396/1252/45 332/1112/45 
f 332/1112/45 322/1111/45 397/1253/45 
f 394/1267/98 313/1085/98 316/1088/98 
f 316/1088/98 395/1268/98 394/1267/98 
f 325/1256/99 397/1259/99 322/1096/99 
f 322/1096/99 318/1095/99 325/1256/99 
f 398/1269/100 400/1270/100 403/1271/100 
f 403/1271/100 399/1272/100 398/1269/100 
f 402/1273/100 401/1274/100 405/1275/100 
f 405/1275/100 404/1276/100 402/1273/100 
f 405/1275/100 401/1274/100 407/1277/100 
f 407/1277/100 408/1278/100 403/1271/100 
f 403/1271/100 405/1275/100 407/1277/100 
f 399/1272/100 403/1271/100 408/1278/100 
f 401/1260/56 333/1113/56 334/1114/56 
f 334/1114/56 407/1279/56 401/1260/56 
f 404/1280/37 394/1267/37 395/1268/37 
f 395/1268/37 402/1281/37 404/1280/37 
f 399/1255/56 408/1282/56 406/1266/56 
f 406/1266/56 396/1252/56 399/1255/56 
f 326/1102/53 393/1249/53 405/1265/53 
f 405/1265/53 403/1262/53 326/1102/53 
f 407/1279/56 334/1114/56 406/1266/56 
f 406/1266/56 408/1282/56 407/1279/56 
# 176 faces

#
# object WINDOW_010
#

v  -2.5865 1.4987 -1.5930
v  -2.5865 1.5107 -2.2086
v  -2.5865 1.7169 -2.2046
v  -2.5865 1.7049 -1.5889
v  -2.5865 1.7174 -2.2314
v  -2.5865 1.7294 -2.8470
v  -2.6682 1.7294 -2.8470
v  -2.6682 1.7174 -2.2314
v  -2.5865 1.3112 -2.8552
v  -2.5865 1.5116 -2.8513
v  -2.5865 1.4996 -2.2356
v  -2.5865 1.2992 -2.2395
v  -2.7410 1.7169 -2.2046
v  -2.6593 1.7169 -2.2046
v  -2.6593 1.7174 -2.2314
v  -2.7410 1.7174 -2.2314
v  -2.5865 0.6568 -2.2253
v  -2.5865 0.6448 -1.6096
v  -2.6682 0.6448 -1.6096
v  -2.6682 0.6568 -2.2253
v  -2.6682 1.4996 -2.2356
v  -2.6682 1.5116 -2.8513
v  -2.6682 1.3112 -2.8552
v  -2.6682 1.2992 -2.2395
v  -2.6682 1.7169 -2.2046
v  -2.6682 1.7049 -1.5889
v  -2.6682 1.4987 -1.5930
v  -2.5865 0.6694 -2.8677
v  -2.5865 0.6573 -2.2521
v  -2.6682 0.6573 -2.2521
v  -2.6682 0.6694 -2.8677
v  -2.7018 0.8635 -2.2480
v  -2.7746 0.8635 -2.2480
v  -2.7746 0.8752 -2.2478
v  -2.7018 0.8752 -2.2478
v  -2.7410 0.6573 -2.2521
v  -2.7410 0.8635 -2.2480
v  -2.6682 0.8635 -2.2480
v  -2.5865 1.2987 -2.2128
v  -2.5865 1.4990 -2.2088
v  -2.5865 1.4870 -1.5932
v  -2.5865 1.2867 -1.5971
v  -2.6593 0.6568 -2.2253
v  -2.7410 0.6568 -2.2253
v  -2.6593 0.6573 -2.2521
v  -2.7410 1.2876 -2.2397
v  -2.7410 1.0872 -2.2437
v  -2.7410 1.0867 -2.2169
v  -2.7410 1.2870 -2.2130
v  -2.6593 1.0867 -2.2169
v  -2.6593 1.0872 -2.2437
v  -2.6593 1.2876 -2.2397
v  -2.6593 1.2870 -2.2130
v  -2.5865 1.5233 -2.8510
v  -2.5865 1.5112 -2.2354
v  -2.6682 1.5107 -2.2086
v  -2.7410 1.5107 -2.2086
v  -2.7410 1.0755 -2.2439
v  -2.7410 0.8752 -2.2478
v  -2.7410 0.8747 -2.2210
v  -2.7410 1.0750 -2.2171
v  -2.7410 0.8630 -2.2213
v  -2.7410 1.4996 -2.2356
v  -2.7410 1.2992 -2.2395
v  -2.7410 1.2987 -2.2128
v  -2.7410 1.4990 -2.2088
v  -2.7410 1.5112 -2.2354
v  -2.6593 0.8747 -2.2210
v  -2.6593 0.8752 -2.2478
v  -2.6593 1.0755 -2.2439
v  -2.6593 1.0750 -2.2171
v  -2.6593 0.8635 -2.2480
v  -2.6593 0.8630 -2.2213
v  -2.6593 1.2987 -2.2128
v  -2.6593 1.2992 -2.2395
v  -2.6593 1.4996 -2.2356
v  -2.6593 1.4990 -2.2088
v  -2.6593 1.5107 -2.2086
v  -2.6593 1.5112 -2.2354
v  -2.5865 1.2870 -2.2130
v  -2.5865 1.0867 -2.2169
v  -2.5865 1.0750 -2.2171
v  -2.5865 0.8747 -2.2210
v  -2.6682 1.5112 -2.2354
v  -2.6682 1.2876 -2.2397
v  -2.6682 1.0872 -2.2437
v  -2.6682 1.0755 -2.2439
v  -2.6682 0.8752 -2.2478
v  -2.5865 0.8630 -2.2213
v  -2.5865 0.8510 -1.6056
v  -2.5865 1.0630 -1.6015
v  -2.5865 0.8626 -1.6054
v  -2.5865 1.2750 -1.5973
v  -2.5865 1.0747 -1.6012
v  -2.5865 1.2876 -2.2397
v  -2.5865 1.0872 -2.2437
v  -2.5865 1.0755 -2.2439
v  -2.5865 0.8752 -2.2478
v  -2.5865 0.8635 -2.2480
v  -2.6682 1.4990 -2.2088
v  -2.6682 1.2987 -2.2128
v  -2.6682 1.2870 -2.2130
v  -2.6682 1.0867 -2.2169
v  -2.6682 1.0750 -2.2171
v  -2.6682 0.8747 -2.2210
v  -2.6682 0.8630 -2.2213
v  -2.6682 0.8626 -1.6054
v  -2.6682 1.0630 -1.6015
v  -2.6682 1.0747 -1.6012
v  -2.6682 1.2750 -1.5973
v  -2.6682 1.2867 -1.5971
v  -2.6682 1.4870 -1.5932
v  -2.6682 1.5233 -2.8510
v  -2.6682 0.8756 -2.8637
v  -2.5865 0.8756 -2.8637
v  -2.5865 0.8872 -2.8635
v  -2.6682 0.8872 -2.8635
v  -2.6682 1.0876 -2.8595
v  -2.5865 1.0876 -2.8595
v  -2.5865 1.0992 -2.8593
v  -2.6682 1.0992 -2.8593
v  -2.6682 1.2996 -2.8554
v  -2.5865 1.2996 -2.8554
v  -2.6682 0.8510 -1.6056
v  -2.6201 1.0867 -2.2169
v  -2.6929 1.0867 -2.2169
v  -2.6929 1.2992 -2.2395
v  -2.6201 1.2992 -2.2395
v  -2.7746 1.5112 -2.2354
v  -2.7746 1.5107 -2.2086
v  -2.6201 1.2876 -2.2397
v  -2.6929 1.2876 -2.2397
v  -2.7018 1.2867 -1.5971
v  -2.7018 1.2987 -2.2128
v  -2.7018 1.2876 -2.2397
v  -2.7018 1.2996 -2.8554
v  -2.6929 0.8630 -2.2213
v  -2.6201 0.8630 -2.2213
v  -2.7746 1.4996 -2.2356
v  -2.7746 1.4990 -2.2088
v  -2.7018 1.0630 -1.6015
v  -2.7018 1.0750 -2.2171
v  -2.7018 1.2992 -2.2395
v  -2.7018 1.3112 -2.8552
v  -2.6929 1.5112 -2.2354
v  -2.6201 1.5112 -2.2354
v  -2.6201 0.8747 -2.2210
v  -2.6929 0.8747 -2.2210
v  -2.6929 0.8752 -2.2478
v  -2.6201 1.4996 -2.2356
v  -2.6929 1.4996 -2.2356
v  -2.7018 1.0867 -2.2169
v  -2.7018 1.0747 -1.6012
v  -2.7018 1.0755 -2.2439
v  -2.7018 1.0876 -2.8595
v  -2.6929 0.8635 -2.2480
v  -2.7018 0.8510 -1.6056
v  -2.7018 0.8630 -2.2213
v  -2.7018 1.0992 -2.8593
v  -2.7018 1.0872 -2.2437
v  -2.7018 1.4996 -2.2356
v  -2.6201 1.4990 -2.2088
v  -2.6201 1.4870 -1.5932
v  -2.6929 1.0872 -2.2437
v  -2.6201 1.4987 -1.5930
v  -2.6201 1.5107 -2.2086
v  -2.7018 0.8747 -2.2210
v  -2.7018 0.8626 -1.6054
v  -2.7018 0.8756 -2.8637
v  -2.7018 1.5112 -2.2354
v  -2.6929 1.0755 -2.2439
v  -2.6929 1.0750 -2.2171
v  -2.7746 0.8747 -2.2210
v  -2.7018 0.8872 -2.8635
v  -2.7018 1.4870 -1.5932
v  -2.6201 1.2750 -1.5973
v  -2.6201 1.2870 -2.2130
v  -2.7746 0.8630 -2.2213
v  -2.7746 1.2876 -2.2397
v  -2.7018 1.4987 -1.5930
v  -2.6929 1.2987 -2.2128
v  -2.6201 1.2867 -1.5971
v  -2.6201 1.2987 -2.2128
v  -2.6201 1.5116 -2.8513
v  -2.7018 1.2750 -1.5973
v  -2.6929 1.2870 -2.2130
v  -2.7746 1.0867 -2.2169
v  -2.7746 1.2992 -2.2395
v  -2.6201 1.0630 -1.6015
v  -2.6201 1.0750 -2.2171
v  -2.7746 1.0750 -2.2171
v  -2.6201 1.5233 -2.8510
v  -2.6929 1.5107 -2.2086
v  -2.6201 1.0747 -1.6012
v  -2.7746 1.0755 -2.2439
v  -2.7746 1.0872 -2.2437
v  -2.6929 1.4990 -2.2088
v  -2.7746 1.2870 -2.2130
v  -2.7746 1.2987 -2.2128
v  -2.6201 0.8626 -1.6054
v  -2.6201 0.8510 -1.6056
v  -2.6201 1.0755 -2.2439
v  -2.6201 1.0872 -2.2437
v  -2.6201 0.8635 -2.2480
v  -2.6201 0.8752 -2.2478
v  -2.7018 1.4990 -2.2088
v  -2.7018 1.5107 -2.2086
v  -2.7018 1.2870 -2.2130
v  -2.6201 0.8872 -2.8635
v  -2.6201 0.8756 -2.8637
v  -2.6201 1.0876 -2.8595
v  -2.6201 1.0992 -2.8593
v  -2.6201 1.3112 -2.8552
v  -2.6201 1.2996 -2.8554
v  -2.7018 1.5233 -2.8510
v  -2.7018 1.5116 -2.8513
v  -2.6861 0.5984 -2.8339
v  -2.6861 0.7041 -2.8495
v  -2.6861 1.6885 -1.6812
v  -2.6861 1.6196 -1.6160
v  -2.6789 0.5839 -2.8385
v  -2.6789 1.6200 -1.6027
v  -2.5986 1.6200 -1.6027
v  -2.5986 0.5839 -2.8385
v  -2.6789 1.6873 -1.6954
v  -2.5986 1.6873 -1.6954
v  -2.5913 1.6885 -1.6812
v  -2.5913 1.6196 -1.6160
v  -2.6789 0.7194 -2.8441
v  -2.5986 0.7194 -2.8441
v  -2.5913 0.5984 -2.8339
v  -2.5913 0.7041 -2.8495
v  -2.6063 0.6006 -1.6489
v  -2.6063 0.7073 -1.6310
v  -2.6063 1.7846 -2.8115
v  -2.6063 1.7185 -2.8795
v  -2.6136 0.5855 -1.6445
v  -2.6136 1.7198 -2.8932
v  -2.6939 1.7198 -2.8932
v  -2.6939 0.5855 -1.6445
v  -2.6136 1.7825 -2.7969
v  -2.6939 1.7825 -2.7969
v  -2.7011 1.7846 -2.8115
v  -2.7011 1.7185 -2.8795
v  -2.6939 0.7232 -1.6363
v  -2.6136 0.7232 -1.6363
v  -2.7011 0.6006 -1.6489
v  -2.7011 0.7073 -1.6310
v  -2.7582 1.6721 -1.5179
v  -2.7582 1.7857 -1.5157
v  -2.7582 1.8127 -2.8984
v  -2.7582 1.6991 -2.9012
v  -2.7403 1.6619 -1.5181
v  -2.7403 1.6889 -2.9014
v  -2.5413 1.6889 -2.9014
v  -2.5413 1.6619 -1.5181
v  -2.7403 1.8229 -2.8982
v  -2.5413 1.8229 -2.8982
v  -2.5233 1.8127 -2.8984
v  -2.5233 1.6991 -2.9012
v  -2.5413 1.7959 -1.5155
v  -2.7403 1.7959 -1.5155
v  -2.5233 1.6721 -1.5179
v  -2.5233 1.7857 -1.5157
v  -2.7509 0.6700 -1.5375
v  -2.7509 0.6970 -2.9202
v  -2.7509 0.5835 -2.9230
v  -2.7509 0.5565 -1.5397
v  -2.7341 0.5462 -1.5399
v  -2.7341 0.5732 -2.9232
v  -2.5475 0.5732 -2.9232
v  -2.5475 0.5462 -1.5399
v  -2.7341 0.7073 -2.9200
v  -2.5475 0.7073 -2.9200
v  -2.5307 0.6970 -2.9202
v  -2.5307 0.5835 -2.9230
v  -2.5475 0.6803 -1.5373
v  -2.7341 0.6803 -1.5373
v  -2.5307 0.5565 -1.5397
v  -2.5307 0.6700 -1.5375
v  -2.7231 1.7557 -2.7684
v  -2.7231 1.7584 -2.8820
v  -2.7231 0.6425 -2.9038
v  -2.7231 0.6403 -2.7902
v  -2.7105 0.6427 -2.9140
v  -2.7105 1.7586 -2.8922
v  -2.5711 1.7586 -2.8922
v  -2.5711 0.6427 -2.9140
v  -2.7105 1.7555 -2.7582
v  -2.5711 1.7555 -2.7582
v  -2.5585 1.7557 -2.7684
v  -2.5585 1.7584 -2.8820
v  -2.5711 0.6401 -2.7800
v  -2.7105 0.6401 -2.7800
v  -2.5585 0.6403 -2.7902
v  -2.5585 0.6425 -2.9038
v  -2.7231 0.6163 -1.5615
v  -2.7231 1.7317 -1.5397
v  -2.7231 1.7344 -1.6532
v  -2.7231 0.6185 -1.6750
v  -2.7105 0.6187 -1.6853
v  -2.7105 1.7346 -1.6635
v  -2.5711 1.7346 -1.6635
v  -2.5711 0.6187 -1.6853
v  -2.7105 1.7315 -1.5294
v  -2.5711 1.7315 -1.5294
v  -2.5585 1.7317 -1.5397
v  -2.5585 1.7344 -1.6532
v  -2.5711 0.6161 -1.5512
v  -2.7105 0.6161 -1.5512
v  -2.5585 0.6185 -1.6750
v  -2.5585 0.6163 -1.5615
# 312 vertices

vn 1.0000 0.0000 -0.0000
vn 0.0000 0.9998 0.0195
vn 0.0000 -0.9998 -0.0195
vn -1.0000 0.0000 -0.0000
vn 0.0000 0.0195 -0.9998
vn 0.0000 -0.0195 0.9998
vn 0.0000 0.7663 -0.6425
vn 0.0000 -0.8023 -0.5969
vn 0.0000 -0.7647 0.6444
vn 0.7499 -0.5059 0.4263
vn -0.7499 -0.5059 0.4263
vn -0.7500 0.5069 -0.4250
vn 0.7500 0.5069 -0.4250
vn 0.0000 0.0480 0.9988
vn 0.0000 0.7402 0.6724
vn 0.0000 -0.8311 0.5561
vn 0.0000 -0.7386 -0.6742
vn -0.7499 -0.4887 -0.4460
vn 0.7499 -0.4887 -0.4460
vn 0.7500 0.4896 0.4447
vn -0.7500 0.4896 0.4447
vn 0.0000 0.0658 -0.9978
vn 0.0000 0.0243 -0.9997
vn -0.4958 0.8683 0.0170
vn 0.4958 0.8683 0.0170
vn 0.4958 -0.8683 -0.0170
vn -0.4958 -0.8683 -0.0170
vn -0.5200 0.8540 0.0167
vn 0.5200 0.8540 0.0167
vn 0.5200 -0.8540 -0.0167
vn -0.5200 -0.8540 -0.0167
vn 0.0000 0.9997 0.0234
vn -0.6315 -0.0151 0.7752
vn 0.6315 -0.0152 0.7752
vn 0.6315 0.0151 -0.7752
vn -0.6315 0.0151 -0.7752
# 36 vertex normals

vt 0.9540 0.0755 0.0000
vt 0.9540 0.0659 0.0000
vt 0.9502 0.0659 0.0000
vt 0.9502 0.0755 0.0000
vt 0.9176 0.2384 0.0000
vt 0.9080 0.2384 0.0000
vt 0.9080 0.2581 0.0000
vt 0.9176 0.2581 0.0000
vt 0.9820 0.4416 0.0000
vt 0.9857 0.4416 0.0000
vt 0.9857 0.4320 0.0000
vt 0.9820 0.4320 0.0000
vt 0.5469 0.1675 0.0000
vt 0.5469 0.1479 0.0000
vt 0.5465 0.1479 0.0000
vt 0.5465 0.1675 0.0000
vt 0.9176 0.2167 0.0000
vt 0.9080 0.2167 0.0000
vt 0.9080 0.2364 0.0000
vt 0.9176 0.2364 0.0000
vt 0.9389 0.4747 0.0000
vt 0.9389 0.4844 0.0000
vt 0.9426 0.4844 0.0000
vt 0.9426 0.4747 0.0000
vt 0.9176 0.1950 0.0000
vt 0.9080 0.1950 0.0000
vt 0.9080 0.2147 0.0000
vt 0.9176 0.2147 0.0000
vt 0.5661 0.4080 0.0000
vt 0.5661 0.4277 0.0000
vt 0.5699 0.4277 0.0000
vt 0.5699 0.4080 0.0000
vt 0.7194 0.4226 0.0000
vt 0.7232 0.4226 0.0000
vt 0.7232 0.4029 0.0000
vt 0.7194 0.4029 0.0000
vt 0.9176 0.1663 0.0000
vt 0.9080 0.1663 0.0000
vt 0.9080 0.1860 0.0000
vt 0.9176 0.1860 0.0000
vt 0.5401 0.4758 0.0000
vt 0.5401 0.4933 0.0000
vt 0.5403 0.4933 0.0000
vt 0.5403 0.4758 0.0000
vt 0.9514 0.0381 0.0000
vt 0.9552 0.0381 0.0000
vt 0.9552 0.0205 0.0000
vt 0.9514 0.0205 0.0000
vt 0.9111 0.0368 0.0000
vt 0.9125 0.0372 0.0000
vt 0.9125 0.0383 0.0000
vt 0.9110 0.0388 0.0000
vt 0.9095 0.3948 0.0000
vt 0.9095 0.3921 0.0000
vt 0.9108 0.3921 0.0000
vt 0.9108 0.3947 0.0000
vt 0.9856 0.3486 0.0000
vt 0.9819 0.3486 0.0000
vt 0.9819 0.3583 0.0000
vt 0.9856 0.3583 0.0000
vt 0.7549 0.1736 0.0000
vt 0.7549 0.1933 0.0000
vt 0.7553 0.1933 0.0000
vt 0.7553 0.1736 0.0000
vt 0.8443 0.1149 0.0000
vt 0.8443 0.1111 0.0000
vt 0.8439 0.1111 0.0000
vt 0.8439 0.1149 0.0000
vt 0.8419 0.1111 0.0000
vt 0.8415 0.1111 0.0000
vt 0.8415 0.1149 0.0000
vt 0.8419 0.1149 0.0000
vt 0.9833 0.1013 0.0000
vt 0.9795 0.1013 0.0000
vt 0.9795 0.1109 0.0000
vt 0.9833 0.1109 0.0000
vt 0.9621 0.1759 0.0000
vt 0.9582 0.1759 0.0000
vt 0.9582 0.1934 0.0000
vt 0.9621 0.1934 0.0000
vt 0.9018 0.3822 0.0000
vt 0.9018 0.3795 0.0000
vt 0.9031 0.3795 0.0000
vt 0.9031 0.3821 0.0000
vt 0.8991 0.0383 0.0000
vt 0.8990 0.0375 0.0000
vt 0.9001 0.0374 0.0000
vt 0.9000 0.0384 0.0000
vt 0.8684 0.1149 0.0000
vt 0.8684 0.1111 0.0000
vt 0.8680 0.1111 0.0000
vt 0.8680 0.1149 0.0000
vt 0.8178 0.1150 0.0000
vt 0.8178 0.1111 0.0000
vt 0.8174 0.1111 0.0000
vt 0.8174 0.1150 0.0000
vt 0.8983 0.0685 0.0000
vt 0.8983 0.0648 0.0000
vt 0.8978 0.0648 0.0000
vt 0.8978 0.0685 0.0000
vt 0.8154 0.1150 0.0000
vt 0.8154 0.1111 0.0000
vt 0.8150 0.1111 0.0000
vt 0.8150 0.1150 0.0000
vt 0.6819 0.3492 0.0000
vt 0.6815 0.3492 0.0000
vt 0.6815 0.3529 0.0000
vt 0.6819 0.3529 0.0000
vt 0.8125 0.1150 0.0000
vt 0.8130 0.1150 0.0000
vt 0.8130 0.1111 0.0000
vt 0.8125 0.1111 0.0000
vt 0.8804 0.1111 0.0000
vt 0.8800 0.1111 0.0000
vt 0.8800 0.1149 0.0000
vt 0.8804 0.1149 0.0000
vt 0.5062 0.2679 0.0000
vt 0.5058 0.2679 0.0000
vt 0.5058 0.2717 0.0000
vt 0.5062 0.2717 0.0000
vt 0.9001 0.3540 0.0000
vt 0.9001 0.3365 0.0000
vt 0.8962 0.3365 0.0000
vt 0.8962 0.3540 0.0000
vt 0.9698 0.0427 0.0000
vt 0.9661 0.0427 0.0000
vt 0.9661 0.0602 0.0000
vt 0.9698 0.0602 0.0000
vt 0.7595 0.4672 0.0000
vt 0.7633 0.4672 0.0000
vt 0.7633 0.4497 0.0000
vt 0.7595 0.4497 0.0000
vt 0.6962 0.4671 0.0000
vt 0.6999 0.4671 0.0000
vt 0.6999 0.4495 0.0000
vt 0.6962 0.4495 0.0000
vt 0.9579 0.2572 0.0000
vt 0.9579 0.2397 0.0000
vt 0.9541 0.2397 0.0000
vt 0.9541 0.2572 0.0000
vt 0.7497 0.4670 0.0000
vt 0.7534 0.4670 0.0000
vt 0.7534 0.4495 0.0000
vt 0.7497 0.4495 0.0000
vt 0.9633 0.3936 0.0000
vt 0.9671 0.3936 0.0000
vt 0.9671 0.3760 0.0000
vt 0.9633 0.3760 0.0000
vt 0.5815 0.4512 0.0000
vt 0.5778 0.4512 0.0000
vt 0.5778 0.4688 0.0000
vt 0.5815 0.4688 0.0000
vt 0.9579 0.2787 0.0000
vt 0.9541 0.2787 0.0000
vt 0.9541 0.2963 0.0000
vt 0.9579 0.2963 0.0000
vt 0.5343 0.4717 0.0000
vt 0.5343 0.4813 0.0000
vt 0.5381 0.4813 0.0000
vt 0.5381 0.4717 0.0000
vt 0.7905 0.4751 0.0000
vt 0.7868 0.4751 0.0000
vt 0.7868 0.4847 0.0000
vt 0.7905 0.4847 0.0000
vt 0.9848 0.0752 0.0000
vt 0.9811 0.0752 0.0000
vt 0.9811 0.0849 0.0000
vt 0.9848 0.0849 0.0000
vt 0.5322 0.4714 0.0000
vt 0.5322 0.4539 0.0000
vt 0.5285 0.4539 0.0000
vt 0.5285 0.4714 0.0000
vt 0.9715 0.0940 0.0000
vt 0.9715 0.0764 0.0000
vt 0.9678 0.0764 0.0000
vt 0.9678 0.0940 0.0000
vt 0.9728 0.3741 0.0000
vt 0.9728 0.3565 0.0000
vt 0.9691 0.3565 0.0000
vt 0.9691 0.3741 0.0000
vt 0.9668 0.0185 0.0000
vt 0.9668 0.0010 0.0000
vt 0.9630 0.0010 0.0000
vt 0.9630 0.0185 0.0000
vt 0.9540 0.4727 0.0000
vt 0.9540 0.4552 0.0000
vt 0.9503 0.4552 0.0000
vt 0.9503 0.4727 0.0000
vt 0.9483 0.4727 0.0000
vt 0.9483 0.4552 0.0000
vt 0.9446 0.4552 0.0000
vt 0.9446 0.4727 0.0000
vt 0.7791 0.4731 0.0000
vt 0.7791 0.4555 0.0000
vt 0.7753 0.4555 0.0000
vt 0.7753 0.4731 0.0000
vt 0.9610 0.0010 0.0000
vt 0.9572 0.0010 0.0000
vt 0.9572 0.0185 0.0000
vt 0.9610 0.0185 0.0000
vt 0.6826 0.4291 0.0000
vt 0.6826 0.4095 0.0000
vt 0.6789 0.4095 0.0000
vt 0.6789 0.4291 0.0000
vt 0.5322 0.4286 0.0000
vt 0.5322 0.4089 0.0000
vt 0.5285 0.4089 0.0000
vt 0.5285 0.4286 0.0000
vt 0.6265 0.4323 0.0000
vt 0.6265 0.4127 0.0000
vt 0.6228 0.4127 0.0000
vt 0.6228 0.4323 0.0000
vt 0.6645 0.4688 0.0000
vt 0.6645 0.4784 0.0000
vt 0.6683 0.4784 0.0000
vt 0.6683 0.4688 0.0000
vt 0.6499 0.4733 0.0000
vt 0.6499 0.4637 0.0000
vt 0.6461 0.4637 0.0000
vt 0.6461 0.4733 0.0000
vt 0.5888 0.4010 0.0000
vt 0.5888 0.4207 0.0000
vt 0.5927 0.4207 0.0000
vt 0.5927 0.4010 0.0000
vt 0.7534 0.4242 0.0000
vt 0.7534 0.4045 0.0000
vt 0.7497 0.4045 0.0000
vt 0.7497 0.4242 0.0000
vt 0.9000 0.4243 0.0000
vt 0.9000 0.4047 0.0000
vt 0.8963 0.4047 0.0000
vt 0.8963 0.4243 0.0000
vt 0.9599 0.2982 0.0000
vt 0.9599 0.3158 0.0000
vt 0.9637 0.3158 0.0000
vt 0.9637 0.2982 0.0000
vt 0.7479 0.4690 0.0000
vt 0.7441 0.4690 0.0000
vt 0.7441 0.4786 0.0000
vt 0.7479 0.4786 0.0000
vt 0.8632 0.4805 0.0000
vt 0.8632 0.4901 0.0000
vt 0.8669 0.4901 0.0000
vt 0.8669 0.4805 0.0000
vt 0.9206 0.4758 0.0000
vt 0.9206 0.4854 0.0000
vt 0.9243 0.4854 0.0000
vt 0.9243 0.4758 0.0000
vt 0.6963 0.4787 0.0000
vt 0.7002 0.4787 0.0000
vt 0.7002 0.4691 0.0000
vt 0.6963 0.4691 0.0000
vt 0.7753 0.4847 0.0000
vt 0.7791 0.4847 0.0000
vt 0.7791 0.4751 0.0000
vt 0.7753 0.4751 0.0000
vt 0.7696 0.4847 0.0000
vt 0.7734 0.4847 0.0000
vt 0.7734 0.4751 0.0000
vt 0.7696 0.4751 0.0000
vt 0.5985 0.4207 0.0000
vt 0.5985 0.4010 0.0000
vt 0.5947 0.4010 0.0000
vt 0.5947 0.4207 0.0000
vt 0.7022 0.4691 0.0000
vt 0.7022 0.4787 0.0000
vt 0.7060 0.4787 0.0000
vt 0.7060 0.4691 0.0000
vt 0.9856 0.3370 0.0000
vt 0.9819 0.3370 0.0000
vt 0.9819 0.3466 0.0000
vt 0.9856 0.3466 0.0000
vt 0.9540 0.4844 0.0000
vt 0.9540 0.4747 0.0000
vt 0.9503 0.4747 0.0000
vt 0.9503 0.4844 0.0000
vt 0.9483 0.4844 0.0000
vt 0.9483 0.4747 0.0000
vt 0.9446 0.4747 0.0000
vt 0.9446 0.4844 0.0000
vt 0.8772 0.2557 0.0000
vt 0.8771 0.2535 0.0000
vt 0.8786 0.2535 0.0000
vt 0.8786 0.2557 0.0000
vt 0.8751 0.0375 0.0000
vt 0.8766 0.0373 0.0000
vt 0.8764 0.0380 0.0000
vt 0.8753 0.0386 0.0000
vt 0.7561 0.4902 0.0000
vt 0.7557 0.4902 0.0000
vt 0.7557 0.4983 0.0000
vt 0.7561 0.4983 0.0000
vt 0.8752 0.2557 0.0000
vt 0.8751 0.2535 0.0000
vt 0.8766 0.2535 0.0000
vt 0.8766 0.2557 0.0000
vt 0.9274 0.4532 0.0000
vt 0.9355 0.4532 0.0000
vt 0.9355 0.4436 0.0000
vt 0.9274 0.4436 0.0000
vt 0.7216 0.4575 0.0000
vt 0.7216 0.4479 0.0000
vt 0.7135 0.4479 0.0000
vt 0.7135 0.4575 0.0000
vt 0.8715 0.1691 0.0000
vt 0.8729 0.1690 0.0000
vt 0.8729 0.1706 0.0000
vt 0.8715 0.1705 0.0000
vt 0.8753 0.4987 0.0000
vt 0.8753 0.4906 0.0000
vt 0.8749 0.4906 0.0000
vt 0.8749 0.4987 0.0000
vt 0.9568 0.1446 0.0000
vt 0.9487 0.1446 0.0000
vt 0.9487 0.1542 0.0000
vt 0.9568 0.1542 0.0000
vt 0.5888 0.4556 0.0000
vt 0.5969 0.4556 0.0000
vt 0.5969 0.4460 0.0000
vt 0.5888 0.4460 0.0000
vt 0.8713 0.0783 0.0000
vt 0.8727 0.0783 0.0000
vt 0.8728 0.0803 0.0000
vt 0.8712 0.0804 0.0000
vt 0.8850 0.0412 0.0000
vt 0.8849 0.0399 0.0000
vt 0.8859 0.0399 0.0000
vt 0.8857 0.0409 0.0000
vt 0.7109 0.4988 0.0000
vt 0.7109 0.4907 0.0000
vt 0.7103 0.4907 0.0000
vt 0.7103 0.4988 0.0000
vt 0.8852 0.0644 0.0000
vt 0.8868 0.0645 0.0000
vt 0.8866 0.0667 0.0000
vt 0.8852 0.0668 0.0000
vt 0.9461 0.0843 0.0000
vt 0.9461 0.0940 0.0000
vt 0.9542 0.0940 0.0000
vt 0.9542 0.0843 0.0000
vt 0.7878 0.4439 0.0000
vt 0.7797 0.4439 0.0000
vt 0.7797 0.4535 0.0000
vt 0.7878 0.4535 0.0000
vt 0.9987 0.1208 0.0000
vt 0.9983 0.1208 0.0000
vt 0.9983 0.1289 0.0000
vt 0.9987 0.1289 0.0000
vt 0.9456 0.4436 0.0000
vt 0.9375 0.4436 0.0000
vt 0.9375 0.4532 0.0000
vt 0.9456 0.4532 0.0000
vt 0.9416 0.3486 0.0000
vt 0.9416 0.3583 0.0000
vt 0.9497 0.3583 0.0000
vt 0.9497 0.3486 0.0000
vt 0.8886 0.0838 0.0000
vt 0.8871 0.0838 0.0000
vt 0.8871 0.0811 0.0000
vt 0.8887 0.0811 0.0000
vt 0.9420 0.2397 0.0000
vt 0.9339 0.2397 0.0000
vt 0.9339 0.2493 0.0000
vt 0.9420 0.2493 0.0000
vt 0.5170 0.4967 0.0000
vt 0.5170 0.4886 0.0000
vt 0.5166 0.4886 0.0000
vt 0.5166 0.4967 0.0000
vt 0.9323 0.2261 0.0000
vt 0.9323 0.2357 0.0000
vt 0.9404 0.2357 0.0000
vt 0.9404 0.2261 0.0000
vt 0.9323 0.2145 0.0000
vt 0.9323 0.2241 0.0000
vt 0.9404 0.2241 0.0000
vt 0.9404 0.2145 0.0000
vt 0.9323 0.1680 0.0000
vt 0.9323 0.1776 0.0000
vt 0.9404 0.1776 0.0000
vt 0.9404 0.1680 0.0000
vt 0.8942 0.2508 0.0000
vt 0.8942 0.2497 0.0000
vt 0.8955 0.2498 0.0000
vt 0.8956 0.2509 0.0000
vt 0.9950 0.4594 0.0000
vt 0.9945 0.4594 0.0000
vt 0.9945 0.4675 0.0000
vt 0.9950 0.4675 0.0000
vt 0.9061 0.0229 0.0000
vt 0.9059 0.0240 0.0000
vt 0.9053 0.0241 0.0000
vt 0.9051 0.0229 0.0000
vt 0.9404 0.1563 0.0000
vt 0.9323 0.1563 0.0000
vt 0.9323 0.1660 0.0000
vt 0.9404 0.1660 0.0000
vt 0.9086 0.1904 0.0000
vt 0.9070 0.1904 0.0000
vt 0.9070 0.1891 0.0000
vt 0.9086 0.1891 0.0000
vt 0.5228 0.4402 0.0000
vt 0.5309 0.4402 0.0000
vt 0.5309 0.4306 0.0000
vt 0.5228 0.4306 0.0000
vt 0.9139 0.0317 0.0000
vt 0.9140 0.0327 0.0000
vt 0.9127 0.0330 0.0000
vt 0.9128 0.0318 0.0000
vt 0.9130 0.1904 0.0000
vt 0.9130 0.1891 0.0000
vt 0.9146 0.1891 0.0000
vt 0.9146 0.1904 0.0000
vt 0.9179 0.1004 0.0000
vt 0.9164 0.1005 0.0000
vt 0.9164 0.0967 0.0000
vt 0.9177 0.0966 0.0000
vt 0.9823 0.3851 0.0000
vt 0.9818 0.3851 0.0000
vt 0.9818 0.3932 0.0000
vt 0.9823 0.3932 0.0000
vt 0.9131 0.4269 0.0000
vt 0.9131 0.4173 0.0000
vt 0.9050 0.4173 0.0000
vt 0.9050 0.4269 0.0000
vt 0.6192 0.4272 0.0000
vt 0.6111 0.4272 0.0000
vt 0.6111 0.4369 0.0000
vt 0.6192 0.4369 0.0000
vt 0.8862 0.1121 0.0000
vt 0.8914 0.1042 0.0000
vt 0.8922 0.0906 0.0000
vt 0.8862 0.0924 0.0000
vt 0.7872 0.4948 0.0000
vt 0.7872 0.4867 0.0000
vt 0.7868 0.4867 0.0000
vt 0.7868 0.4948 0.0000
vt 0.9216 0.2143 0.0000
vt 0.9216 0.2127 0.0000
vt 0.9233 0.2128 0.0000
vt 0.9233 0.2143 0.0000
vt 0.9186 0.1930 0.0000
vt 0.9186 0.1943 0.0000
vt 0.9170 0.1943 0.0000
vt 0.9170 0.1930 0.0000
vt 0.9186 0.1924 0.0000
vt 0.9170 0.1924 0.0000
vt 0.9170 0.1910 0.0000
vt 0.9186 0.1910 0.0000
vt 0.8825 0.0355 0.0000
vt 0.8906 0.0355 0.0000
vt 0.8906 0.0258 0.0000
vt 0.8825 0.0258 0.0000
vt 0.9150 0.1910 0.0000
vt 0.9166 0.1910 0.0000
vt 0.9166 0.1924 0.0000
vt 0.9150 0.1924 0.0000
vt 0.9161 0.3347 0.0000
vt 0.9161 0.3251 0.0000
vt 0.9080 0.3251 0.0000
vt 0.9080 0.3347 0.0000
vt 0.9146 0.1943 0.0000
vt 0.9130 0.1943 0.0000
vt 0.9130 0.1930 0.0000
vt 0.9146 0.1930 0.0000
vt 0.9847 0.3851 0.0000
vt 0.9842 0.3851 0.0000
vt 0.9842 0.3932 0.0000
vt 0.9847 0.3932 0.0000
vt 0.9367 0.1542 0.0000
vt 0.9367 0.1446 0.0000
vt 0.9286 0.1446 0.0000
vt 0.9286 0.1542 0.0000
vt 0.8107 0.4215 0.0000
vt 0.8145 0.4215 0.0000
vt 0.8145 0.4018 0.0000
vt 0.8107 0.4018 0.0000
vt 0.9167 0.4717 0.0000
vt 0.9167 0.4892 0.0000
vt 0.9169 0.4892 0.0000
vt 0.9169 0.4717 0.0000
vt 0.5719 0.4724 0.0000
vt 0.5719 0.4900 0.0000
vt 0.5722 0.4900 0.0000
vt 0.5722 0.4724 0.0000
vt 0.9920 0.3618 0.0000
vt 0.9920 0.3794 0.0000
vt 0.9922 0.3794 0.0000
vt 0.9922 0.3618 0.0000
vt 0.9964 0.3370 0.0000
vt 0.9964 0.3545 0.0000
vt 0.9966 0.3545 0.0000
vt 0.9966 0.3370 0.0000
vt 0.9905 0.0231 0.0000
vt 0.9905 0.0407 0.0000
vt 0.9907 0.0407 0.0000
vt 0.9907 0.0231 0.0000
vt 0.5426 0.4265 0.0000
vt 0.5428 0.4265 0.0000
vt 0.5428 0.4089 0.0000
vt 0.5426 0.4089 0.0000
vt 0.9966 0.2572 0.0000
vt 0.9968 0.2572 0.0000
vt 0.9968 0.2397 0.0000
vt 0.9966 0.2397 0.0000
vt 0.8618 0.2550 0.0000
vt 0.8631 0.2550 0.0000
vt 0.8631 0.2524 0.0000
vt 0.8618 0.2524 0.0000
vt 0.8629 0.0826 0.0000
vt 0.8629 0.0809 0.0000
vt 0.8620 0.0809 0.0000
vt 0.8620 0.0826 0.0000
vt 0.8629 0.0802 0.0000
vt 0.8629 0.0785 0.0000
vt 0.8620 0.0785 0.0000
vt 0.8620 0.0802 0.0000
vt 0.6822 0.3563 0.0000
vt 0.6822 0.3540 0.0000
vt 0.6810 0.3540 0.0000
vt 0.6810 0.3563 0.0000
vt 0.6786 0.3540 0.0000
vt 0.6786 0.3563 0.0000
vt 0.6798 0.3563 0.0000
vt 0.6798 0.3540 0.0000
vt 0.6760 0.3252 0.0000
vt 0.6760 0.3282 0.0000
vt 0.6775 0.3282 0.0000
vt 0.6775 0.3252 0.0000
vt 0.5965 0.3366 0.0000
vt 0.5990 0.3366 0.0000
vt 0.5990 0.3317 0.0000
vt 0.5965 0.3317 0.0000
vt 0.5904 0.3317 0.0000
vt 0.5904 0.3366 0.0000
vt 0.5929 0.3366 0.0000
vt 0.5929 0.3317 0.0000
vt 0.7235 0.4771 0.0000
vt 0.7238 0.4771 0.0000
vt 0.7238 0.4675 0.0000
vt 0.7235 0.4675 0.0000
vt 0.7154 0.4918 0.0000
vt 0.7163 0.4918 0.0000
vt 0.7163 0.4822 0.0000
vt 0.7154 0.4822 0.0000
vt 0.9830 0.4816 0.0000
vt 0.9830 0.4913 0.0000
vt 0.9832 0.4913 0.0000
vt 0.9832 0.4816 0.0000
vt 0.9788 0.4816 0.0000
vt 0.9786 0.4816 0.0000
vt 0.9786 0.4913 0.0000
vt 0.9788 0.4913 0.0000
vt 0.9979 0.1739 0.0000
vt 0.9981 0.1739 0.0000
vt 0.9981 0.1563 0.0000
vt 0.9979 0.1563 0.0000
vt 0.9932 0.1013 0.0000
vt 0.9932 0.1188 0.0000
vt 0.9935 0.1188 0.0000
vt 0.9935 0.1013 0.0000
vt 0.9937 0.1759 0.0000
vt 0.9934 0.1759 0.0000
vt 0.9934 0.1934 0.0000
vt 0.9937 0.1934 0.0000
vt 0.9979 0.2129 0.0000
vt 0.9981 0.2129 0.0000
vt 0.9981 0.1954 0.0000
vt 0.9979 0.1954 0.0000
vt 0.9939 0.0185 0.0000
vt 0.9942 0.0185 0.0000
vt 0.9942 0.0010 0.0000
vt 0.9939 0.0010 0.0000
vt 0.9944 0.3618 0.0000
vt 0.9942 0.3618 0.0000
vt 0.9942 0.3794 0.0000
vt 0.9944 0.3794 0.0000
vt 0.9943 0.4399 0.0000
vt 0.9943 0.4574 0.0000
vt 0.9946 0.4574 0.0000
vt 0.9946 0.4399 0.0000
vt 0.9944 0.2963 0.0000
vt 0.9946 0.2963 0.0000
vt 0.9946 0.2787 0.0000
vt 0.9944 0.2787 0.0000
vt 0.9095 0.4929 0.0000
vt 0.9097 0.4929 0.0000
vt 0.9097 0.4833 0.0000
vt 0.9095 0.4833 0.0000
vt 0.8181 0.4907 0.0000
vt 0.8183 0.4907 0.0000
vt 0.8183 0.4811 0.0000
vt 0.8181 0.4811 0.0000
vt 0.8524 0.4910 0.0000
vt 0.8524 0.4813 0.0000
vt 0.8521 0.4813 0.0000
vt 0.8521 0.4910 0.0000
vt 0.6013 0.4913 0.0000
vt 0.6013 0.4816 0.0000
vt 0.6011 0.4816 0.0000
vt 0.6011 0.4913 0.0000
vt 0.8480 0.4814 0.0000
vt 0.8480 0.4911 0.0000
vt 0.8483 0.4911 0.0000
vt 0.8483 0.4814 0.0000
vt 0.9623 0.4821 0.0000
vt 0.9621 0.4821 0.0000
vt 0.9621 0.4917 0.0000
vt 0.9623 0.4917 0.0000
vt 0.9643 0.4821 0.0000
vt 0.9643 0.4917 0.0000
vt 0.9645 0.4917 0.0000
vt 0.9645 0.4821 0.0000
vt 0.9665 0.4821 0.0000
vt 0.9665 0.4917 0.0000
vt 0.9667 0.4917 0.0000
vt 0.9667 0.4821 0.0000
vt 0.5176 0.2756 0.0000
vt 0.5176 0.2660 0.0000
vt 0.5174 0.2660 0.0000
vt 0.5174 0.2756 0.0000
vt 0.6769 0.3245 0.0000
vt 0.6769 0.3149 0.0000
vt 0.6767 0.3149 0.0000
vt 0.6767 0.3245 0.0000
vt 0.9241 0.3326 0.0000
vt 0.9243 0.3326 0.0000
vt 0.9243 0.3230 0.0000
vt 0.9241 0.3230 0.0000
vt 0.5939 0.2867 0.0000
vt 0.5941 0.2867 0.0000
vt 0.5941 0.2771 0.0000
vt 0.5939 0.2771 0.0000
vt 0.9903 0.3142 0.0000
vt 0.9903 0.3339 0.0000
vt 0.9905 0.3339 0.0000
vt 0.9905 0.3142 0.0000
vt 0.9878 0.3618 0.0000
vt 0.9875 0.3618 0.0000
vt 0.9875 0.3815 0.0000
vt 0.9878 0.3815 0.0000
vt 0.9868 0.1563 0.0000
vt 0.9868 0.1760 0.0000
vt 0.9870 0.1760 0.0000
vt 0.9870 0.1563 0.0000
vt 0.9899 0.4420 0.0000
vt 0.9899 0.4617 0.0000
vt 0.9901 0.4617 0.0000
vt 0.9901 0.4420 0.0000
vt 0.9022 0.4243 0.0000
vt 0.9022 0.4047 0.0000
vt 0.9020 0.4047 0.0000
vt 0.9020 0.4243 0.0000
vt 0.9883 0.3339 0.0000
vt 0.9883 0.3142 0.0000
vt 0.9881 0.3142 0.0000
vt 0.9881 0.3339 0.0000
vt 0.8749 0.4886 0.0000
vt 0.8751 0.4886 0.0000
vt 0.8751 0.4689 0.0000
vt 0.8749 0.4689 0.0000
vt 0.6765 0.3954 0.0000
vt 0.6767 0.3954 0.0000
vt 0.6767 0.3757 0.0000
vt 0.6765 0.3757 0.0000
vt 0.8235 0.4564 0.0000
vt 0.8316 0.4564 0.0000
vt 0.8316 0.4467 0.0000
vt 0.8235 0.4467 0.0000
vt 0.8958 0.1040 0.0000
vt 0.8958 0.1121 0.0000
vt 0.9927 0.4976 0.0000
vt 0.9927 0.4895 0.0000
vt 0.9923 0.4895 0.0000
vt 0.9923 0.4976 0.0000
vt 0.7564 0.4475 0.0000
vt 0.7564 0.4378 0.0000
vt 0.7483 0.4378 0.0000
vt 0.7483 0.4475 0.0000
vt 0.6629 0.4473 0.0000
vt 0.6710 0.4473 0.0000
vt 0.6710 0.4377 0.0000
vt 0.6629 0.4377 0.0000
vt 0.8872 0.0804 0.0000
vt 0.8872 0.0783 0.0000
vt 0.8886 0.0783 0.0000
vt 0.8887 0.0803 0.0000
vt 0.9988 0.0111 0.0000
vt 0.9984 0.0111 0.0000
vt 0.9984 0.0192 0.0000
vt 0.9988 0.0192 0.0000
vt 0.8869 0.0399 0.0000
vt 0.8876 0.0399 0.0000
vt 0.8874 0.0407 0.0000
vt 0.8868 0.0409 0.0000
vt 0.8868 0.1168 0.0000
vt 0.8868 0.1149 0.0000
vt 0.8883 0.1148 0.0000
vt 0.8884 0.1168 0.0000
vt 0.8858 0.3536 0.0000
vt 0.8875 0.3536 0.0000
vt 0.8875 0.3553 0.0000
vt 0.8858 0.3553 0.0000
vt 0.8847 0.0226 0.0000
vt 0.8865 0.0227 0.0000
vt 0.8860 0.0242 0.0000
vt 0.8851 0.0242 0.0000
vt 0.7933 0.4448 0.0000
vt 0.8014 0.4448 0.0000
vt 0.8014 0.4351 0.0000
vt 0.7933 0.4351 0.0000
vt 0.9986 0.3618 0.0000
vt 0.9986 0.3699 0.0000
vt 0.9990 0.3699 0.0000
vt 0.9990 0.3618 0.0000
vt 0.8864 0.0374 0.0000
vt 0.8861 0.0381 0.0000
vt 0.8852 0.0383 0.0000
vt 0.8851 0.0375 0.0000
vt 0.6887 0.2599 0.0000
vt 0.6801 0.2675 0.0000
vt 0.6822 0.2690 0.0000
vt 0.6877 0.2686 0.0000
vt 0.8602 0.4344 0.0000
vt 0.8521 0.4344 0.0000
vt 0.8521 0.4441 0.0000
vt 0.8602 0.4441 0.0000
vt 0.8851 0.0838 0.0000
vt 0.8851 0.0811 0.0000
vt 0.8867 0.0811 0.0000
vt 0.8866 0.0838 0.0000
vt 0.7079 0.4907 0.0000
vt 0.7079 0.4988 0.0000
vt 0.7085 0.4988 0.0000
vt 0.7085 0.4907 0.0000
vt 0.8832 0.0783 0.0000
vt 0.8846 0.0783 0.0000
vt 0.8848 0.0803 0.0000
vt 0.8832 0.0804 0.0000
vt 0.8811 0.0375 0.0000
vt 0.8824 0.0373 0.0000
vt 0.8822 0.0380 0.0000
vt 0.8812 0.0384 0.0000
vt 0.8826 0.2557 0.0000
vt 0.8812 0.2557 0.0000
vt 0.8811 0.2535 0.0000
vt 0.8826 0.2535 0.0000
vt 0.8812 0.0838 0.0000
vt 0.8811 0.0811 0.0000
vt 0.8827 0.0811 0.0000
vt 0.8827 0.0838 0.0000
vt 0.8795 0.1691 0.0000
vt 0.8808 0.1690 0.0000
vt 0.8809 0.1706 0.0000
vt 0.8795 0.1705 0.0000
vt 0.5888 0.4440 0.0000
vt 0.5969 0.4440 0.0000
vt 0.5969 0.4343 0.0000
vt 0.5888 0.4343 0.0000
vt 0.7499 0.4907 0.0000
vt 0.7499 0.4988 0.0000
vt 0.7503 0.4988 0.0000
vt 0.7503 0.4907 0.0000
vt 0.8709 0.0399 0.0000
vt 0.8720 0.0398 0.0000
vt 0.8717 0.0408 0.0000
vt 0.8710 0.0408 0.0000
vt 0.6791 0.2599 0.0000
vt 0.6791 0.2680 0.0000
vt 0.5999 0.3160 0.0000
vt 0.5997 0.3132 0.0000
vt 0.5981 0.3134 0.0000
vt 0.5979 0.3151 0.0000
vt 0.9984 0.0010 0.0000
vt 0.9984 0.0091 0.0000
vt 0.9988 0.0091 0.0000
vt 0.9988 0.0010 0.0000
vt 0.6002 0.3169 0.0000
vt 0.5992 0.3194 0.0000
vt 0.5978 0.3196 0.0000
vt 0.5979 0.3164 0.0000
vt 0.6880 0.3562 0.0000
vt 0.6877 0.3538 0.0000
vt 0.6899 0.3538 0.0000
vt 0.6894 0.3562 0.0000
vt 0.8697 0.0398 0.0000
vt 0.8694 0.0406 0.0000
vt 0.8689 0.0406 0.0000
vt 0.8690 0.0399 0.0000
vt 0.8709 0.1690 0.0000
vt 0.8709 0.1706 0.0000
vt 0.8695 0.1705 0.0000
vt 0.8695 0.1691 0.0000
vt 0.8695 0.1711 0.0000
vt 0.8709 0.1710 0.0000
vt 0.8709 0.1726 0.0000
vt 0.8695 0.1726 0.0000
vt 0.9323 0.2008 0.0000
vt 0.9404 0.2008 0.0000
vt 0.9404 0.1912 0.0000
vt 0.9323 0.1912 0.0000
vt 0.9315 0.4047 0.0000
vt 0.9396 0.4047 0.0000
vt 0.9396 0.3951 0.0000
vt 0.9315 0.3951 0.0000
vt 0.8728 0.0811 0.0000
vt 0.8727 0.0838 0.0000
vt 0.8712 0.0838 0.0000
vt 0.8712 0.0811 0.0000
vt 0.8727 0.2535 0.0000
vt 0.8727 0.2557 0.0000
vt 0.8712 0.2557 0.0000
vt 0.8712 0.2535 0.0000
vt 0.8722 0.0383 0.0000
vt 0.8712 0.0386 0.0000
vt 0.8712 0.0375 0.0000
vt 0.8723 0.0373 0.0000
vt 0.9381 0.0639 0.0000
vt 0.9381 0.0543 0.0000
vt 0.9300 0.0543 0.0000
vt 0.9300 0.0639 0.0000
vt 0.8715 0.1711 0.0000
vt 0.8729 0.1710 0.0000
vt 0.8729 0.1726 0.0000
vt 0.8715 0.1726 0.0000
vt 0.9381 0.0523 0.0000
vt 0.9381 0.0427 0.0000
vt 0.9300 0.0427 0.0000
vt 0.9300 0.0523 0.0000
vt 0.8748 0.0803 0.0000
vt 0.8732 0.0804 0.0000
vt 0.8733 0.0783 0.0000
vt 0.8747 0.0783 0.0000
vt 0.8732 0.0838 0.0000
vt 0.8731 0.0811 0.0000
vt 0.8747 0.0811 0.0000
vt 0.8747 0.0838 0.0000
vt 0.9753 0.4983 0.0000
vt 0.9757 0.4983 0.0000
vt 0.9757 0.4902 0.0000
vt 0.9753 0.4902 0.0000
vt 0.8743 0.0373 0.0000
vt 0.8740 0.0385 0.0000
vt 0.8729 0.0384 0.0000
vt 0.8732 0.0375 0.0000
vt 0.8735 0.1705 0.0000
vt 0.8735 0.1691 0.0000
vt 0.8748 0.1690 0.0000
vt 0.8749 0.1706 0.0000
vt 0.7087 0.4263 0.0000
vt 0.7006 0.4263 0.0000
vt 0.7006 0.4359 0.0000
vt 0.7087 0.4359 0.0000
vt 0.9751 0.2960 0.0000
vt 0.9766 0.2948 0.0000
vt 0.9766 0.2688 0.0000
vt 0.9750 0.2690 0.0000
vt 0.5661 0.3826 0.0000
vt 0.5858 0.3826 0.0000
vt 0.5858 0.3632 0.0000
vt 0.5661 0.3632 0.0000
vt 0.9788 0.2645 0.0000
vt 0.9786 0.2663 0.0000
vt 0.9786 0.2856 0.0000
vt 0.9788 0.2874 0.0000
vt 0.9799 0.2645 0.0000
vt 0.9799 0.2874 0.0000
vt 0.9801 0.2663 0.0000
vt 0.9801 0.2856 0.0000
vt 0.8832 0.2192 0.0000
vt 0.8832 0.1998 0.0000
vt 0.8648 0.1998 0.0000
vt 0.8648 0.2192 0.0000
vt 0.9750 0.4203 0.0000
vt 0.9749 0.4473 0.0000
vt 0.9766 0.4475 0.0000
vt 0.9766 0.4216 0.0000
vt 0.8832 0.1981 0.0000
vt 0.8646 0.1981 0.0000
vt 0.8646 0.2209 0.0000
vt 0.8832 0.2209 0.0000
vt 0.5858 0.3615 0.0000
vt 0.5664 0.3615 0.0000
vt 0.5664 0.3843 0.0000
vt 0.5858 0.3843 0.0000
vt 0.8626 0.1981 0.0000
vt 0.8623 0.1998 0.0000
vt 0.8623 0.2192 0.0000
vt 0.8626 0.2209 0.0000
vt 0.9698 0.1847 0.0000
vt 0.9714 0.1835 0.0000
vt 0.9714 0.1563 0.0000
vt 0.9698 0.1565 0.0000
vt 0.8632 0.3293 0.0000
vt 0.8839 0.3293 0.0000
vt 0.8839 0.3100 0.0000
vt 0.8632 0.3100 0.0000
vt 0.9783 0.0238 0.0000
vt 0.9794 0.0238 0.0000
vt 0.9796 0.0221 0.0000
vt 0.9796 0.0027 0.0000
vt 0.9794 0.0010 0.0000
vt 0.9783 0.0010 0.0000
vt 0.9781 0.0221 0.0000
vt 0.9781 0.0027 0.0000
vt 0.8195 0.2777 0.0000
vt 0.8387 0.2777 0.0000
vt 0.8387 0.2583 0.0000
vt 0.8195 0.2583 0.0000
vt 0.7338 0.4246 0.0000
vt 0.7337 0.4528 0.0000
vt 0.7353 0.4530 0.0000
vt 0.7353 0.4259 0.0000
vt 0.8387 0.2566 0.0000
vt 0.8192 0.2566 0.0000
vt 0.8192 0.2794 0.0000
vt 0.8387 0.2794 0.0000
vt 0.8838 0.3082 0.0000
vt 0.8635 0.3082 0.0000
vt 0.8635 0.3311 0.0000
vt 0.8838 0.3311 0.0000
vt 0.8172 0.2566 0.0000
vt 0.8169 0.2583 0.0000
vt 0.8169 0.2777 0.0000
vt 0.8172 0.2794 0.0000
vt 0.5835 0.4729 0.0000
vt 0.5856 0.4729 0.0000
vt 0.5856 0.4512 0.0000
vt 0.5835 0.4512 0.0000
vt 0.5444 0.2114 0.0000
vt 0.5228 0.2114 0.0000
vt 0.5228 0.2593 0.0000
vt 0.5444 0.2593 0.0000
vt 0.7138 0.1305 0.0000
vt 0.7117 0.1305 0.0000
vt 0.7115 0.1348 0.0000
vt 0.7140 0.1348 0.0000
vt 0.7115 0.1828 0.0000
vt 0.7117 0.1871 0.0000
vt 0.7140 0.1828 0.0000
vt 0.7138 0.1871 0.0000
vt 0.7696 0.2876 0.0000
vt 0.7913 0.2876 0.0000
vt 0.7913 0.2397 0.0000
vt 0.7696 0.2397 0.0000
vt 0.6331 0.4792 0.0000
vt 0.6331 0.4576 0.0000
vt 0.6310 0.4576 0.0000
vt 0.6310 0.4792 0.0000
vt 0.7913 0.2354 0.0000
vt 0.7696 0.2354 0.0000
vt 0.7696 0.2920 0.0000
vt 0.7913 0.2920 0.0000
vt 0.5228 0.2637 0.0000
vt 0.5444 0.2637 0.0000
vt 0.5444 0.2071 0.0000
vt 0.5228 0.2071 0.0000
vt 0.8858 0.2877 0.0000
vt 0.8858 0.3357 0.0000
vt 0.8860 0.3400 0.0000
vt 0.8881 0.3400 0.0000
vt 0.8883 0.3357 0.0000
vt 0.8883 0.2877 0.0000
vt 0.8881 0.2834 0.0000
vt 0.8860 0.2834 0.0000
vt 0.7358 0.4766 0.0000
vt 0.7358 0.4550 0.0000
vt 0.7337 0.4550 0.0000
vt 0.7337 0.4766 0.0000
vt 0.8149 0.1773 0.0000
vt 0.7933 0.1773 0.0000
vt 0.7933 0.2223 0.0000
vt 0.8149 0.2223 0.0000
vt 0.9126 0.0427 0.0000
vt 0.9125 0.0467 0.0000
vt 0.9125 0.0917 0.0000
vt 0.9126 0.0957 0.0000
vt 0.9148 0.0427 0.0000
vt 0.9148 0.0957 0.0000
vt 0.9150 0.0467 0.0000
vt 0.9150 0.0917 0.0000
vt 0.5444 0.2697 0.0000
vt 0.5228 0.2697 0.0000
vt 0.5228 0.3147 0.0000
vt 0.5444 0.3147 0.0000
vt 0.9769 0.4169 0.0000
vt 0.9769 0.3953 0.0000
vt 0.9748 0.3953 0.0000
vt 0.9748 0.4169 0.0000
vt 0.5228 0.3188 0.0000
vt 0.5444 0.3188 0.0000
vt 0.5444 0.2657 0.0000
vt 0.5228 0.2657 0.0000
vt 0.7933 0.2263 0.0000
vt 0.8149 0.2263 0.0000
vt 0.8149 0.1733 0.0000
vt 0.7933 0.1733 0.0000
vt 0.9237 0.0957 0.0000
vt 0.9239 0.0917 0.0000
vt 0.9239 0.0467 0.0000
vt 0.9237 0.0427 0.0000
vt 0.9216 0.0957 0.0000
vt 0.9216 0.0427 0.0000
vt 0.9214 0.0917 0.0000
vt 0.9214 0.0467 0.0000
vt 0.7970 0.4791 0.0000
vt 0.7988 0.4791 0.0000
vt 0.7988 0.4584 0.0000
vt 0.7970 0.4584 0.0000
vt 0.5661 0.3565 0.0000
vt 0.5869 0.3565 0.0000
vt 0.5869 0.3228 0.0000
vt 0.5661 0.3228 0.0000
vt 0.9230 0.0376 0.0000
vt 0.9232 0.0407 0.0000
vt 0.9249 0.0407 0.0000
vt 0.9251 0.0376 0.0000
vt 0.9251 0.0040 0.0000
vt 0.9249 0.0010 0.0000
vt 0.9230 0.0040 0.0000
vt 0.9232 0.0010 0.0000
vt 0.6218 0.3305 0.0000
vt 0.6011 0.3305 0.0000
vt 0.6011 0.3641 0.0000
vt 0.6218 0.3641 0.0000
vt 0.8273 0.4584 0.0000
vt 0.8273 0.4791 0.0000
vt 0.8291 0.4791 0.0000
vt 0.8291 0.4584 0.0000
vt 0.6011 0.3671 0.0000
vt 0.6218 0.3671 0.0000
vt 0.6218 0.3274 0.0000
vt 0.6011 0.3274 0.0000
vt 0.5869 0.3198 0.0000
vt 0.5661 0.3198 0.0000
vt 0.5661 0.3595 0.0000
vt 0.5869 0.3595 0.0000
vt 0.5573 0.3864 0.0000
vt 0.5571 0.3895 0.0000
vt 0.5571 0.4231 0.0000
vt 0.5573 0.4261 0.0000
vt 0.5590 0.3864 0.0000
vt 0.5590 0.4261 0.0000
vt 0.5592 0.3895 0.0000
vt 0.5592 0.4231 0.0000
vt 0.8196 0.4584 0.0000
vt 0.8196 0.4791 0.0000
vt 0.8214 0.4791 0.0000
vt 0.8214 0.4584 0.0000
vt 0.8396 0.2516 0.0000
vt 0.8603 0.2516 0.0000
vt 0.8603 0.2180 0.0000
vt 0.8396 0.2180 0.0000
vt 0.5633 0.3895 0.0000
vt 0.5631 0.3864 0.0000
vt 0.5614 0.3864 0.0000
vt 0.5612 0.3895 0.0000
vt 0.5612 0.4231 0.0000
vt 0.5614 0.4261 0.0000
vt 0.5633 0.4231 0.0000
vt 0.5631 0.4261 0.0000
vt 0.8612 0.2864 0.0000
vt 0.8405 0.2864 0.0000
vt 0.8405 0.3200 0.0000
vt 0.8612 0.3200 0.0000
vt 0.7266 0.4802 0.0000
vt 0.7266 0.4595 0.0000
vt 0.7248 0.4595 0.0000
vt 0.7248 0.4802 0.0000
vt 0.8405 0.3231 0.0000
vt 0.8612 0.3231 0.0000
vt 0.8612 0.2834 0.0000
vt 0.8405 0.2834 0.0000
vt 0.8603 0.2149 0.0000
vt 0.8396 0.2149 0.0000
vt 0.8396 0.2546 0.0000
vt 0.8603 0.2546 0.0000
vt 0.5189 0.3898 0.0000
vt 0.5187 0.3868 0.0000
vt 0.5170 0.3868 0.0000
vt 0.5168 0.3898 0.0000
vt 0.5168 0.4234 0.0000
vt 0.5170 0.4264 0.0000
vt 0.5189 0.4234 0.0000
vt 0.5187 0.4264 0.0000
# 1084 texture coords

o WINDOW_010
g WINDOW_010
usemtl BARN_SCENE_BARN_TEXTURES
s off
f 409/1283/101 410/1284/101 411/1285/101 
f 411/1285/101 412/1286/101 409/1283/101 
f 413/1287/102 414/1288/102 415/1289/102 
f 415/1289/102 416/1290/102 413/1287/102 
f 417/1291/101 418/1292/101 419/1293/101 
f 419/1293/101 420/1294/101 417/1291/101 
f 421/1295/102 422/1296/102 423/1297/102 
f 423/1297/102 424/1298/102 421/1295/102 
f 425/1299/103 426/1300/103 427/1301/103 
f 427/1301/103 428/1302/103 425/1299/103 
f 429/1303/104 430/1304/104 431/1305/104 
f 431/1305/104 432/1306/104 429/1303/104 
f 412/1307/102 411/1308/102 433/1309/102 
f 433/1309/102 434/1310/102 412/1307/102 
f 430/1311/105 418/1312/105 417/1313/105 
f 417/1313/105 431/1314/105 430/1311/105 
f 434/1315/106 435/1316/106 409/1317/106 
f 409/1317/106 412/1318/106 434/1315/106 
f 436/1319/103 437/1320/103 438/1321/103 
f 438/1321/103 439/1322/103 436/1319/103 
f 440/1323/105 441/1324/105 442/1325/105 
f 442/1325/105 443/1326/105 440/1323/105 
f 444/1327/105 445/1328/105 446/1329/105 
f 446/1329/105 438/1330/105 444/1327/105 
f 422/1331/102 421/1332/102 433/1333/102 
f 433/1333/102 411/1334/102 422/1331/102 
f 416/1335/102 424/1336/102 423/1337/102 
f 423/1337/102 413/1338/102 416/1335/102 
f 447/1339/101 448/1340/101 449/1341/101 
f 449/1341/101 450/1342/101 447/1339/101 
f 451/1343/103 452/1344/103 444/1345/103 
f 444/1345/103 453/1346/103 451/1343/103 
f 454/1347/104 455/1348/104 456/1349/104 
f 456/1349/104 457/1350/104 454/1347/104 
f 458/1351/101 459/1352/101 460/1353/101 
f 460/1353/101 461/1354/101 458/1351/101 
f 462/1355/101 414/1356/101 413/1357/101 
f 413/1357/101 463/1358/101 462/1355/101 
f 464/1359/106 433/1360/106 421/1361/106 
f 421/1361/106 465/1362/106 464/1359/106 
f 428/1363/102 452/1364/102 451/1365/102 
f 451/1365/102 425/1366/102 428/1363/102 
f 437/1367/102 453/1368/102 444/1369/102 
f 444/1369/102 438/1370/102 437/1367/102 
f 466/1371/104 467/1372/104 468/1373/104 
f 468/1373/104 469/1374/104 466/1371/104 
f 445/1375/104 444/1376/104 452/1377/104 
f 452/1377/104 470/1378/104 445/1375/104 
f 471/1379/104 472/1380/104 473/1381/104 
f 473/1381/104 474/1382/104 471/1379/104 
f 424/1383/104 475/1384/104 465/1385/104 
f 465/1385/104 421/1386/104 424/1383/104 
f 476/1387/101 477/1388/101 478/1389/101 
f 478/1389/101 479/1390/101 476/1387/101 
f 480/1391/101 481/1392/101 451/1393/101 
f 451/1393/101 453/1394/101 480/1391/101 
f 482/1395/101 483/1396/101 484/1397/101 
f 484/1397/101 485/1398/101 482/1395/101 
f 486/1399/101 487/1400/101 423/1401/101 
f 423/1401/101 422/1402/101 486/1399/101 
f 422/1403/105 411/1404/105 410/1405/105 
f 410/1405/105 486/1406/105 422/1403/105 
f 482/1407/105 485/1408/105 448/1409/105 
f 448/1409/105 447/1410/105 482/1407/105 
f 458/1411/105 461/1412/105 488/1413/105 
f 488/1413/105 489/1414/105 458/1411/105 
f 476/1415/105 479/1416/105 490/1417/105 
f 490/1417/105 491/1418/105 476/1415/105 
f 424/1419/105 416/1420/105 492/1421/105 
f 492/1421/105 475/1422/105 424/1419/105 
f 472/1423/105 471/1424/105 429/1425/105 
f 429/1425/105 432/1426/105 472/1423/105 
f 455/1427/105 454/1428/105 493/1429/105 
f 493/1429/105 494/1430/105 455/1427/105 
f 467/1431/105 466/1432/105 495/1433/105 
f 495/1433/105 496/1434/105 467/1431/105 
f 451/1435/105 481/1436/105 497/1437/105 
f 497/1437/105 425/1438/105 451/1435/105 
f 497/1439/101 498/1440/101 426/1441/101 
f 426/1441/101 425/1442/101 497/1439/101 
f 491/1443/101 490/1444/101 499/1445/101 
f 499/1445/101 500/1446/101 491/1443/101 
f 489/1447/101 488/1448/101 501/1449/101 
f 501/1449/101 502/1450/101 489/1447/101 
f 419/1451/106 484/1452/106 483/1453/106 
f 483/1453/106 420/1454/106 419/1451/106 
f 503/1455/106 460/1456/106 459/1457/106 
f 459/1457/106 504/1458/106 503/1455/106 
f 505/1459/106 478/1460/106 477/1461/106 
f 477/1461/106 506/1462/106 505/1459/106 
f 453/1463/106 437/1464/106 507/1465/106 
f 507/1465/106 480/1466/106 453/1463/106 
f 508/1467/106 474/1468/106 473/1469/106 
f 473/1469/106 509/1470/106 508/1467/106 
f 510/1471/106 457/1472/106 456/1473/106 
f 456/1473/106 511/1474/106 510/1471/106 
f 512/1475/106 469/1476/106 468/1477/106 
f 468/1477/106 513/1478/106 512/1475/106 
f 428/1479/106 514/1480/106 470/1481/106 
f 470/1481/106 452/1482/106 428/1479/106 
f 515/1483/106 500/1484/106 499/1485/106 
f 499/1485/106 516/1486/106 515/1483/106 
f 517/1487/106 502/1488/106 501/1489/106 
f 501/1489/106 518/1490/106 517/1487/106 
f 519/1491/106 450/1492/106 449/1493/106 
f 449/1493/106 520/1494/106 519/1491/106 
f 434/1495/104 433/1496/104 464/1497/104 
f 464/1497/104 435/1498/104 434/1495/104 
f 521/1499/104 492/1500/104 416/1501/104 
f 416/1501/104 415/1502/104 521/1499/104 
f 522/1503/105 523/1504/105 436/1505/105 
f 436/1505/105 439/1506/105 522/1503/105 
f 524/1507/105 525/1508/105 526/1509/105 
f 526/1509/105 527/1510/105 524/1507/105 
f 528/1511/105 529/1512/105 530/1513/105 
f 530/1513/105 531/1514/105 528/1511/105 
f 413/1515/106 423/1516/106 487/1517/106 
f 487/1517/106 463/1518/106 413/1515/106 
f 438/1519/104 446/1520/104 522/1521/104 
f 522/1521/104 439/1522/104 438/1519/104 
f 495/1523/104 526/1524/104 525/1525/104 
f 525/1525/104 496/1526/104 495/1523/104 
f 493/1527/104 530/1528/104 529/1529/104 
f 529/1529/104 494/1530/104 493/1527/104 
f 507/1531/101 437/1532/101 436/1533/101 
f 436/1533/101 523/1534/101 507/1531/101 
f 524/1535/101 527/1536/101 505/1537/101 
f 505/1537/101 506/1538/101 524/1535/101 
f 528/1539/101 531/1540/101 503/1541/101 
f 503/1541/101 504/1542/101 528/1539/101 
f 462/1543/105 521/1544/105 415/1545/105 
f 415/1545/105 414/1546/105 462/1543/105 
f 532/1547/104 514/1548/104 428/1549/104 
f 428/1549/104 427/1550/104 532/1547/104 
f 512/1551/104 513/1552/104 515/1553/104 
f 515/1553/104 516/1554/104 512/1551/104 
f 518/1555/104 510/1556/104 511/1557/104 
f 511/1557/104 517/1558/104 518/1555/104 
f 520/1559/104 508/1560/104 509/1561/104 
f 509/1561/104 519/1562/104 520/1559/104 
f 489/1563/102 533/1564/102 534/1565/102 
f 534/1565/102 458/1566/102 489/1563/102 
f 535/1567/102 536/1568/102 420/1569/102 
f 420/1569/102 483/1570/102 535/1567/102 
f 465/1571/102 475/1572/102 537/1573/102 
f 537/1573/102 538/1574/102 465/1571/102 
f 503/1575/102 539/1576/102 540/1577/102 
f 540/1577/102 460/1578/102 503/1575/102 
f 541/1579/102 519/1580/102 509/1581/102 
f 509/1581/102 542/1582/102 541/1579/102 
f 530/1583/103 493/1584/103 543/1585/103 
f 543/1585/103 544/1586/103 530/1583/103 
f 545/1587/102 546/1588/102 497/1589/102 
f 497/1589/102 481/1590/102 545/1587/102 
f 547/1591/103 471/1592/103 474/1593/103 
f 474/1593/103 548/1594/103 547/1591/103 
f 516/1595/103 549/1596/103 550/1597/103 
f 550/1597/103 512/1598/103 516/1595/103 
f 551/1599/102 432/1600/102 431/1601/102 
f 431/1601/102 552/1602/102 551/1599/102 
f 553/1603/102 554/1604/102 463/1605/102 
f 463/1605/102 487/1606/102 553/1603/102 
f 491/1607/102 555/1608/102 556/1609/102 
f 556/1609/102 476/1610/102 491/1607/102 
f 557/1611/103 477/1612/103 476/1613/103 
f 476/1613/103 556/1614/103 557/1611/103 
f 419/1615/102 558/1616/102 559/1617/102 
f 559/1617/102 484/1618/102 419/1615/102 
f 560/1619/102 561/1620/102 517/1621/102 
f 517/1621/102 511/1622/102 560/1619/102 
f 495/1623/103 562/1624/103 563/1625/103 
f 563/1625/103 526/1626/103 495/1623/103 
f 481/1627/102 480/1628/102 564/1629/102 
f 564/1629/102 545/1630/102 481/1627/102 
f 532/1631/103 565/1632/103 566/1633/103 
f 566/1633/103 514/1634/103 532/1631/103 
f 567/1635/102 568/1636/102 494/1637/102 
f 494/1637/102 529/1638/102 567/1635/102 
f 429/1639/102 471/1640/102 547/1641/102 
f 547/1641/102 569/1642/102 429/1639/102 
f 448/1643/102 570/1644/102 571/1645/102 
f 571/1645/102 449/1646/102 448/1643/102 
f 572/1647/103 459/1648/103 458/1649/103 
f 458/1649/103 534/1650/103 572/1647/103 
f 573/1651/103 574/1652/103 410/1653/103 
f 410/1653/103 409/1654/103 573/1651/103 
f 575/1655/102 576/1656/102 515/1657/102 
f 515/1657/102 513/1658/102 575/1655/102 
f 440/1659/103 577/1660/103 522/1661/103 
f 522/1661/103 446/1662/103 440/1659/103 
f 578/1663/102 537/1664/102 475/1665/102 
f 475/1665/102 492/1666/102 578/1663/102 
f 479/1667/102 478/1668/102 579/1669/102 
f 579/1669/102 580/1670/102 479/1667/102 
f 575/1671/102 513/1672/102 468/1673/102 
f 468/1673/102 581/1674/102 575/1671/102 
f 525/1675/102 582/1676/102 443/1677/102 
f 443/1677/102 496/1678/102 525/1675/102 
f 520/1679/102 449/1680/102 571/1681/102 
f 571/1681/102 583/1682/102 520/1679/102 
f 584/1683/102 501/1684/102 488/1685/102 
f 488/1685/102 585/1686/102 584/1683/102 
f 586/1687/102 470/1688/102 514/1689/102 
f 514/1689/102 566/1690/102 586/1687/102 
f 454/1691/102 587/1692/102 543/1693/102 
f 543/1693/102 493/1694/102 454/1691/102 
f 409/1695/102 435/1696/102 588/1697/102 
f 588/1697/102 573/1698/102 409/1695/102 
f 483/1699/103 482/1700/103 589/1701/103 
f 589/1701/103 535/1702/103 483/1699/103 
f 447/1703/103 450/1704/103 590/1705/103 
f 590/1705/103 591/1706/103 447/1703/103 
f 418/1707/102 592/1708/102 558/1709/102 
f 558/1709/102 419/1710/102 418/1707/102 
f 593/1711/102 518/1712/102 501/1713/102 
f 501/1713/102 584/1714/102 593/1711/102 
f 594/1715/102 461/1716/102 460/1717/102 
f 460/1717/102 540/1718/102 594/1715/102 
f 456/1719/102 595/1720/102 560/1721/102 
f 560/1721/102 511/1722/102 456/1719/102 
f 596/1723/102 472/1724/102 432/1725/102 
f 432/1725/102 551/1726/102 596/1723/102 
f 450/1727/102 519/1728/102 541/1729/102 
f 541/1729/102 590/1730/102 450/1727/102 
f 597/1731/102 499/1732/102 490/1733/102 
f 490/1733/102 598/1734/102 597/1731/102 
f 550/1735/102 599/1736/102 469/1737/102 
f 469/1737/102 512/1738/102 550/1735/102 
f 462/1739/103 463/1740/103 554/1741/103 
f 554/1741/103 600/1742/103 462/1739/103 
f 516/1743/102 499/1744/102 597/1745/102 
f 597/1745/102 549/1746/102 516/1743/102 
f 487/1747/103 486/1748/103 601/1749/103 
f 601/1749/103 553/1750/103 487/1747/103 
f 489/1751/103 502/1752/103 602/1753/103 
f 602/1753/103 533/1754/103 489/1751/103 
f 532/1755/106 427/1756/106 426/1757/106 
f 426/1757/106 498/1758/106 532/1755/106 
f 562/1759/105 603/1760/105 604/1761/105 
f 604/1761/105 568/1762/105 562/1759/105 
f 543/1763/105 587/1764/105 596/1765/105 
f 596/1765/105 551/1766/105 543/1763/105 
f 569/1767/105 547/1768/105 537/1769/105 
f 537/1769/105 578/1770/105 569/1767/105 
f 546/1771/105 545/1772/105 556/1773/105 
f 556/1773/105 555/1774/105 546/1771/105 
f 598/1775/105 580/1776/105 534/1777/105 
f 534/1777/105 533/1778/105 598/1775/105 
f 594/1779/105 589/1780/105 591/1781/105 
f 591/1781/105 585/1782/105 594/1779/105 
f 605/1783/105 601/1784/105 574/1785/105 
f 574/1785/105 570/1786/105 605/1783/105 
f 559/1787/101 553/1788/101 601/1789/101 
f 601/1789/101 605/1790/101 559/1787/101 
f 535/1791/101 589/1792/101 594/1793/101 
f 594/1793/101 540/1794/101 535/1791/101 
f 572/1795/101 534/1796/101 580/1797/101 
f 580/1797/101 579/1798/101 572/1795/101 
f 557/1799/101 556/1800/101 545/1801/101 
f 545/1801/101 564/1802/101 557/1799/101 
f 547/1803/104 548/1804/104 538/1805/104 
f 538/1805/104 537/1806/104 547/1803/104 
f 587/1807/104 606/1808/104 607/1809/104 
f 607/1809/104 596/1810/104 587/1807/104 
f 599/1811/104 595/1812/104 604/1813/104 
f 604/1813/104 603/1814/104 599/1811/104 
f 441/1815/104 586/1816/104 581/1817/104 
f 581/1817/104 442/1818/104 441/1815/104 
f 608/1819/101 609/1820/101 546/1821/101 
f 546/1821/101 555/1822/101 608/1819/101 
f 602/1823/101 597/1824/101 598/1825/101 
f 598/1825/101 533/1826/101 602/1823/101 
f 591/1827/101 590/1828/101 584/1829/101 
f 584/1829/101 585/1830/101 591/1827/101 
f 570/1831/101 574/1832/101 573/1833/101 
f 573/1833/101 571/1834/101 570/1831/101 
f 553/1835/106 559/1836/106 558/1837/106 
f 558/1837/106 554/1838/106 553/1835/106 
f 540/1839/106 539/1840/106 536/1841/106 
f 536/1841/106 535/1842/106 540/1839/106 
f 572/1843/106 579/1844/106 610/1845/106 
f 610/1845/106 611/1846/106 572/1843/106 
f 557/1847/106 564/1848/106 612/1849/106 
f 612/1849/106 613/1850/106 557/1847/106 
f 538/1851/106 548/1852/106 614/1853/106 
f 614/1853/106 615/1854/106 538/1851/106 
f 607/1855/106 606/1856/106 616/1857/106 
f 616/1857/106 542/1858/106 607/1855/106 
f 599/1859/106 550/1860/106 560/1861/106 
f 560/1861/106 595/1862/106 599/1859/106 
f 581/1863/106 586/1864/106 566/1865/106 
f 566/1865/106 575/1866/106 581/1863/106 
f 575/1867/104 566/1868/104 565/1869/104 
f 565/1869/104 576/1870/104 575/1867/104 
f 560/1871/104 550/1872/104 549/1873/104 
f 549/1873/104 561/1874/104 560/1871/104 
f 616/1875/104 593/1876/104 541/1877/104 
f 541/1877/104 542/1878/104 616/1875/104 
f 614/1879/104 583/1880/104 588/1881/104 
f 588/1881/104 615/1882/104 614/1879/104 
f 617/1883/101 613/1884/101 612/1885/101 
f 612/1885/101 618/1886/101 617/1883/101 
f 619/1887/101 620/1888/101 611/1889/101 
f 611/1889/101 610/1890/101 619/1887/101 
f 621/1891/101 536/1892/101 539/1893/101 
f 539/1893/101 622/1894/101 621/1891/101 
f 600/1895/101 554/1896/101 558/1897/101 
f 558/1897/101 592/1898/101 600/1895/101 
f 443/1899/104 582/1900/104 577/1901/104 
f 577/1901/104 440/1902/104 443/1899/104 
f 568/1903/104 567/1904/104 563/1905/104 
f 563/1905/104 562/1906/104 568/1903/104 
f 543/1907/104 551/1908/104 552/1909/104 
f 552/1909/104 544/1910/104 543/1907/104 
f 569/1911/104 578/1912/104 623/1913/104 
f 623/1913/104 624/1914/104 569/1911/104 
f 582/1915/105 617/1916/105 618/1917/105 
f 618/1917/105 577/1918/105 582/1915/105 
f 563/1919/105 567/1920/105 620/1921/105 
f 620/1921/105 619/1922/105 563/1919/105 
f 552/1923/105 621/1924/105 622/1925/105 
f 622/1925/105 544/1926/105 552/1923/105 
f 623/1927/105 600/1928/105 592/1929/105 
f 592/1929/105 624/1930/105 623/1927/105 
f 565/1931/106 609/1932/106 608/1933/106 
f 608/1933/106 576/1934/106 565/1931/106 
f 549/1935/106 597/1936/106 602/1937/106 
f 602/1937/106 561/1938/106 549/1935/106 
f 541/1939/106 593/1940/106 584/1941/106 
f 584/1941/106 590/1942/106 541/1939/106 
f 588/1943/106 583/1944/106 571/1945/106 
f 571/1945/106 573/1946/106 588/1943/106 
f 578/1947/102 492/1948/102 521/1949/102 
f 521/1949/102 623/1950/102 578/1947/102 
f 510/1951/103 518/1712/103 593/1711/103 
f 593/1711/103 616/1952/103 510/1951/103 
f 587/1953/103 454/1954/103 457/1955/103 
f 457/1955/103 606/1956/103 587/1953/103 
f 430/1957/103 429/1958/103 569/1959/103 
f 569/1959/103 624/1960/103 430/1957/103 
f 588/1961/102 435/1962/102 464/1963/102 
f 464/1963/102 615/1964/102 588/1961/102 
f 505/1965/102 610/1966/102 579/1967/102 
f 579/1967/102 478/1968/102 505/1965/102 
f 473/1969/102 472/1970/102 596/1971/102 
f 596/1971/102 607/1972/102 473/1969/102 
f 580/1973/102 598/1974/102 490/1975/102 
f 490/1975/102 479/1976/102 580/1973/102 
f 524/1977/102 617/1978/102 582/1979/102 
f 582/1979/102 525/1980/102 524/1977/102 
f 572/1981/102 611/1982/102 504/1983/102 
f 504/1983/102 459/1984/102 572/1981/102 
f 577/1985/102 618/1986/102 523/1987/102 
f 523/1987/102 522/1988/102 577/1985/102 
f 614/1989/103 508/1990/103 520/1991/103 
f 520/1991/103 583/1992/103 614/1989/103 
f 469/1993/103 599/1994/103 603/1995/103 
f 603/1995/103 466/1996/103 469/1993/103 
f 589/1997/102 482/1998/102 447/1999/102 
f 447/1999/102 591/2000/102 589/1997/102 
f 528/2001/102 620/2002/102 567/2003/102 
f 567/2003/102 529/2004/102 528/2001/102 
f 506/2005/103 613/2006/103 617/2007/103 
f 617/2007/103 524/2008/103 506/2005/103 
f 507/2009/102 612/2010/102 564/2011/102 
f 564/2011/102 480/2012/102 507/2009/102 
f 455/2013/102 604/2014/102 595/2015/102 
f 595/2015/102 456/2016/102 455/2013/102 
f 563/2017/102 619/2018/102 527/2019/102 
f 527/2019/102 526/2020/102 563/2017/102 
f 557/2021/102 613/2022/102 506/2023/102 
f 506/2023/102 477/2024/102 557/2021/102 
f 488/2025/102 461/2026/102 594/2027/102 
f 594/2027/102 585/2028/102 488/2025/102 
f 417/2029/102 621/2030/102 552/2031/102 
f 552/2031/102 431/2032/102 417/2029/102 
f 443/2033/102 442/2034/102 467/2035/102 
f 467/2035/102 496/2036/102 443/2033/102 
f 612/2037/102 507/2038/102 523/2039/102 
f 523/2039/102 618/2040/102 612/2037/102 
f 470/2041/103 586/2042/103 441/2043/103 
f 441/2043/103 445/2044/103 470/2041/103 
f 544/2045/106 622/2046/106 531/2047/106 
f 531/2047/106 530/2048/106 544/2045/106 
f 504/2049/103 611/2050/103 620/2002/103 
f 620/2002/103 528/2001/103 504/2049/103 
f 474/2051/102 508/2052/102 614/2053/102 
f 614/2053/102 548/2054/102 474/2051/102 
f 467/2055/102 442/2056/102 581/2057/102 
f 581/2057/102 468/2058/102 467/2055/102 
f 601/2059/102 486/2060/102 410/2061/102 
f 410/2061/102 574/2062/102 601/2059/102 
f 462/2063/102 600/2064/102 623/2065/102 
f 623/2065/102 521/2066/102 462/2063/102 
f 440/2067/102 446/2068/102 445/2069/102 
f 445/2069/102 441/2070/102 440/2067/102 
f 615/2071/102 464/2072/102 465/2073/102 
f 465/2073/102 538/2074/102 615/2071/102 
f 624/2075/102 592/2076/102 418/2077/102 
f 418/2077/102 430/2078/102 624/2075/102 
f 610/2079/102 505/2080/102 527/2081/102 
f 527/2081/102 619/2082/102 610/2079/102 
f 555/2083/103 491/2084/103 500/2085/103 
f 500/2085/103 608/2086/103 555/2083/103 
f 605/2087/102 570/2088/102 448/2089/102 
f 448/2089/102 485/2090/102 605/2087/102 
f 608/2091/102 500/2092/102 515/2093/102 
f 515/2093/102 576/2094/102 608/2091/102 
f 455/2095/102 494/2096/102 568/2097/102 
f 568/2097/102 604/2098/102 455/2095/102 
f 417/2099/103 420/2100/103 536/2101/103 
f 536/2101/103 621/2102/103 417/2099/103 
f 616/2103/102 606/2104/102 457/2105/102 
f 457/2105/102 510/2106/102 616/2103/102 
f 498/2107/102 497/2108/102 546/2109/102 
f 546/2109/102 609/2110/102 498/2107/102 
f 532/2111/102 498/2112/102 609/2113/102 
f 609/2113/102 565/2114/102 532/2111/102 
f 473/2115/102 607/2116/102 542/2117/102 
f 542/2117/102 509/2118/102 473/2115/102 
f 559/2119/102 605/2120/102 485/2121/102 
f 485/2121/102 484/2122/102 559/2119/102 
f 602/2123/105 502/2124/105 517/2125/105 
f 517/2125/105 561/2126/105 602/2123/105 
f 466/2127/102 603/2128/102 562/2129/102 
f 562/2129/102 495/2130/102 466/2127/102 
f 531/2131/102 622/2132/102 539/2133/102 
f 539/2133/102 503/2134/102 531/2131/102 
f 625/2135/101 626/2136/101 627/2137/101 
f 627/2137/101 628/2138/101 625/2135/101 
f 629/2139/107 630/2140/107 631/2141/107 
f 631/2141/107 632/2142/107 629/2139/107 
f 627/2143/108 633/2144/108 634/2145/108 
f 627/2143/108 634/2145/108 635/2146/108 
f 628/2147/108 627/2143/108 635/2146/108 
f 628/2147/108 635/2146/108 636/2148/108 
f 630/2149/108 628/2147/108 636/2148/108 
f 631/2150/108 630/2149/108 636/2148/108 
f 634/2151/109 633/2152/109 637/2153/109 
f 637/2153/109 638/2154/109 634/2151/109 
f 639/2155/104 636/2156/104 635/2157/104 
f 635/2157/104 640/2158/104 639/2155/104 
f 633/2152/110 627/2159/110 626/2160/110 
f 626/2160/110 637/2153/110 633/2152/110 
f 638/2154/111 640/2161/111 635/2162/111 
f 635/2162/111 634/2151/111 638/2154/111 
f 636/2163/112 639/2164/112 632/2142/112 
f 632/2142/112 631/2141/112 636/2163/112 
f 630/2140/113 629/2139/113 625/2165/113 
f 625/2165/113 628/2166/113 630/2140/113 
f 637/2153/114 626/2160/114 625/2167/114 
f 625/2167/114 629/2168/114 632/2169/114 
f 637/2153/114 625/2167/114 632/2169/114 
f 637/2153/114 632/2169/114 639/2170/114 
f 638/2154/114 637/2153/114 639/2170/114 
f 638/2154/114 639/2170/114 640/2161/114 
f 641/2171/104 642/2172/104 643/2173/104 
f 643/2173/104 644/2174/104 641/2171/104 
f 645/2175/115 646/2176/115 647/2177/115 
f 647/2177/115 648/2178/115 645/2175/115 
f 644/2179/116 643/2180/116 649/2181/116 
f 649/2181/116 650/2182/116 651/2183/116 
f 644/2179/116 649/2181/116 651/2183/116 
f 644/2179/116 651/2183/116 652/2184/116 
f 646/2185/116 644/2179/116 652/2184/116 
f 647/2186/116 646/2185/116 652/2184/116 
f 653/2187/117 650/2188/117 649/2189/117 
f 649/2189/117 654/2190/117 653/2187/117 
f 655/2191/101 652/2192/101 651/2193/101 
f 651/2193/101 656/2194/101 655/2191/101 
f 654/2190/118 649/2189/118 643/2195/118 
f 643/2195/118 642/2196/118 654/2190/118 
f 650/2188/119 653/2187/119 656/2197/119 
f 656/2197/119 651/2198/119 650/2188/119 
f 652/2199/120 655/2200/120 648/2178/120 
f 648/2178/120 647/2177/120 652/2199/120 
f 646/2176/121 645/2175/121 641/2201/121 
f 641/2201/121 644/2202/121 646/2176/121 
f 653/2187/122 654/2190/122 642/2196/122 
f 641/2203/122 645/2204/122 648/2205/122 
f 641/2203/122 648/2205/122 655/2206/122 
f 642/2196/122 641/2203/122 655/2206/122 
f 653/2187/122 642/2196/122 655/2206/122 
f 653/2187/122 655/2206/122 656/2197/122 
f 657/2207/104 658/2208/104 659/2209/104 
f 659/2209/104 660/2210/104 657/2207/104 
f 661/2211/103 662/2212/103 663/2213/103 
f 663/2213/103 664/2214/103 661/2211/103 
f 660/2215/123 659/2216/123 665/2217/123 
f 662/2218/123 660/2215/123 665/2217/123 
f 665/2217/123 666/2219/123 667/2220/123 
f 662/2218/123 665/2217/123 667/2220/123 
f 663/2221/123 662/2218/123 667/2220/123 
f 663/2221/123 667/2220/123 668/2222/123 
f 669/2223/102 666/2224/102 665/2225/102 
f 665/2225/102 670/2226/102 669/2223/102 
f 671/2227/101 668/2228/101 667/2229/101 
f 667/2229/101 672/2230/101 671/2227/101 
f 670/2226/124 665/2225/124 659/2231/124 
f 659/2231/124 658/2232/124 670/2226/124 
f 666/2224/125 669/2223/125 672/2233/125 
f 672/2233/125 667/2234/125 666/2224/125 
f 668/2235/126 671/2236/126 664/2214/126 
f 664/2214/126 663/2213/126 668/2235/126 
f 662/2212/127 661/2211/127 657/2237/127 
f 657/2237/127 660/2238/127 662/2212/127 
f 669/2239/106 670/2240/106 658/2241/106 
f 669/2239/106 658/2241/106 657/2242/106 
f 669/2239/106 657/2242/106 661/2243/106 
f 669/2239/106 661/2243/106 664/2244/106 
f 669/2239/106 664/2244/106 671/2245/106 
f 669/2239/106 671/2245/106 672/2246/106 
f 673/2247/104 674/2248/104 675/2249/104 
f 675/2249/104 676/2250/104 673/2247/104 
f 677/2251/103 678/2252/103 679/2253/103 
f 679/2253/103 680/2254/103 677/2251/103 
f 674/2255/123 681/2256/123 682/2257/123 
f 674/2255/123 682/2257/123 683/2258/123 
f 675/2259/123 674/2255/123 683/2258/123 
f 675/2259/123 683/2258/123 684/2260/123 
f 678/2261/123 675/2259/123 684/2260/123 
f 679/2262/123 678/2261/123 684/2260/123 
f 685/2263/102 682/2264/102 681/2265/102 
f 681/2265/102 686/2266/102 685/2263/102 
f 687/2267/101 684/2268/101 683/2269/101 
f 683/2269/101 688/2270/101 687/2267/101 
f 686/2266/128 681/2265/128 674/2271/128 
f 674/2271/128 673/2272/128 686/2266/128 
f 682/2264/129 685/2263/129 688/2273/129 
f 688/2273/129 683/2274/129 682/2264/129 
f 684/2275/130 687/2276/130 680/2254/130 
f 680/2254/130 679/2253/130 684/2275/130 
f 678/2252/131 677/2251/131 676/2277/131 
f 676/2277/131 675/2278/131 678/2252/131 
f 676/2279/106 677/2280/106 680/2281/106 
f 676/2279/106 680/2281/106 687/2282/106 
f 673/2283/106 676/2279/106 687/2282/106 
f 673/2283/106 687/2282/106 688/2284/106 
f 686/2285/106 673/2283/106 688/2284/106 
f 685/2286/106 686/2285/106 688/2284/106 
f 689/2287/104 690/2288/104 691/2289/104 
f 691/2289/104 692/2290/104 689/2287/104 
f 693/2291/105 694/2292/105 695/2293/105 
f 695/2293/105 696/2294/105 693/2291/105 
f 694/2295/132 690/2296/132 689/2297/132 
f 694/2295/132 689/2297/132 697/2298/132 
f 694/2295/132 697/2298/132 698/2299/132 
f 694/2295/132 698/2299/132 699/2300/132 
f 695/2301/132 694/2295/132 699/2300/132 
f 695/2301/132 699/2300/132 700/2302/132 
f 701/2303/106 698/2304/106 697/2305/106 
f 697/2305/106 702/2306/106 701/2303/106 
f 699/2307/101 703/2308/101 704/2309/101 
f 704/2309/101 700/2310/101 699/2307/101 
f 702/2306/133 697/2305/133 689/2311/133 
f 689/2311/133 692/2312/133 702/2306/133 
f 698/2304/134 701/2303/134 703/2313/134 
f 703/2313/134 699/2314/134 698/2304/134 
f 700/2315/135 704/2316/135 696/2294/135 
f 696/2294/135 695/2293/135 700/2315/135 
f 694/2292/136 693/2291/136 691/2317/136 
f 691/2317/136 690/2318/136 694/2292/136 
f 691/2319/103 693/2320/103 696/2321/103 
f 691/2319/103 696/2321/103 704/2322/103 
f 692/2323/103 691/2319/103 704/2322/103 
f 692/2323/103 704/2322/103 703/2324/103 
f 702/2325/103 692/2323/103 703/2324/103 
f 701/2326/103 702/2325/103 703/2324/103 
f 705/2327/104 706/2328/104 707/2329/104 
f 707/2329/104 708/2330/104 705/2327/104 
f 709/2331/105 710/2332/105 711/2333/105 
f 711/2333/105 712/2334/105 709/2331/105 
f 710/2335/132 707/2336/132 706/2337/132 
f 710/2335/132 706/2337/132 713/2338/132 
f 710/2335/132 713/2338/132 714/2339/132 
f 710/2335/132 714/2339/132 715/2340/132 
f 711/2341/132 710/2335/132 715/2340/132 
f 711/2341/132 715/2340/132 716/2342/132 
f 717/2343/106 714/2344/106 713/2345/106 
f 713/2345/106 718/2346/106 717/2343/106 
f 719/2347/101 716/2348/101 715/2349/101 
f 715/2349/101 720/2350/101 719/2347/101 
f 718/2346/133 713/2345/133 706/2351/133 
f 706/2351/133 705/2352/133 718/2346/133 
f 714/2344/134 717/2343/134 720/2353/134 
f 720/2353/134 715/2354/134 714/2344/134 
f 716/2355/135 719/2356/135 712/2334/135 
f 712/2334/135 711/2333/135 716/2355/135 
f 710/2332/136 709/2331/136 708/2357/136 
f 708/2357/136 707/2358/136 710/2332/136 
f 718/2359/103 705/2360/103 708/2361/103 
f 718/2359/103 708/2361/103 709/2362/103 
f 718/2359/103 709/2362/103 712/2363/103 
f 718/2359/103 712/2363/103 719/2364/103 
f 717/2365/103 718/2359/103 719/2364/103 
f 717/2365/103 719/2364/103 720/2366/103 
# 596 faces

#
# object WINDOW_009
#

v  5.3954 1.5328 -2.8503
v  5.3954 1.5208 -2.2346
v  5.3954 1.7270 -2.2306
v  5.3954 1.7390 -2.8462
v  5.3954 1.7265 -2.2038
v  5.3954 1.7144 -1.5882
v  5.4771 1.7144 -1.5882
v  5.4771 1.7265 -2.2038
v  5.3954 1.2962 -1.5963
v  5.3954 1.4966 -1.5924
v  5.3954 1.5086 -2.2081
v  5.3954 1.3083 -2.2120
v  5.5499 1.7270 -2.2306
v  5.4682 1.7270 -2.2306
v  5.4682 1.7265 -2.2038
v  5.5499 1.7265 -2.2038
v  5.3954 0.6669 -2.2513
v  5.3954 0.6789 -2.8669
v  5.4771 0.6789 -2.8669
v  5.4771 0.6669 -2.2513
v  5.4771 1.5086 -2.2081
v  5.4771 1.4966 -1.5924
v  5.4771 1.2962 -1.5963
v  5.4771 1.3083 -2.2120
v  5.4771 1.7270 -2.2306
v  5.4771 1.7390 -2.8462
v  5.4771 1.5328 -2.8503
v  5.3954 0.6544 -1.6089
v  5.3954 0.6664 -2.2245
v  5.4771 0.6664 -2.2245
v  5.4771 0.6544 -1.6089
v  5.5107 0.8726 -2.2205
v  5.5835 0.8726 -2.2205
v  5.5835 0.8842 -2.2203
v  5.5107 0.8842 -2.2203
v  5.5499 0.6664 -2.2245
v  5.5499 0.8726 -2.2205
v  5.4771 0.8726 -2.2205
v  5.3954 1.3088 -2.2387
v  5.3954 1.5091 -2.2348
v  5.3954 1.5212 -2.8505
v  5.3954 1.3208 -2.8544
v  5.4682 0.6669 -2.2513
v  5.5499 0.6669 -2.2513
v  5.4682 0.6664 -2.2245
v  5.5499 1.2966 -2.2122
v  5.5499 1.0962 -2.2161
v  5.5499 1.0968 -2.2429
v  5.5499 1.2971 -2.2390
v  5.4682 1.0968 -2.2429
v  5.4682 1.0962 -2.2161
v  5.4682 1.2966 -2.2122
v  5.4682 1.2971 -2.2390
v  5.3954 1.5082 -1.5922
v  5.3954 1.5203 -2.2078
v  5.4771 1.5208 -2.2346
v  5.5499 1.5208 -2.2346
v  5.5499 1.0846 -2.2164
v  5.5499 0.8842 -2.2203
v  5.5499 0.8848 -2.2470
v  5.5499 1.0851 -2.2431
v  5.5499 0.8731 -2.2473
v  5.5499 1.5086 -2.2081
v  5.5499 1.3083 -2.2120
v  5.5499 1.3088 -2.2387
v  5.5499 1.5091 -2.2348
v  5.5499 1.5203 -2.2078
v  5.4682 0.8848 -2.2470
v  5.4682 0.8842 -2.2203
v  5.4682 1.0846 -2.2164
v  5.4682 1.0851 -2.2431
v  5.4682 0.8726 -2.2205
v  5.4682 0.8731 -2.2473
v  5.4682 1.3088 -2.2387
v  5.4682 1.3083 -2.2120
v  5.4682 1.5086 -2.2081
v  5.4682 1.5091 -2.2348
v  5.4682 1.5208 -2.2346
v  5.4682 1.5203 -2.2078
v  5.3954 1.2971 -2.2390
v  5.3954 1.0968 -2.2429
v  5.3954 1.0851 -2.2431
v  5.3954 0.8848 -2.2470
v  5.4771 1.5203 -2.2078
v  5.4771 1.2966 -2.2122
v  5.4771 1.0962 -2.2161
v  5.4771 1.0846 -2.2164
v  5.4771 0.8842 -2.2203
v  5.3954 0.8731 -2.2473
v  5.3954 0.8851 -2.8629
v  5.3954 1.0971 -2.8588
v  5.3954 0.8968 -2.8627
v  5.3954 1.3091 -2.8546
v  5.3954 1.1088 -2.8585
v  5.3954 1.2966 -2.2122
v  5.3954 1.0962 -2.2161
v  5.3954 1.0846 -2.2164
v  5.3954 0.8842 -2.2203
v  5.3954 0.8726 -2.2205
v  5.4771 1.5091 -2.2348
v  5.4771 1.3088 -2.2387
v  5.4771 1.2971 -2.2390
v  5.4771 1.0968 -2.2429
v  5.4771 1.0851 -2.2431
v  5.4771 0.8848 -2.2470
v  5.4771 0.8731 -2.2473
v  5.4771 0.8968 -2.8627
v  5.4771 1.0971 -2.8588
v  5.4771 1.1088 -2.8585
v  5.4771 1.3091 -2.8546
v  5.4771 1.3208 -2.8544
v  5.4771 1.5212 -2.8505
v  5.4771 1.5082 -1.5922
v  5.4771 0.8605 -1.6048
v  5.3954 0.8605 -1.6048
v  5.3954 0.8722 -1.6046
v  5.4771 0.8722 -1.6046
v  5.4771 1.0726 -1.6007
v  5.3954 1.0726 -1.6007
v  5.3954 1.0842 -1.6005
v  5.4771 1.0842 -1.6005
v  5.4771 1.2846 -1.5966
v  5.3954 1.2846 -1.5966
v  5.4771 0.8851 -2.8629
v  5.4290 1.0968 -2.2429
v  5.5018 1.0968 -2.2429
v  5.5018 1.3083 -2.2120
v  5.4290 1.3083 -2.2120
v  5.5835 1.5203 -2.2078
v  5.5835 1.5208 -2.2346
v  5.4290 1.2966 -2.2122
v  5.5018 1.2966 -2.2122
v  5.5107 1.3208 -2.8544
v  5.5107 1.3088 -2.2387
v  5.5107 1.2966 -2.2122
v  5.5107 1.2846 -1.5966
v  5.5018 0.8731 -2.2473
v  5.4290 0.8731 -2.2473
v  5.5835 1.5086 -2.2081
v  5.5835 1.5091 -2.2348
v  5.5107 1.0971 -2.8588
v  5.5107 1.0851 -2.2431
v  5.5107 1.3083 -2.2120
v  5.5107 1.2962 -1.5963
v  5.5018 1.5203 -2.2078
v  5.4290 1.5203 -2.2078
v  5.4290 0.8848 -2.2470
v  5.5018 0.8848 -2.2470
v  5.5018 0.8842 -2.2203
v  5.4290 1.5086 -2.2081
v  5.5018 1.5086 -2.2081
v  5.5107 1.0968 -2.2429
v  5.5107 1.1088 -2.8585
v  5.5107 1.0846 -2.2164
v  5.5107 1.0726 -1.6007
v  5.5018 0.8726 -2.2205
v  5.5107 0.8851 -2.8629
v  5.5107 0.8731 -2.2473
v  5.5107 1.0842 -1.6005
v  5.5107 1.0962 -2.2161
v  5.5107 1.5086 -2.2081
v  5.4290 1.5091 -2.2348
v  5.4290 1.5212 -2.8505
v  5.5018 1.0962 -2.2161
v  5.4290 1.5328 -2.8503
v  5.4290 1.5208 -2.2346
v  5.5107 0.8848 -2.2470
v  5.5107 0.8968 -2.8627
v  5.5107 0.8605 -1.6048
v  5.5107 1.5203 -2.2078
v  5.5018 1.0846 -2.2164
v  5.5018 1.0851 -2.2431
v  5.5835 0.8848 -2.2470
v  5.5107 0.8722 -1.6046
v  5.5107 1.5212 -2.8505
v  5.4290 1.3091 -2.8546
v  5.4290 1.2971 -2.2390
v  5.5835 0.8731 -2.2473
v  5.5835 1.2966 -2.2122
v  5.5107 1.5328 -2.8503
v  5.5018 1.3088 -2.2387
v  5.4290 1.3208 -2.8544
v  5.4290 1.3088 -2.2387
v  5.4290 1.4966 -1.5924
v  5.5107 1.3091 -2.8546
v  5.5018 1.2971 -2.2390
v  5.5835 1.0968 -2.2429
v  5.5835 1.3083 -2.2120
v  5.4290 1.0971 -2.8588
v  5.4290 1.0851 -2.2431
v  5.5835 1.0851 -2.2431
v  5.4290 1.5082 -1.5922
v  5.5018 1.5208 -2.2346
v  5.4290 1.1088 -2.8585
v  5.5835 1.0846 -2.2164
v  5.5835 1.0962 -2.2161
v  5.5018 1.5091 -2.2348
v  5.5835 1.2971 -2.2390
v  5.5835 1.3088 -2.2387
v  5.4290 0.8968 -2.8627
v  5.4290 0.8851 -2.8629
v  5.4290 1.0846 -2.2164
v  5.4290 1.0962 -2.2161
v  5.4290 0.8726 -2.2205
v  5.4290 0.8842 -2.2203
v  5.5107 1.5091 -2.2348
v  5.5107 1.5208 -2.2346
v  5.5107 1.2971 -2.2390
v  5.4290 0.8722 -1.6046
v  5.4290 0.8605 -1.6048
v  5.4290 1.0726 -1.6007
v  5.4290 1.0842 -1.6005
v  5.4290 1.2962 -1.5963
v  5.4290 1.2846 -1.5966
v  5.5107 1.5082 -1.5922
v  5.5107 1.4966 -1.5924
v  5.5147 0.5848 -1.6454
v  5.5147 0.6898 -1.6257
v  5.5147 1.7191 -2.7547
v  5.5147 1.6527 -2.8225
v  5.5074 0.5701 -1.6414
v  5.5074 1.6537 -2.8358
v  5.4271 1.6537 -2.8358
v  5.4271 0.5701 -1.6414
v  5.5074 1.7173 -2.7405
v  5.4271 1.7173 -2.7405
v  5.4199 1.7191 -2.7547
v  5.4199 1.6527 -2.8225
v  5.5074 0.7053 -1.6305
v  5.4271 0.7053 -1.6305
v  5.4199 0.5848 -1.6454
v  5.4199 0.6898 -1.6257
v  5.4349 0.6332 -2.8294
v  5.4349 0.7406 -2.8431
v  5.4349 1.7710 -1.6215
v  5.4349 1.7022 -1.5561
v  5.4421 0.6183 -2.8344
v  5.4421 1.7030 -1.5424
v  5.5224 1.7030 -1.5424
v  5.5224 0.6183 -2.8344
v  5.4421 1.7694 -1.6362
v  5.5224 1.7694 -1.6362
v  5.5297 1.7710 -1.6215
v  5.5297 1.7022 -1.5561
v  5.5224 0.7563 -2.8372
v  5.4421 0.7563 -2.8372
v  5.5297 0.6332 -2.8294
v  5.5297 0.7406 -2.8431
v  5.5863 1.7091 -2.9185
v  5.5863 1.8226 -2.9162
v  5.5863 1.7956 -1.5335
v  5.5863 1.6820 -1.5352
v  5.5683 1.6988 -2.9187
v  5.5683 1.6718 -1.5353
v  5.3694 1.6718 -1.5353
v  5.3694 1.6988 -2.9187
v  5.5683 1.8059 -1.5334
v  5.3694 1.8059 -1.5334
v  5.3514 1.7956 -1.5335
v  5.3514 1.6820 -1.5352
v  5.3694 1.8329 -2.9160
v  5.5683 1.8329 -2.9160
v  5.3514 1.7091 -2.9185
v  5.3514 1.8226 -2.9162
v  5.5790 0.7070 -2.9380
v  5.5790 0.6800 -1.5553
v  5.5790 0.5664 -1.5570
v  5.5790 0.5934 -2.9403
v  5.5622 0.5832 -2.9405
v  5.5622 0.5561 -1.5571
v  5.3756 0.5561 -1.5571
v  5.3756 0.5832 -2.9405
v  5.5622 0.6902 -1.5552
v  5.3756 0.6902 -1.5552
v  5.3587 0.6800 -1.5553
v  5.3587 0.5664 -1.5570
v  5.3756 0.7172 -2.9378
v  5.5622 0.7172 -2.9378
v  5.3587 0.5934 -2.9403
v  5.3587 0.7070 -2.9380
v  5.5512 1.7437 -1.6656
v  5.5512 1.7420 -1.5521
v  5.5512 0.6261 -1.5739
v  5.5512 0.6283 -1.6874
v  5.5386 0.6259 -1.5636
v  5.5386 1.7418 -1.5418
v  5.3991 1.7418 -1.5418
v  5.3991 0.6259 -1.5636
v  5.5386 1.7439 -1.6759
v  5.3991 1.7439 -1.6759
v  5.3865 1.7437 -1.6656
v  5.3865 1.7420 -1.5521
v  5.3991 0.6285 -1.6977
v  5.5386 0.6285 -1.6977
v  5.3865 0.6283 -1.6874
v  5.3865 0.6261 -1.5739
v  5.5512 0.6523 -2.9162
v  5.5512 1.7678 -2.8944
v  5.5512 1.7660 -2.7808
v  5.5512 0.6501 -2.8026
v  5.5386 0.6499 -2.7924
v  5.5386 1.7658 -2.7706
v  5.3991 1.7658 -2.7706
v  5.3991 0.6499 -2.7924
v  5.5386 1.7679 -2.9047
v  5.3991 1.7679 -2.9047
v  5.3865 1.7678 -2.8944
v  5.3865 1.7660 -2.7808
v  5.3991 0.6525 -2.9264
v  5.5386 0.6525 -2.9264
v  5.3865 0.6501 -2.8026
v  5.3865 0.6523 -2.9162
# 312 vertices

vn -1.0000 0.0000 -0.0000
vn 0.0000 0.9998 0.0195
vn 0.0000 -0.9998 -0.0195
vn 1.0000 0.0000 -0.0000
vn 0.0000 -0.0195 0.9998
vn 0.0000 0.0195 -0.9998
vn 0.0000 0.7406 0.6719
vn 0.0000 -0.8250 0.5651
vn 0.0000 -0.7390 -0.6738
vn -0.7499 -0.4889 -0.4457
vn 0.7499 -0.4889 -0.4457
vn 0.7500 0.4899 0.4445
vn -0.7500 0.4899 0.4444
vn 0.0000 0.0870 -0.9962
vn 0.0000 0.7659 -0.6430
vn 0.0000 -0.8088 -0.5881
vn 0.0000 -0.7643 0.6448
vn 0.7499 -0.5057 0.4266
vn -0.7499 -0.5057 0.4266
vn -0.7500 0.5066 -0.4253
vn 0.7500 0.5066 -0.4253
vn 0.0000 0.0268 0.9996
vn 0.0000 -0.0147 0.9999
vn 0.4958 0.8683 0.0170
vn -0.4958 0.8683 0.0170
vn -0.4958 -0.8683 -0.0170
vn 0.4958 -0.8683 -0.0170
vn 0.5200 0.8540 0.0167
vn -0.5200 0.8540 0.0167
vn -0.5200 -0.8540 -0.0167
vn 0.5200 -0.8540 -0.0167
vn 0.0000 0.9999 0.0156
vn 0.6315 0.0151 -0.7752
vn -0.6315 0.0151 -0.7752
vn -0.6315 -0.0151 0.7752
vn 0.6315 -0.0151 0.7752
# 36 vertex normals

vt 0.9641 0.0718 0.0000
vt 0.9641 0.0622 0.0000
vt 0.9602 0.0622 0.0000
vt 0.9602 0.0718 0.0000
vt 0.9128 0.0010 0.0000
vt 0.9032 0.0010 0.0000
vt 0.9032 0.0207 0.0000
vt 0.9128 0.0207 0.0000
vt 0.9853 0.1109 0.0000
vt 0.9890 0.1109 0.0000
vt 0.9890 0.1013 0.0000
vt 0.9853 0.1013 0.0000
vt 0.5469 0.2109 0.0000
vt 0.5469 0.1912 0.0000
vt 0.5465 0.1912 0.0000
vt 0.5465 0.2109 0.0000
vt 0.9147 0.3956 0.0000
vt 0.9050 0.3956 0.0000
vt 0.9050 0.4153 0.0000
vt 0.9147 0.4153 0.0000
vt 0.7022 0.4807 0.0000
vt 0.7022 0.4903 0.0000
vt 0.7059 0.4903 0.0000
vt 0.7059 0.4807 0.0000
vt 0.9176 0.1013 0.0000
vt 0.9080 0.1013 0.0000
vt 0.9080 0.1209 0.0000
vt 0.9176 0.1209 0.0000
vt 0.5718 0.4080 0.0000
vt 0.5718 0.4277 0.0000
vt 0.5756 0.4277 0.0000
vt 0.5756 0.4080 0.0000
vt 0.7310 0.4226 0.0000
vt 0.7348 0.4226 0.0000
vt 0.7348 0.4029 0.0000
vt 0.7310 0.4029 0.0000
vt 0.9176 0.1229 0.0000
vt 0.9080 0.1229 0.0000
vt 0.9080 0.1426 0.0000
vt 0.9176 0.1426 0.0000
vt 0.9934 0.0752 0.0000
vt 0.9934 0.0928 0.0000
vt 0.9936 0.0928 0.0000
vt 0.9936 0.0752 0.0000
vt 0.9517 0.3936 0.0000
vt 0.9555 0.3936 0.0000
vt 0.9555 0.3760 0.0000
vt 0.9517 0.3760 0.0000
vt 0.9233 0.3350 0.0000
vt 0.9249 0.3350 0.0000
vt 0.9249 0.3367 0.0000
vt 0.9233 0.3366 0.0000
vt 0.9070 0.1943 0.0000
vt 0.9070 0.1930 0.0000
vt 0.9086 0.1930 0.0000
vt 0.9086 0.1943 0.0000
vt 0.8820 0.4785 0.0000
vt 0.8783 0.4785 0.0000
vt 0.8783 0.4881 0.0000
vt 0.8820 0.4881 0.0000
vt 0.7549 0.1953 0.0000
vt 0.7549 0.2150 0.0000
vt 0.7553 0.2150 0.0000
vt 0.7553 0.1953 0.0000
vt 0.6843 0.3529 0.0000
vt 0.6843 0.3492 0.0000
vt 0.6839 0.3492 0.0000
vt 0.6839 0.3529 0.0000
vt 0.8346 0.1111 0.0000
vt 0.8342 0.1111 0.0000
vt 0.8342 0.1149 0.0000
vt 0.8346 0.1149 0.0000
vt 0.5493 0.4726 0.0000
vt 0.5455 0.4726 0.0000
vt 0.5455 0.4822 0.0000
vt 0.5493 0.4822 0.0000
vt 0.6499 0.4441 0.0000
vt 0.6461 0.4441 0.0000
vt 0.6461 0.4617 0.0000
vt 0.6499 0.4617 0.0000
vt 0.8930 0.0239 0.0000
vt 0.8932 0.0229 0.0000
vt 0.8939 0.0227 0.0000
vt 0.8938 0.0241 0.0000
vt 0.8898 0.3573 0.0000
vt 0.8898 0.3556 0.0000
vt 0.8914 0.3556 0.0000
vt 0.8914 0.3573 0.0000
vt 0.8724 0.2515 0.0000
vt 0.8724 0.2478 0.0000
vt 0.8720 0.2478 0.0000
vt 0.8720 0.2515 0.0000
vt 0.5086 0.2717 0.0000
vt 0.5086 0.2679 0.0000
vt 0.5082 0.2679 0.0000
vt 0.5082 0.2717 0.0000
vt 0.9007 0.0685 0.0000
vt 0.9007 0.0648 0.0000
vt 0.9002 0.0648 0.0000
vt 0.9002 0.0685 0.0000
vt 0.7937 0.1150 0.0000
vt 0.7937 0.1111 0.0000
vt 0.7933 0.1111 0.0000
vt 0.7933 0.1150 0.0000
vt 0.8660 0.1111 0.0000
vt 0.8655 0.1111 0.0000
vt 0.8655 0.1149 0.0000
vt 0.8660 0.1149 0.0000
vt 0.8270 0.1150 0.0000
vt 0.8274 0.1150 0.0000
vt 0.8274 0.1111 0.0000
vt 0.8270 0.1111 0.0000
vt 0.8828 0.1111 0.0000
vt 0.8824 0.1111 0.0000
vt 0.8824 0.1149 0.0000
vt 0.8828 0.1149 0.0000
vt 0.7553 0.2503 0.0000
vt 0.7549 0.2503 0.0000
vt 0.7549 0.2541 0.0000
vt 0.7553 0.2541 0.0000
vt 0.6768 0.4515 0.0000
vt 0.6768 0.4339 0.0000
vt 0.6730 0.4339 0.0000
vt 0.6730 0.4515 0.0000
vt 0.9694 0.2982 0.0000
vt 0.9657 0.2982 0.0000
vt 0.9657 0.3158 0.0000
vt 0.9694 0.3158 0.0000
vt 0.9630 0.0381 0.0000
vt 0.9667 0.0381 0.0000
vt 0.9667 0.0205 0.0000
vt 0.9630 0.0205 0.0000
vt 0.7076 0.4671 0.0000
vt 0.7114 0.4671 0.0000
vt 0.7114 0.4495 0.0000
vt 0.7076 0.4495 0.0000
vt 0.9555 0.4131 0.0000
vt 0.9555 0.3956 0.0000
vt 0.9517 0.3956 0.0000
vt 0.9517 0.4131 0.0000
vt 0.9635 0.4574 0.0000
vt 0.9672 0.4574 0.0000
vt 0.9672 0.4399 0.0000
vt 0.9635 0.4399 0.0000
vt 0.9635 0.4379 0.0000
vt 0.9672 0.4379 0.0000
vt 0.9672 0.4203 0.0000
vt 0.9635 0.4203 0.0000
vt 0.6105 0.4505 0.0000
vt 0.6068 0.4505 0.0000
vt 0.6068 0.4680 0.0000
vt 0.6105 0.4680 0.0000
vt 0.9583 0.1013 0.0000
vt 0.9544 0.1013 0.0000
vt 0.9544 0.1188 0.0000
vt 0.9583 0.1188 0.0000
vt 0.9109 0.4717 0.0000
vt 0.9109 0.4813 0.0000
vt 0.9147 0.4813 0.0000
vt 0.9147 0.4717 0.0000
vt 0.9861 0.3142 0.0000
vt 0.9824 0.3142 0.0000
vt 0.9824 0.3238 0.0000
vt 0.9861 0.3238 0.0000
vt 0.9858 0.2978 0.0000
vt 0.9821 0.2978 0.0000
vt 0.9821 0.3074 0.0000
vt 0.9858 0.3074 0.0000
vt 0.5265 0.4714 0.0000
vt 0.5265 0.4539 0.0000
vt 0.5228 0.4539 0.0000
vt 0.5228 0.4714 0.0000
vt 0.6826 0.4719 0.0000
vt 0.6826 0.4544 0.0000
vt 0.6789 0.4544 0.0000
vt 0.6789 0.4719 0.0000
vt 0.6883 0.4719 0.0000
vt 0.6883 0.4544 0.0000
vt 0.6846 0.4544 0.0000
vt 0.6846 0.4719 0.0000
vt 0.9621 0.2324 0.0000
vt 0.9621 0.2149 0.0000
vt 0.9582 0.2149 0.0000
vt 0.9582 0.2324 0.0000
vt 0.9725 0.0185 0.0000
vt 0.9725 0.0010 0.0000
vt 0.9688 0.0010 0.0000
vt 0.9688 0.0185 0.0000
vt 0.9728 0.3936 0.0000
vt 0.9728 0.3760 0.0000
vt 0.9691 0.3760 0.0000
vt 0.9691 0.3936 0.0000
vt 0.9730 0.4379 0.0000
vt 0.9730 0.4203 0.0000
vt 0.9692 0.4203 0.0000
vt 0.9692 0.4379 0.0000
vt 0.9614 0.3370 0.0000
vt 0.9575 0.3370 0.0000
vt 0.9575 0.3545 0.0000
vt 0.9614 0.3545 0.0000
vt 0.9323 0.1209 0.0000
vt 0.9323 0.1013 0.0000
vt 0.9286 0.1013 0.0000
vt 0.9286 0.1209 0.0000
vt 0.5265 0.4286 0.0000
vt 0.5265 0.4089 0.0000
vt 0.5228 0.4089 0.0000
vt 0.5228 0.4286 0.0000
vt 0.9323 0.1426 0.0000
vt 0.9323 0.1229 0.0000
vt 0.9286 0.1229 0.0000
vt 0.9286 0.1426 0.0000
vt 0.9541 0.3178 0.0000
vt 0.9541 0.3274 0.0000
vt 0.9579 0.3274 0.0000
vt 0.9579 0.3178 0.0000
vt 0.9637 0.3274 0.0000
vt 0.9637 0.3178 0.0000
vt 0.9599 0.3178 0.0000
vt 0.9599 0.3274 0.0000
vt 0.6127 0.3939 0.0000
vt 0.6127 0.4136 0.0000
vt 0.6165 0.4136 0.0000
vt 0.6165 0.3939 0.0000
vt 0.8727 0.4241 0.0000
vt 0.8727 0.4044 0.0000
vt 0.8689 0.4044 0.0000
vt 0.8689 0.4241 0.0000
vt 0.7420 0.4242 0.0000
vt 0.7420 0.4045 0.0000
vt 0.7383 0.4045 0.0000
vt 0.7383 0.4242 0.0000
vt 0.9599 0.2787 0.0000
vt 0.9599 0.2963 0.0000
vt 0.9637 0.2963 0.0000
vt 0.9637 0.2787 0.0000
vt 0.6049 0.4700 0.0000
vt 0.6011 0.4700 0.0000
vt 0.6011 0.4796 0.0000
vt 0.6049 0.4796 0.0000
vt 0.9821 0.2745 0.0000
vt 0.9821 0.2842 0.0000
vt 0.9858 0.2842 0.0000
vt 0.9858 0.2745 0.0000
vt 0.9821 0.2629 0.0000
vt 0.9821 0.2726 0.0000
vt 0.9858 0.2726 0.0000
vt 0.9858 0.2629 0.0000
vt 0.7594 0.4788 0.0000
vt 0.7633 0.4788 0.0000
vt 0.7633 0.4692 0.0000
vt 0.7594 0.4692 0.0000
vt 0.9274 0.4844 0.0000
vt 0.9312 0.4844 0.0000
vt 0.9312 0.4747 0.0000
vt 0.9274 0.4747 0.0000
vt 0.9657 0.3274 0.0000
vt 0.9694 0.3274 0.0000
vt 0.9694 0.3178 0.0000
vt 0.9657 0.3178 0.0000
vt 0.7793 0.4187 0.0000
vt 0.7793 0.3990 0.0000
vt 0.7754 0.3990 0.0000
vt 0.7754 0.4187 0.0000
vt 0.9800 0.1316 0.0000
vt 0.9800 0.1413 0.0000
vt 0.9838 0.1413 0.0000
vt 0.9838 0.1316 0.0000
vt 0.9820 0.4648 0.0000
vt 0.9857 0.4648 0.0000
vt 0.9857 0.4552 0.0000
vt 0.9820 0.4552 0.0000
vt 0.9820 0.4436 0.0000
vt 0.9820 0.4532 0.0000
vt 0.9857 0.4532 0.0000
vt 0.9857 0.4436 0.0000
vt 0.6645 0.4804 0.0000
vt 0.6645 0.4901 0.0000
vt 0.6682 0.4901 0.0000
vt 0.6682 0.4804 0.0000
vt 0.8732 0.2557 0.0000
vt 0.8731 0.2535 0.0000
vt 0.8746 0.2535 0.0000
vt 0.8746 0.2557 0.0000
vt 0.8775 0.1691 0.0000
vt 0.8788 0.1690 0.0000
vt 0.8789 0.1706 0.0000
vt 0.8775 0.1705 0.0000
vt 0.6316 0.2742 0.0000
vt 0.6312 0.2742 0.0000
vt 0.6312 0.2823 0.0000
vt 0.6316 0.2823 0.0000
vt 0.8790 0.0407 0.0000
vt 0.8789 0.0399 0.0000
vt 0.8800 0.0398 0.0000
vt 0.8799 0.0409 0.0000
vt 0.6789 0.4524 0.0000
vt 0.6870 0.4524 0.0000
vt 0.6870 0.4428 0.0000
vt 0.6789 0.4428 0.0000
vt 0.9521 0.2842 0.0000
vt 0.9521 0.2745 0.0000
vt 0.9440 0.2745 0.0000
vt 0.9440 0.2842 0.0000
vt 0.8791 0.0811 0.0000
vt 0.8807 0.0811 0.0000
vt 0.8807 0.0838 0.0000
vt 0.8792 0.0838 0.0000
vt 0.9951 0.4976 0.0000
vt 0.9951 0.4895 0.0000
vt 0.9947 0.4895 0.0000
vt 0.9947 0.4976 0.0000
vt 0.9521 0.2513 0.0000
vt 0.9440 0.2513 0.0000
vt 0.9440 0.2609 0.0000
vt 0.9521 0.2609 0.0000
vt 0.9440 0.2493 0.0000
vt 0.9521 0.2493 0.0000
vt 0.9521 0.2397 0.0000
vt 0.9440 0.2397 0.0000
vt 0.8791 0.0375 0.0000
vt 0.8803 0.0374 0.0000
vt 0.8801 0.0383 0.0000
vt 0.8791 0.0382 0.0000
vt 0.8809 0.0407 0.0000
vt 0.8809 0.0399 0.0000
vt 0.8819 0.0399 0.0000
vt 0.8818 0.0407 0.0000
vt 0.5608 0.4976 0.0000
vt 0.5608 0.4895 0.0000
vt 0.5604 0.4895 0.0000
vt 0.5604 0.4976 0.0000
vt 0.8812 0.0804 0.0000
vt 0.8812 0.0783 0.0000
vt 0.8826 0.0783 0.0000
vt 0.8828 0.0803 0.0000
vt 0.5455 0.4414 0.0000
vt 0.5455 0.4510 0.0000
vt 0.5536 0.4510 0.0000
vt 0.5536 0.4414 0.0000
vt 0.5742 0.4413 0.0000
vt 0.5661 0.4413 0.0000
vt 0.5661 0.4509 0.0000
vt 0.5742 0.4509 0.0000
vt 0.9972 0.2982 0.0000
vt 0.9968 0.2982 0.0000
vt 0.9968 0.3063 0.0000
vt 0.9972 0.3063 0.0000
vt 0.9504 0.2261 0.0000
vt 0.9423 0.2261 0.0000
vt 0.9423 0.2357 0.0000
vt 0.9504 0.2357 0.0000
vt 0.9423 0.2028 0.0000
vt 0.9423 0.2125 0.0000
vt 0.9504 0.2125 0.0000
vt 0.9504 0.2028 0.0000
vt 0.8829 0.1726 0.0000
vt 0.8814 0.1726 0.0000
vt 0.8815 0.1711 0.0000
vt 0.8828 0.1710 0.0000
vt 0.9504 0.1796 0.0000
vt 0.9423 0.1796 0.0000
vt 0.9423 0.1892 0.0000
vt 0.9504 0.1892 0.0000
vt 0.8978 0.4967 0.0000
vt 0.8978 0.4886 0.0000
vt 0.8974 0.4886 0.0000
vt 0.8974 0.4967 0.0000
vt 0.9423 0.1563 0.0000
vt 0.9423 0.1660 0.0000
vt 0.9504 0.1660 0.0000
vt 0.9504 0.1563 0.0000
vt 0.9416 0.4067 0.0000
vt 0.9416 0.4164 0.0000
vt 0.9497 0.4164 0.0000
vt 0.9497 0.4067 0.0000
vt 0.9416 0.3835 0.0000
vt 0.9416 0.3931 0.0000
vt 0.9497 0.3931 0.0000
vt 0.9497 0.3835 0.0000
vt 0.8831 0.0375 0.0000
vt 0.8842 0.0373 0.0000
vt 0.8841 0.0383 0.0000
vt 0.8833 0.0381 0.0000
vt 0.5194 0.4886 0.0000
vt 0.5190 0.4886 0.0000
vt 0.5190 0.4967 0.0000
vt 0.5194 0.4967 0.0000
vt 0.8863 0.1148 0.0000
vt 0.8864 0.1168 0.0000
vt 0.8848 0.1168 0.0000
vt 0.8848 0.1149 0.0000
vt 0.5858 0.4396 0.0000
vt 0.5778 0.4396 0.0000
vt 0.5778 0.4492 0.0000
vt 0.5858 0.4492 0.0000
vt 0.8867 0.0803 0.0000
vt 0.8852 0.0804 0.0000
vt 0.8852 0.0783 0.0000
vt 0.8866 0.0783 0.0000
vt 0.9401 0.0639 0.0000
vt 0.9482 0.0639 0.0000
vt 0.9482 0.0543 0.0000
vt 0.9401 0.0543 0.0000
vt 0.8867 0.2536 0.0000
vt 0.8867 0.2558 0.0000
vt 0.8853 0.2558 0.0000
vt 0.8852 0.2536 0.0000
vt 0.8854 0.1726 0.0000
vt 0.8854 0.1711 0.0000
vt 0.8868 0.1710 0.0000
vt 0.8868 0.1726 0.0000
vt 0.8888 0.1726 0.0000
vt 0.8874 0.1726 0.0000
vt 0.8874 0.1711 0.0000
vt 0.8888 0.1710 0.0000
vt 0.6489 0.4869 0.0000
vt 0.6485 0.4869 0.0000
vt 0.6485 0.4950 0.0000
vt 0.6489 0.4950 0.0000
vt 0.7464 0.4475 0.0000
vt 0.7464 0.4378 0.0000
vt 0.7383 0.4378 0.0000
vt 0.7383 0.4475 0.0000
vt 0.8814 0.4377 0.0000
vt 0.8733 0.4377 0.0000
vt 0.8733 0.4474 0.0000
vt 0.8814 0.4474 0.0000
vt 0.5888 0.3476 0.0000
vt 0.5901 0.3393 0.0000
vt 0.5898 0.3285 0.0000
vt 0.5888 0.3279 0.0000
vt 0.6465 0.4950 0.0000
vt 0.6465 0.4869 0.0000
vt 0.6461 0.4869 0.0000
vt 0.6461 0.4950 0.0000
vt 0.8878 0.3573 0.0000
vt 0.8878 0.3556 0.0000
vt 0.8895 0.3556 0.0000
vt 0.8895 0.3573 0.0000
vt 0.8898 0.2780 0.0000
vt 0.8898 0.2797 0.0000
vt 0.8882 0.2797 0.0000
vt 0.8882 0.2780 0.0000
vt 0.9336 0.0791 0.0000
vt 0.9320 0.0791 0.0000
vt 0.9320 0.0775 0.0000
vt 0.9335 0.0776 0.0000
vt 0.9375 0.4300 0.0000
vt 0.9456 0.4300 0.0000
vt 0.9456 0.4203 0.0000
vt 0.9375 0.4203 0.0000
vt 0.8891 0.0811 0.0000
vt 0.8907 0.0811 0.0000
vt 0.8906 0.0838 0.0000
vt 0.8891 0.0838 0.0000
vt 0.9420 0.2726 0.0000
vt 0.9420 0.2629 0.0000
vt 0.9339 0.2629 0.0000
vt 0.9339 0.2726 0.0000
vt 0.8914 0.3553 0.0000
vt 0.8898 0.3553 0.0000
vt 0.8898 0.3536 0.0000
vt 0.8914 0.3536 0.0000
vt 0.7797 0.4867 0.0000
vt 0.7793 0.4867 0.0000
vt 0.7793 0.4948 0.0000
vt 0.7797 0.4948 0.0000
vt 0.5193 0.4398 0.0000
vt 0.5193 0.4301 0.0000
vt 0.5112 0.4301 0.0000
vt 0.5112 0.4398 0.0000
vt 0.8343 0.4215 0.0000
vt 0.8382 0.4215 0.0000
vt 0.8382 0.4018 0.0000
vt 0.8343 0.4018 0.0000
vt 0.5859 0.4080 0.0000
vt 0.5859 0.4255 0.0000
vt 0.5861 0.4255 0.0000
vt 0.5861 0.4080 0.0000
vt 0.9028 0.3370 0.0000
vt 0.9028 0.3545 0.0000
vt 0.9031 0.3545 0.0000
vt 0.9031 0.3370 0.0000
vt 0.9956 0.2149 0.0000
vt 0.9956 0.2324 0.0000
vt 0.9959 0.2324 0.0000
vt 0.9959 0.2149 0.0000
vt 0.9967 0.4700 0.0000
vt 0.9967 0.4875 0.0000
vt 0.9969 0.4875 0.0000
vt 0.9969 0.4700 0.0000
vt 0.8934 0.0648 0.0000
vt 0.8934 0.0823 0.0000
vt 0.8936 0.0823 0.0000
vt 0.8936 0.0648 0.0000
vt 0.8956 0.0823 0.0000
vt 0.8958 0.0823 0.0000
vt 0.8958 0.0648 0.0000
vt 0.8956 0.0648 0.0000
vt 0.9972 0.0407 0.0000
vt 0.9974 0.0407 0.0000
vt 0.9974 0.0231 0.0000
vt 0.9972 0.0231 0.0000
vt 0.5148 0.2745 0.0000
vt 0.5154 0.2745 0.0000
vt 0.5154 0.2733 0.0000
vt 0.5148 0.2733 0.0000
vt 0.5132 0.2745 0.0000
vt 0.5132 0.2733 0.0000
vt 0.5126 0.2733 0.0000
vt 0.5126 0.2745 0.0000
vt 0.5110 0.2745 0.0000
vt 0.5110 0.2733 0.0000
vt 0.5104 0.2733 0.0000
vt 0.5104 0.2745 0.0000
vt 0.5086 0.2745 0.0000
vt 0.5086 0.2733 0.0000
vt 0.5080 0.2733 0.0000
vt 0.5080 0.2745 0.0000
vt 0.5056 0.2733 0.0000
vt 0.5056 0.2745 0.0000
vt 0.5062 0.2745 0.0000
vt 0.5062 0.2733 0.0000
vt 0.6732 0.2715 0.0000
vt 0.6732 0.2719 0.0000
vt 0.6735 0.2719 0.0000
vt 0.6735 0.2715 0.0000
vt 0.6702 0.2708 0.0000
vt 0.6705 0.2708 0.0000
vt 0.6705 0.2704 0.0000
vt 0.6702 0.2704 0.0000
vt 0.6680 0.2704 0.0000
vt 0.6680 0.2708 0.0000
vt 0.6683 0.2708 0.0000
vt 0.6683 0.2704 0.0000
vt 0.6294 0.4909 0.0000
vt 0.6296 0.4909 0.0000
vt 0.6296 0.4812 0.0000
vt 0.6294 0.4812 0.0000
vt 0.6250 0.4909 0.0000
vt 0.6252 0.4909 0.0000
vt 0.6252 0.4812 0.0000
vt 0.6250 0.4812 0.0000
vt 0.5911 0.4812 0.0000
vt 0.5911 0.4909 0.0000
vt 0.5913 0.4909 0.0000
vt 0.5913 0.4812 0.0000
vt 0.8271 0.4811 0.0000
vt 0.8269 0.4811 0.0000
vt 0.8269 0.4907 0.0000
vt 0.8271 0.4907 0.0000
vt 0.9966 0.2963 0.0000
vt 0.9968 0.2963 0.0000
vt 0.9968 0.2787 0.0000
vt 0.9966 0.2787 0.0000
vt 0.9956 0.0752 0.0000
vt 0.9956 0.0928 0.0000
vt 0.9958 0.0928 0.0000
vt 0.9958 0.0752 0.0000
vt 0.9957 0.1013 0.0000
vt 0.9955 0.1013 0.0000
vt 0.9955 0.1188 0.0000
vt 0.9957 0.1188 0.0000
vt 0.8310 0.4976 0.0000
vt 0.8313 0.4976 0.0000
vt 0.8313 0.4800 0.0000
vt 0.8310 0.4800 0.0000
vt 0.9949 0.0602 0.0000
vt 0.9952 0.0602 0.0000
vt 0.9952 0.0427 0.0000
vt 0.9949 0.0427 0.0000
vt 0.9952 0.0231 0.0000
vt 0.9949 0.0231 0.0000
vt 0.9949 0.0407 0.0000
vt 0.9952 0.0407 0.0000
vt 0.9948 0.3953 0.0000
vt 0.9948 0.4128 0.0000
vt 0.9950 0.4128 0.0000
vt 0.9950 0.3953 0.0000
vt 0.9947 0.3317 0.0000
vt 0.9949 0.3317 0.0000
vt 0.9949 0.3142 0.0000
vt 0.9947 0.3142 0.0000
vt 0.8597 0.4261 0.0000
vt 0.8599 0.4261 0.0000
vt 0.8599 0.4164 0.0000
vt 0.8597 0.4164 0.0000
vt 0.9252 0.4486 0.0000
vt 0.9254 0.4486 0.0000
vt 0.9254 0.4389 0.0000
vt 0.9252 0.4389 0.0000
vt 0.7900 0.4520 0.0000
vt 0.7900 0.4423 0.0000
vt 0.7898 0.4423 0.0000
vt 0.7898 0.4520 0.0000
vt 0.9878 0.3931 0.0000
vt 0.9878 0.3835 0.0000
vt 0.9875 0.3835 0.0000
vt 0.9875 0.3931 0.0000
vt 0.9885 0.2272 0.0000
vt 0.9885 0.2369 0.0000
vt 0.9888 0.2369 0.0000
vt 0.9888 0.2272 0.0000
vt 0.9900 0.3835 0.0000
vt 0.9898 0.3835 0.0000
vt 0.9898 0.3931 0.0000
vt 0.9900 0.3931 0.0000
vt 0.7616 0.4808 0.0000
vt 0.7616 0.4904 0.0000
vt 0.7619 0.4904 0.0000
vt 0.7619 0.4808 0.0000
vt 0.9905 0.0622 0.0000
vt 0.9905 0.0718 0.0000
vt 0.9907 0.0718 0.0000
vt 0.9907 0.0622 0.0000
vt 0.7933 0.4811 0.0000
vt 0.7933 0.4907 0.0000
vt 0.7935 0.4907 0.0000
vt 0.7935 0.4811 0.0000
vt 0.7955 0.4811 0.0000
vt 0.7955 0.4907 0.0000
vt 0.7957 0.4907 0.0000
vt 0.7957 0.4811 0.0000
vt 0.7979 0.4811 0.0000
vt 0.7977 0.4811 0.0000
vt 0.7977 0.4907 0.0000
vt 0.7979 0.4907 0.0000
vt 0.8001 0.4811 0.0000
vt 0.7999 0.4811 0.0000
vt 0.7999 0.4907 0.0000
vt 0.8001 0.4907 0.0000
vt 0.9900 0.2397 0.0000
vt 0.9900 0.2594 0.0000
vt 0.9902 0.2594 0.0000
vt 0.9902 0.2397 0.0000
vt 0.7900 0.4207 0.0000
vt 0.7898 0.4207 0.0000
vt 0.7898 0.4403 0.0000
vt 0.7900 0.4403 0.0000
vt 0.7554 0.4045 0.0000
vt 0.7554 0.4242 0.0000
vt 0.7556 0.4242 0.0000
vt 0.7556 0.4045 0.0000
vt 0.9898 0.3370 0.0000
vt 0.9898 0.3567 0.0000
vt 0.9900 0.3567 0.0000
vt 0.9900 0.3370 0.0000
vt 0.5428 0.4069 0.0000
vt 0.5428 0.3872 0.0000
vt 0.5426 0.3872 0.0000
vt 0.5426 0.4069 0.0000
vt 0.7104 0.4888 0.0000
vt 0.7104 0.4691 0.0000
vt 0.7102 0.4691 0.0000
vt 0.7102 0.4888 0.0000
vt 0.9890 0.0949 0.0000
vt 0.9892 0.0949 0.0000
vt 0.9892 0.0752 0.0000
vt 0.9890 0.0752 0.0000
vt 0.9868 0.1977 0.0000
vt 0.9870 0.1977 0.0000
vt 0.9870 0.1780 0.0000
vt 0.9868 0.1780 0.0000
vt 0.5455 0.4394 0.0000
vt 0.5536 0.4394 0.0000
vt 0.5536 0.4298 0.0000
vt 0.5455 0.4298 0.0000
vt 0.5985 0.3395 0.0000
vt 0.5985 0.3476 0.0000
vt 0.9498 0.4945 0.0000
vt 0.9498 0.4864 0.0000
vt 0.9494 0.4864 0.0000
vt 0.9494 0.4945 0.0000
vt 0.9393 0.0339 0.0000
vt 0.9393 0.0242 0.0000
vt 0.9312 0.0242 0.0000
vt 0.9312 0.0339 0.0000
vt 0.9312 0.0223 0.0000
vt 0.9393 0.0223 0.0000
vt 0.9393 0.0126 0.0000
vt 0.9312 0.0126 0.0000
vt 0.8956 0.2190 0.0000
vt 0.8942 0.2189 0.0000
vt 0.8942 0.2178 0.0000
vt 0.8955 0.2179 0.0000
vt 0.9450 0.4864 0.0000
vt 0.9446 0.4864 0.0000
vt 0.9446 0.4945 0.0000
vt 0.9450 0.4945 0.0000
vt 0.8942 0.2269 0.0000
vt 0.8942 0.2258 0.0000
vt 0.8955 0.2259 0.0000
vt 0.8956 0.2270 0.0000
vt 0.8956 0.2350 0.0000
vt 0.8942 0.2348 0.0000
vt 0.8942 0.2338 0.0000
vt 0.8955 0.2339 0.0000
vt 0.8942 0.2388 0.0000
vt 0.8942 0.2378 0.0000
vt 0.8955 0.2378 0.0000
vt 0.8956 0.2389 0.0000
vt 0.9027 0.0648 0.0000
vt 0.9041 0.0648 0.0000
vt 0.9042 0.0664 0.0000
vt 0.9027 0.0664 0.0000
vt 0.6011 0.4369 0.0000
vt 0.6092 0.4369 0.0000
vt 0.6092 0.4272 0.0000
vt 0.6011 0.4272 0.0000
vt 0.6813 0.4855 0.0000
vt 0.6813 0.4936 0.0000
vt 0.6817 0.4936 0.0000
vt 0.6817 0.4855 0.0000
vt 0.9106 0.1910 0.0000
vt 0.9106 0.1924 0.0000
vt 0.9090 0.1924 0.0000
vt 0.9090 0.1910 0.0000
vt 0.5154 0.2083 0.0000
vt 0.5079 0.2146 0.0000
vt 0.5101 0.2165 0.0000
vt 0.5147 0.2163 0.0000
vt 0.8930 0.4263 0.0000
vt 0.8849 0.4263 0.0000
vt 0.8849 0.4360 0.0000
vt 0.8930 0.4360 0.0000
vt 0.6753 0.4096 0.0000
vt 0.6749 0.4077 0.0000
vt 0.6776 0.4077 0.0000
vt 0.6776 0.4098 0.0000
vt 0.9921 0.4594 0.0000
vt 0.9921 0.4675 0.0000
vt 0.9926 0.4675 0.0000
vt 0.9926 0.4594 0.0000
vt 0.9110 0.1930 0.0000
vt 0.9126 0.1930 0.0000
vt 0.9126 0.1943 0.0000
vt 0.9110 0.1943 0.0000
vt 0.9115 0.3921 0.0000
vt 0.9128 0.3921 0.0000
vt 0.9128 0.3947 0.0000
vt 0.9115 0.3948 0.0000
vt 0.9135 0.0268 0.0000
vt 0.9127 0.0271 0.0000
vt 0.9128 0.0258 0.0000
vt 0.9139 0.0259 0.0000
vt 0.9128 0.0311 0.0000
vt 0.9128 0.0298 0.0000
vt 0.9144 0.0298 0.0000
vt 0.9138 0.0310 0.0000
vt 0.9130 0.1910 0.0000
vt 0.9146 0.1910 0.0000
vt 0.9146 0.1924 0.0000
vt 0.9130 0.1924 0.0000
vt 0.7696 0.4303 0.0000
vt 0.7777 0.4303 0.0000
vt 0.7777 0.4207 0.0000
vt 0.7696 0.4207 0.0000
vt 0.9745 0.0314 0.0000
vt 0.9745 0.0395 0.0000
vt 0.9749 0.0395 0.0000
vt 0.9749 0.0314 0.0000
vt 0.9170 0.1891 0.0000
vt 0.9186 0.1891 0.0000
vt 0.9186 0.1904 0.0000
vt 0.9170 0.1904 0.0000
vt 0.5058 0.2083 0.0000
vt 0.5058 0.2164 0.0000
vt 0.9199 0.1004 0.0000
vt 0.9184 0.1005 0.0000
vt 0.9184 0.0967 0.0000
vt 0.9197 0.0966 0.0000
vt 0.9560 0.0659 0.0000
vt 0.9560 0.0740 0.0000
vt 0.9564 0.0740 0.0000
vt 0.9564 0.0659 0.0000
vt 0.9233 0.2148 0.0000
vt 0.9233 0.2163 0.0000
vt 0.9216 0.2163 0.0000
vt 0.9216 0.2147 0.0000
vt 0.6002 0.4256 0.0000
vt 0.6000 0.4244 0.0000
vt 0.5980 0.4242 0.0000
vt 0.5982 0.4258 0.0000
vt 0.9315 0.0776 0.0000
vt 0.9316 0.0791 0.0000
vt 0.9300 0.0791 0.0000
vt 0.9300 0.0775 0.0000
vt 0.8618 0.4301 0.0000
vt 0.8619 0.4318 0.0000
vt 0.8597 0.4318 0.0000
vt 0.8597 0.4300 0.0000
vt 0.9332 0.0399 0.0000
vt 0.9344 0.0398 0.0000
vt 0.9344 0.0410 0.0000
vt 0.9332 0.0412 0.0000
vt 0.8724 0.0355 0.0000
vt 0.8805 0.0355 0.0000
vt 0.8805 0.0258 0.0000
vt 0.8724 0.0258 0.0000
vt 0.7236 0.4575 0.0000
vt 0.7317 0.4575 0.0000
vt 0.7317 0.4479 0.0000
vt 0.7236 0.4479 0.0000
vt 0.9340 0.0815 0.0000
vt 0.9355 0.0816 0.0000
vt 0.9356 0.0831 0.0000
vt 0.9340 0.0831 0.0000
vt 0.9375 0.0796 0.0000
vt 0.9376 0.0811 0.0000
vt 0.9360 0.0811 0.0000
vt 0.9360 0.0795 0.0000
vt 0.9379 0.3367 0.0000
vt 0.9362 0.3366 0.0000
vt 0.9362 0.3350 0.0000
vt 0.9379 0.3350 0.0000
vt 0.9396 0.3583 0.0000
vt 0.9396 0.3486 0.0000
vt 0.9315 0.3486 0.0000
vt 0.9315 0.3583 0.0000
vt 0.6001 0.4365 0.0000
vt 0.5977 0.4364 0.0000
vt 0.5979 0.4398 0.0000
vt 0.6003 0.4396 0.0000
vt 0.9504 0.1776 0.0000
vt 0.9504 0.1680 0.0000
vt 0.9423 0.1680 0.0000
vt 0.9423 0.1776 0.0000
vt 0.9384 0.0410 0.0000
vt 0.9372 0.0412 0.0000
vt 0.9372 0.0399 0.0000
vt 0.9383 0.0398 0.0000
vt 0.9382 0.3366 0.0000
vt 0.9382 0.3350 0.0000
vt 0.9399 0.3350 0.0000
vt 0.9399 0.3367 0.0000
vt 0.6360 0.2823 0.0000
vt 0.6364 0.2823 0.0000
vt 0.6364 0.2742 0.0000
vt 0.6360 0.2742 0.0000
vt 0.9397 0.1382 0.0000
vt 0.9399 0.1397 0.0000
vt 0.9383 0.1397 0.0000
vt 0.9383 0.1381 0.0000
vt 0.9383 0.1417 0.0000
vt 0.9383 0.1401 0.0000
vt 0.9396 0.1400 0.0000
vt 0.9399 0.1417 0.0000
vt 0.7087 0.4379 0.0000
vt 0.7006 0.4379 0.0000
vt 0.7006 0.4476 0.0000
vt 0.7087 0.4476 0.0000
vt 0.9751 0.2668 0.0000
vt 0.9766 0.2656 0.0000
vt 0.9766 0.2397 0.0000
vt 0.9750 0.2399 0.0000
vt 0.8405 0.3878 0.0000
vt 0.8602 0.3878 0.0000
vt 0.8602 0.3685 0.0000
vt 0.8405 0.3685 0.0000
vt 0.9798 0.4432 0.0000
vt 0.9800 0.4414 0.0000
vt 0.9800 0.4221 0.0000
vt 0.9798 0.4203 0.0000
vt 0.9788 0.4432 0.0000
vt 0.9788 0.4203 0.0000
vt 0.9786 0.4414 0.0000
vt 0.9786 0.4221 0.0000
vt 0.8832 0.2440 0.0000
vt 0.8832 0.2247 0.0000
vt 0.8648 0.2247 0.0000
vt 0.8648 0.2440 0.0000
vt 0.9748 0.3370 0.0000
vt 0.9748 0.3640 0.0000
vt 0.9764 0.3641 0.0000
vt 0.9764 0.3382 0.0000
vt 0.8832 0.2229 0.0000
vt 0.8646 0.2229 0.0000
vt 0.8646 0.2458 0.0000
vt 0.8832 0.2458 0.0000
vt 0.8602 0.3667 0.0000
vt 0.8408 0.3667 0.0000
vt 0.8408 0.3896 0.0000
vt 0.8602 0.3896 0.0000
vt 0.8626 0.2229 0.0000
vt 0.8623 0.2247 0.0000
vt 0.8623 0.2440 0.0000
vt 0.8626 0.2458 0.0000
vt 0.9715 0.2985 0.0000
vt 0.9730 0.2972 0.0000
vt 0.9730 0.2701 0.0000
vt 0.9714 0.2702 0.0000
vt 0.8632 0.3542 0.0000
vt 0.8839 0.3542 0.0000
vt 0.8839 0.3348 0.0000
vt 0.8632 0.3348 0.0000
vt 0.6768 0.3292 0.0000
vt 0.6758 0.3292 0.0000
vt 0.6755 0.3309 0.0000
vt 0.6755 0.3503 0.0000
vt 0.6758 0.3520 0.0000
vt 0.6768 0.3520 0.0000
vt 0.6770 0.3309 0.0000
vt 0.6770 0.3503 0.0000
vt 0.8600 0.0861 0.0000
vt 0.8407 0.0861 0.0000
vt 0.8407 0.1054 0.0000
vt 0.8600 0.1054 0.0000
vt 0.9698 0.1867 0.0000
vt 0.9698 0.2149 0.0000
vt 0.9714 0.2151 0.0000
vt 0.9714 0.1880 0.0000
vt 0.8407 0.1072 0.0000
vt 0.8603 0.1072 0.0000
vt 0.8603 0.0843 0.0000
vt 0.8407 0.0843 0.0000
vt 0.8838 0.3331 0.0000
vt 0.8635 0.3331 0.0000
vt 0.8635 0.3559 0.0000
vt 0.8838 0.3559 0.0000
vt 0.8622 0.1072 0.0000
vt 0.8625 0.1054 0.0000
vt 0.8625 0.0861 0.0000
vt 0.8622 0.0843 0.0000
vt 0.9735 0.0981 0.0000
vt 0.9756 0.0981 0.0000
vt 0.9756 0.0764 0.0000
vt 0.9735 0.0764 0.0000
vt 0.7913 0.0639 0.0000
vt 0.7696 0.0639 0.0000
vt 0.7696 0.1119 0.0000
vt 0.7913 0.1119 0.0000
vt 0.7117 0.2457 0.0000
vt 0.7138 0.2457 0.0000
vt 0.7140 0.2414 0.0000
vt 0.7115 0.2414 0.0000
vt 0.7140 0.1934 0.0000
vt 0.7138 0.1891 0.0000
vt 0.7115 0.1934 0.0000
vt 0.7117 0.1891 0.0000
vt 0.6907 0.3100 0.0000
vt 0.7123 0.3100 0.0000
vt 0.7123 0.2621 0.0000
vt 0.6907 0.2621 0.0000
vt 0.6290 0.4792 0.0000
vt 0.6290 0.4576 0.0000
vt 0.6269 0.4576 0.0000
vt 0.6269 0.4792 0.0000
vt 0.7123 0.2577 0.0000
vt 0.6907 0.2577 0.0000
vt 0.6907 0.3143 0.0000
vt 0.7123 0.3143 0.0000
vt 0.7696 0.1162 0.0000
vt 0.7913 0.1162 0.0000
vt 0.7913 0.0596 0.0000
vt 0.7696 0.0596 0.0000
vt 0.6499 0.3966 0.0000
vt 0.6499 0.3487 0.0000
vt 0.6497 0.3443 0.0000
vt 0.6476 0.3443 0.0000
vt 0.6474 0.3487 0.0000
vt 0.6474 0.3966 0.0000
vt 0.6476 0.4009 0.0000
vt 0.6497 0.4009 0.0000
vt 0.5910 0.4792 0.0000
vt 0.5910 0.4576 0.0000
vt 0.5888 0.4576 0.0000
vt 0.5888 0.4792 0.0000
vt 0.8149 0.0601 0.0000
vt 0.7933 0.0601 0.0000
vt 0.7933 0.1051 0.0000
vt 0.8149 0.1051 0.0000
vt 0.9118 0.3901 0.0000
vt 0.9120 0.3860 0.0000
vt 0.9120 0.3411 0.0000
vt 0.9118 0.3370 0.0000
vt 0.9097 0.3901 0.0000
vt 0.9097 0.3370 0.0000
vt 0.9095 0.3860 0.0000
vt 0.9095 0.3411 0.0000
vt 0.8169 0.1672 0.0000
vt 0.8385 0.1672 0.0000
vt 0.8385 0.1222 0.0000
vt 0.8169 0.1222 0.0000
vt 0.9029 0.4784 0.0000
vt 0.9029 0.4567 0.0000
vt 0.9008 0.4567 0.0000
vt 0.9008 0.4784 0.0000
vt 0.8385 0.1182 0.0000
vt 0.8169 0.1182 0.0000
vt 0.8169 0.1713 0.0000
vt 0.8385 0.1713 0.0000
vt 0.7933 0.1091 0.0000
vt 0.8149 0.1091 0.0000
vt 0.8149 0.0561 0.0000
vt 0.7933 0.0561 0.0000
vt 0.9253 0.3901 0.0000
vt 0.9255 0.3860 0.0000
vt 0.9255 0.3411 0.0000
vt 0.9253 0.3370 0.0000
vt 0.9232 0.3901 0.0000
vt 0.9232 0.3370 0.0000
vt 0.9230 0.3860 0.0000
vt 0.9230 0.3411 0.0000
vt 0.5970 0.4783 0.0000
vt 0.5988 0.4783 0.0000
vt 0.5988 0.4576 0.0000
vt 0.5970 0.4576 0.0000
vt 0.7146 0.3514 0.0000
vt 0.7354 0.3514 0.0000
vt 0.7354 0.3178 0.0000
vt 0.7146 0.3178 0.0000
vt 0.8978 0.1091 0.0000
vt 0.8980 0.1121 0.0000
vt 0.8998 0.1121 0.0000
vt 0.8999 0.1091 0.0000
vt 0.8999 0.0755 0.0000
vt 0.8998 0.0724 0.0000
vt 0.8978 0.0755 0.0000
vt 0.8980 0.0724 0.0000
vt 0.8140 0.3415 0.0000
vt 0.7933 0.3415 0.0000
vt 0.7933 0.3751 0.0000
vt 0.8140 0.3751 0.0000
vt 0.7286 0.4595 0.0000
vt 0.7286 0.4802 0.0000
vt 0.7304 0.4802 0.0000
vt 0.7304 0.4595 0.0000
vt 0.7933 0.3782 0.0000
vt 0.8140 0.3782 0.0000
vt 0.8140 0.3385 0.0000
vt 0.7933 0.3385 0.0000
vt 0.7354 0.3147 0.0000
vt 0.7146 0.3147 0.0000
vt 0.7146 0.3544 0.0000
vt 0.7354 0.3544 0.0000
vt 0.9283 0.1563 0.0000
vt 0.9282 0.1594 0.0000
vt 0.9282 0.1930 0.0000
vt 0.9283 0.1960 0.0000
vt 0.9301 0.1563 0.0000
vt 0.9301 0.1960 0.0000
vt 0.9303 0.1594 0.0000
vt 0.9303 0.1930 0.0000
vt 0.9690 0.4594 0.0000
vt 0.9690 0.4801 0.0000
vt 0.9708 0.4801 0.0000
vt 0.9708 0.4594 0.0000
vt 0.6907 0.3530 0.0000
vt 0.7114 0.3530 0.0000
vt 0.7114 0.3194 0.0000
vt 0.6907 0.3194 0.0000
vt 0.9303 0.2010 0.0000
vt 0.9301 0.1980 0.0000
vt 0.9283 0.1980 0.0000
vt 0.9282 0.2010 0.0000
vt 0.9282 0.2346 0.0000
vt 0.9283 0.2377 0.0000
vt 0.9303 0.2346 0.0000
vt 0.9301 0.2377 0.0000
vt 0.6736 0.3322 0.0000
vt 0.6528 0.3322 0.0000
vt 0.6528 0.3658 0.0000
vt 0.6736 0.3658 0.0000
vt 0.8176 0.4791 0.0000
vt 0.8176 0.4584 0.0000
vt 0.8159 0.4584 0.0000
vt 0.8159 0.4791 0.0000
vt 0.6528 0.3688 0.0000
vt 0.6736 0.3688 0.0000
vt 0.6736 0.3292 0.0000
vt 0.6528 0.3292 0.0000
vt 0.7114 0.3163 0.0000
vt 0.6907 0.3163 0.0000
vt 0.6907 0.3560 0.0000
vt 0.7114 0.3560 0.0000
vt 0.9295 0.3817 0.0000
vt 0.9294 0.3787 0.0000
vt 0.9276 0.3787 0.0000
vt 0.9274 0.3817 0.0000
vt 0.9274 0.4153 0.0000
vt 0.9276 0.4183 0.0000
vt 0.9295 0.4153 0.0000
vt 0.9294 0.4183 0.0000
# 1084 texture coords

o WINDOW_009
g WINDOW_009
usemtl BARN_SCENE_BARN_TEXTURES
s off
f 721/2367/137 722/2368/137 723/2369/137 
f 723/2369/137 724/2370/137 721/2367/137 
f 725/2371/138 726/2372/138 727/2373/138 
f 727/2373/138 728/2374/138 725/2371/138 
f 729/2375/137 730/2376/137 731/2377/137 
f 731/2377/137 732/2378/137 729/2375/137 
f 733/2379/138 734/2380/138 735/2381/138 
f 735/2381/138 736/2382/138 733/2379/138 
f 737/2383/139 738/2384/139 739/2385/139 
f 739/2385/139 740/2386/139 737/2383/139 
f 741/2387/140 742/2388/140 743/2389/140 
f 743/2389/140 744/2390/140 741/2387/140 
f 724/2391/138 723/2392/138 745/2393/138 
f 745/2393/138 746/2394/138 724/2391/138 
f 742/2395/141 730/2396/141 729/2397/141 
f 729/2397/141 743/2398/141 742/2395/141 
f 746/2399/142 747/2400/142 721/2401/142 
f 721/2401/142 724/2402/142 746/2399/142 
f 748/2403/139 749/2404/139 750/2405/139 
f 750/2405/139 751/2406/139 748/2403/139 
f 752/2407/141 753/2408/141 754/2409/141 
f 754/2409/141 755/2410/141 752/2407/141 
f 756/2411/141 757/2412/141 758/2413/141 
f 758/2413/141 750/2414/141 756/2411/141 
f 734/2415/138 733/2416/138 745/2417/138 
f 745/2417/138 723/2418/138 734/2415/138 
f 728/2419/138 736/2420/138 735/2421/138 
f 735/2421/138 725/2422/138 728/2419/138 
f 759/2423/137 760/2424/137 761/2425/137 
f 761/2425/137 762/2426/137 759/2423/137 
f 763/2427/139 764/2428/139 756/2429/139 
f 756/2429/139 765/2430/139 763/2427/139 
f 766/2431/140 767/2432/140 768/2433/140 
f 768/2433/140 769/2434/140 766/2431/140 
f 770/2435/137 771/2436/137 772/2437/137 
f 772/2437/137 773/2438/137 770/2435/137 
f 774/2439/137 726/2440/137 725/2441/137 
f 725/2441/137 775/2442/137 774/2439/137 
f 776/2443/142 745/2444/142 733/2445/142 
f 733/2445/142 777/2446/142 776/2443/142 
f 740/2447/138 764/2448/138 763/2449/138 
f 763/2449/138 737/2450/138 740/2447/138 
f 749/2451/138 765/2452/138 756/2453/138 
f 756/2453/138 750/2454/138 749/2451/138 
f 778/2455/140 779/2456/140 780/2457/140 
f 780/2457/140 781/2458/140 778/2455/140 
f 757/2459/140 756/2460/140 764/2461/140 
f 764/2461/140 782/2462/140 757/2459/140 
f 783/2463/140 784/2464/140 785/2465/140 
f 785/2465/140 786/2466/140 783/2463/140 
f 736/2467/140 787/2468/140 777/2469/140 
f 777/2469/140 733/2470/140 736/2467/140 
f 788/2471/137 789/2472/137 790/2473/137 
f 790/2473/137 791/2474/137 788/2471/137 
f 792/2475/137 793/2476/137 763/2477/137 
f 763/2477/137 765/2478/137 792/2475/137 
f 794/2479/137 795/2480/137 796/2481/137 
f 796/2481/137 797/2482/137 794/2479/137 
f 798/2483/137 799/2484/137 735/2485/137 
f 735/2485/137 734/2486/137 798/2483/137 
f 734/2487/141 723/2488/141 722/2489/141 
f 722/2489/141 798/2490/141 734/2487/141 
f 794/2491/141 797/2492/141 760/2493/141 
f 760/2493/141 759/2494/141 794/2491/141 
f 770/2495/141 773/2496/141 800/2497/141 
f 800/2497/141 801/2498/141 770/2495/141 
f 788/2499/141 791/2500/141 802/2501/141 
f 802/2501/141 803/2502/141 788/2499/141 
f 736/2503/141 728/2504/141 804/2505/141 
f 804/2505/141 787/2506/141 736/2503/141 
f 784/2507/141 783/2508/141 741/2509/141 
f 741/2509/141 744/2510/141 784/2507/141 
f 767/2511/141 766/2512/141 805/2513/141 
f 805/2513/141 806/2514/141 767/2511/141 
f 779/2515/141 778/2516/141 807/2517/141 
f 807/2517/141 808/2518/141 779/2515/141 
f 763/2519/141 793/2520/141 809/2521/141 
f 809/2521/141 737/2522/141 763/2519/141 
f 809/2523/137 810/2524/137 738/2525/137 
f 738/2525/137 737/2526/137 809/2523/137 
f 803/2527/137 802/2528/137 811/2529/137 
f 811/2529/137 812/2530/137 803/2527/137 
f 801/2531/137 800/2532/137 813/2533/137 
f 813/2533/137 814/2534/137 801/2531/137 
f 731/2535/142 796/2536/142 795/2537/142 
f 795/2537/142 732/2538/142 731/2535/142 
f 815/2539/142 772/2540/142 771/2541/142 
f 771/2541/142 816/2542/142 815/2539/142 
f 817/2543/142 790/2544/142 789/2545/142 
f 789/2545/142 818/2546/142 817/2543/142 
f 765/2547/142 749/2548/142 819/2549/142 
f 819/2549/142 792/2550/142 765/2547/142 
f 820/2551/142 786/2552/142 785/2553/142 
f 785/2553/142 821/2554/142 820/2551/142 
f 822/2555/142 769/2556/142 768/2557/142 
f 768/2557/142 823/2558/142 822/2555/142 
f 824/2559/142 781/2560/142 780/2561/142 
f 780/2561/142 825/2562/142 824/2559/142 
f 740/2563/142 826/2564/142 782/2565/142 
f 782/2565/142 764/2566/142 740/2563/142 
f 827/2567/142 812/2568/142 811/2569/142 
f 811/2569/142 828/2570/142 827/2567/142 
f 829/2571/142 814/2572/142 813/2573/142 
f 813/2573/142 830/2574/142 829/2571/142 
f 831/2575/142 762/2576/142 761/2577/142 
f 761/2577/142 832/2578/142 831/2575/142 
f 746/2579/140 745/2580/140 776/2581/140 
f 776/2581/140 747/2582/140 746/2579/140 
f 833/2583/140 804/2584/140 728/2585/140 
f 728/2585/140 727/2586/140 833/2583/140 
f 834/2587/141 835/2588/141 748/2589/141 
f 748/2589/141 751/2590/141 834/2587/141 
f 836/2591/141 837/2592/141 838/2593/141 
f 838/2593/141 839/2594/141 836/2591/141 
f 840/2595/141 841/2596/141 842/2597/141 
f 842/2597/141 843/2598/141 840/2595/141 
f 725/2599/142 735/2600/142 799/2601/142 
f 799/2601/142 775/2602/142 725/2599/142 
f 750/2603/140 758/2604/140 834/2605/140 
f 834/2605/140 751/2606/140 750/2603/140 
f 807/2607/140 838/2608/140 837/2609/140 
f 837/2609/140 808/2610/140 807/2607/140 
f 805/2611/140 842/2612/140 841/2613/140 
f 841/2613/140 806/2614/140 805/2611/140 
f 819/2615/137 749/2616/137 748/2617/137 
f 748/2617/137 835/2618/137 819/2615/137 
f 836/2619/137 839/2620/137 817/2621/137 
f 817/2621/137 818/2622/137 836/2619/137 
f 840/2623/137 843/2624/137 815/2625/137 
f 815/2625/137 816/2626/137 840/2623/137 
f 774/2627/141 833/2628/141 727/2629/141 
f 727/2629/141 726/2630/141 774/2627/141 
f 844/2631/140 826/2632/140 740/2633/140 
f 740/2633/140 739/2634/140 844/2631/140 
f 824/2635/140 825/2636/140 827/2637/140 
f 827/2637/140 828/2638/140 824/2635/140 
f 830/2639/140 822/2640/140 823/2641/140 
f 823/2641/140 829/2642/140 830/2639/140 
f 832/2643/140 820/2644/140 821/2645/140 
f 821/2645/140 831/2646/140 832/2643/140 
f 801/2647/138 845/2648/138 846/2649/138 
f 846/2649/138 770/2650/138 801/2647/138 
f 847/2651/138 848/2652/138 732/2653/138 
f 732/2653/138 795/2654/138 847/2651/138 
f 777/2655/138 787/2656/138 849/2657/138 
f 849/2657/138 850/2658/138 777/2655/138 
f 815/2659/138 851/2660/138 852/2661/138 
f 852/2661/138 772/2662/138 815/2659/138 
f 853/2663/138 831/2664/138 821/2665/138 
f 821/2665/138 854/2666/138 853/2663/138 
f 842/2667/139 805/2668/139 855/2669/139 
f 855/2669/139 856/2670/139 842/2667/139 
f 857/2671/138 858/2672/138 809/2673/138 
f 809/2673/138 793/2674/138 857/2671/138 
f 859/2675/139 783/2676/139 786/2677/139 
f 786/2677/139 860/2678/139 859/2675/139 
f 828/2679/139 861/2680/139 862/2681/139 
f 862/2681/139 824/2682/139 828/2679/139 
f 863/2683/138 744/2684/138 743/2685/138 
f 743/2685/138 864/2686/138 863/2683/138 
f 865/2687/138 866/2688/138 775/2689/138 
f 775/2689/138 799/2690/138 865/2687/138 
f 803/2691/138 867/2692/138 868/2693/138 
f 868/2693/138 788/2694/138 803/2691/138 
f 869/2695/139 789/2696/139 788/2697/139 
f 788/2697/139 868/2698/139 869/2695/139 
f 731/2699/138 870/2700/138 871/2701/138 
f 871/2701/138 796/2702/138 731/2699/138 
f 872/2703/138 873/2704/138 829/2705/138 
f 829/2705/138 823/2706/138 872/2703/138 
f 807/2707/139 874/2708/139 875/2709/139 
f 875/2709/139 838/2710/139 807/2707/139 
f 793/2711/138 792/2712/138 876/2713/138 
f 876/2713/138 857/2714/138 793/2711/138 
f 844/2715/139 877/2716/139 878/2717/139 
f 878/2717/139 826/2718/139 844/2715/139 
f 879/2719/138 880/2720/138 806/2721/138 
f 806/2721/138 841/2722/138 879/2719/138 
f 741/2723/138 783/2724/138 859/2725/138 
f 859/2725/138 881/2726/138 741/2723/138 
f 760/2727/138 882/2728/138 883/2729/138 
f 883/2729/138 761/2730/138 760/2727/138 
f 884/2731/139 771/2732/139 770/2733/139 
f 770/2733/139 846/2734/139 884/2731/139 
f 885/2735/139 886/2736/139 722/2737/139 
f 722/2737/139 721/2738/139 885/2735/139 
f 887/2739/138 888/2740/138 827/2741/138 
f 827/2741/138 825/2742/138 887/2739/138 
f 752/2743/139 889/2744/139 834/2745/139 
f 834/2745/139 758/2746/139 752/2743/139 
f 890/2747/138 849/2748/138 787/2749/138 
f 787/2749/138 804/2750/138 890/2747/138 
f 791/2751/138 790/2752/138 891/2753/138 
f 891/2753/138 892/2754/138 791/2751/138 
f 887/2755/138 825/2756/138 780/2757/138 
f 780/2757/138 893/2758/138 887/2755/138 
f 837/2759/138 894/2760/138 755/2761/138 
f 755/2761/138 808/2762/138 837/2759/138 
f 832/2763/138 761/2764/138 883/2765/138 
f 883/2765/138 895/2766/138 832/2763/138 
f 896/2767/138 813/2768/138 800/2769/138 
f 800/2769/138 897/2770/138 896/2767/138 
f 898/2771/138 782/2772/138 826/2773/138 
f 826/2773/138 878/2774/138 898/2771/138 
f 766/2775/138 899/2776/138 855/2777/138 
f 855/2777/138 805/2778/138 766/2775/138 
f 721/2779/138 747/2780/138 900/2781/138 
f 900/2781/138 885/2782/138 721/2779/138 
f 795/2783/139 794/2784/139 901/2785/139 
f 901/2785/139 847/2786/139 795/2783/139 
f 759/2787/139 762/2788/139 902/2789/139 
f 902/2789/139 903/2790/139 759/2787/139 
f 730/2791/138 904/2792/138 870/2793/138 
f 870/2793/138 731/2794/138 730/2791/138 
f 905/2795/138 830/2796/138 813/2797/138 
f 813/2797/138 896/2798/138 905/2795/138 
f 906/2799/138 773/2800/138 772/2801/138 
f 772/2801/138 852/2802/138 906/2799/138 
f 768/2803/138 907/2804/138 872/2805/138 
f 872/2805/138 823/2806/138 768/2803/138 
f 908/2807/138 784/2808/138 744/2809/138 
f 744/2809/138 863/2810/138 908/2807/138 
f 762/2811/138 831/2812/138 853/2813/138 
f 853/2813/138 902/2814/138 762/2811/138 
f 909/2815/138 811/2816/138 802/2817/138 
f 802/2817/138 910/2818/138 909/2815/138 
f 862/2819/138 911/2820/138 781/2821/138 
f 781/2821/138 824/2822/138 862/2819/138 
f 774/2823/139 775/2824/139 866/2825/139 
f 866/2825/139 912/2826/139 774/2823/139 
f 828/2827/138 811/2828/138 909/2829/138 
f 909/2829/138 861/2830/138 828/2827/138 
f 799/2831/139 798/2832/139 913/2833/139 
f 913/2833/139 865/2834/139 799/2831/139 
f 801/2835/139 814/2836/139 914/2837/139 
f 914/2837/139 845/2838/139 801/2835/139 
f 844/2839/142 739/2840/142 738/2841/142 
f 738/2841/142 810/2842/142 844/2839/142 
f 874/2843/141 915/2844/141 916/2845/141 
f 916/2845/141 880/2846/141 874/2843/141 
f 855/2847/141 899/2848/141 908/2849/141 
f 908/2849/141 863/2850/141 855/2847/141 
f 881/2851/141 859/2852/141 849/2853/141 
f 849/2853/141 890/2854/141 881/2851/141 
f 858/2855/141 857/2856/141 868/2857/141 
f 868/2857/141 867/2858/141 858/2855/141 
f 910/2859/141 892/2860/141 846/2861/141 
f 846/2861/141 845/2862/141 910/2859/141 
f 906/2863/141 901/2864/141 903/2865/141 
f 903/2865/141 897/2866/141 906/2863/141 
f 917/2867/141 913/2868/141 886/2869/141 
f 886/2869/141 882/2870/141 917/2867/141 
f 871/2871/137 865/2872/137 913/2873/137 
f 913/2873/137 917/2874/137 871/2871/137 
f 847/2875/137 901/2876/137 906/2877/137 
f 906/2877/137 852/2878/137 847/2875/137 
f 884/2879/137 846/2880/137 892/2881/137 
f 892/2881/137 891/2882/137 884/2879/137 
f 869/2883/137 868/2884/137 857/2885/137 
f 857/2885/137 876/2886/137 869/2883/137 
f 859/2887/140 860/2888/140 850/2889/140 
f 850/2889/140 849/2890/140 859/2887/140 
f 899/2891/140 918/2892/140 919/2893/140 
f 919/2893/140 908/2894/140 899/2891/140 
f 911/2895/140 907/2896/140 916/2897/140 
f 916/2897/140 915/2898/140 911/2895/140 
f 753/2899/140 898/2900/140 893/2901/140 
f 893/2901/140 754/2902/140 753/2899/140 
f 920/2903/137 921/2904/137 858/2905/137 
f 858/2905/137 867/2906/137 920/2903/137 
f 914/2907/137 909/2908/137 910/2909/137 
f 910/2909/137 845/2910/137 914/2907/137 
f 903/2911/137 902/2912/137 896/2913/137 
f 896/2913/137 897/2914/137 903/2911/137 
f 882/2915/137 886/2916/137 885/2917/137 
f 885/2917/137 883/2918/137 882/2915/137 
f 865/2919/142 871/2920/142 870/2921/142 
f 870/2921/142 866/2922/142 865/2919/142 
f 852/2923/142 851/2924/142 848/2925/142 
f 848/2925/142 847/2926/142 852/2923/142 
f 884/2927/142 891/2928/142 922/2929/142 
f 922/2929/142 923/2930/142 884/2927/142 
f 869/2931/142 876/2932/142 924/2933/142 
f 924/2933/142 925/2934/142 869/2931/142 
f 850/2935/142 860/2936/142 926/2937/142 
f 926/2937/142 927/2938/142 850/2935/142 
f 919/2939/142 918/2940/142 928/2941/142 
f 928/2941/142 854/2942/142 919/2939/142 
f 911/2943/142 862/2944/142 872/2945/142 
f 872/2945/142 907/2946/142 911/2943/142 
f 893/2947/142 898/2948/142 878/2949/142 
f 878/2949/142 887/2950/142 893/2947/142 
f 887/2951/140 878/2952/140 877/2953/140 
f 877/2953/140 888/2954/140 887/2951/140 
f 872/2955/140 862/2956/140 861/2957/140 
f 861/2957/140 873/2958/140 872/2955/140 
f 928/2959/140 905/2960/140 853/2961/140 
f 853/2961/140 854/2962/140 928/2959/140 
f 926/2963/140 895/2964/140 900/2965/140 
f 900/2965/140 927/2966/140 926/2963/140 
f 929/2967/137 925/2968/137 924/2969/137 
f 924/2969/137 930/2970/137 929/2967/137 
f 931/2971/137 932/2972/137 923/2973/137 
f 923/2973/137 922/2974/137 931/2971/137 
f 933/2975/137 848/2976/137 851/2977/137 
f 851/2977/137 934/2978/137 933/2975/137 
f 912/2979/137 866/2980/137 870/2981/137 
f 870/2981/137 904/2982/137 912/2979/137 
f 755/2983/140 894/2984/140 889/2985/140 
f 889/2985/140 752/2986/140 755/2983/140 
f 880/2987/140 879/2988/140 875/2989/140 
f 875/2989/140 874/2990/140 880/2987/140 
f 855/2991/140 863/2992/140 864/2993/140 
f 864/2993/140 856/2994/140 855/2991/140 
f 881/2995/140 890/2996/140 935/2997/140 
f 935/2997/140 936/2998/140 881/2995/140 
f 894/2999/141 929/3000/141 930/3001/141 
f 930/3001/141 889/3002/141 894/2999/141 
f 875/3003/141 879/3004/141 932/3005/141 
f 932/3005/141 931/3006/141 875/3003/141 
f 864/3007/141 933/3008/141 934/3009/141 
f 934/3009/141 856/3010/141 864/3007/141 
f 935/3011/141 912/3012/141 904/3013/141 
f 904/3013/141 936/3014/141 935/3011/141 
f 877/3015/142 921/3016/142 920/3017/142 
f 920/3017/142 888/3018/142 877/3015/142 
f 861/3019/142 909/3020/142 914/3021/142 
f 914/3021/142 873/3022/142 861/3019/142 
f 853/3023/142 905/3024/142 896/3025/142 
f 896/3025/142 902/3026/142 853/3023/142 
f 900/3027/142 895/3028/142 883/3029/142 
f 883/3029/142 885/3030/142 900/3027/142 
f 890/3031/138 804/3032/138 833/3033/138 
f 833/3033/138 935/3034/138 890/3031/138 
f 822/3035/139 830/2796/139 905/2795/139 
f 905/2795/139 928/3036/139 822/3035/139 
f 899/3037/139 766/3038/139 769/3039/139 
f 769/3039/139 918/3040/139 899/3037/139 
f 742/3041/139 741/3042/139 881/3043/139 
f 881/3043/139 936/3044/139 742/3041/139 
f 900/3045/138 747/3046/138 776/3047/138 
f 776/3047/138 927/3048/138 900/3045/138 
f 817/3049/138 922/3050/138 891/3051/138 
f 891/3051/138 790/3052/138 817/3049/138 
f 785/3053/138 784/3054/138 908/3055/138 
f 908/3055/138 919/3056/138 785/3053/138 
f 892/3057/138 910/3058/138 802/3059/138 
f 802/3059/138 791/3060/138 892/3057/138 
f 836/3061/138 929/3062/138 894/3063/138 
f 894/3063/138 837/3064/138 836/3061/138 
f 884/3065/138 923/3066/138 816/3067/138 
f 816/3067/138 771/3068/138 884/3065/138 
f 889/3069/138 930/3070/138 835/3071/138 
f 835/3071/138 834/3072/138 889/3069/138 
f 926/3073/139 820/3074/139 832/3075/139 
f 832/3075/139 895/3076/139 926/3073/139 
f 781/3077/139 911/3078/139 915/3079/139 
f 915/3079/139 778/3080/139 781/3077/139 
f 901/3081/138 794/3082/138 759/3083/138 
f 759/3083/138 903/3084/138 901/3081/138 
f 840/3085/138 932/3086/138 879/3087/138 
f 879/3087/138 841/3088/138 840/3085/138 
f 818/3089/139 925/3090/139 929/3091/139 
f 929/3091/139 836/3092/139 818/3089/139 
f 819/3093/138 924/3094/138 876/3095/138 
f 876/3095/138 792/3096/138 819/3093/138 
f 767/3097/138 916/3098/138 907/3099/138 
f 907/3099/138 768/3100/138 767/3097/138 
f 875/3101/138 931/3102/138 839/3103/138 
f 839/3103/138 838/3104/138 875/3101/138 
f 869/3105/138 925/3106/138 818/3107/138 
f 818/3107/138 789/3108/138 869/3105/138 
f 800/3109/138 773/3110/138 906/3111/138 
f 906/3111/138 897/3112/138 800/3109/138 
f 729/3113/138 933/3114/138 864/3115/138 
f 864/3115/138 743/3116/138 729/3113/138 
f 755/3117/138 754/3118/138 779/3119/138 
f 779/3119/138 808/3120/138 755/3117/138 
f 924/3121/138 819/3122/138 835/3123/138 
f 835/3123/138 930/3124/138 924/3121/138 
f 782/3125/139 898/3126/139 753/3127/139 
f 753/3127/139 757/3128/139 782/3125/139 
f 856/3129/142 934/3130/142 843/3131/142 
f 843/3131/142 842/3132/142 856/3129/142 
f 816/3133/139 923/3134/139 932/3086/139 
f 932/3086/139 840/3085/139 816/3133/139 
f 786/3135/138 820/3136/138 926/3137/138 
f 926/3137/138 860/3138/138 786/3135/138 
f 779/3139/138 754/3140/138 893/3141/138 
f 893/3141/138 780/3142/138 779/3139/138 
f 913/3143/138 798/3144/138 722/3145/138 
f 722/3145/138 886/3146/138 913/3143/138 
f 774/3147/138 912/3148/138 935/3149/138 
f 935/3149/138 833/3150/138 774/3147/138 
f 752/3151/138 758/3152/138 757/3153/138 
f 757/3153/138 753/3154/138 752/3151/138 
f 927/3155/138 776/3156/138 777/3157/138 
f 777/3157/138 850/3158/138 927/3155/138 
f 936/3159/138 904/3160/138 730/3161/138 
f 730/3161/138 742/3162/138 936/3159/138 
f 922/3163/138 817/3164/138 839/3165/138 
f 839/3165/138 931/3166/138 922/3163/138 
f 867/3167/139 803/3168/139 812/3169/139 
f 812/3169/139 920/3170/139 867/3167/139 
f 917/3171/138 882/3172/138 760/3173/138 
f 760/3173/138 797/3174/138 917/3171/138 
f 920/3175/138 812/3176/138 827/3177/138 
f 827/3177/138 888/3178/138 920/3175/138 
f 767/3179/138 806/3180/138 880/3181/138 
f 880/3181/138 916/3182/138 767/3179/138 
f 729/3183/139 732/3184/139 848/3185/139 
f 848/3185/139 933/3186/139 729/3183/139 
f 928/3187/138 918/3188/138 769/3189/138 
f 769/3189/138 822/3190/138 928/3187/138 
f 810/3191/138 809/3192/138 858/3193/138 
f 858/3193/138 921/3194/138 810/3191/138 
f 844/3195/138 810/3196/138 921/3197/138 
f 921/3197/138 877/3198/138 844/3195/138 
f 785/3199/138 919/3200/138 854/3201/138 
f 854/3201/138 821/3202/138 785/3199/138 
f 871/3203/138 917/3204/138 797/3205/138 
f 797/3205/138 796/3206/138 871/3203/138 
f 914/3207/141 814/3208/141 829/3209/141 
f 829/3209/141 873/3210/141 914/3207/141 
f 778/3211/138 915/3212/138 874/3213/138 
f 874/3213/138 807/3214/138 778/3211/138 
f 843/3215/138 934/3216/138 851/3217/138 
f 851/3217/138 815/3218/138 843/3215/138 
f 937/3219/137 938/3220/137 939/3221/137 
f 939/3221/137 940/3222/137 937/3219/137 
f 941/3223/143 942/3224/143 943/3225/143 
f 943/3225/143 944/3226/143 941/3223/143 
f 939/3227/144 945/3228/144 946/3229/144 
f 939/3227/144 946/3229/144 947/3230/144 
f 940/3231/144 939/3227/144 947/3230/144 
f 940/3231/144 947/3230/144 948/3232/144 
f 942/3233/144 940/3231/144 948/3232/144 
f 943/3234/144 942/3233/144 948/3232/144 
f 946/3235/145 945/3236/145 949/3237/145 
f 949/3237/145 950/3238/145 946/3235/145 
f 951/3239/140 948/3240/140 947/3241/140 
f 947/3241/140 952/3242/140 951/3239/140 
f 945/3236/146 939/3243/146 938/3244/146 
f 938/3244/146 949/3237/146 945/3236/146 
f 950/3238/147 952/3245/147 947/3246/147 
f 947/3246/147 946/3235/147 950/3238/147 
f 948/3247/148 951/3248/148 944/3226/148 
f 944/3226/148 943/3225/148 948/3247/148 
f 942/3224/149 941/3223/149 937/3249/149 
f 937/3249/149 940/3250/149 942/3224/149 
f 949/3237/150 938/3244/150 937/3251/150 
f 937/3251/150 941/3252/150 944/3253/150 
f 949/3237/150 937/3251/150 944/3253/150 
f 949/3237/150 944/3253/150 951/3254/150 
f 950/3238/150 949/3237/150 951/3254/150 
f 950/3238/150 951/3254/150 952/3245/150 
f 953/3255/140 954/3256/140 955/3257/140 
f 955/3257/140 956/3258/140 953/3255/140 
f 957/3259/151 958/3260/151 959/3261/151 
f 959/3261/151 960/3262/151 957/3259/151 
f 956/3263/152 955/3264/152 961/3265/152 
f 961/3265/152 962/3266/152 963/3267/152 
f 956/3263/152 961/3265/152 963/3267/152 
f 956/3263/152 963/3267/152 964/3268/152 
f 958/3269/152 956/3263/152 964/3268/152 
f 959/3270/152 958/3269/152 964/3268/152 
f 965/3271/153 962/3272/153 961/3273/153 
f 961/3273/153 966/3274/153 965/3271/153 
f 967/3275/137 964/3276/137 963/3277/137 
f 963/3277/137 968/3278/137 967/3275/137 
f 966/3274/154 961/3273/154 955/3279/154 
f 955/3279/154 954/3280/154 966/3274/154 
f 962/3272/155 965/3271/155 968/3281/155 
f 968/3281/155 963/3282/155 962/3272/155 
f 964/3283/156 967/3284/156 960/3262/156 
f 960/3262/156 959/3261/156 964/3283/156 
f 958/3260/157 957/3259/157 953/3285/157 
f 953/3285/157 956/3286/157 958/3260/157 
f 965/3271/158 966/3274/158 954/3280/158 
f 953/3287/158 957/3288/158 960/3289/158 
f 953/3287/158 960/3289/158 967/3290/158 
f 954/3280/158 953/3287/158 967/3290/158 
f 965/3271/158 954/3280/158 967/3290/158 
f 965/3271/158 967/3290/158 968/3281/158 
f 969/3291/140 970/3292/140 971/3293/140 
f 971/3293/140 972/3294/140 969/3291/140 
f 973/3295/139 974/3296/139 975/3297/139 
f 975/3297/139 976/3298/139 973/3295/139 
f 972/3299/159 971/3300/159 977/3301/159 
f 974/3302/159 972/3299/159 977/3301/159 
f 977/3301/159 978/3303/159 979/3304/159 
f 974/3302/159 977/3301/159 979/3304/159 
f 975/3305/159 974/3302/159 979/3304/159 
f 975/3305/159 979/3304/159 980/3306/159 
f 981/3307/138 978/3308/138 977/3309/138 
f 977/3309/138 982/3310/138 981/3307/138 
f 983/3311/137 980/3312/137 979/3313/137 
f 979/3313/137 984/3314/137 983/3311/137 
f 982/3310/160 977/3309/160 971/3315/160 
f 971/3315/160 970/3316/160 982/3310/160 
f 978/3308/161 981/3307/161 984/3317/161 
f 984/3317/161 979/3318/161 978/3308/161 
f 980/3319/162 983/3320/162 976/3298/162 
f 976/3298/162 975/3297/162 980/3319/162 
f 974/3296/163 973/3295/163 969/3321/163 
f 969/3321/163 972/3322/163 974/3296/163 
f 981/3323/142 982/3324/142 970/3325/142 
f 981/3323/142 970/3325/142 969/3326/142 
f 981/3323/142 969/3326/142 973/3327/142 
f 981/3323/142 973/3327/142 976/3328/142 
f 981/3323/142 976/3328/142 983/3329/142 
f 981/3323/142 983/3329/142 984/3330/142 
f 985/3331/140 986/3332/140 987/3333/140 
f 987/3333/140 988/3334/140 985/3331/140 
f 989/3335/139 990/3336/139 991/3337/139 
f 991/3337/139 992/3338/139 989/3335/139 
f 986/3339/159 993/3340/159 994/3341/159 
f 986/3339/159 994/3341/159 995/3342/159 
f 987/3343/159 986/3339/159 995/3342/159 
f 987/3343/159 995/3342/159 996/3344/159 
f 990/3345/159 987/3343/159 996/3344/159 
f 991/3346/159 990/3345/159 996/3344/159 
f 997/3347/138 994/3348/138 993/3349/138 
f 993/3349/138 998/3350/138 997/3347/138 
f 999/3351/137 996/3352/137 995/3353/137 
f 995/3353/137 1000/3354/137 999/3351/137 
f 998/3350/164 993/3349/164 986/3355/164 
f 986/3355/164 985/3356/164 998/3350/164 
f 994/3348/165 997/3347/165 1000/3357/165 
f 1000/3357/165 995/3358/165 994/3348/165 
f 996/3359/166 999/3360/166 992/3338/166 
f 992/3338/166 991/3337/166 996/3359/166 
f 990/3336/167 989/3335/167 988/3361/167 
f 988/3361/167 987/3362/167 990/3336/167 
f 988/3363/142 989/3364/142 992/3365/142 
f 988/3363/142 992/3365/142 999/3366/142 
f 985/3367/142 988/3363/142 999/3366/142 
f 985/3367/142 999/3366/142 1000/3368/142 
f 998/3369/142 985/3367/142 1000/3368/142 
f 997/3370/142 998/3369/142 1000/3368/142 
f 1001/3371/140 1002/3372/140 1003/3373/140 
f 1003/3373/140 1004/3374/140 1001/3371/140 
f 1005/3375/141 1006/3376/141 1007/3377/141 
f 1007/3377/141 1008/3378/141 1005/3375/141 
f 1006/3379/168 1002/3380/168 1001/3381/168 
f 1006/3379/168 1001/3381/168 1009/3382/168 
f 1006/3379/168 1009/3382/168 1010/3383/168 
f 1006/3379/168 1010/3383/168 1011/3384/168 
f 1007/3385/168 1006/3379/168 1011/3384/168 
f 1007/3385/168 1011/3384/168 1012/3386/168 
f 1013/3387/142 1010/3388/142 1009/3389/142 
f 1009/3389/142 1014/3390/142 1013/3387/142 
f 1011/3391/137 1015/3392/137 1016/3393/137 
f 1016/3393/137 1012/3394/137 1011/3391/137 
f 1014/3390/169 1009/3389/169 1001/3395/169 
f 1001/3395/169 1004/3396/169 1014/3390/169 
f 1010/3388/170 1013/3387/170 1015/3397/170 
f 1015/3397/170 1011/3398/170 1010/3388/170 
f 1012/3399/171 1016/3400/171 1008/3378/171 
f 1008/3378/171 1007/3377/171 1012/3399/171 
f 1006/3376/172 1005/3375/172 1003/3401/172 
f 1003/3401/172 1002/3402/172 1006/3376/172 
f 1003/3403/139 1005/3404/139 1008/3405/139 
f 1003/3403/139 1008/3405/139 1016/3406/139 
f 1004/3407/139 1003/3403/139 1016/3406/139 
f 1004/3407/139 1016/3406/139 1015/3408/139 
f 1014/3409/139 1004/3407/139 1015/3408/139 
f 1013/3410/139 1014/3409/139 1015/3408/139 
f 1017/3411/140 1018/3412/140 1019/3413/140 
f 1019/3413/140 1020/3414/140 1017/3411/140 
f 1021/3415/141 1022/3416/141 1023/3417/141 
f 1023/3417/141 1024/3418/141 1021/3415/141 
f 1022/3419/168 1019/3420/168 1018/3421/168 
f 1022/3419/168 1018/3421/168 1025/3422/168 
f 1022/3419/168 1025/3422/168 1026/3423/168 
f 1022/3419/168 1026/3423/168 1027/3424/168 
f 1023/3425/168 1022/3419/168 1027/3424/168 
f 1023/3425/168 1027/3424/168 1028/3426/168 
f 1029/3427/142 1026/3428/142 1025/3429/142 
f 1025/3429/142 1030/3430/142 1029/3427/142 
f 1031/3431/137 1028/3432/137 1027/3433/137 
f 1027/3433/137 1032/3434/137 1031/3431/137 
f 1030/3430/169 1025/3429/169 1018/3435/169 
f 1018/3435/169 1017/3436/169 1030/3430/169 
f 1026/3428/170 1029/3427/170 1032/3437/170 
f 1032/3437/170 1027/3438/170 1026/3428/170 
f 1028/3439/171 1031/3440/171 1024/3418/171 
f 1024/3418/171 1023/3417/171 1028/3439/171 
f 1022/3416/172 1021/3415/172 1020/3441/172 
f 1020/3441/172 1019/3442/172 1022/3416/172 
f 1030/3443/139 1017/3444/139 1020/3445/139 
f 1030/3443/139 1020/3445/139 1021/3446/139 
f 1030/3443/139 1021/3446/139 1024/3447/139 
f 1030/3443/139 1024/3447/139 1031/3448/139 
f 1029/3449/139 1030/3443/139 1031/3448/139 
f 1029/3449/139 1031/3448/139 1032/3450/139 
# 596 faces

#
# object WINDOW_008
#

v  5.3954 1.5014 0.7922
v  5.3954 1.4893 1.4079
v  5.3954 1.6955 1.4119
v  5.3954 1.7075 0.7963
v  5.3954 1.6950 1.4387
v  5.3954 1.6830 2.0543
v  5.4771 1.6830 2.0543
v  5.4771 1.6950 1.4387
v  5.3954 1.2648 2.0462
v  5.3954 1.4651 2.0501
v  5.3954 1.4771 1.4344
v  5.3954 1.2768 1.4305
v  5.5499 1.6955 1.4119
v  5.4682 1.6955 1.4119
v  5.4682 1.6950 1.4387
v  5.5499 1.6950 1.4387
v  5.3954 0.6354 1.3912
v  5.3954 0.6475 0.7755
v  5.4771 0.6475 0.7755
v  5.4771 0.6354 1.3912
v  5.4771 1.4771 1.4344
v  5.4771 1.4651 2.0501
v  5.4771 1.2648 2.0462
v  5.4771 1.2768 1.4305
v  5.4771 1.6955 1.4119
v  5.4771 1.7075 0.7963
v  5.4771 1.5014 0.7922
v  5.3954 0.6229 2.0336
v  5.3954 0.6349 1.4180
v  5.4771 0.6349 1.4180
v  5.4771 0.6229 2.0336
v  5.5107 0.8411 1.4220
v  5.5835 0.8411 1.4220
v  5.5835 0.8528 1.4222
v  5.5107 0.8528 1.4222
v  5.5499 0.6349 1.4180
v  5.5499 0.8411 1.4220
v  5.4771 0.8411 1.4220
v  5.3954 1.2773 1.4037
v  5.3954 1.4777 1.4077
v  5.3954 1.4897 0.7920
v  5.3954 1.2893 0.7881
v  5.4682 0.6354 1.3912
v  5.5499 0.6354 1.3912
v  5.4682 0.6349 1.4180
v  5.5499 1.2651 1.4303
v  5.5499 1.0648 1.4264
v  5.5499 1.0653 1.3996
v  5.5499 1.2656 1.4035
v  5.4682 1.0653 1.3996
v  5.4682 1.0648 1.4264
v  5.4682 1.2651 1.4303
v  5.4682 1.2656 1.4035
v  5.3954 1.4768 2.0503
v  5.3954 1.4888 1.4346
v  5.4771 1.4893 1.4079
v  5.5499 1.4893 1.4079
v  5.5499 1.0531 1.4261
v  5.5499 0.8528 1.4222
v  5.5499 0.8533 1.3955
v  5.5499 1.0536 1.3994
v  5.5499 0.8416 1.3952
v  5.5499 1.4771 1.4344
v  5.5499 1.2768 1.4305
v  5.5499 1.2773 1.4037
v  5.5499 1.4777 1.4077
v  5.5499 1.4888 1.4346
v  5.4682 0.8533 1.3955
v  5.4682 0.8528 1.4222
v  5.4682 1.0531 1.4261
v  5.4682 1.0536 1.3994
v  5.4682 0.8411 1.4220
v  5.4682 0.8416 1.3952
v  5.4682 1.2773 1.4037
v  5.4682 1.2768 1.4305
v  5.4682 1.4771 1.4344
v  5.4682 1.4777 1.4077
v  5.4682 1.4893 1.4079
v  5.4682 1.4888 1.4346
v  5.3954 1.2656 1.4035
v  5.3954 1.0653 1.3996
v  5.3954 1.0536 1.3994
v  5.3954 0.8533 1.3955
v  5.4771 1.4888 1.4346
v  5.4771 1.2651 1.4303
v  5.4771 1.0648 1.4264
v  5.4771 1.0531 1.4261
v  5.4771 0.8528 1.4222
v  5.3954 0.8416 1.3952
v  5.3954 0.8537 0.7796
v  5.3954 1.0657 0.7837
v  5.3954 0.8653 0.7798
v  5.3954 1.2777 0.7879
v  5.3954 1.0773 0.7839
v  5.3954 1.2651 1.4303
v  5.3954 1.0648 1.4264
v  5.3954 1.0531 1.4261
v  5.3954 0.8528 1.4222
v  5.3954 0.8411 1.4220
v  5.4771 1.4777 1.4077
v  5.4771 1.2773 1.4037
v  5.4771 1.2656 1.4035
v  5.4771 1.0653 1.3996
v  5.4771 1.0536 1.3994
v  5.4771 0.8533 1.3955
v  5.4771 0.8416 1.3952
v  5.4771 0.8653 0.7798
v  5.4771 1.0657 0.7837
v  5.4771 1.0773 0.7839
v  5.4771 1.2777 0.7879
v  5.4771 1.2893 0.7881
v  5.4771 1.4897 0.7920
v  5.4771 1.4768 2.0503
v  5.4771 0.8291 2.0377
v  5.3954 0.8291 2.0377
v  5.3954 0.8407 2.0379
v  5.4771 0.8407 2.0379
v  5.4771 1.0411 2.0418
v  5.3954 1.0411 2.0418
v  5.3954 1.0528 2.0420
v  5.4771 1.0528 2.0420
v  5.4771 1.2531 2.0459
v  5.3954 1.2531 2.0459
v  5.4771 0.8537 0.7796
v  5.4290 1.0653 1.3996
v  5.5018 1.0653 1.3996
v  5.5018 1.2768 1.4305
v  5.4290 1.2768 1.4305
v  5.5835 1.4888 1.4346
v  5.5835 1.4893 1.4079
v  5.4290 1.2651 1.4303
v  5.5018 1.2651 1.4303
v  5.5107 1.2893 0.7881
v  5.5107 1.2773 1.4037
v  5.5107 1.2651 1.4303
v  5.5107 1.2531 2.0459
v  5.5018 0.8416 1.3952
v  5.4290 0.8416 1.3952
v  5.5835 1.4771 1.4344
v  5.5835 1.4777 1.4077
v  5.5107 1.0657 0.7837
v  5.5107 1.0536 1.3994
v  5.5107 1.2768 1.4305
v  5.5107 1.2648 2.0462
v  5.5018 1.4888 1.4346
v  5.4290 1.4888 1.4346
v  5.4290 0.8533 1.3955
v  5.5018 0.8533 1.3955
v  5.5018 0.8528 1.4222
v  5.4290 1.4771 1.4344
v  5.5018 1.4771 1.4344
v  5.5107 1.0653 1.3996
v  5.5107 1.0773 0.7839
v  5.5107 1.0531 1.4261
v  5.5107 1.0411 2.0418
v  5.5018 0.8411 1.4220
v  5.5107 0.8537 0.7796
v  5.5107 0.8416 1.3952
v  5.5107 1.0528 2.0420
v  5.5107 1.0648 1.4264
v  5.5107 1.4771 1.4344
v  5.4290 1.4777 1.4077
v  5.4290 1.4897 0.7920
v  5.5018 1.0648 1.4264
v  5.4290 1.5014 0.7922
v  5.4290 1.4893 1.4079
v  5.5107 0.8533 1.3955
v  5.5107 0.8653 0.7798
v  5.5107 0.8291 2.0377
v  5.5107 1.4888 1.4346
v  5.5018 1.0531 1.4261
v  5.5018 1.0536 1.3994
v  5.5835 0.8533 1.3955
v  5.5107 0.8407 2.0379
v  5.5107 1.4897 0.7920
v  5.4290 1.2777 0.7879
v  5.4290 1.2656 1.4035
v  5.5835 0.8416 1.3952
v  5.5835 1.2651 1.4303
v  5.5107 1.5014 0.7922
v  5.5018 1.2773 1.4037
v  5.4290 1.2893 0.7881
v  5.4290 1.2773 1.4037
v  5.4290 1.4651 2.0501
v  5.5107 1.2777 0.7879
v  5.5018 1.2656 1.4035
v  5.5835 1.0653 1.3996
v  5.5835 1.2768 1.4305
v  5.4290 1.0657 0.7837
v  5.4290 1.0536 1.3994
v  5.5835 1.0536 1.3994
v  5.4290 1.4768 2.0503
v  5.5018 1.4893 1.4079
v  5.4290 1.0773 0.7839
v  5.5835 1.0531 1.4261
v  5.5835 1.0648 1.4264
v  5.5018 1.4777 1.4077
v  5.5835 1.2656 1.4035
v  5.5835 1.2773 1.4037
v  5.4290 0.8653 0.7798
v  5.4290 0.8537 0.7796
v  5.4290 1.0531 1.4261
v  5.4290 1.0648 1.4264
v  5.4290 0.8411 1.4220
v  5.4290 0.8528 1.4222
v  5.5107 1.4777 1.4077
v  5.5107 1.4893 1.4079
v  5.5107 1.2656 1.4035
v  5.4290 0.8407 2.0379
v  5.4290 0.8291 2.0377
v  5.4290 1.0411 2.0418
v  5.4290 1.0528 2.0420
v  5.4290 1.2648 2.0462
v  5.4290 1.2531 2.0459
v  5.5107 1.4768 2.0503
v  5.5107 1.4651 2.0501
v  5.5147 0.5533 1.9971
v  5.5147 0.6583 2.0168
v  5.5147 1.6876 0.8878
v  5.5147 1.6213 0.8200
v  5.5074 0.5386 2.0011
v  5.5074 1.6222 0.8067
v  5.4271 1.6222 0.8067
v  5.4271 0.5386 2.0011
v  5.5074 1.6858 0.9020
v  5.4271 1.6858 0.9020
v  5.4199 1.6876 0.8878
v  5.4199 1.6213 0.8200
v  5.5074 0.6738 2.0120
v  5.4271 0.6738 2.0120
v  5.4199 0.5533 1.9971
v  5.4199 0.6583 2.0168
v  5.4349 0.6017 0.8131
v  5.4349 0.7091 0.7993
v  5.4349 1.7395 2.0210
v  5.4349 1.6708 2.0864
v  5.4421 0.5868 0.8081
v  5.4421 1.6715 2.1001
v  5.5224 1.6715 2.1001
v  5.5224 0.5868 0.8081
v  5.4421 1.7379 2.0063
v  5.5224 1.7379 2.0063
v  5.5297 1.7395 2.0210
v  5.5297 1.6708 2.0864
v  5.5224 0.7248 0.8053
v  5.4421 0.7248 0.8053
v  5.5297 0.6017 0.8131
v  5.5297 0.7091 0.7993
v  5.5805 1.6776 0.7240
v  5.5805 1.7911 0.7262
v  5.5805 1.7641 2.1090
v  5.5805 1.6506 2.1073
v  5.5626 1.6673 0.7238
v  5.5626 1.6403 2.1071
v  5.3636 1.6403 2.1071
v  5.3636 1.6673 0.7238
v  5.5626 1.7744 2.1091
v  5.3636 1.7744 2.1091
v  5.3457 1.7641 2.1090
v  5.3457 1.6506 2.1073
v  5.3636 1.8014 0.7264
v  5.5626 1.8014 0.7264
v  5.3457 1.6776 0.7240
v  5.3457 1.7911 0.7262
v  5.5732 0.6755 0.7045
v  5.5732 0.6485 2.0872
v  5.5732 0.5349 2.0855
v  5.5732 0.5619 0.7022
v  5.5564 0.5517 0.7020
v  5.5564 0.5247 2.0853
v  5.3698 0.5247 2.0853
v  5.3698 0.5517 0.7020
v  5.5564 0.6587 2.0873
v  5.3698 0.6587 2.0873
v  5.3530 0.6485 2.0872
v  5.3530 0.5349 2.0855
v  5.3698 0.6858 0.7047
v  5.5564 0.6858 0.7047
v  5.3530 0.5619 0.7022
v  5.3530 0.6755 0.7045
v  5.5454 1.7123 1.9768
v  5.5454 1.7105 2.0904
v  5.5454 0.5946 2.0686
v  5.5454 0.5968 1.9551
v  5.5328 0.5944 2.0789
v  5.5328 1.7103 2.1007
v  5.3934 1.7103 2.1007
v  5.3934 0.5944 2.0789
v  5.5328 1.7124 1.9666
v  5.3934 1.7124 1.9666
v  5.3808 1.7123 1.9768
v  5.3808 1.7105 2.0904
v  5.3934 0.5970 1.9448
v  5.5328 0.5970 1.9448
v  5.3808 0.5968 1.9551
v  5.3808 0.5946 2.0686
v  5.5454 0.6208 0.7263
v  5.5454 1.7363 0.7481
v  5.5454 1.7345 0.8617
v  5.5454 0.6186 0.8399
v  5.5328 0.6184 0.8501
v  5.5328 1.7343 0.8719
v  5.3934 1.7343 0.8719
v  5.3934 0.6184 0.8501
v  5.5328 1.7364 0.7378
v  5.3934 1.7364 0.7378
v  5.3808 1.7363 0.7481
v  5.3808 1.7345 0.8617
v  5.3934 0.6210 0.7160
v  5.5328 0.6210 0.7160
v  5.3808 0.6186 0.8399
v  5.3808 0.6208 0.7263
# 312 vertices

vn -1.0000 0.0000 -0.0000
vn 0.0000 0.9998 0.0195
vn 0.0000 -0.9998 -0.0195
vn 1.0000 0.0000 -0.0000
vn 0.0000 -0.0195 0.9998
vn 0.0000 0.0195 -0.9998
vn 0.0000 0.7406 0.6719
vn 0.0000 -0.8250 0.5651
vn 0.0000 -0.7390 -0.6737
vn -0.7499 -0.4889 -0.4457
vn 0.7499 -0.4889 -0.4457
vn 0.7500 0.4899 0.4444
vn -0.7500 0.4899 0.4444
vn 0.0000 0.0870 -0.9962
vn 0.0000 0.7659 -0.6430
vn 0.0000 -0.8088 -0.5881
vn 0.0000 -0.7643 0.6448
vn 0.7499 -0.5057 0.4266
vn -0.7499 -0.5057 0.4266
vn -0.7500 0.5066 -0.4253
vn 0.7500 0.5066 -0.4253
vn 0.0000 0.0268 0.9996
vn 0.0000 -0.0147 0.9999
vn 0.4958 0.8683 0.0170
vn -0.4958 0.8683 0.0170
vn -0.4958 -0.8683 -0.0170
vn 0.4958 -0.8683 -0.0170
vn 0.5200 0.8540 0.0167
vn -0.5200 0.8540 0.0167
vn -0.5200 -0.8540 -0.0167
vn 0.5200 -0.8540 -0.0167
vn 0.0000 0.9999 0.0156
vn 0.6315 0.0151 -0.7752
vn -0.6315 0.0151 -0.7752
vn -0.6315 -0.0151 0.7752
vn 0.6315 -0.0151 0.7752
# 36 vertex normals

vt 0.9013 0.1711 0.0000
vt 0.9013 0.1615 0.0000
vt 0.8975 0.1615 0.0000
vt 0.8975 0.1711 0.0000
vt 0.6741 0.3927 0.0000
vt 0.6645 0.3927 0.0000
vt 0.6645 0.4124 0.0000
vt 0.6741 0.4124 0.0000
vt 0.9848 0.0523 0.0000
vt 0.9885 0.0523 0.0000
vt 0.9885 0.0427 0.0000
vt 0.9848 0.0427 0.0000
vt 0.5469 0.2543 0.0000
vt 0.5469 0.2346 0.0000
vt 0.5465 0.2346 0.0000
vt 0.5465 0.2543 0.0000
vt 0.6625 0.3927 0.0000
vt 0.6528 0.3927 0.0000
vt 0.6528 0.4124 0.0000
vt 0.6625 0.4124 0.0000
vt 0.9858 0.1316 0.0000
vt 0.9858 0.1413 0.0000
vt 0.9895 0.1413 0.0000
vt 0.9895 0.1316 0.0000
vt 0.8501 0.3916 0.0000
vt 0.8405 0.3916 0.0000
vt 0.8405 0.4113 0.0000
vt 0.8501 0.4113 0.0000
vt 0.5455 0.4081 0.0000
vt 0.5455 0.4278 0.0000
vt 0.5492 0.4278 0.0000
vt 0.5492 0.4081 0.0000
vt 0.8285 0.4215 0.0000
vt 0.8324 0.4215 0.0000
vt 0.8324 0.4018 0.0000
vt 0.8285 0.4018 0.0000
vt 0.6440 0.3910 0.0000
vt 0.6344 0.3910 0.0000
vt 0.6344 0.4107 0.0000
vt 0.6440 0.4107 0.0000
vt 0.9921 0.4399 0.0000
vt 0.9921 0.4574 0.0000
vt 0.9924 0.4574 0.0000
vt 0.9924 0.4399 0.0000
vt 0.6730 0.4320 0.0000
vt 0.6768 0.4320 0.0000
vt 0.6768 0.4144 0.0000
vt 0.6730 0.4144 0.0000
vt 0.8889 0.0399 0.0000
vt 0.8897 0.0398 0.0000
vt 0.8897 0.0405 0.0000
vt 0.8889 0.0406 0.0000
vt 0.8872 0.0384 0.0000
vt 0.8871 0.0375 0.0000
vt 0.8883 0.0376 0.0000
vt 0.8881 0.0383 0.0000
vt 0.7570 0.4786 0.0000
vt 0.7533 0.4786 0.0000
vt 0.7533 0.4882 0.0000
vt 0.7570 0.4882 0.0000
vt 0.6767 0.2715 0.0000
vt 0.6767 0.2912 0.0000
vt 0.6771 0.2912 0.0000
vt 0.6771 0.2715 0.0000
vt 0.8627 0.2515 0.0000
vt 0.8627 0.2478 0.0000
vt 0.8623 0.2478 0.0000
vt 0.8623 0.2515 0.0000
vt 0.8636 0.1111 0.0000
vt 0.8631 0.1111 0.0000
vt 0.8631 0.1149 0.0000
vt 0.8636 0.1149 0.0000
vt 0.9828 0.0427 0.0000
vt 0.9790 0.0427 0.0000
vt 0.9790 0.0523 0.0000
vt 0.9828 0.0523 0.0000
vt 0.9615 0.4203 0.0000
vt 0.9577 0.4203 0.0000
vt 0.9577 0.4379 0.0000
vt 0.9615 0.4379 0.0000
vt 0.8862 0.2817 0.0000
vt 0.8862 0.2800 0.0000
vt 0.8878 0.2800 0.0000
vt 0.8878 0.2816 0.0000
vt 0.8858 0.3573 0.0000
vt 0.8858 0.3556 0.0000
vt 0.8875 0.3556 0.0000
vt 0.8875 0.3573 0.0000
vt 0.8700 0.2515 0.0000
vt 0.8700 0.2478 0.0000
vt 0.8696 0.2478 0.0000
vt 0.8696 0.2515 0.0000
vt 0.8009 0.1150 0.0000
vt 0.8009 0.1111 0.0000
vt 0.8005 0.1111 0.0000
vt 0.8005 0.1150 0.0000
vt 0.8708 0.1149 0.0000
vt 0.8708 0.1111 0.0000
vt 0.8704 0.1111 0.0000
vt 0.8704 0.1149 0.0000
vt 0.7985 0.1150 0.0000
vt 0.7985 0.1111 0.0000
vt 0.7981 0.1111 0.0000
vt 0.7981 0.1150 0.0000
vt 0.8563 0.1111 0.0000
vt 0.8559 0.1111 0.0000
vt 0.8559 0.1149 0.0000
vt 0.8563 0.1149 0.0000
vt 0.7957 0.1150 0.0000
vt 0.7961 0.1150 0.0000
vt 0.7961 0.1111 0.0000
vt 0.7957 0.1111 0.0000
vt 0.8780 0.1111 0.0000
vt 0.8776 0.1111 0.0000
vt 0.8776 0.1149 0.0000
vt 0.8780 0.1149 0.0000
vt 0.7144 0.2477 0.0000
vt 0.7139 0.2477 0.0000
vt 0.7139 0.2515 0.0000
vt 0.7144 0.2515 0.0000
vt 0.8988 0.4439 0.0000
vt 0.8988 0.4263 0.0000
vt 0.8950 0.4263 0.0000
vt 0.8950 0.4439 0.0000
vt 0.9088 0.4521 0.0000
vt 0.9050 0.4521 0.0000
vt 0.9050 0.4697 0.0000
vt 0.9088 0.4697 0.0000
vt 0.9641 0.1739 0.0000
vt 0.9678 0.1739 0.0000
vt 0.9678 0.1563 0.0000
vt 0.9641 0.1563 0.0000
vt 0.8849 0.4671 0.0000
vt 0.8886 0.4671 0.0000
vt 0.8886 0.4496 0.0000
vt 0.8849 0.4496 0.0000
vt 0.9563 0.1934 0.0000
vt 0.9563 0.1759 0.0000
vt 0.9524 0.1759 0.0000
vt 0.9524 0.1934 0.0000
vt 0.9633 0.4131 0.0000
vt 0.9671 0.4131 0.0000
vt 0.9671 0.3956 0.0000
vt 0.9633 0.3956 0.0000
vt 0.6643 0.4668 0.0000
vt 0.6680 0.4668 0.0000
vt 0.6680 0.4493 0.0000
vt 0.6643 0.4493 0.0000
vt 0.6048 0.4505 0.0000
vt 0.6011 0.4505 0.0000
vt 0.6011 0.4680 0.0000
vt 0.6048 0.4680 0.0000
vt 0.9583 0.1208 0.0000
vt 0.9544 0.1208 0.0000
vt 0.9544 0.1383 0.0000
vt 0.9583 0.1383 0.0000
vt 0.5661 0.4724 0.0000
vt 0.5661 0.4821 0.0000
vt 0.5700 0.4821 0.0000
vt 0.5700 0.4724 0.0000
vt 0.9848 0.2148 0.0000
vt 0.9811 0.2148 0.0000
vt 0.9811 0.2245 0.0000
vt 0.9848 0.2245 0.0000
vt 0.9848 0.1916 0.0000
vt 0.9811 0.1916 0.0000
vt 0.9811 0.2012 0.0000
vt 0.9848 0.2012 0.0000
vt 0.5048 0.4709 0.0000
vt 0.5048 0.4534 0.0000
vt 0.5011 0.4534 0.0000
vt 0.5011 0.4709 0.0000
vt 0.9426 0.4727 0.0000
vt 0.9426 0.4552 0.0000
vt 0.9389 0.4552 0.0000
vt 0.9389 0.4727 0.0000
vt 0.9728 0.3545 0.0000
vt 0.9728 0.3370 0.0000
vt 0.9691 0.3370 0.0000
vt 0.9691 0.3545 0.0000
vt 0.9621 0.2129 0.0000
vt 0.9621 0.1954 0.0000
vt 0.9582 0.1954 0.0000
vt 0.9582 0.2129 0.0000
vt 0.5492 0.4706 0.0000
vt 0.5492 0.4530 0.0000
vt 0.5455 0.4530 0.0000
vt 0.5455 0.4706 0.0000
vt 0.5549 0.4706 0.0000
vt 0.5549 0.4530 0.0000
vt 0.5512 0.4530 0.0000
vt 0.5512 0.4706 0.0000
vt 0.7905 0.4731 0.0000
vt 0.7905 0.4555 0.0000
vt 0.7868 0.4555 0.0000
vt 0.7868 0.4731 0.0000
vt 0.9610 0.0205 0.0000
vt 0.9572 0.0205 0.0000
vt 0.9572 0.0381 0.0000
vt 0.9610 0.0381 0.0000
vt 0.5105 0.4281 0.0000
vt 0.5105 0.4084 0.0000
vt 0.5068 0.4084 0.0000
vt 0.5068 0.4281 0.0000
vt 0.5549 0.4278 0.0000
vt 0.5549 0.4081 0.0000
vt 0.5512 0.4081 0.0000
vt 0.5512 0.4278 0.0000
vt 0.6438 0.4323 0.0000
vt 0.6438 0.4127 0.0000
vt 0.6401 0.4127 0.0000
vt 0.6401 0.4323 0.0000
vt 0.9646 0.1446 0.0000
vt 0.9646 0.1542 0.0000
vt 0.9685 0.1542 0.0000
vt 0.9685 0.1446 0.0000
vt 0.8382 0.4722 0.0000
vt 0.8382 0.4625 0.0000
vt 0.8343 0.4625 0.0000
vt 0.8343 0.4722 0.0000
vt 0.9167 0.3956 0.0000
vt 0.9167 0.4153 0.0000
vt 0.9205 0.4153 0.0000
vt 0.9205 0.3956 0.0000
vt 0.8886 0.4243 0.0000
vt 0.8886 0.4047 0.0000
vt 0.8849 0.4047 0.0000
vt 0.8849 0.4243 0.0000
vt 0.6942 0.4243 0.0000
vt 0.6942 0.4046 0.0000
vt 0.6905 0.4046 0.0000
vt 0.6905 0.4243 0.0000
vt 0.9602 0.0427 0.0000
vt 0.9602 0.0602 0.0000
vt 0.9641 0.0602 0.0000
vt 0.9641 0.0427 0.0000
vt 0.8988 0.4654 0.0000
vt 0.8950 0.4654 0.0000
vt 0.8950 0.4750 0.0000
vt 0.8988 0.4750 0.0000
vt 0.9811 0.1680 0.0000
vt 0.9811 0.1776 0.0000
vt 0.9848 0.1776 0.0000
vt 0.9848 0.1680 0.0000
vt 0.6461 0.4753 0.0000
vt 0.6461 0.4849 0.0000
vt 0.6498 0.4849 0.0000
vt 0.6498 0.4753 0.0000
vt 0.9698 0.2267 0.0000
vt 0.9736 0.2267 0.0000
vt 0.9736 0.2171 0.0000
vt 0.9698 0.2171 0.0000
vt 0.9800 0.1529 0.0000
vt 0.9837 0.1529 0.0000
vt 0.9837 0.1433 0.0000
vt 0.9800 0.1433 0.0000
vt 0.9661 0.0718 0.0000
vt 0.9698 0.0718 0.0000
vt 0.9698 0.0622 0.0000
vt 0.9661 0.0622 0.0000
vt 0.9118 0.3231 0.0000
vt 0.9118 0.3034 0.0000
vt 0.9080 0.3034 0.0000
vt 0.9080 0.3231 0.0000
vt 0.8690 0.4689 0.0000
vt 0.8690 0.4785 0.0000
vt 0.8729 0.4785 0.0000
vt 0.8729 0.4689 0.0000
vt 0.9821 0.2493 0.0000
vt 0.9858 0.2493 0.0000
vt 0.9858 0.2397 0.0000
vt 0.9821 0.2397 0.0000
vt 0.9857 0.1433 0.0000
vt 0.9857 0.1529 0.0000
vt 0.9894 0.1529 0.0000
vt 0.9894 0.1433 0.0000
vt 0.8848 0.4807 0.0000
vt 0.8848 0.4904 0.0000
vt 0.8885 0.4904 0.0000
vt 0.8885 0.4807 0.0000
vt 0.8834 0.1726 0.0000
vt 0.8835 0.1711 0.0000
vt 0.8848 0.1710 0.0000
vt 0.8849 0.1726 0.0000
vt 0.8835 0.1691 0.0000
vt 0.8848 0.1690 0.0000
vt 0.8849 0.1706 0.0000
vt 0.8835 0.1705 0.0000
vt 0.8954 0.4886 0.0000
vt 0.8950 0.4886 0.0000
vt 0.8950 0.4967 0.0000
vt 0.8954 0.4967 0.0000
vt 0.8830 0.0412 0.0000
vt 0.8829 0.0399 0.0000
vt 0.8840 0.0398 0.0000
vt 0.8841 0.0409 0.0000
vt 0.9343 0.1109 0.0000
vt 0.9424 0.1109 0.0000
vt 0.9424 0.1013 0.0000
vt 0.9343 0.1013 0.0000
vt 0.9420 0.2609 0.0000
vt 0.9420 0.2513 0.0000
vt 0.9339 0.2513 0.0000
vt 0.9339 0.2609 0.0000
vt 0.8815 0.1691 0.0000
vt 0.8828 0.1690 0.0000
vt 0.8829 0.1706 0.0000
vt 0.8815 0.1705 0.0000
vt 0.9974 0.4675 0.0000
vt 0.9974 0.4594 0.0000
vt 0.9970 0.4594 0.0000
vt 0.9970 0.4675 0.0000
vt 0.9396 0.3835 0.0000
vt 0.9315 0.3835 0.0000
vt 0.9315 0.3931 0.0000
vt 0.9396 0.3931 0.0000
vt 0.5556 0.4394 0.0000
vt 0.5637 0.4394 0.0000
vt 0.5637 0.4298 0.0000
vt 0.5556 0.4298 0.0000
vt 0.8795 0.1711 0.0000
vt 0.8808 0.1710 0.0000
vt 0.8809 0.1726 0.0000
vt 0.8794 0.1726 0.0000
vt 0.8792 0.2557 0.0000
vt 0.8791 0.2535 0.0000
vt 0.8806 0.2535 0.0000
vt 0.8806 0.2557 0.0000
vt 0.9975 0.4976 0.0000
vt 0.9975 0.4895 0.0000
vt 0.9971 0.4895 0.0000
vt 0.9971 0.4976 0.0000
vt 0.8792 0.0804 0.0000
vt 0.8792 0.0783 0.0000
vt 0.8806 0.0783 0.0000
vt 0.8808 0.0803 0.0000
vt 0.7483 0.4262 0.0000
vt 0.7483 0.4358 0.0000
vt 0.7564 0.4358 0.0000
vt 0.7564 0.4262 0.0000
vt 0.6710 0.4260 0.0000
vt 0.6629 0.4260 0.0000
vt 0.6629 0.4357 0.0000
vt 0.6710 0.4357 0.0000
vt 0.9978 0.0622 0.0000
vt 0.9974 0.0622 0.0000
vt 0.9974 0.0703 0.0000
vt 0.9978 0.0703 0.0000
vt 0.9355 0.4203 0.0000
vt 0.9274 0.4203 0.0000
vt 0.9274 0.4300 0.0000
vt 0.9355 0.4300 0.0000
vt 0.9259 0.0843 0.0000
vt 0.9259 0.0940 0.0000
vt 0.9340 0.0940 0.0000
vt 0.9340 0.0843 0.0000
vt 0.8789 0.1726 0.0000
vt 0.8774 0.1726 0.0000
vt 0.8775 0.1711 0.0000
vt 0.8788 0.1710 0.0000
vt 0.7878 0.4207 0.0000
vt 0.7797 0.4207 0.0000
vt 0.7797 0.4303 0.0000
vt 0.7878 0.4303 0.0000
vt 0.8787 0.4982 0.0000
vt 0.8787 0.4901 0.0000
vt 0.8783 0.4901 0.0000
vt 0.8783 0.4982 0.0000
vt 0.6011 0.4156 0.0000
vt 0.6011 0.4252 0.0000
vt 0.6092 0.4252 0.0000
vt 0.6092 0.4156 0.0000
vt 0.6629 0.4144 0.0000
vt 0.6629 0.4241 0.0000
vt 0.6710 0.4241 0.0000
vt 0.6710 0.4144 0.0000
vt 0.6528 0.4144 0.0000
vt 0.6528 0.4241 0.0000
vt 0.6609 0.4241 0.0000
vt 0.6609 0.4144 0.0000
vt 0.8771 0.0375 0.0000
vt 0.8782 0.0376 0.0000
vt 0.8778 0.0382 0.0000
vt 0.8771 0.0384 0.0000
vt 0.8811 0.4901 0.0000
vt 0.8807 0.4901 0.0000
vt 0.8807 0.4982 0.0000
vt 0.8811 0.4982 0.0000
vt 0.8787 0.0811 0.0000
vt 0.8787 0.0838 0.0000
vt 0.8772 0.0838 0.0000
vt 0.8771 0.0811 0.0000
vt 0.9108 0.0258 0.0000
vt 0.9027 0.0258 0.0000
vt 0.9027 0.0355 0.0000
vt 0.9108 0.0355 0.0000
vt 0.8788 0.0803 0.0000
vt 0.8772 0.0804 0.0000
vt 0.8772 0.0783 0.0000
vt 0.8786 0.0783 0.0000
vt 0.8858 0.3516 0.0000
vt 0.8939 0.3516 0.0000
vt 0.8939 0.3420 0.0000
vt 0.8858 0.3420 0.0000
vt 0.8780 0.0398 0.0000
vt 0.8775 0.0407 0.0000
vt 0.8769 0.0406 0.0000
vt 0.8769 0.0399 0.0000
vt 0.8754 0.1726 0.0000
vt 0.8755 0.1711 0.0000
vt 0.8768 0.1710 0.0000
vt 0.8769 0.1726 0.0000
vt 0.8769 0.1706 0.0000
vt 0.8755 0.1705 0.0000
vt 0.8755 0.1691 0.0000
vt 0.8768 0.1690 0.0000
vt 0.7537 0.4902 0.0000
vt 0.7533 0.4902 0.0000
vt 0.7533 0.4983 0.0000
vt 0.7537 0.4983 0.0000
vt 0.8805 0.0771 0.0000
vt 0.8805 0.0675 0.0000
vt 0.8724 0.0675 0.0000
vt 0.8724 0.0771 0.0000
vt 0.9396 0.3370 0.0000
vt 0.9315 0.3370 0.0000
vt 0.9315 0.3466 0.0000
vt 0.9396 0.3466 0.0000
vt 0.8859 0.1676 0.0000
vt 0.8930 0.1636 0.0000
vt 0.8920 0.1591 0.0000
vt 0.8860 0.1592 0.0000
vt 0.9733 0.4983 0.0000
vt 0.9733 0.4902 0.0000
vt 0.9728 0.4902 0.0000
vt 0.9728 0.4983 0.0000
vt 0.8752 0.0838 0.0000
vt 0.8751 0.0811 0.0000
vt 0.8767 0.0811 0.0000
vt 0.8767 0.0838 0.0000
vt 0.8766 0.0783 0.0000
vt 0.8768 0.0803 0.0000
vt 0.8752 0.0804 0.0000
vt 0.8753 0.0783 0.0000
vt 0.8758 0.0407 0.0000
vt 0.8749 0.0407 0.0000
vt 0.8749 0.0399 0.0000
vt 0.8759 0.0399 0.0000
vt 0.6905 0.4359 0.0000
vt 0.6986 0.4359 0.0000
vt 0.6986 0.4263 0.0000
vt 0.6905 0.4263 0.0000
vt 0.8735 0.1711 0.0000
vt 0.8748 0.1710 0.0000
vt 0.8749 0.1726 0.0000
vt 0.8734 0.1726 0.0000
vt 0.7676 0.4360 0.0000
vt 0.7676 0.4264 0.0000
vt 0.7595 0.4264 0.0000
vt 0.7595 0.4360 0.0000
vt 0.8736 0.0408 0.0000
vt 0.8727 0.0407 0.0000
vt 0.8729 0.0399 0.0000
vt 0.8739 0.0398 0.0000
vt 0.6710 0.4905 0.0000
vt 0.6706 0.4905 0.0000
vt 0.6706 0.4986 0.0000
vt 0.6710 0.4986 0.0000
vt 0.9381 0.0755 0.0000
vt 0.9381 0.0659 0.0000
vt 0.9300 0.0659 0.0000
vt 0.9300 0.0755 0.0000
vt 0.8049 0.4215 0.0000
vt 0.8087 0.4215 0.0000
vt 0.8087 0.4018 0.0000
vt 0.8049 0.4018 0.0000
vt 0.5571 0.4726 0.0000
vt 0.5571 0.4901 0.0000
vt 0.5573 0.4901 0.0000
vt 0.5573 0.4726 0.0000
vt 0.5127 0.4729 0.0000
vt 0.5127 0.4904 0.0000
vt 0.5130 0.4904 0.0000
vt 0.5130 0.4729 0.0000
vt 0.9917 0.0010 0.0000
vt 0.9917 0.0185 0.0000
vt 0.9920 0.0185 0.0000
vt 0.9920 0.0010 0.0000
vt 0.9964 0.3618 0.0000
vt 0.9964 0.3794 0.0000
vt 0.9966 0.3794 0.0000
vt 0.9966 0.3618 0.0000
vt 0.5742 0.4724 0.0000
vt 0.5742 0.4900 0.0000
vt 0.5744 0.4900 0.0000
vt 0.5744 0.4724 0.0000
vt 0.6708 0.4885 0.0000
vt 0.6710 0.4885 0.0000
vt 0.6710 0.4710 0.0000
vt 0.6708 0.4710 0.0000
vt 0.9966 0.4379 0.0000
vt 0.9968 0.4379 0.0000
vt 0.9968 0.4203 0.0000
vt 0.9966 0.4203 0.0000
vt 0.8686 0.0826 0.0000
vt 0.8695 0.0826 0.0000
vt 0.8695 0.0809 0.0000
vt 0.8686 0.0809 0.0000
vt 0.8697 0.2550 0.0000
vt 0.8697 0.2524 0.0000
vt 0.8684 0.2524 0.0000
vt 0.8684 0.2550 0.0000
vt 0.8695 0.0802 0.0000
vt 0.8695 0.0785 0.0000
vt 0.8686 0.0785 0.0000
vt 0.8686 0.0802 0.0000
vt 0.8648 0.0403 0.0000
vt 0.8648 0.0399 0.0000
vt 0.8645 0.0399 0.0000
vt 0.8645 0.0403 0.0000
vt 0.8645 0.0375 0.0000
vt 0.8645 0.0379 0.0000
vt 0.8648 0.0379 0.0000
vt 0.8648 0.0375 0.0000
vt 0.8642 0.0785 0.0000
vt 0.8642 0.0802 0.0000
vt 0.8651 0.0802 0.0000
vt 0.8651 0.0785 0.0000
vt 0.6858 0.3563 0.0000
vt 0.6870 0.3563 0.0000
vt 0.6870 0.3540 0.0000
vt 0.6858 0.3540 0.0000
vt 0.6834 0.3540 0.0000
vt 0.6834 0.3563 0.0000
vt 0.6846 0.3563 0.0000
vt 0.6846 0.3540 0.0000
vt 0.8405 0.4921 0.0000
vt 0.8407 0.4921 0.0000
vt 0.8407 0.4825 0.0000
vt 0.8405 0.4825 0.0000
vt 0.9920 0.3910 0.0000
vt 0.9922 0.3910 0.0000
vt 0.9922 0.3814 0.0000
vt 0.9920 0.3814 0.0000
vt 0.5799 0.4824 0.0000
vt 0.5799 0.4920 0.0000
vt 0.5801 0.4920 0.0000
vt 0.5801 0.4824 0.0000
vt 0.7298 0.4822 0.0000
vt 0.7289 0.4822 0.0000
vt 0.7289 0.4918 0.0000
vt 0.7298 0.4918 0.0000
vt 0.9008 0.4979 0.0000
vt 0.9010 0.4979 0.0000
vt 0.9010 0.4804 0.0000
vt 0.9008 0.4804 0.0000
vt 0.5423 0.4758 0.0000
vt 0.5423 0.4933 0.0000
vt 0.5425 0.4933 0.0000
vt 0.5425 0.4758 0.0000
vt 0.9937 0.1954 0.0000
vt 0.9934 0.1954 0.0000
vt 0.9934 0.2129 0.0000
vt 0.9937 0.2129 0.0000
vt 0.9981 0.1492 0.0000
vt 0.9984 0.1492 0.0000
vt 0.9984 0.1316 0.0000
vt 0.9981 0.1316 0.0000
vt 0.9927 0.0407 0.0000
vt 0.9930 0.0407 0.0000
vt 0.9930 0.0231 0.0000
vt 0.9927 0.0231 0.0000
vt 0.9924 0.2592 0.0000
vt 0.9922 0.2592 0.0000
vt 0.9922 0.2767 0.0000
vt 0.9924 0.2767 0.0000
vt 0.5857 0.4749 0.0000
vt 0.5857 0.4924 0.0000
vt 0.5859 0.4924 0.0000
vt 0.5859 0.4749 0.0000
vt 0.9934 0.1739 0.0000
vt 0.9937 0.1739 0.0000
vt 0.9937 0.1563 0.0000
vt 0.9934 0.1563 0.0000
vt 0.7200 0.4777 0.0000
vt 0.7202 0.4777 0.0000
vt 0.7202 0.4681 0.0000
vt 0.7200 0.4681 0.0000
vt 0.7245 0.4918 0.0000
vt 0.7254 0.4918 0.0000
vt 0.7254 0.4822 0.0000
vt 0.7245 0.4822 0.0000
vt 0.9119 0.4929 0.0000
vt 0.9119 0.4833 0.0000
vt 0.9117 0.4833 0.0000
vt 0.9117 0.4929 0.0000
vt 0.9075 0.4929 0.0000
vt 0.9075 0.4833 0.0000
vt 0.9072 0.4833 0.0000
vt 0.9072 0.4929 0.0000
vt 0.5077 0.4845 0.0000
vt 0.5077 0.4942 0.0000
vt 0.5079 0.4942 0.0000
vt 0.5079 0.4845 0.0000
vt 0.5663 0.4841 0.0000
vt 0.5661 0.4841 0.0000
vt 0.5661 0.4937 0.0000
vt 0.5663 0.4937 0.0000
vt 0.9139 0.4833 0.0000
vt 0.9139 0.4929 0.0000
vt 0.9141 0.4929 0.0000
vt 0.9141 0.4833 0.0000
vt 0.9927 0.0622 0.0000
vt 0.9927 0.0718 0.0000
vt 0.9930 0.0718 0.0000
vt 0.9930 0.0622 0.0000
vt 0.8449 0.4825 0.0000
vt 0.8449 0.4921 0.0000
vt 0.8451 0.4921 0.0000
vt 0.8451 0.4825 0.0000
vt 0.7162 0.4677 0.0000
vt 0.7162 0.4774 0.0000
vt 0.7165 0.4774 0.0000
vt 0.7165 0.4677 0.0000
vt 0.7141 0.4822 0.0000
vt 0.7132 0.4822 0.0000
vt 0.7132 0.4918 0.0000
vt 0.7141 0.4918 0.0000
vt 0.9854 0.4816 0.0000
vt 0.9852 0.4816 0.0000
vt 0.9852 0.4913 0.0000
vt 0.9854 0.4913 0.0000
vt 0.6127 0.4700 0.0000
vt 0.6127 0.4897 0.0000
vt 0.6129 0.4897 0.0000
vt 0.6129 0.4700 0.0000
vt 0.6710 0.4493 0.0000
vt 0.6708 0.4493 0.0000
vt 0.6708 0.4690 0.0000
vt 0.6710 0.4690 0.0000
vt 0.6433 0.4576 0.0000
vt 0.6433 0.4773 0.0000
vt 0.6435 0.4773 0.0000
vt 0.6435 0.4576 0.0000
vt 0.9898 0.3618 0.0000
vt 0.9898 0.3815 0.0000
vt 0.9900 0.3815 0.0000
vt 0.9900 0.3618 0.0000
vt 0.9870 0.2194 0.0000
vt 0.9870 0.1997 0.0000
vt 0.9868 0.1997 0.0000
vt 0.9868 0.2194 0.0000
vt 0.9892 0.1977 0.0000
vt 0.9892 0.1780 0.0000
vt 0.9890 0.1780 0.0000
vt 0.9890 0.1977 0.0000
vt 0.9878 0.3027 0.0000
vt 0.9880 0.3027 0.0000
vt 0.9880 0.2830 0.0000
vt 0.9878 0.2830 0.0000
vt 0.9877 0.4400 0.0000
vt 0.9879 0.4400 0.0000
vt 0.9879 0.4203 0.0000
vt 0.9877 0.4203 0.0000
vt 0.9502 0.0523 0.0000
vt 0.9583 0.0523 0.0000
vt 0.9583 0.0427 0.0000
vt 0.9502 0.0427 0.0000
vt 0.8955 0.1595 0.0000
vt 0.8955 0.1676 0.0000
vt 0.5632 0.4976 0.0000
vt 0.5632 0.4895 0.0000
vt 0.5628 0.4895 0.0000
vt 0.5628 0.4976 0.0000
vt 0.8215 0.4564 0.0000
vt 0.8215 0.4467 0.0000
vt 0.8134 0.4467 0.0000
vt 0.8134 0.4564 0.0000
vt 0.6328 0.4556 0.0000
vt 0.6409 0.4556 0.0000
vt 0.6409 0.4460 0.0000
vt 0.6328 0.4460 0.0000
vt 0.8872 0.0244 0.0000
vt 0.8872 0.0229 0.0000
vt 0.8884 0.0228 0.0000
vt 0.8881 0.0244 0.0000
vt 0.9970 0.3814 0.0000
vt 0.9966 0.3814 0.0000
vt 0.9966 0.3895 0.0000
vt 0.9970 0.3895 0.0000
vt 0.8878 0.3536 0.0000
vt 0.8895 0.3536 0.0000
vt 0.8895 0.3553 0.0000
vt 0.8878 0.3553 0.0000
vt 0.8878 0.3822 0.0000
vt 0.8878 0.3795 0.0000
vt 0.8891 0.3795 0.0000
vt 0.8891 0.3821 0.0000
vt 0.8882 0.2800 0.0000
vt 0.8898 0.2800 0.0000
vt 0.8898 0.2816 0.0000
vt 0.8882 0.2817 0.0000
vt 0.8888 0.1149 0.0000
vt 0.8903 0.1148 0.0000
vt 0.8904 0.1168 0.0000
vt 0.8888 0.1168 0.0000
vt 0.7696 0.4535 0.0000
vt 0.7777 0.4535 0.0000
vt 0.7777 0.4439 0.0000
vt 0.7696 0.4439 0.0000
vt 0.9959 0.1208 0.0000
vt 0.9959 0.1289 0.0000
vt 0.9963 0.1289 0.0000
vt 0.9963 0.1208 0.0000
vt 0.8926 0.0783 0.0000
vt 0.8927 0.0803 0.0000
vt 0.8911 0.0804 0.0000
vt 0.8912 0.0783 0.0000
vt 0.5154 0.1786 0.0000
vt 0.5080 0.1842 0.0000
vt 0.5091 0.1870 0.0000
vt 0.5148 0.1866 0.0000
vt 0.9521 0.2978 0.0000
vt 0.9440 0.2978 0.0000
vt 0.9440 0.3074 0.0000
vt 0.9521 0.3074 0.0000
vt 0.8911 0.0668 0.0000
vt 0.8912 0.0644 0.0000
vt 0.8927 0.0645 0.0000
vt 0.8926 0.0667 0.0000
vt 0.9230 0.4874 0.0000
vt 0.9230 0.4955 0.0000
vt 0.9234 0.4955 0.0000
vt 0.9234 0.4874 0.0000
vt 0.8938 0.3556 0.0000
vt 0.8954 0.3556 0.0000
vt 0.8954 0.3573 0.0000
vt 0.8938 0.3573 0.0000
vt 0.8942 0.2010 0.0000
vt 0.8942 0.1999 0.0000
vt 0.8955 0.2000 0.0000
vt 0.8956 0.2011 0.0000
vt 0.8955 0.2060 0.0000
vt 0.8956 0.2071 0.0000
vt 0.8942 0.2070 0.0000
vt 0.8942 0.2059 0.0000
vt 0.8956 0.2170 0.0000
vt 0.8942 0.2169 0.0000
vt 0.8942 0.2159 0.0000
vt 0.8955 0.2159 0.0000
vt 0.8942 0.2448 0.0000
vt 0.8942 0.2437 0.0000
vt 0.8955 0.2438 0.0000
vt 0.8956 0.2449 0.0000
vt 0.9440 0.2726 0.0000
vt 0.9521 0.2726 0.0000
vt 0.9521 0.2629 0.0000
vt 0.9440 0.2629 0.0000
vt 0.9206 0.4874 0.0000
vt 0.9206 0.4955 0.0000
vt 0.9210 0.4955 0.0000
vt 0.9210 0.4874 0.0000
vt 0.8942 0.2468 0.0000
vt 0.8942 0.2457 0.0000
vt 0.8955 0.2458 0.0000
vt 0.8956 0.2469 0.0000
vt 0.5058 0.1786 0.0000
vt 0.5058 0.1867 0.0000
vt 0.8955 0.2478 0.0000
vt 0.8956 0.2489 0.0000
vt 0.8942 0.2488 0.0000
vt 0.8942 0.2477 0.0000
vt 0.9949 0.0622 0.0000
vt 0.9949 0.0703 0.0000
vt 0.9954 0.0703 0.0000
vt 0.9954 0.0622 0.0000
vt 0.8957 0.0398 0.0000
vt 0.8955 0.0407 0.0000
vt 0.8948 0.0407 0.0000
vt 0.8948 0.0399 0.0000
vt 0.8952 0.0243 0.0000
vt 0.8952 0.0229 0.0000
vt 0.8961 0.0228 0.0000
vt 0.8962 0.0243 0.0000
vt 0.8971 0.3795 0.0000
vt 0.8971 0.3821 0.0000
vt 0.8958 0.3822 0.0000
vt 0.8958 0.3795 0.0000
vt 0.8983 0.0229 0.0000
vt 0.8983 0.0239 0.0000
vt 0.8973 0.0243 0.0000
vt 0.8972 0.0229 0.0000
vt 0.8978 0.3795 0.0000
vt 0.8991 0.3795 0.0000
vt 0.8991 0.3821 0.0000
vt 0.8978 0.3822 0.0000
vt 0.5228 0.4519 0.0000
vt 0.5309 0.4519 0.0000
vt 0.5309 0.4422 0.0000
vt 0.5228 0.4422 0.0000
vt 0.5556 0.4510 0.0000
vt 0.5637 0.4510 0.0000
vt 0.5637 0.4414 0.0000
vt 0.5556 0.4414 0.0000
vt 0.8988 0.1149 0.0000
vt 0.9003 0.1148 0.0000
vt 0.9003 0.1168 0.0000
vt 0.8988 0.1168 0.0000
vt 0.8998 0.0398 0.0000
vt 0.8995 0.0405 0.0000
vt 0.8988 0.0405 0.0000
vt 0.8988 0.0399 0.0000
vt 0.9020 0.0383 0.0000
vt 0.9011 0.0383 0.0000
vt 0.9011 0.0373 0.0000
vt 0.9020 0.0375 0.0000
vt 0.9494 0.0223 0.0000
vt 0.9494 0.0126 0.0000
vt 0.9413 0.0126 0.0000
vt 0.9413 0.0223 0.0000
vt 0.9048 0.0399 0.0000
vt 0.9059 0.0398 0.0000
vt 0.9057 0.0409 0.0000
vt 0.9048 0.0406 0.0000
vt 0.9494 0.0106 0.0000
vt 0.9494 0.0010 0.0000
vt 0.9413 0.0010 0.0000
vt 0.9413 0.0106 0.0000
vt 0.9058 0.0381 0.0000
vt 0.9050 0.0383 0.0000
vt 0.9050 0.0375 0.0000
vt 0.9063 0.0373 0.0000
vt 0.9050 0.1904 0.0000
vt 0.9050 0.1891 0.0000
vt 0.9066 0.1891 0.0000
vt 0.9066 0.1904 0.0000
vt 0.7892 0.4948 0.0000
vt 0.7896 0.4948 0.0000
vt 0.7896 0.4867 0.0000
vt 0.7892 0.4867 0.0000
vt 0.9396 0.1421 0.0000
vt 0.9399 0.1437 0.0000
vt 0.9383 0.1437 0.0000
vt 0.9383 0.1421 0.0000
vt 0.9068 0.0408 0.0000
vt 0.9068 0.0399 0.0000
vt 0.9079 0.0397 0.0000
vt 0.9078 0.0407 0.0000
vt 0.6192 0.4388 0.0000
vt 0.6111 0.4388 0.0000
vt 0.6111 0.4485 0.0000
vt 0.6192 0.4485 0.0000
vt 0.7555 0.4766 0.0000
vt 0.7570 0.4754 0.0000
vt 0.7570 0.4495 0.0000
vt 0.7554 0.4496 0.0000
vt 0.6011 0.3902 0.0000
vt 0.6208 0.3902 0.0000
vt 0.6208 0.3708 0.0000
vt 0.6011 0.3708 0.0000
vt 0.9796 0.3847 0.0000
vt 0.9798 0.3829 0.0000
vt 0.9798 0.3636 0.0000
vt 0.9796 0.3618 0.0000
vt 0.9786 0.3847 0.0000
vt 0.9786 0.3618 0.0000
vt 0.9784 0.3829 0.0000
vt 0.9784 0.3636 0.0000
vt 0.8832 0.0221 0.0000
vt 0.8832 0.0027 0.0000
vt 0.8648 0.0027 0.0000
vt 0.8648 0.0221 0.0000
vt 0.9748 0.3661 0.0000
vt 0.9748 0.3931 0.0000
vt 0.9764 0.3933 0.0000
vt 0.9764 0.3674 0.0000
vt 0.8832 0.0010 0.0000
vt 0.8646 0.0010 0.0000
vt 0.8646 0.0238 0.0000
vt 0.8832 0.0238 0.0000
vt 0.6208 0.3691 0.0000
vt 0.6013 0.3691 0.0000
vt 0.6013 0.3919 0.0000
vt 0.6208 0.3919 0.0000
vt 0.8626 0.0010 0.0000
vt 0.8623 0.0027 0.0000
vt 0.8623 0.0221 0.0000
vt 0.8626 0.0238 0.0000
vt 0.9715 0.3288 0.0000
vt 0.9730 0.3276 0.0000
vt 0.9730 0.3004 0.0000
vt 0.9714 0.3006 0.0000
vt 0.8632 0.3790 0.0000
vt 0.8839 0.3790 0.0000
vt 0.8839 0.3597 0.0000
vt 0.8632 0.3597 0.0000
vt 0.8610 0.3916 0.0000
vt 0.8599 0.3916 0.0000
vt 0.8597 0.3933 0.0000
vt 0.8597 0.4127 0.0000
vt 0.8599 0.4144 0.0000
vt 0.8610 0.4144 0.0000
vt 0.8612 0.3933 0.0000
vt 0.8612 0.4127 0.0000
vt 0.8600 0.2583 0.0000
vt 0.8407 0.2583 0.0000
vt 0.8407 0.2777 0.0000
vt 0.8600 0.2777 0.0000
vt 0.9715 0.2397 0.0000
vt 0.9714 0.2679 0.0000
vt 0.9730 0.2681 0.0000
vt 0.9730 0.2409 0.0000
vt 0.8407 0.2794 0.0000
vt 0.8602 0.2794 0.0000
vt 0.8602 0.2566 0.0000
vt 0.8407 0.2566 0.0000
vt 0.8838 0.3579 0.0000
vt 0.8635 0.3579 0.0000
vt 0.8635 0.3808 0.0000
vt 0.8838 0.3808 0.0000
vt 0.8622 0.2794 0.0000
vt 0.8625 0.2777 0.0000
vt 0.8625 0.2583 0.0000
vt 0.8622 0.2566 0.0000
vt 0.5401 0.4738 0.0000
vt 0.5422 0.4738 0.0000
vt 0.5422 0.4522 0.0000
vt 0.5401 0.4522 0.0000
vt 0.7913 0.0053 0.0000
vt 0.7696 0.0053 0.0000
vt 0.7696 0.0533 0.0000
vt 0.7913 0.0533 0.0000
vt 0.5176 0.2640 0.0000
vt 0.5197 0.2640 0.0000
vt 0.5199 0.2597 0.0000
vt 0.5174 0.2597 0.0000
vt 0.5199 0.2117 0.0000
vt 0.5197 0.2074 0.0000
vt 0.5174 0.2117 0.0000
vt 0.5176 0.2074 0.0000
vt 0.7383 0.3099 0.0000
vt 0.7599 0.3099 0.0000
vt 0.7599 0.2620 0.0000
vt 0.7383 0.2620 0.0000
vt 0.9791 0.1780 0.0000
vt 0.9791 0.1563 0.0000
vt 0.9770 0.1563 0.0000
vt 0.9770 0.1780 0.0000
vt 0.7599 0.2577 0.0000
vt 0.7383 0.2577 0.0000
vt 0.7383 0.3143 0.0000
vt 0.7599 0.3143 0.0000
vt 0.7696 0.0576 0.0000
vt 0.7913 0.0576 0.0000
vt 0.7913 0.0010 0.0000
vt 0.7696 0.0010 0.0000
vt 0.8928 0.3357 0.0000
vt 0.8928 0.2877 0.0000
vt 0.8926 0.2834 0.0000
vt 0.8905 0.2834 0.0000
vt 0.8903 0.2877 0.0000
vt 0.8903 0.3357 0.0000
vt 0.8905 0.3400 0.0000
vt 0.8926 0.3400 0.0000
vt 0.9251 0.4137 0.0000
vt 0.9251 0.3921 0.0000
vt 0.9230 0.3921 0.0000
vt 0.9230 0.4137 0.0000
vt 0.5878 0.2688 0.0000
vt 0.5661 0.2688 0.0000
vt 0.5661 0.3138 0.0000
vt 0.5878 0.3138 0.0000
vt 0.9208 0.3901 0.0000
vt 0.9210 0.3860 0.0000
vt 0.9210 0.3411 0.0000
vt 0.9208 0.3370 0.0000
vt 0.9187 0.3901 0.0000
vt 0.9187 0.3370 0.0000
vt 0.9185 0.3860 0.0000
vt 0.9185 0.3411 0.0000
vt 0.8169 0.3324 0.0000
vt 0.8385 0.3324 0.0000
vt 0.8385 0.2875 0.0000
vt 0.8169 0.2875 0.0000
vt 0.9791 0.2252 0.0000
vt 0.9791 0.2036 0.0000
vt 0.9770 0.2036 0.0000
vt 0.9770 0.2252 0.0000
vt 0.8385 0.2834 0.0000
vt 0.8169 0.2834 0.0000
vt 0.8169 0.3365 0.0000
vt 0.8385 0.3365 0.0000
vt 0.5661 0.3178 0.0000
vt 0.5878 0.3178 0.0000
vt 0.5878 0.2647 0.0000
vt 0.5661 0.2647 0.0000
vt 0.9264 0.1543 0.0000
vt 0.9266 0.1503 0.0000
vt 0.9266 0.1053 0.0000
vt 0.9264 0.1013 0.0000
vt 0.9243 0.1543 0.0000
vt 0.9243 0.1013 0.0000
vt 0.9241 0.1503 0.0000
vt 0.9241 0.1053 0.0000
vt 0.8008 0.4791 0.0000
vt 0.8026 0.4791 0.0000
vt 0.8026 0.4584 0.0000
vt 0.8008 0.4584 0.0000
vt 0.8396 0.0376 0.0000
vt 0.8603 0.0376 0.0000
vt 0.8603 0.0040 0.0000
vt 0.8396 0.0040 0.0000
vt 0.5818 0.4230 0.0000
vt 0.5820 0.4260 0.0000
vt 0.5838 0.4260 0.0000
vt 0.5839 0.4230 0.0000
vt 0.5839 0.3894 0.0000
vt 0.5838 0.3863 0.0000
vt 0.5818 0.3894 0.0000
vt 0.5820 0.3863 0.0000
vt 0.8376 0.3415 0.0000
vt 0.8169 0.3415 0.0000
vt 0.8169 0.3751 0.0000
vt 0.8376 0.3751 0.0000
vt 0.8235 0.4584 0.0000
vt 0.8235 0.4791 0.0000
vt 0.8253 0.4791 0.0000
vt 0.8253 0.4584 0.0000
vt 0.8169 0.3782 0.0000
vt 0.8376 0.3782 0.0000
vt 0.8376 0.3385 0.0000
vt 0.8169 0.3385 0.0000
vt 0.8603 0.0010 0.0000
vt 0.8396 0.0010 0.0000
vt 0.8396 0.0407 0.0000
vt 0.8603 0.0407 0.0000
vt 0.9242 0.2813 0.0000
vt 0.9241 0.2844 0.0000
vt 0.9241 0.3180 0.0000
vt 0.9242 0.3210 0.0000
vt 0.9260 0.2813 0.0000
vt 0.9260 0.3210 0.0000
vt 0.9262 0.2844 0.0000
vt 0.9262 0.3180 0.0000
vt 0.8083 0.4584 0.0000
vt 0.8083 0.4791 0.0000
vt 0.8101 0.4791 0.0000
vt 0.8101 0.4584 0.0000
vt 0.8169 0.0376 0.0000
vt 0.8376 0.0376 0.0000
vt 0.8376 0.0040 0.0000
vt 0.8169 0.0040 0.0000
vt 0.9295 0.3400 0.0000
vt 0.9294 0.3370 0.0000
vt 0.9276 0.3370 0.0000
vt 0.9274 0.3400 0.0000
vt 0.9274 0.3736 0.0000
vt 0.9276 0.3767 0.0000
vt 0.9295 0.3736 0.0000
vt 0.9294 0.3767 0.0000
vt 0.8612 0.1212 0.0000
vt 0.8405 0.1212 0.0000
vt 0.8405 0.1548 0.0000
vt 0.8612 0.1548 0.0000
vt 0.9595 0.4801 0.0000
vt 0.9595 0.4594 0.0000
vt 0.9577 0.4594 0.0000
vt 0.9577 0.4801 0.0000
vt 0.8405 0.1579 0.0000
vt 0.8612 0.1579 0.0000
vt 0.8612 0.1182 0.0000
vt 0.8405 0.1182 0.0000
vt 0.8376 0.0010 0.0000
vt 0.8169 0.0010 0.0000
vt 0.8169 0.0407 0.0000
vt 0.8376 0.0407 0.0000
vt 0.5148 0.3898 0.0000
vt 0.5147 0.3868 0.0000
vt 0.5129 0.3868 0.0000
vt 0.5127 0.3898 0.0000
vt 0.5127 0.4234 0.0000
vt 0.5129 0.4264 0.0000
vt 0.5148 0.4234 0.0000
vt 0.5147 0.4264 0.0000
# 1084 texture coords

o WINDOW_008
g WINDOW_008
usemtl BARN_SCENE_BARN_TEXTURES
s off
f 1033/3451/173 1034/3452/173 1035/3453/173 
f 1035/3453/173 1036/3454/173 1033/3451/173 
f 1037/3455/174 1038/3456/174 1039/3457/174 
f 1039/3457/174 1040/3458/174 1037/3455/174 
f 1041/3459/173 1042/3460/173 1043/3461/173 
f 1043/3461/173 1044/3462/173 1041/3459/173 
f 1045/3463/174 1046/3464/174 1047/3465/174 
f 1047/3465/174 1048/3466/174 1045/3463/174 
f 1049/3467/175 1050/3468/175 1051/3469/175 
f 1051/3469/175 1052/3470/175 1049/3467/175 
f 1053/3471/176 1054/3472/176 1055/3473/176 
f 1055/3473/176 1056/3474/176 1053/3471/176 
f 1036/3475/174 1035/3476/174 1057/3477/174 
f 1057/3477/174 1058/3478/174 1036/3475/174 
f 1054/3479/177 1042/3480/177 1041/3481/177 
f 1041/3481/177 1055/3482/177 1054/3479/177 
f 1058/3483/178 1059/3484/178 1033/3485/178 
f 1033/3485/178 1036/3486/178 1058/3483/178 
f 1060/3487/175 1061/3488/175 1062/3489/175 
f 1062/3489/175 1063/3490/175 1060/3487/175 
f 1064/3491/177 1065/3492/177 1066/3493/177 
f 1066/3493/177 1067/3494/177 1064/3491/177 
f 1068/3495/177 1069/3496/177 1070/3497/177 
f 1070/3497/177 1062/3498/177 1068/3495/177 
f 1046/3499/174 1045/3500/174 1057/3501/174 
f 1057/3501/174 1035/3502/174 1046/3499/174 
f 1040/3503/174 1048/3504/174 1047/3505/174 
f 1047/3505/174 1037/3506/174 1040/3503/174 
f 1071/3507/173 1072/3508/173 1073/3509/173 
f 1073/3509/173 1074/3510/173 1071/3507/173 
f 1075/3511/175 1076/3512/175 1068/3513/175 
f 1068/3513/175 1077/3514/175 1075/3511/175 
f 1078/3515/176 1079/3516/176 1080/3517/176 
f 1080/3517/176 1081/3518/176 1078/3515/176 
f 1082/3519/173 1083/3520/173 1084/3521/173 
f 1084/3521/173 1085/3522/173 1082/3519/173 
f 1086/3523/173 1038/3524/173 1037/3525/173 
f 1037/3525/173 1087/3526/173 1086/3523/173 
f 1088/3527/178 1057/3528/178 1045/3529/178 
f 1045/3529/178 1089/3530/178 1088/3527/178 
f 1052/3531/174 1076/3532/174 1075/3533/174 
f 1075/3533/174 1049/3534/174 1052/3531/174 
f 1061/3535/174 1077/3536/174 1068/3537/174 
f 1068/3537/174 1062/3538/174 1061/3535/174 
f 1090/3539/176 1091/3540/176 1092/3541/176 
f 1092/3541/176 1093/3542/176 1090/3539/176 
f 1069/3543/176 1068/3544/176 1076/3545/176 
f 1076/3545/176 1094/3546/176 1069/3543/176 
f 1095/3547/176 1096/3548/176 1097/3549/176 
f 1097/3549/176 1098/3550/176 1095/3547/176 
f 1048/3551/176 1099/3552/176 1089/3553/176 
f 1089/3553/176 1045/3554/176 1048/3551/176 
f 1100/3555/173 1101/3556/173 1102/3557/173 
f 1102/3557/173 1103/3558/173 1100/3555/173 
f 1104/3559/173 1105/3560/173 1075/3561/173 
f 1075/3561/173 1077/3562/173 1104/3559/173 
f 1106/3563/173 1107/3564/173 1108/3565/173 
f 1108/3565/173 1109/3566/173 1106/3563/173 
f 1110/3567/173 1111/3568/173 1047/3569/173 
f 1047/3569/173 1046/3570/173 1110/3567/173 
f 1046/3571/177 1035/3572/177 1034/3573/177 
f 1034/3573/177 1110/3574/177 1046/3571/177 
f 1106/3575/177 1109/3576/177 1072/3577/177 
f 1072/3577/177 1071/3578/177 1106/3575/177 
f 1082/3579/177 1085/3580/177 1112/3581/177 
f 1112/3581/177 1113/3582/177 1082/3579/177 
f 1100/3583/177 1103/3584/177 1114/3585/177 
f 1114/3585/177 1115/3586/177 1100/3583/177 
f 1048/3587/177 1040/3588/177 1116/3589/177 
f 1116/3589/177 1099/3590/177 1048/3587/177 
f 1096/3591/177 1095/3592/177 1053/3593/177 
f 1053/3593/177 1056/3594/177 1096/3591/177 
f 1079/3595/177 1078/3596/177 1117/3597/177 
f 1117/3597/177 1118/3598/177 1079/3595/177 
f 1091/3599/177 1090/3600/177 1119/3601/177 
f 1119/3601/177 1120/3602/177 1091/3599/177 
f 1075/3603/177 1105/3604/177 1121/3605/177 
f 1121/3605/177 1049/3606/177 1075/3603/177 
f 1121/3607/173 1122/3608/173 1050/3609/173 
f 1050/3609/173 1049/3610/173 1121/3607/173 
f 1115/3611/173 1114/3612/173 1123/3613/173 
f 1123/3613/173 1124/3614/173 1115/3611/173 
f 1113/3615/173 1112/3616/173 1125/3617/173 
f 1125/3617/173 1126/3618/173 1113/3615/173 
f 1043/3619/178 1108/3620/178 1107/3621/178 
f 1107/3621/178 1044/3622/178 1043/3619/178 
f 1127/3623/178 1084/3624/178 1083/3625/178 
f 1083/3625/178 1128/3626/178 1127/3623/178 
f 1129/3627/178 1102/3628/178 1101/3629/178 
f 1101/3629/178 1130/3630/178 1129/3627/178 
f 1077/3631/178 1061/3632/178 1131/3633/178 
f 1131/3633/178 1104/3634/178 1077/3631/178 
f 1132/3635/178 1098/3636/178 1097/3637/178 
f 1097/3637/178 1133/3638/178 1132/3635/178 
f 1134/3639/178 1081/3640/178 1080/3641/178 
f 1080/3641/178 1135/3642/178 1134/3639/178 
f 1136/3643/178 1093/3644/178 1092/3645/178 
f 1092/3645/178 1137/3646/178 1136/3643/178 
f 1052/3647/178 1138/3648/178 1094/3649/178 
f 1094/3649/178 1076/3650/178 1052/3647/178 
f 1139/3651/178 1124/3652/178 1123/3653/178 
f 1123/3653/178 1140/3654/178 1139/3651/178 
f 1141/3655/178 1126/3656/178 1125/3657/178 
f 1125/3657/178 1142/3658/178 1141/3655/178 
f 1143/3659/178 1074/3660/178 1073/3661/178 
f 1073/3661/178 1144/3662/178 1143/3659/178 
f 1058/3663/176 1057/3664/176 1088/3665/176 
f 1088/3665/176 1059/3666/176 1058/3663/176 
f 1145/3667/176 1116/3668/176 1040/3669/176 
f 1040/3669/176 1039/3670/176 1145/3667/176 
f 1146/3671/177 1147/3672/177 1060/3673/177 
f 1060/3673/177 1063/3674/177 1146/3671/177 
f 1148/3675/177 1149/3676/177 1150/3677/177 
f 1150/3677/177 1151/3678/177 1148/3675/177 
f 1152/3679/177 1153/3680/177 1154/3681/177 
f 1154/3681/177 1155/3682/177 1152/3679/177 
f 1037/3683/178 1047/3684/178 1111/3685/178 
f 1111/3685/178 1087/3686/178 1037/3683/178 
f 1062/3687/176 1070/3688/176 1146/3689/176 
f 1146/3689/176 1063/3690/176 1062/3687/176 
f 1119/3691/176 1150/3692/176 1149/3693/176 
f 1149/3693/176 1120/3694/176 1119/3691/176 
f 1117/3695/176 1154/3696/176 1153/3697/176 
f 1153/3697/176 1118/3698/176 1117/3695/176 
f 1131/3699/173 1061/3700/173 1060/3701/173 
f 1060/3701/173 1147/3702/173 1131/3699/173 
f 1148/3703/173 1151/3704/173 1129/3705/173 
f 1129/3705/173 1130/3706/173 1148/3703/173 
f 1152/3707/173 1155/3708/173 1127/3709/173 
f 1127/3709/173 1128/3710/173 1152/3707/173 
f 1086/3711/177 1145/3712/177 1039/3713/177 
f 1039/3713/177 1038/3714/177 1086/3711/177 
f 1156/3715/176 1138/3716/176 1052/3717/176 
f 1052/3717/176 1051/3718/176 1156/3715/176 
f 1136/3719/176 1137/3720/176 1139/3721/176 
f 1139/3721/176 1140/3722/176 1136/3719/176 
f 1142/3723/176 1134/3724/176 1135/3725/176 
f 1135/3725/176 1141/3726/176 1142/3723/176 
f 1144/3727/176 1132/3728/176 1133/3729/176 
f 1133/3729/176 1143/3730/176 1144/3727/176 
f 1113/3731/174 1157/3732/174 1158/3733/174 
f 1158/3733/174 1082/3734/174 1113/3731/174 
f 1159/3735/174 1160/3736/174 1044/3737/174 
f 1044/3737/174 1107/3738/174 1159/3735/174 
f 1089/3739/174 1099/3740/174 1161/3741/174 
f 1161/3741/174 1162/3742/174 1089/3739/174 
f 1127/3743/174 1163/3744/174 1164/3745/174 
f 1164/3745/174 1084/3746/174 1127/3743/174 
f 1165/3747/174 1143/3748/174 1133/3749/174 
f 1133/3749/174 1166/3750/174 1165/3747/174 
f 1154/3751/175 1117/3752/175 1167/3753/175 
f 1167/3753/175 1168/3754/175 1154/3751/175 
f 1169/3755/174 1170/3756/174 1121/3757/174 
f 1121/3757/174 1105/3758/174 1169/3755/174 
f 1171/3759/175 1095/3760/175 1098/3761/175 
f 1098/3761/175 1172/3762/175 1171/3759/175 
f 1140/3763/175 1173/3764/175 1174/3765/175 
f 1174/3765/175 1136/3766/175 1140/3763/175 
f 1175/3767/174 1056/3768/174 1055/3769/174 
f 1055/3769/174 1176/3770/174 1175/3767/174 
f 1177/3771/174 1178/3772/174 1087/3773/174 
f 1087/3773/174 1111/3774/174 1177/3771/174 
f 1115/3775/174 1179/3776/174 1180/3777/174 
f 1180/3777/174 1100/3778/174 1115/3775/174 
f 1181/3779/175 1101/3780/175 1100/3781/175 
f 1100/3781/175 1180/3782/175 1181/3779/175 
f 1043/3783/174 1182/3784/174 1183/3785/174 
f 1183/3785/174 1108/3786/174 1043/3783/174 
f 1184/3787/174 1185/3788/174 1141/3789/174 
f 1141/3789/174 1135/3790/174 1184/3787/174 
f 1119/3791/175 1186/3792/175 1187/3793/175 
f 1187/3793/175 1150/3794/175 1119/3791/175 
f 1105/3795/174 1104/3796/174 1188/3797/174 
f 1188/3797/174 1169/3798/174 1105/3795/174 
f 1156/3799/175 1189/3800/175 1190/3801/175 
f 1190/3801/175 1138/3802/175 1156/3799/175 
f 1191/3803/174 1192/3804/174 1118/3805/174 
f 1118/3805/174 1153/3806/174 1191/3803/174 
f 1053/3807/174 1095/3808/174 1171/3809/174 
f 1171/3809/174 1193/3810/174 1053/3807/174 
f 1072/3811/174 1194/3812/174 1195/3813/174 
f 1195/3813/174 1073/3814/174 1072/3811/174 
f 1196/3815/175 1083/3816/175 1082/3817/175 
f 1082/3817/175 1158/3818/175 1196/3815/175 
f 1197/3819/175 1198/3820/175 1034/3821/175 
f 1034/3821/175 1033/3822/175 1197/3819/175 
f 1199/3823/174 1200/3824/174 1139/3825/174 
f 1139/3825/174 1137/3826/174 1199/3823/174 
f 1064/3827/175 1201/3828/175 1146/3829/175 
f 1146/3829/175 1070/3830/175 1064/3827/175 
f 1202/3831/174 1161/3832/174 1099/3833/174 
f 1099/3833/174 1116/3834/174 1202/3831/174 
f 1103/3835/174 1102/3836/174 1203/3837/174 
f 1203/3837/174 1204/3838/174 1103/3835/174 
f 1199/3839/174 1137/3840/174 1092/3841/174 
f 1092/3841/174 1205/3842/174 1199/3839/174 
f 1149/3843/174 1206/3844/174 1067/3845/174 
f 1067/3845/174 1120/3846/174 1149/3843/174 
f 1144/3847/174 1073/3848/174 1195/3849/174 
f 1195/3849/174 1207/3850/174 1144/3847/174 
f 1208/3851/174 1125/3852/174 1112/3853/174 
f 1112/3853/174 1209/3854/174 1208/3851/174 
f 1210/3855/174 1094/3856/174 1138/3857/174 
f 1138/3857/174 1190/3858/174 1210/3855/174 
f 1078/3859/174 1211/3860/174 1167/3861/174 
f 1167/3861/174 1117/3862/174 1078/3859/174 
f 1033/3863/174 1059/3864/174 1212/3865/174 
f 1212/3865/174 1197/3866/174 1033/3863/174 
f 1107/3867/175 1106/3868/175 1213/3869/175 
f 1213/3869/175 1159/3870/175 1107/3867/175 
f 1071/3871/175 1074/3872/175 1214/3873/175 
f 1214/3873/175 1215/3874/175 1071/3871/175 
f 1042/3875/174 1216/3876/174 1182/3877/174 
f 1182/3877/174 1043/3878/174 1042/3875/174 
f 1217/3879/174 1142/3880/174 1125/3881/174 
f 1125/3881/174 1208/3882/174 1217/3879/174 
f 1218/3883/174 1085/3884/174 1084/3885/174 
f 1084/3885/174 1164/3886/174 1218/3883/174 
f 1080/3887/174 1219/3888/174 1184/3889/174 
f 1184/3889/174 1135/3890/174 1080/3887/174 
f 1220/3891/174 1096/3892/174 1056/3893/174 
f 1056/3893/174 1175/3894/174 1220/3891/174 
f 1074/3895/174 1143/3896/174 1165/3897/174 
f 1165/3897/174 1214/3898/174 1074/3895/174 
f 1221/3899/174 1123/3900/174 1114/3901/174 
f 1114/3901/174 1222/3902/174 1221/3899/174 
f 1174/3903/174 1223/3904/174 1093/3905/174 
f 1093/3905/174 1136/3906/174 1174/3903/174 
f 1086/3907/175 1087/3908/175 1178/3909/175 
f 1178/3909/175 1224/3910/175 1086/3907/175 
f 1140/3911/174 1123/3912/174 1221/3913/174 
f 1221/3913/174 1173/3914/174 1140/3911/174 
f 1111/3915/175 1110/3916/175 1225/3917/175 
f 1225/3917/175 1177/3918/175 1111/3915/175 
f 1113/3919/175 1126/3920/175 1226/3921/175 
f 1226/3921/175 1157/3922/175 1113/3919/175 
f 1156/3923/178 1051/3924/178 1050/3925/178 
f 1050/3925/178 1122/3926/178 1156/3923/178 
f 1186/3927/177 1227/3928/177 1228/3929/177 
f 1228/3929/177 1192/3930/177 1186/3927/177 
f 1167/3931/177 1211/3932/177 1220/3933/177 
f 1220/3933/177 1175/3934/177 1167/3931/177 
f 1193/3935/177 1171/3936/177 1161/3937/177 
f 1161/3937/177 1202/3938/177 1193/3935/177 
f 1170/3939/177 1169/3940/177 1180/3941/177 
f 1180/3941/177 1179/3942/177 1170/3939/177 
f 1222/3943/177 1204/3944/177 1158/3945/177 
f 1158/3945/177 1157/3946/177 1222/3943/177 
f 1218/3947/177 1213/3948/177 1215/3949/177 
f 1215/3949/177 1209/3950/177 1218/3947/177 
f 1229/3951/177 1225/3952/177 1198/3953/177 
f 1198/3953/177 1194/3954/177 1229/3951/177 
f 1183/3955/173 1177/3956/173 1225/3957/173 
f 1225/3957/173 1229/3958/173 1183/3955/173 
f 1159/3959/173 1213/3960/173 1218/3961/173 
f 1218/3961/173 1164/3962/173 1159/3959/173 
f 1196/3963/173 1158/3964/173 1204/3965/173 
f 1204/3965/173 1203/3966/173 1196/3963/173 
f 1181/3967/173 1180/3968/173 1169/3969/173 
f 1169/3969/173 1188/3970/173 1181/3967/173 
f 1171/3971/176 1172/3972/176 1162/3973/176 
f 1162/3973/176 1161/3974/176 1171/3971/176 
f 1211/3975/176 1230/3976/176 1231/3977/176 
f 1231/3977/176 1220/3978/176 1211/3975/176 
f 1223/3979/176 1219/3980/176 1228/3981/176 
f 1228/3981/176 1227/3982/176 1223/3979/176 
f 1065/3983/176 1210/3984/176 1205/3985/176 
f 1205/3985/176 1066/3986/176 1065/3983/176 
f 1232/3987/173 1233/3988/173 1170/3989/173 
f 1170/3989/173 1179/3990/173 1232/3987/173 
f 1226/3991/173 1221/3992/173 1222/3993/173 
f 1222/3993/173 1157/3994/173 1226/3991/173 
f 1215/3995/173 1214/3996/173 1208/3997/173 
f 1208/3997/173 1209/3998/173 1215/3995/173 
f 1194/3999/173 1198/4000/173 1197/4001/173 
f 1197/4001/173 1195/4002/173 1194/3999/173 
f 1177/4003/178 1183/4004/178 1182/4005/178 
f 1182/4005/178 1178/4006/178 1177/4003/178 
f 1164/4007/178 1163/4008/178 1160/4009/178 
f 1160/4009/178 1159/4010/178 1164/4007/178 
f 1196/4011/178 1203/4012/178 1234/4013/178 
f 1234/4013/178 1235/4014/178 1196/4011/178 
f 1181/4015/178 1188/4016/178 1236/4017/178 
f 1236/4017/178 1237/4018/178 1181/4015/178 
f 1162/4019/178 1172/4020/178 1238/4021/178 
f 1238/4021/178 1239/4022/178 1162/4019/178 
f 1231/4023/178 1230/4024/178 1240/4025/178 
f 1240/4025/178 1166/4026/178 1231/4023/178 
f 1223/4027/178 1174/4028/178 1184/4029/178 
f 1184/4029/178 1219/4030/178 1223/4027/178 
f 1205/4031/178 1210/4032/178 1190/4033/178 
f 1190/4033/178 1199/4034/178 1205/4031/178 
f 1199/4035/176 1190/4036/176 1189/4037/176 
f 1189/4037/176 1200/4038/176 1199/4035/176 
f 1184/4039/176 1174/4040/176 1173/4041/176 
f 1173/4041/176 1185/4042/176 1184/4039/176 
f 1240/4043/176 1217/4044/176 1165/4045/176 
f 1165/4045/176 1166/4046/176 1240/4043/176 
f 1238/4047/176 1207/4048/176 1212/4049/176 
f 1212/4049/176 1239/4050/176 1238/4047/176 
f 1241/4051/173 1237/4052/173 1236/4053/173 
f 1236/4053/173 1242/4054/173 1241/4051/173 
f 1243/4055/173 1244/4056/173 1235/4057/173 
f 1235/4057/173 1234/4058/173 1243/4055/173 
f 1245/4059/173 1160/4060/173 1163/4061/173 
f 1163/4061/173 1246/4062/173 1245/4059/173 
f 1224/4063/173 1178/4064/173 1182/4065/173 
f 1182/4065/173 1216/4066/173 1224/4063/173 
f 1067/4067/176 1206/4068/176 1201/4069/176 
f 1201/4069/176 1064/4070/176 1067/4067/176 
f 1192/4071/176 1191/4072/176 1187/4073/176 
f 1187/4073/176 1186/4074/176 1192/4071/176 
f 1167/4075/176 1175/4076/176 1176/4077/176 
f 1176/4077/176 1168/4078/176 1167/4075/176 
f 1193/4079/176 1202/4080/176 1247/4081/176 
f 1247/4081/176 1248/4082/176 1193/4079/176 
f 1206/4083/177 1241/4084/177 1242/4085/177 
f 1242/4085/177 1201/4086/177 1206/4083/177 
f 1187/4087/177 1191/4088/177 1244/4089/177 
f 1244/4089/177 1243/4090/177 1187/4087/177 
f 1176/4091/177 1245/4092/177 1246/4093/177 
f 1246/4093/177 1168/4094/177 1176/4091/177 
f 1247/4095/177 1224/4096/177 1216/4097/177 
f 1216/4097/177 1248/4098/177 1247/4095/177 
f 1189/4099/178 1233/4100/178 1232/4101/178 
f 1232/4101/178 1200/4102/178 1189/4099/178 
f 1173/4103/178 1221/4104/178 1226/4105/178 
f 1226/4105/178 1185/4106/178 1173/4103/178 
f 1165/4107/178 1217/4108/178 1208/4109/178 
f 1208/4109/178 1214/4110/178 1165/4107/178 
f 1212/4111/178 1207/4112/178 1195/4113/178 
f 1195/4113/178 1197/4114/178 1212/4111/178 
f 1202/4115/174 1116/4116/174 1145/4117/174 
f 1145/4117/174 1247/4118/174 1202/4115/174 
f 1134/4119/175 1142/3880/175 1217/3879/175 
f 1217/3879/175 1240/4120/175 1134/4119/175 
f 1211/4121/175 1078/4122/175 1081/4123/175 
f 1081/4123/175 1230/4124/175 1211/4121/175 
f 1054/4125/175 1053/4126/175 1193/4127/175 
f 1193/4127/175 1248/4128/175 1054/4125/175 
f 1212/4129/174 1059/4130/174 1088/4131/174 
f 1088/4131/174 1239/4132/174 1212/4129/174 
f 1129/4133/174 1234/4134/174 1203/4135/174 
f 1203/4135/174 1102/4136/174 1129/4133/174 
f 1097/4137/174 1096/4138/174 1220/4139/174 
f 1220/4139/174 1231/4140/174 1097/4137/174 
f 1204/4141/174 1222/4142/174 1114/4143/174 
f 1114/4143/174 1103/4144/174 1204/4141/174 
f 1148/4145/174 1241/4146/174 1206/4147/174 
f 1206/4147/174 1149/4148/174 1148/4145/174 
f 1196/4149/174 1235/4150/174 1128/4151/174 
f 1128/4151/174 1083/4152/174 1196/4149/174 
f 1201/4153/174 1242/4154/174 1147/4155/174 
f 1147/4155/174 1146/4156/174 1201/4153/174 
f 1238/4157/175 1132/4158/175 1144/4159/175 
f 1144/4159/175 1207/4160/175 1238/4157/175 
f 1093/4161/175 1223/4162/175 1227/4163/175 
f 1227/4163/175 1090/4164/175 1093/4161/175 
f 1213/4165/174 1106/4166/174 1071/4167/174 
f 1071/4167/174 1215/4168/174 1213/4165/174 
f 1152/4169/174 1244/4170/174 1191/4171/174 
f 1191/4171/174 1153/4172/174 1152/4169/174 
f 1130/4173/175 1237/4174/175 1241/4175/175 
f 1241/4175/175 1148/4176/175 1130/4173/175 
f 1131/4177/174 1236/4178/174 1188/4179/174 
f 1188/4179/174 1104/4180/174 1131/4177/174 
f 1079/4181/174 1228/4182/174 1219/4183/174 
f 1219/4183/174 1080/4184/174 1079/4181/174 
f 1187/4185/174 1243/4186/174 1151/4187/174 
f 1151/4187/174 1150/4188/174 1187/4185/174 
f 1181/4189/174 1237/4190/174 1130/4191/174 
f 1130/4191/174 1101/4192/174 1181/4189/174 
f 1112/4193/174 1085/4194/174 1218/4195/174 
f 1218/4195/174 1209/4196/174 1112/4193/174 
f 1041/4197/174 1245/4198/174 1176/4199/174 
f 1176/4199/174 1055/4200/174 1041/4197/174 
f 1067/4201/174 1066/4202/174 1091/4203/174 
f 1091/4203/174 1120/4204/174 1067/4201/174 
f 1236/4205/174 1131/4206/174 1147/4207/174 
f 1147/4207/174 1242/4208/174 1236/4205/174 
f 1094/4209/175 1210/4210/175 1065/4211/175 
f 1065/4211/175 1069/4212/175 1094/4209/175 
f 1168/4213/178 1246/4214/178 1155/4215/178 
f 1155/4215/178 1154/4216/178 1168/4213/178 
f 1128/4217/175 1235/4218/175 1244/4170/175 
f 1244/4170/175 1152/4169/175 1128/4217/175 
f 1098/4219/174 1132/4220/174 1238/4221/174 
f 1238/4221/174 1172/4222/174 1098/4219/174 
f 1091/4223/174 1066/4224/174 1205/4225/174 
f 1205/4225/174 1092/4226/174 1091/4223/174 
f 1225/4227/174 1110/4228/174 1034/4229/174 
f 1034/4229/174 1198/4230/174 1225/4227/174 
f 1086/4231/174 1224/4232/174 1247/4233/174 
f 1247/4233/174 1145/4234/174 1086/4231/174 
f 1064/4235/174 1070/4236/174 1069/4237/174 
f 1069/4237/174 1065/4238/174 1064/4235/174 
f 1239/4239/174 1088/4240/174 1089/4241/174 
f 1089/4241/174 1162/4242/174 1239/4239/174 
f 1248/4243/174 1216/4244/174 1042/4245/174 
f 1042/4245/174 1054/4246/174 1248/4243/174 
f 1234/4247/174 1129/4248/174 1151/4249/174 
f 1151/4249/174 1243/4250/174 1234/4247/174 
f 1179/4251/175 1115/4252/175 1124/4253/175 
f 1124/4253/175 1232/4254/175 1179/4251/175 
f 1229/4255/174 1194/4256/174 1072/4257/174 
f 1072/4257/174 1109/4258/174 1229/4255/174 
f 1232/4259/174 1124/4260/174 1139/4261/174 
f 1139/4261/174 1200/4262/174 1232/4259/174 
f 1079/4263/174 1118/4264/174 1192/4265/174 
f 1192/4265/174 1228/4266/174 1079/4263/174 
f 1041/4267/175 1044/4268/175 1160/4269/175 
f 1160/4269/175 1245/4270/175 1041/4267/175 
f 1240/4271/174 1230/4272/174 1081/4273/174 
f 1081/4273/174 1134/4274/174 1240/4271/174 
f 1122/4275/174 1121/4276/174 1170/4277/174 
f 1170/4277/174 1233/4278/174 1122/4275/174 
f 1156/4279/174 1122/4280/174 1233/4281/174 
f 1233/4281/174 1189/4282/174 1156/4279/174 
f 1097/4283/174 1231/4284/174 1166/4285/174 
f 1166/4285/174 1133/4286/174 1097/4283/174 
f 1183/4287/174 1229/4288/174 1109/4289/174 
f 1109/4289/174 1108/4290/174 1183/4287/174 
f 1226/4291/177 1126/4292/177 1141/4293/177 
f 1141/4293/177 1185/4294/177 1226/4291/177 
f 1090/4295/174 1227/4296/174 1186/4297/174 
f 1186/4297/174 1119/4298/174 1090/4295/174 
f 1155/4299/174 1246/4300/174 1163/4301/174 
f 1163/4301/174 1127/4302/174 1155/4299/174 
f 1249/4303/173 1250/4304/173 1251/4305/173 
f 1251/4305/173 1252/4306/173 1249/4303/173 
f 1253/4307/179 1254/4308/179 1255/4309/179 
f 1255/4309/179 1256/4310/179 1253/4307/179 
f 1251/4311/180 1257/4312/180 1258/4313/180 
f 1251/4311/180 1258/4313/180 1259/4314/180 
f 1252/4315/180 1251/4311/180 1259/4314/180 
f 1252/4315/180 1259/4314/180 1260/4316/180 
f 1254/4317/180 1252/4315/180 1260/4316/180 
f 1255/4318/180 1254/4317/180 1260/4316/180 
f 1258/4319/181 1257/4320/181 1261/4321/181 
f 1261/4321/181 1262/4322/181 1258/4319/181 
f 1263/4323/176 1260/4324/176 1259/4325/176 
f 1259/4325/176 1264/4326/176 1263/4323/176 
f 1257/4320/182 1251/4327/182 1250/4328/182 
f 1250/4328/182 1261/4321/182 1257/4320/182 
f 1262/4322/183 1264/4329/183 1259/4330/183 
f 1259/4330/183 1258/4319/183 1262/4322/183 
f 1260/4331/184 1263/4332/184 1256/4310/184 
f 1256/4310/184 1255/4309/184 1260/4331/184 
f 1254/4308/185 1253/4307/185 1249/4333/185 
f 1249/4333/185 1252/4334/185 1254/4308/185 
f 1261/4321/186 1250/4328/186 1249/4335/186 
f 1249/4335/186 1253/4336/186 1256/4337/186 
f 1261/4321/186 1249/4335/186 1256/4337/186 
f 1261/4321/186 1256/4337/186 1263/4338/186 
f 1262/4322/186 1261/4321/186 1263/4338/186 
f 1262/4322/186 1263/4338/186 1264/4329/186 
f 1265/4339/176 1266/4340/176 1267/4341/176 
f 1267/4341/176 1268/4342/176 1265/4339/176 
f 1269/4343/187 1270/4344/187 1271/4345/187 
f 1271/4345/187 1272/4346/187 1269/4343/187 
f 1268/4347/188 1267/4348/188 1273/4349/188 
f 1273/4349/188 1274/4350/188 1275/4351/188 
f 1268/4347/188 1273/4349/188 1275/4351/188 
f 1268/4347/188 1275/4351/188 1276/4352/188 
f 1270/4353/188 1268/4347/188 1276/4352/188 
f 1271/4354/188 1270/4353/188 1276/4352/188 
f 1277/4355/189 1274/4356/189 1273/4357/189 
f 1273/4357/189 1278/4358/189 1277/4355/189 
f 1279/4359/173 1276/4360/173 1275/4361/173 
f 1275/4361/173 1280/4362/173 1279/4359/173 
f 1278/4358/190 1273/4357/190 1267/4363/190 
f 1267/4363/190 1266/4364/190 1278/4358/190 
f 1274/4356/191 1277/4355/191 1280/4365/191 
f 1280/4365/191 1275/4366/191 1274/4356/191 
f 1276/4367/192 1279/4368/192 1272/4346/192 
f 1272/4346/192 1271/4345/192 1276/4367/192 
f 1270/4344/193 1269/4343/193 1265/4369/193 
f 1265/4369/193 1268/4370/193 1270/4344/193 
f 1277/4355/194 1278/4358/194 1266/4364/194 
f 1265/4371/194 1269/4372/194 1272/4373/194 
f 1265/4371/194 1272/4373/194 1279/4374/194 
f 1266/4364/194 1265/4371/194 1279/4374/194 
f 1277/4355/194 1266/4364/194 1279/4374/194 
f 1277/4355/194 1279/4374/194 1280/4365/194 
f 1281/4375/176 1282/4376/176 1283/4377/176 
f 1283/4377/176 1284/4378/176 1281/4375/176 
f 1285/4379/175 1286/4380/175 1287/4381/175 
f 1287/4381/175 1288/4382/175 1285/4379/175 
f 1284/4383/195 1283/4384/195 1289/4385/195 
f 1286/4386/195 1284/4383/195 1289/4385/195 
f 1289/4385/195 1290/4387/195 1291/4388/195 
f 1286/4386/195 1289/4385/195 1291/4388/195 
f 1287/4389/195 1286/4386/195 1291/4388/195 
f 1287/4389/195 1291/4388/195 1292/4390/195 
f 1293/4391/174 1290/4392/174 1289/4393/174 
f 1289/4393/174 1294/4394/174 1293/4391/174 
f 1295/4395/173 1292/4396/173 1291/4397/173 
f 1291/4397/173 1296/4398/173 1295/4395/173 
f 1294/4394/196 1289/4393/196 1283/4399/196 
f 1283/4399/196 1282/4400/196 1294/4394/196 
f 1290/4392/197 1293/4391/197 1296/4401/197 
f 1296/4401/197 1291/4402/197 1290/4392/197 
f 1292/4403/198 1295/4404/198 1288/4382/198 
f 1288/4382/198 1287/4381/198 1292/4403/198 
f 1286/4380/199 1285/4379/199 1281/4405/199 
f 1281/4405/199 1284/4406/199 1286/4380/199 
f 1293/4407/178 1294/4408/178 1282/4409/178 
f 1293/4407/178 1282/4409/178 1281/4410/178 
f 1293/4407/178 1281/4410/178 1285/4411/178 
f 1293/4407/178 1285/4411/178 1288/4412/178 
f 1293/4407/178 1288/4412/178 1295/4413/178 
f 1293/4407/178 1295/4413/178 1296/4414/178 
f 1297/4415/176 1298/4416/176 1299/4417/176 
f 1299/4417/176 1300/4418/176 1297/4415/176 
f 1301/4419/175 1302/4420/175 1303/4421/175 
f 1303/4421/175 1304/4422/175 1301/4419/175 
f 1298/4423/195 1305/4424/195 1306/4425/195 
f 1298/4423/195 1306/4425/195 1307/4426/195 
f 1299/4427/195 1298/4423/195 1307/4426/195 
f 1299/4427/195 1307/4426/195 1308/4428/195 
f 1302/4429/195 1299/4427/195 1308/4428/195 
f 1303/4430/195 1302/4429/195 1308/4428/195 
f 1309/4431/174 1306/4432/174 1305/4433/174 
f 1305/4433/174 1310/4434/174 1309/4431/174 
f 1311/4435/173 1308/4436/173 1307/4437/173 
f 1307/4437/173 1312/4438/173 1311/4435/173 
f 1310/4434/200 1305/4433/200 1298/4439/200 
f 1298/4439/200 1297/4440/200 1310/4434/200 
f 1306/4432/201 1309/4431/201 1312/4441/201 
f 1312/4441/201 1307/4442/201 1306/4432/201 
f 1308/4443/202 1311/4444/202 1304/4422/202 
f 1304/4422/202 1303/4421/202 1308/4443/202 
f 1302/4420/203 1301/4419/203 1300/4445/203 
f 1300/4445/203 1299/4446/203 1302/4420/203 
f 1300/4447/178 1301/4448/178 1304/4449/178 
f 1300/4447/178 1304/4449/178 1311/4450/178 
f 1297/4451/178 1300/4447/178 1311/4450/178 
f 1297/4451/178 1311/4450/178 1312/4452/178 
f 1310/4453/178 1297/4451/178 1312/4452/178 
f 1309/4454/178 1310/4453/178 1312/4452/178 
f 1313/4455/176 1314/4456/176 1315/4457/176 
f 1315/4457/176 1316/4458/176 1313/4455/176 
f 1317/4459/177 1318/4460/177 1319/4461/177 
f 1319/4461/177 1320/4462/177 1317/4459/177 
f 1318/4463/204 1314/4464/204 1313/4465/204 
f 1318/4463/204 1313/4465/204 1321/4466/204 
f 1318/4463/204 1321/4466/204 1322/4467/204 
f 1318/4463/204 1322/4467/204 1323/4468/204 
f 1319/4469/204 1318/4463/204 1323/4468/204 
f 1319/4469/204 1323/4468/204 1324/4470/204 
f 1325/4471/178 1322/4472/178 1321/4473/178 
f 1321/4473/178 1326/4474/178 1325/4471/178 
f 1323/4475/173 1327/4476/173 1328/4477/173 
f 1328/4477/173 1324/4478/173 1323/4475/173 
f 1326/4474/205 1321/4473/205 1313/4479/205 
f 1313/4479/205 1316/4480/205 1326/4474/205 
f 1322/4472/206 1325/4471/206 1327/4481/206 
f 1327/4481/206 1323/4482/206 1322/4472/206 
f 1324/4483/207 1328/4484/207 1320/4462/207 
f 1320/4462/207 1319/4461/207 1324/4483/207 
f 1318/4460/208 1317/4459/208 1315/4485/208 
f 1315/4485/208 1314/4486/208 1318/4460/208 
f 1315/4487/175 1317/4488/175 1320/4489/175 
f 1315/4487/175 1320/4489/175 1328/4490/175 
f 1316/4491/175 1315/4487/175 1328/4490/175 
f 1316/4491/175 1328/4490/175 1327/4492/175 
f 1326/4493/175 1316/4491/175 1327/4492/175 
f 1325/4494/175 1326/4493/175 1327/4492/175 
f 1329/4495/176 1330/4496/176 1331/4497/176 
f 1331/4497/176 1332/4498/176 1329/4495/176 
f 1333/4499/177 1334/4500/177 1335/4501/177 
f 1335/4501/177 1336/4502/177 1333/4499/177 
f 1334/4503/204 1331/4504/204 1330/4505/204 
f 1334/4503/204 1330/4505/204 1337/4506/204 
f 1334/4503/204 1337/4506/204 1338/4507/204 
f 1334/4503/204 1338/4507/204 1339/4508/204 
f 1335/4509/204 1334/4503/204 1339/4508/204 
f 1335/4509/204 1339/4508/204 1340/4510/204 
f 1341/4511/178 1338/4512/178 1337/4513/178 
f 1337/4513/178 1342/4514/178 1341/4511/178 
f 1343/4515/173 1340/4516/173 1339/4517/173 
f 1339/4517/173 1344/4518/173 1343/4515/173 
f 1342/4514/205 1337/4513/205 1330/4519/205 
f 1330/4519/205 1329/4520/205 1342/4514/205 
f 1338/4512/206 1341/4511/206 1344/4521/206 
f 1344/4521/206 1339/4522/206 1338/4512/206 
f 1340/4523/207 1343/4524/207 1336/4502/207 
f 1336/4502/207 1335/4501/207 1340/4523/207 
f 1334/4500/208 1333/4499/208 1332/4525/208 
f 1332/4525/208 1331/4526/208 1334/4500/208 
f 1342/4527/175 1329/4528/175 1332/4529/175 
f 1342/4527/175 1332/4529/175 1333/4530/175 
f 1342/4527/175 1333/4530/175 1336/4531/175 
f 1342/4527/175 1336/4531/175 1343/4532/175 
f 1341/4533/175 1342/4527/175 1343/4532/175 
f 1341/4533/175 1343/4532/175 1344/4534/175 
# 596 faces

#
# object WINDOW_007
#

v  5.0829 1.4095 3.0254
v  4.6121 1.4095 3.0254
v  4.6121 1.5672 3.0285
v  5.0829 1.5672 3.0285
v  4.5916 1.5672 3.0285
v  4.1208 1.5672 3.0285
v  4.1208 1.5659 3.0910
v  4.5916 1.5659 3.0910
v  4.1208 1.2474 3.0223
v  4.1208 1.4006 3.0253
v  4.5916 1.4006 3.0253
v  4.5916 1.2474 3.0223
v  4.6121 1.5648 3.1466
v  4.6121 1.5661 3.0841
v  4.5916 1.5661 3.0841
v  4.5916 1.5648 3.1466
v  4.6121 0.7566 3.0127
v  5.0829 0.7566 3.0127
v  5.0829 0.7554 3.0751
v  4.6121 0.7554 3.0751
v  4.5916 1.3994 3.0877
v  4.1208 1.3994 3.0877
v  4.1208 1.2462 3.0847
v  4.5916 1.2462 3.0847
v  4.6121 1.5659 3.0910
v  5.0829 1.5659 3.0910
v  5.0829 1.4083 3.0879
v  4.1208 0.7566 3.0127
v  4.5916 0.7566 3.0127
v  4.5916 0.7554 3.0751
v  4.1208 0.7554 3.0751
v  4.5916 0.9125 3.1039
v  4.5916 0.9114 3.1595
v  4.5916 0.9204 3.1597
v  4.5916 0.9214 3.1041
v  4.5916 0.7543 3.1308
v  4.5916 0.9119 3.1338
v  4.5916 0.9130 3.0782
v  4.6121 1.2474 3.0223
v  4.6121 1.4006 3.0253
v  5.0829 1.4006 3.0253
v  5.0829 1.2474 3.0223
v  4.6121 0.7555 3.0683
v  4.6121 0.7543 3.1308
v  4.5916 0.7555 3.0683
v  4.5916 1.2362 3.1402
v  4.5916 1.0830 3.1372
v  4.6121 1.0830 3.1372
v  4.6121 1.2362 3.1402
v  4.6121 1.0842 3.0747
v  4.5916 1.0842 3.0747
v  4.5916 1.2374 3.0777
v  4.6121 1.2374 3.0777
v  4.1208 1.4095 3.0254
v  4.5916 1.4095 3.0254
v  4.6121 1.4083 3.0879
v  4.6121 1.4072 3.1435
v  4.5916 1.0741 3.1370
v  4.5916 0.9209 3.1340
v  4.6121 0.9209 3.1340
v  4.6121 1.0741 3.1370
v  4.6121 0.9119 3.1338
v  4.5916 1.3983 3.1433
v  4.5916 1.2451 3.1403
v  4.6121 1.2451 3.1403
v  4.6121 1.3983 3.1433
v  4.5916 1.4072 3.1435
v  4.6121 0.9221 3.0716
v  4.5916 0.9221 3.0716
v  4.5916 1.0753 3.0745
v  4.6121 1.0753 3.0745
v  4.5916 0.9132 3.0714
v  4.6121 0.9132 3.0714
v  4.6121 1.2463 3.0779
v  4.5916 1.2463 3.0779
v  4.5916 1.3995 3.0809
v  4.6121 1.3995 3.0809
v  4.6121 1.4084 3.0811
v  4.5916 1.4084 3.0811
v  4.6121 1.2385 3.0221
v  4.6121 1.0853 3.0191
v  4.6121 1.0764 3.0189
v  4.6121 0.9232 3.0159
v  4.5916 1.4083 3.0879
v  4.5916 1.2372 3.0845
v  4.5916 1.0841 3.0815
v  4.5916 1.0751 3.0814
v  4.5916 0.9219 3.0784
v  4.6121 0.9142 3.0158
v  5.0829 0.9142 3.0158
v  5.0829 1.0764 3.0189
v  5.0829 0.9232 3.0159
v  5.0829 1.2385 3.0221
v  5.0829 1.0853 3.0191
v  4.5916 1.2385 3.0221
v  4.5916 1.0853 3.0191
v  4.5916 1.0764 3.0189
v  4.5916 0.9232 3.0159
v  4.5916 0.9142 3.0158
v  4.6121 1.3994 3.0877
v  4.6121 1.2462 3.0847
v  4.6121 1.2372 3.0845
v  4.6121 1.0841 3.0815
v  4.6121 1.0751 3.0814
v  4.6121 0.9219 3.0784
v  4.6121 0.9130 3.0782
v  5.0829 0.9219 3.0784
v  5.0829 1.0751 3.0814
v  5.0829 1.0841 3.0815
v  5.0829 1.2372 3.0845
v  5.0829 1.2462 3.0847
v  5.0829 1.3994 3.0877
v  4.1208 1.4083 3.0879
v  4.1208 0.9130 3.0782
v  4.1208 0.9142 3.0158
v  4.1208 0.9232 3.0159
v  4.1208 0.9219 3.0784
v  4.1208 1.0751 3.0814
v  4.1208 1.0764 3.0189
v  4.1208 1.0853 3.0191
v  4.1208 1.0841 3.0815
v  4.1208 1.2372 3.0845
v  4.1208 1.2385 3.0221
v  5.0829 0.9130 3.0782
v  4.6121 1.0848 3.0448
v  4.6121 1.0837 3.1004
v  4.5916 1.2458 3.1036
v  4.5916 1.2469 3.0479
v  4.5916 1.4067 3.1692
v  4.6121 1.4067 3.1692
v  4.5916 1.2380 3.0478
v  4.5916 1.2369 3.1034
v  5.0829 1.2457 3.1104
v  4.6121 1.2457 3.1104
v  4.5916 1.2367 3.1102
v  4.1208 1.2367 3.1102
v  4.6121 0.9127 3.0971
v  4.6121 0.9137 3.0414
v  4.5916 1.3978 3.1690
v  4.6121 1.3978 3.1690
v  5.0829 1.0746 3.1070
v  4.6121 1.0746 3.1070
v  4.5916 1.2457 3.1104
v  4.1208 1.2457 3.1104
v  4.5916 1.4079 3.1067
v  4.5916 1.4090 3.0511
v  4.6121 0.9227 3.0416
v  4.6121 0.9216 3.0972
v  4.5916 0.9216 3.0972
v  4.5916 1.4001 3.0509
v  4.5916 1.3990 3.1066
v  4.6121 1.0836 3.1072
v  5.0829 1.0836 3.1072
v  4.5916 1.0746 3.1070
v  4.1208 1.0746 3.1070
v  4.5916 0.9127 3.0971
v  5.0829 0.9125 3.1039
v  4.6121 0.9125 3.1039
v  4.1208 1.0836 3.1072
v  4.5916 1.0836 3.1072
v  4.5916 1.3989 3.1134
v  4.6121 1.4001 3.0509
v  5.0829 1.4001 3.0509
v  4.5916 1.0837 3.1004
v  5.0829 1.4090 3.0511
v  4.6121 1.4090 3.0511
v  4.6121 0.9214 3.1041
v  5.0829 0.9214 3.1041
v  4.1208 0.9125 3.1039
v  4.5916 1.4078 3.1136
v  4.5916 1.0748 3.1002
v  4.6121 1.0748 3.1002
v  4.6121 0.9204 3.1597
v  4.1208 0.9214 3.1041
v  5.0829 1.3989 3.1134
v  5.0829 1.2380 3.0478
v  4.6121 1.2380 3.0478
v  4.6121 0.9114 3.1595
v  4.5916 1.2357 3.1658
v  5.0829 1.4078 3.1136
v  4.6121 1.2458 3.1036
v  5.0829 1.2469 3.0479
v  4.6121 1.2469 3.0479
v  4.1208 1.4001 3.0509
v  5.0829 1.2367 3.1102
v  4.6121 1.2369 3.1034
v  4.6121 1.0825 3.1628
v  4.5916 1.2446 3.1660
v  5.0829 1.0759 3.0446
v  4.6121 1.0759 3.0446
v  4.6121 1.0735 3.1627
v  4.1208 1.4090 3.0511
v  4.6121 1.4079 3.1067
v  5.0829 1.0848 3.0448
v  4.5916 1.0735 3.1627
v  4.5916 1.0825 3.1628
v  4.6121 1.3990 3.1066
v  4.6121 1.2357 3.1658
v  4.6121 1.2446 3.1660
v  5.0829 0.9227 3.0416
v  5.0829 0.9137 3.0414
v  4.5916 1.0759 3.0446
v  4.5916 1.0848 3.0448
v  4.5916 0.9137 3.0414
v  4.5916 0.9227 3.0416
v  4.6121 1.3989 3.1134
v  4.6121 1.4078 3.1136
v  4.6121 1.2367 3.1102
v  4.1208 0.9227 3.0416
v  4.1208 0.9137 3.0414
v  4.1208 1.0759 3.0446
v  4.1208 1.0848 3.0448
v  4.1208 1.2469 3.0479
v  4.1208 1.2380 3.0478
v  4.1208 1.4078 3.1136
v  4.1208 1.3989 3.1134
v  4.1477 0.7011 3.1040
v  4.1341 0.7816 3.1056
v  5.0126 1.5515 3.1206
v  5.0635 1.4998 3.1196
v  4.1444 0.6900 3.0983
v  5.0737 1.5004 3.1141
v  5.0737 1.5016 3.0527
v  4.1444 0.6912 3.0369
v  5.0018 1.5505 3.1151
v  5.0018 1.5517 3.0537
v  5.0126 1.5529 3.0482
v  5.0635 1.5012 3.0471
v  4.1381 0.7935 3.1003
v  4.1381 0.7947 3.0389
v  4.1477 0.7025 3.0315
v  4.1341 0.7830 3.0331
v  5.0536 0.7216 3.0434
v  5.0656 0.8034 3.0450
v  4.1471 1.6093 3.0608
v  4.0961 1.5577 3.0597
v  5.0572 0.7100 3.0487
v  4.0856 1.5584 3.0653
v  4.0856 1.5572 3.1267
v  5.0572 0.7088 3.1101
v  4.1583 1.6077 3.0663
v  4.1583 1.6065 3.1277
v  4.1471 1.6078 3.1332
v  4.0961 1.5563 3.1322
v  5.0614 0.8142 3.1122
v  5.0614 0.8154 3.0508
v  5.0536 0.7202 3.1159
v  5.0656 0.8020 3.1175
v  5.1377 1.5403 3.1758
v  5.1377 1.6271 3.1775
v  4.0802 1.6271 3.1775
v  4.0798 1.5403 3.1758
v  5.1377 1.5327 3.1619
v  4.0798 1.5327 3.1619
v  4.0798 1.5357 3.0098
v  5.1377 1.5357 3.0098
v  4.0803 1.6352 3.1639
v  4.0803 1.6382 3.0118
v  4.0802 1.6306 2.9979
v  4.0798 1.5438 2.9962
v  5.1377 1.6382 3.0118
v  5.1377 1.6352 3.1639
v  5.1377 1.5438 2.9962
v  5.1377 1.6306 2.9979
v  5.1377 0.7742 3.1552
v  4.0802 0.7742 3.1552
v  4.0798 0.6874 3.1535
v  5.1377 0.6874 3.1535
v  5.1377 0.6798 3.1405
v  4.0798 0.6798 3.1405
v  4.0798 0.6825 2.9979
v  5.1377 0.6825 2.9979
v  4.0803 0.7823 3.1425
v  4.0803 0.7851 2.9999
v  4.0802 0.7775 2.9868
v  4.0798 0.6906 2.9851
v  5.1377 0.7851 2.9999
v  5.1377 0.7823 3.1425
v  5.1377 0.6906 2.9851
v  5.1377 0.7775 2.9868
v  4.1804 1.5860 3.1498
v  4.0936 1.5864 3.1498
v  4.0936 0.7331 3.1331
v  4.1804 0.7331 3.1331
v  4.0858 0.7333 3.1235
v  4.0858 1.5866 3.1402
v  4.0858 1.5887 3.0336
v  4.0858 0.7354 3.0169
v  4.1883 1.5862 3.1402
v  4.1883 1.5883 3.0336
v  4.1804 1.5885 3.0239
v  4.0936 1.5888 3.0239
v  4.1883 0.7354 3.0169
v  4.1883 0.7333 3.1235
v  4.1804 0.7356 3.0073
v  4.0936 0.7356 3.0073
v  5.1202 0.7331 3.1331
v  5.1202 1.5860 3.1498
v  5.0333 1.5864 3.1498
v  5.0333 0.7331 3.1331
v  5.0255 0.7333 3.1235
v  5.0255 1.5866 3.1402
v  5.0255 1.5887 3.0336
v  5.0255 0.7354 3.0169
v  5.1280 1.5862 3.1402
v  5.1280 1.5883 3.0336
v  5.1202 1.5885 3.0239
v  5.0333 1.5888 3.0239
v  5.1280 0.7354 3.0169
v  5.1280 0.7333 3.1235
v  5.0333 0.7356 3.0073
v  5.1202 0.7356 3.0073
# 312 vertices

vn 0.0000 0.0195 -0.9998
vn 0.0000 0.9998 0.0195
vn 0.0000 -0.9998 -0.0196
vn 0.0000 -0.0195 0.9998
vn -1.0000 0.0000 -0.0000
vn 1.0000 0.0000 -0.0000
vn -0.6573 0.7535 0.0147
vn -0.5811 -0.8137 -0.0159
vn 0.6592 -0.7518 -0.0147
vn 0.4361 -0.4828 -0.7594
vn 0.4361 -0.5120 0.7400
vn -0.4348 0.4837 0.7596
vn -0.4348 0.5130 -0.7401
vn 0.9977 0.0675 0.0013
vn 0.6578 0.7531 0.0147
vn 0.5722 -0.8200 -0.0160
vn -0.6596 -0.7515 -0.0147
vn -0.4364 -0.5118 0.7400
vn -0.4364 -0.4825 -0.7594
vn 0.4351 0.5127 -0.7401
vn 0.4351 0.4835 0.7596
vn -0.9989 0.0463 0.0009
vn -1.0000 0.0048 0.0001
vn 0.0000 0.8586 0.5127
vn 0.0000 0.8779 -0.4788
vn 0.0000 -0.8586 -0.5127
vn 0.0000 -0.8780 0.4787
vn 0.0000 0.8439 0.5366
vn 0.0000 0.8642 -0.5032
vn 0.0000 -0.8439 -0.5366
vn 0.0000 -0.8642 0.5032
vn 0.0039 0.9998 0.0195
vn 0.7754 -0.0123 0.6314
vn 0.7754 0.0123 -0.6314
vn -0.7754 0.0123 -0.6314
vn -0.7754 -0.0123 0.6314
# 36 vertex normals

vt 0.6827 0.4835 0.0000
vt 0.6827 0.4739 0.0000
vt 0.6789 0.4739 0.0000
vt 0.6789 0.4835 0.0000
vt 0.6324 0.3910 0.0000
vt 0.6228 0.3910 0.0000
vt 0.6228 0.4107 0.0000
vt 0.6324 0.4107 0.0000
vt 0.9856 0.3735 0.0000
vt 0.9818 0.3735 0.0000
vt 0.9818 0.3831 0.0000
vt 0.9856 0.3831 0.0000
vt 0.5469 0.2326 0.0000
vt 0.5469 0.2129 0.0000
vt 0.5465 0.2129 0.0000
vt 0.5465 0.2326 0.0000
vt 0.6885 0.3878 0.0000
vt 0.6789 0.3878 0.0000
vt 0.6789 0.4075 0.0000
vt 0.6885 0.4075 0.0000
vt 0.9818 0.3618 0.0000
vt 0.9818 0.3715 0.0000
vt 0.9856 0.3715 0.0000
vt 0.9856 0.3618 0.0000
vt 0.5324 0.3872 0.0000
vt 0.5228 0.3872 0.0000
vt 0.5228 0.4069 0.0000
vt 0.5324 0.4069 0.0000
vt 0.8632 0.4044 0.0000
vt 0.8632 0.4241 0.0000
vt 0.8669 0.4241 0.0000
vt 0.8669 0.4044 0.0000
vt 0.7252 0.4226 0.0000
vt 0.7290 0.4226 0.0000
vt 0.7290 0.4029 0.0000
vt 0.7252 0.4029 0.0000
vt 0.9176 0.2817 0.0000
vt 0.9080 0.2817 0.0000
vt 0.9080 0.3014 0.0000
vt 0.9176 0.3014 0.0000
vt 0.9937 0.1316 0.0000
vt 0.9937 0.1492 0.0000
vt 0.9940 0.1492 0.0000
vt 0.9940 0.1316 0.0000
vt 0.5477 0.2945 0.0000
vt 0.5515 0.2945 0.0000
vt 0.5515 0.2770 0.0000
vt 0.5477 0.2770 0.0000
vt 0.9155 0.3921 0.0000
vt 0.9168 0.3921 0.0000
vt 0.9168 0.3947 0.0000
vt 0.9155 0.3948 0.0000
vt 0.9150 0.1943 0.0000
vt 0.9150 0.1930 0.0000
vt 0.9166 0.1930 0.0000
vt 0.9166 0.1943 0.0000
vt 0.7478 0.4806 0.0000
vt 0.7441 0.4806 0.0000
vt 0.7441 0.4902 0.0000
vt 0.7478 0.4902 0.0000
vt 0.7549 0.1303 0.0000
vt 0.7549 0.1500 0.0000
vt 0.7553 0.1500 0.0000
vt 0.7553 0.1303 0.0000
vt 0.8467 0.1149 0.0000
vt 0.8467 0.1111 0.0000
vt 0.8463 0.1111 0.0000
vt 0.8463 0.1149 0.0000
vt 0.8491 0.1111 0.0000
vt 0.8487 0.1111 0.0000
vt 0.8487 0.1149 0.0000
vt 0.8491 0.1149 0.0000
vt 0.5049 0.4729 0.0000
vt 0.5011 0.4729 0.0000
vt 0.5011 0.4825 0.0000
vt 0.5049 0.4825 0.0000
vt 0.8382 0.4430 0.0000
vt 0.8343 0.4430 0.0000
vt 0.8343 0.4606 0.0000
vt 0.8382 0.4606 0.0000
vt 0.9144 0.1005 0.0000
vt 0.9144 0.0967 0.0000
vt 0.9157 0.0966 0.0000
vt 0.9159 0.1004 0.0000
vt 0.9135 0.3948 0.0000
vt 0.9135 0.3921 0.0000
vt 0.9148 0.3921 0.0000
vt 0.9148 0.3947 0.0000
vt 0.8756 0.1149 0.0000
vt 0.8756 0.1111 0.0000
vt 0.8752 0.1111 0.0000
vt 0.8752 0.1149 0.0000
vt 0.8250 0.1150 0.0000
vt 0.8250 0.1111 0.0000
vt 0.8246 0.1111 0.0000
vt 0.8246 0.1150 0.0000
vt 0.6795 0.3529 0.0000
vt 0.6795 0.3492 0.0000
vt 0.6791 0.3492 0.0000
vt 0.6791 0.3529 0.0000
vt 0.8322 0.1150 0.0000
vt 0.8322 0.1111 0.0000
vt 0.8318 0.1111 0.0000
vt 0.8318 0.1150 0.0000
vt 0.8748 0.2478 0.0000
vt 0.8744 0.2478 0.0000
vt 0.8744 0.2515 0.0000
vt 0.8748 0.2515 0.0000
vt 0.8222 0.1150 0.0000
vt 0.8226 0.1150 0.0000
vt 0.8226 0.1111 0.0000
vt 0.8222 0.1111 0.0000
vt 0.6867 0.3492 0.0000
vt 0.6863 0.3492 0.0000
vt 0.6863 0.3529 0.0000
vt 0.6867 0.3529 0.0000
vt 0.8202 0.1111 0.0000
vt 0.8198 0.1111 0.0000
vt 0.8198 0.1150 0.0000
vt 0.8202 0.1150 0.0000
vt 0.9555 0.3741 0.0000
vt 0.9555 0.3565 0.0000
vt 0.9517 0.3565 0.0000
vt 0.9517 0.3741 0.0000
vt 0.9694 0.2787 0.0000
vt 0.9657 0.2787 0.0000
vt 0.9657 0.2963 0.0000
vt 0.9694 0.2963 0.0000
vt 0.9633 0.3741 0.0000
vt 0.9671 0.3741 0.0000
vt 0.9671 0.3565 0.0000
vt 0.9633 0.3565 0.0000
vt 0.7440 0.4670 0.0000
vt 0.7477 0.4670 0.0000
vt 0.7477 0.4495 0.0000
vt 0.7440 0.4495 0.0000
vt 0.9563 0.2129 0.0000
vt 0.9563 0.1954 0.0000
vt 0.9524 0.1954 0.0000
vt 0.9524 0.2129 0.0000
vt 0.6585 0.4668 0.0000
vt 0.6623 0.4668 0.0000
vt 0.6623 0.4493 0.0000
vt 0.6585 0.4493 0.0000
vt 0.9641 0.1934 0.0000
vt 0.9678 0.1934 0.0000
vt 0.9678 0.1759 0.0000
vt 0.9641 0.1759 0.0000
vt 0.6162 0.4505 0.0000
vt 0.6125 0.4505 0.0000
vt 0.6125 0.4680 0.0000
vt 0.6162 0.4680 0.0000
vt 0.9600 0.0764 0.0000
vt 0.9562 0.0764 0.0000
vt 0.9562 0.0940 0.0000
vt 0.9600 0.0940 0.0000
vt 0.9770 0.2272 0.0000
vt 0.9770 0.2369 0.0000
vt 0.9808 0.2369 0.0000
vt 0.9808 0.2272 0.0000
vt 0.9848 0.0869 0.0000
vt 0.9811 0.0869 0.0000
vt 0.9811 0.0965 0.0000
vt 0.9848 0.0965 0.0000
vt 0.9848 0.1563 0.0000
vt 0.9811 0.1563 0.0000
vt 0.9811 0.1660 0.0000
vt 0.9848 0.1660 0.0000
vt 0.9724 0.0381 0.0000
vt 0.9724 0.0205 0.0000
vt 0.9687 0.0205 0.0000
vt 0.9687 0.0381 0.0000
vt 0.5105 0.4709 0.0000
vt 0.5105 0.4534 0.0000
vt 0.5068 0.4534 0.0000
vt 0.5068 0.4709 0.0000
vt 0.5606 0.4706 0.0000
vt 0.5606 0.4530 0.0000
vt 0.5569 0.4530 0.0000
vt 0.5569 0.4706 0.0000
vt 0.9641 0.1383 0.0000
vt 0.9641 0.1208 0.0000
vt 0.9603 0.1208 0.0000
vt 0.9603 0.1383 0.0000
vt 0.9728 0.4131 0.0000
vt 0.9728 0.3956 0.0000
vt 0.9691 0.3956 0.0000
vt 0.9691 0.4131 0.0000
vt 0.6767 0.4710 0.0000
vt 0.6767 0.4535 0.0000
vt 0.6730 0.4535 0.0000
vt 0.6730 0.4710 0.0000
vt 0.7734 0.4731 0.0000
vt 0.7734 0.4555 0.0000
vt 0.7696 0.4555 0.0000
vt 0.7696 0.4731 0.0000
vt 0.9614 0.3760 0.0000
vt 0.9575 0.3760 0.0000
vt 0.9575 0.3936 0.0000
vt 0.9614 0.3936 0.0000
vt 0.6883 0.4291 0.0000
vt 0.6883 0.4095 0.0000
vt 0.6846 0.4095 0.0000
vt 0.6846 0.4291 0.0000
vt 0.9319 0.2810 0.0000
vt 0.9319 0.2613 0.0000
vt 0.9282 0.2613 0.0000
vt 0.9282 0.2810 0.0000
vt 0.6381 0.4323 0.0000
vt 0.6381 0.4127 0.0000
vt 0.6344 0.4127 0.0000
vt 0.6344 0.4323 0.0000
vt 0.5776 0.4708 0.0000
vt 0.5776 0.4804 0.0000
vt 0.5815 0.4804 0.0000
vt 0.5815 0.4708 0.0000
vt 0.6107 0.4796 0.0000
vt 0.6107 0.4700 0.0000
vt 0.6069 0.4700 0.0000
vt 0.6069 0.4796 0.0000
vt 0.7813 0.3990 0.0000
vt 0.7813 0.4187 0.0000
vt 0.7851 0.4187 0.0000
vt 0.7851 0.3990 0.0000
vt 0.9175 0.3231 0.0000
vt 0.9175 0.3034 0.0000
vt 0.9138 0.3034 0.0000
vt 0.9138 0.3231 0.0000
vt 0.7477 0.4242 0.0000
vt 0.7477 0.4045 0.0000
vt 0.7440 0.4045 0.0000
vt 0.7440 0.4242 0.0000
vt 0.9603 0.1013 0.0000
vt 0.9603 0.1188 0.0000
vt 0.9641 0.1188 0.0000
vt 0.9641 0.1013 0.0000
vt 0.8886 0.4691 0.0000
vt 0.8848 0.4691 0.0000
vt 0.8848 0.4787 0.0000
vt 0.8886 0.4787 0.0000
vt 0.7325 0.4806 0.0000
vt 0.7325 0.4902 0.0000
vt 0.7363 0.4902 0.0000
vt 0.7363 0.4806 0.0000
vt 0.9811 0.1800 0.0000
vt 0.9811 0.1896 0.0000
vt 0.9848 0.1896 0.0000
vt 0.9848 0.1800 0.0000
vt 0.8632 0.4785 0.0000
vt 0.8670 0.4785 0.0000
vt 0.8670 0.4689 0.0000
vt 0.8632 0.4689 0.0000
vt 0.7420 0.4806 0.0000
vt 0.7383 0.4806 0.0000
vt 0.7383 0.4902 0.0000
vt 0.7420 0.4902 0.0000
vt 0.9848 0.2032 0.0000
vt 0.9811 0.2032 0.0000
vt 0.9811 0.2129 0.0000
vt 0.9848 0.2129 0.0000
vt 0.9013 0.1595 0.0000
vt 0.9013 0.1398 0.0000
vt 0.8975 0.1398 0.0000
vt 0.8975 0.1595 0.0000
vt 0.6528 0.4688 0.0000
vt 0.6528 0.4784 0.0000
vt 0.6567 0.4784 0.0000
vt 0.6567 0.4688 0.0000
vt 0.8690 0.4901 0.0000
vt 0.8728 0.4901 0.0000
vt 0.8728 0.4805 0.0000
vt 0.8690 0.4805 0.0000
vt 0.9840 0.0258 0.0000
vt 0.9840 0.0355 0.0000
vt 0.9877 0.0355 0.0000
vt 0.9877 0.0258 0.0000
vt 0.9816 0.0010 0.0000
vt 0.9816 0.0106 0.0000
vt 0.9853 0.0106 0.0000
vt 0.9853 0.0010 0.0000
vt 0.9126 0.0411 0.0000
vt 0.9127 0.0399 0.0000
vt 0.9135 0.0400 0.0000
vt 0.9134 0.0409 0.0000
vt 0.9124 0.0967 0.0000
vt 0.9137 0.0966 0.0000
vt 0.9139 0.1004 0.0000
vt 0.9124 0.1005 0.0000
vt 0.9852 0.3258 0.0000
vt 0.9848 0.3258 0.0000
vt 0.9848 0.3339 0.0000
vt 0.9852 0.3339 0.0000
vt 0.9112 0.0241 0.0000
vt 0.9111 0.0229 0.0000
vt 0.9121 0.0229 0.0000
vt 0.9119 0.0242 0.0000
vt 0.8849 0.4476 0.0000
vt 0.8930 0.4476 0.0000
vt 0.8930 0.4380 0.0000
vt 0.8849 0.4380 0.0000
vt 0.7676 0.4477 0.0000
vt 0.7676 0.4380 0.0000
vt 0.7595 0.4380 0.0000
vt 0.7595 0.4477 0.0000
vt 0.6754 0.4107 0.0000
vt 0.6755 0.4129 0.0000
vt 0.6777 0.4130 0.0000
vt 0.6779 0.4107 0.0000
vt 0.9915 0.1289 0.0000
vt 0.9915 0.1208 0.0000
vt 0.9910 0.1208 0.0000
vt 0.9910 0.1289 0.0000
vt 0.9482 0.0659 0.0000
vt 0.9401 0.0659 0.0000
vt 0.9401 0.0755 0.0000
vt 0.9482 0.0755 0.0000
vt 0.6011 0.4485 0.0000
vt 0.6092 0.4485 0.0000
vt 0.6092 0.4388 0.0000
vt 0.6011 0.4388 0.0000
vt 0.9110 0.1910 0.0000
vt 0.9126 0.1910 0.0000
vt 0.9126 0.1924 0.0000
vt 0.9110 0.1924 0.0000
vt 0.9110 0.1904 0.0000
vt 0.9110 0.1891 0.0000
vt 0.9126 0.1891 0.0000
vt 0.9126 0.1904 0.0000
vt 0.5103 0.4926 0.0000
vt 0.5103 0.4845 0.0000
vt 0.5099 0.4845 0.0000
vt 0.5099 0.4926 0.0000
vt 0.9106 0.0413 0.0000
vt 0.9108 0.0399 0.0000
vt 0.9116 0.0398 0.0000
vt 0.9113 0.0408 0.0000
vt 0.9413 0.0242 0.0000
vt 0.9413 0.0339 0.0000
vt 0.9494 0.0339 0.0000
vt 0.9494 0.0242 0.0000
vt 0.9497 0.3370 0.0000
vt 0.9416 0.3370 0.0000
vt 0.9416 0.3466 0.0000
vt 0.9497 0.3466 0.0000
vt 0.6734 0.4846 0.0000
vt 0.6730 0.4846 0.0000
vt 0.6730 0.4927 0.0000
vt 0.6734 0.4927 0.0000
vt 0.9497 0.3602 0.0000
vt 0.9416 0.3602 0.0000
vt 0.9416 0.3699 0.0000
vt 0.9497 0.3699 0.0000
vt 0.9416 0.3719 0.0000
vt 0.9416 0.3815 0.0000
vt 0.9497 0.3815 0.0000
vt 0.9497 0.3719 0.0000
vt 0.9101 0.0241 0.0000
vt 0.9092 0.0243 0.0000
vt 0.9091 0.0229 0.0000
vt 0.9100 0.0228 0.0000
vt 0.9497 0.3951 0.0000
vt 0.9416 0.3951 0.0000
vt 0.9416 0.4047 0.0000
vt 0.9497 0.4047 0.0000
vt 0.6758 0.4927 0.0000
vt 0.6758 0.4846 0.0000
vt 0.6754 0.4846 0.0000
vt 0.6754 0.4927 0.0000
vt 0.9050 0.4405 0.0000
vt 0.9050 0.4501 0.0000
vt 0.9131 0.4501 0.0000
vt 0.9131 0.4405 0.0000
vt 0.9151 0.4405 0.0000
vt 0.9151 0.4501 0.0000
vt 0.9232 0.4501 0.0000
vt 0.9232 0.4405 0.0000
vt 0.5344 0.4405 0.0000
vt 0.5344 0.4502 0.0000
vt 0.5425 0.4502 0.0000
vt 0.5425 0.4405 0.0000
vt 0.9090 0.1930 0.0000
vt 0.9106 0.1930 0.0000
vt 0.9106 0.1943 0.0000
vt 0.9090 0.1943 0.0000
vt 0.5232 0.4850 0.0000
vt 0.5228 0.4850 0.0000
vt 0.5228 0.4931 0.0000
vt 0.5232 0.4931 0.0000
vt 0.9106 0.1891 0.0000
vt 0.9106 0.1904 0.0000
vt 0.9090 0.1904 0.0000
vt 0.9090 0.1891 0.0000
vt 0.9504 0.1912 0.0000
vt 0.9423 0.1912 0.0000
vt 0.9423 0.2008 0.0000
vt 0.9504 0.2008 0.0000
vt 0.9102 0.0382 0.0000
vt 0.9091 0.0382 0.0000
vt 0.9092 0.0374 0.0000
vt 0.9104 0.0375 0.0000
vt 0.9423 0.2241 0.0000
vt 0.9504 0.2241 0.0000
vt 0.9504 0.2145 0.0000
vt 0.9423 0.2145 0.0000
vt 0.9094 0.0399 0.0000
vt 0.9093 0.0408 0.0000
vt 0.9086 0.0407 0.0000
vt 0.9088 0.0399 0.0000
vt 0.9050 0.1924 0.0000
vt 0.9050 0.1910 0.0000
vt 0.9066 0.1910 0.0000
vt 0.9066 0.1924 0.0000
vt 0.9066 0.1943 0.0000
vt 0.9050 0.1943 0.0000
vt 0.9050 0.1930 0.0000
vt 0.9066 0.1930 0.0000
vt 0.5256 0.4850 0.0000
vt 0.5252 0.4850 0.0000
vt 0.5252 0.4931 0.0000
vt 0.5256 0.4931 0.0000
vt 0.5092 0.4514 0.0000
vt 0.5092 0.4417 0.0000
vt 0.5011 0.4417 0.0000
vt 0.5011 0.4514 0.0000
vt 0.5193 0.4417 0.0000
vt 0.5112 0.4417 0.0000
vt 0.5112 0.4514 0.0000
vt 0.5193 0.4514 0.0000
vt 0.6791 0.3472 0.0000
vt 0.6821 0.3391 0.0000
vt 0.6820 0.3216 0.0000
vt 0.6796 0.3234 0.0000
vt 0.6793 0.4936 0.0000
vt 0.6793 0.4855 0.0000
vt 0.6789 0.4855 0.0000
vt 0.6789 0.4936 0.0000
vt 0.9032 0.0243 0.0000
vt 0.9031 0.0229 0.0000
vt 0.9042 0.0230 0.0000
vt 0.9038 0.0242 0.0000
vt 0.9042 0.0375 0.0000
vt 0.9038 0.0385 0.0000
vt 0.9027 0.0387 0.0000
vt 0.9030 0.0375 0.0000
vt 0.9035 0.0408 0.0000
vt 0.9027 0.0406 0.0000
vt 0.9028 0.0399 0.0000
vt 0.9039 0.0399 0.0000
vt 0.9440 0.2958 0.0000
vt 0.9521 0.2958 0.0000
vt 0.9521 0.2862 0.0000
vt 0.9440 0.2862 0.0000
vt 0.9027 0.0688 0.0000
vt 0.9041 0.0688 0.0000
vt 0.9042 0.0703 0.0000
vt 0.9027 0.0703 0.0000
vt 0.9521 0.3191 0.0000
vt 0.9521 0.3094 0.0000
vt 0.9440 0.3094 0.0000
vt 0.9440 0.3191 0.0000
vt 0.9042 0.0684 0.0000
vt 0.9027 0.0684 0.0000
vt 0.9027 0.0668 0.0000
vt 0.9041 0.0668 0.0000
vt 0.6865 0.4855 0.0000
vt 0.6861 0.4855 0.0000
vt 0.6861 0.4936 0.0000
vt 0.6865 0.4936 0.0000
vt 0.9525 0.1225 0.0000
vt 0.9525 0.1129 0.0000
vt 0.9444 0.1129 0.0000
vt 0.9444 0.1225 0.0000
vt 0.8227 0.4215 0.0000
vt 0.8265 0.4215 0.0000
vt 0.8265 0.4018 0.0000
vt 0.8227 0.4018 0.0000
vt 0.9912 0.1954 0.0000
vt 0.9912 0.2129 0.0000
vt 0.9914 0.2129 0.0000
vt 0.9914 0.1954 0.0000
vt 0.9912 0.2149 0.0000
vt 0.9912 0.2324 0.0000
vt 0.9914 0.2324 0.0000
vt 0.9914 0.2149 0.0000
vt 0.9915 0.1316 0.0000
vt 0.9915 0.1492 0.0000
vt 0.9917 0.1492 0.0000
vt 0.9917 0.1316 0.0000
vt 0.9966 0.2592 0.0000
vt 0.9966 0.2767 0.0000
vt 0.9968 0.2767 0.0000
vt 0.9968 0.2592 0.0000
vt 0.9912 0.1563 0.0000
vt 0.9912 0.1739 0.0000
vt 0.9914 0.1739 0.0000
vt 0.9914 0.1563 0.0000
vt 0.5308 0.4909 0.0000
vt 0.5310 0.4909 0.0000
vt 0.5310 0.4734 0.0000
vt 0.5308 0.4734 0.0000
vt 0.9977 0.1188 0.0000
vt 0.9979 0.1188 0.0000
vt 0.9979 0.1013 0.0000
vt 0.9977 0.1013 0.0000
vt 0.7137 0.2539 0.0000
vt 0.7140 0.2539 0.0000
vt 0.7140 0.2535 0.0000
vt 0.7137 0.2535 0.0000
vt 0.7117 0.2539 0.0000
vt 0.7117 0.2535 0.0000
vt 0.7115 0.2535 0.0000
vt 0.7115 0.2539 0.0000
vt 0.5991 0.1443 0.0000
vt 0.5991 0.1439 0.0000
vt 0.5988 0.1439 0.0000
vt 0.5988 0.1443 0.0000
vt 0.5924 0.1443 0.0000
vt 0.5924 0.1439 0.0000
vt 0.5922 0.1439 0.0000
vt 0.5922 0.1443 0.0000
vt 0.5878 0.1439 0.0000
vt 0.5878 0.1443 0.0000
vt 0.5880 0.1443 0.0000
vt 0.5880 0.1439 0.0000
vt 0.5900 0.1439 0.0000
vt 0.5900 0.1443 0.0000
vt 0.5902 0.1443 0.0000
vt 0.5902 0.1439 0.0000
vt 0.5944 0.1443 0.0000
vt 0.5946 0.1443 0.0000
vt 0.5946 0.1439 0.0000
vt 0.5944 0.1439 0.0000
vt 0.5966 0.1439 0.0000
vt 0.5966 0.1443 0.0000
vt 0.5969 0.1443 0.0000
vt 0.5969 0.1439 0.0000
vt 0.6382 0.4909 0.0000
vt 0.6384 0.4909 0.0000
vt 0.6384 0.4812 0.0000
vt 0.6382 0.4812 0.0000
vt 0.6360 0.4909 0.0000
vt 0.6362 0.4909 0.0000
vt 0.6362 0.4812 0.0000
vt 0.6360 0.4812 0.0000
vt 0.6228 0.4812 0.0000
vt 0.6228 0.4909 0.0000
vt 0.6230 0.4909 0.0000
vt 0.6230 0.4812 0.0000
vt 0.8227 0.4811 0.0000
vt 0.8225 0.4811 0.0000
vt 0.8225 0.4907 0.0000
vt 0.8227 0.4907 0.0000
vt 0.9969 0.3317 0.0000
vt 0.9972 0.3317 0.0000
vt 0.9972 0.3142 0.0000
vt 0.9969 0.3142 0.0000
vt 0.9956 0.1759 0.0000
vt 0.9956 0.1934 0.0000
vt 0.9959 0.1934 0.0000
vt 0.9959 0.1759 0.0000
vt 0.9959 0.1954 0.0000
vt 0.9956 0.1954 0.0000
vt 0.9956 0.2129 0.0000
vt 0.9959 0.2129 0.0000
vt 0.6433 0.4968 0.0000
vt 0.6435 0.4968 0.0000
vt 0.6435 0.4793 0.0000
vt 0.6433 0.4793 0.0000
vt 0.9959 0.1492 0.0000
vt 0.9962 0.1492 0.0000
vt 0.9962 0.1316 0.0000
vt 0.9959 0.1316 0.0000
vt 0.8908 0.4787 0.0000
vt 0.8906 0.4787 0.0000
vt 0.8906 0.4963 0.0000
vt 0.8908 0.4963 0.0000
vt 0.9962 0.0010 0.0000
vt 0.9962 0.0185 0.0000
vt 0.9964 0.0185 0.0000
vt 0.9964 0.0010 0.0000
vt 0.9956 0.1739 0.0000
vt 0.9959 0.1739 0.0000
vt 0.9959 0.1563 0.0000
vt 0.9956 0.1563 0.0000
vt 0.9599 0.4917 0.0000
vt 0.9601 0.4917 0.0000
vt 0.9601 0.4821 0.0000
vt 0.9599 0.4821 0.0000
vt 0.9874 0.4913 0.0000
vt 0.9876 0.4913 0.0000
vt 0.9876 0.4816 0.0000
vt 0.9874 0.4816 0.0000
vt 0.9810 0.4913 0.0000
vt 0.9810 0.4816 0.0000
vt 0.9808 0.4816 0.0000
vt 0.9808 0.4913 0.0000
vt 0.6406 0.4909 0.0000
vt 0.6406 0.4812 0.0000
vt 0.6404 0.4812 0.0000
vt 0.6404 0.4909 0.0000
vt 0.6338 0.4812 0.0000
vt 0.6338 0.4909 0.0000
vt 0.6340 0.4909 0.0000
vt 0.6340 0.4812 0.0000
vt 0.8023 0.4811 0.0000
vt 0.8021 0.4811 0.0000
vt 0.8021 0.4907 0.0000
vt 0.8023 0.4907 0.0000
vt 0.8046 0.4811 0.0000
vt 0.8046 0.4907 0.0000
vt 0.8048 0.4907 0.0000
vt 0.8048 0.4811 0.0000
vt 0.8068 0.4811 0.0000
vt 0.8068 0.4907 0.0000
vt 0.8070 0.4907 0.0000
vt 0.8070 0.4811 0.0000
vt 0.8090 0.4811 0.0000
vt 0.8090 0.4907 0.0000
vt 0.8092 0.4907 0.0000
vt 0.8092 0.4811 0.0000
vt 0.8112 0.4811 0.0000
vt 0.8112 0.4907 0.0000
vt 0.8114 0.4907 0.0000
vt 0.8114 0.4811 0.0000
vt 0.8136 0.4811 0.0000
vt 0.8134 0.4811 0.0000
vt 0.8134 0.4907 0.0000
vt 0.8136 0.4907 0.0000
vt 0.8161 0.4811 0.0000
vt 0.8159 0.4811 0.0000
vt 0.8159 0.4907 0.0000
vt 0.8161 0.4907 0.0000
vt 0.9890 0.1997 0.0000
vt 0.9890 0.2194 0.0000
vt 0.9892 0.2194 0.0000
vt 0.9892 0.1997 0.0000
vt 0.5861 0.3863 0.0000
vt 0.5859 0.3863 0.0000
vt 0.5859 0.4060 0.0000
vt 0.5861 0.4060 0.0000
vt 0.8938 0.2566 0.0000
vt 0.8938 0.2763 0.0000
vt 0.8940 0.2763 0.0000
vt 0.8940 0.2566 0.0000
vt 0.9895 0.0010 0.0000
vt 0.9895 0.0207 0.0000
vt 0.9897 0.0207 0.0000
vt 0.9897 0.0010 0.0000
vt 0.6431 0.4540 0.0000
vt 0.6431 0.4343 0.0000
vt 0.6429 0.4343 0.0000
vt 0.6429 0.4540 0.0000
vt 0.7082 0.4888 0.0000
vt 0.7082 0.4691 0.0000
vt 0.7080 0.4691 0.0000
vt 0.7080 0.4888 0.0000
vt 0.7499 0.4887 0.0000
vt 0.7501 0.4887 0.0000
vt 0.7501 0.4690 0.0000
vt 0.7499 0.4690 0.0000
vt 0.8480 0.4794 0.0000
vt 0.8483 0.4794 0.0000
vt 0.8483 0.4598 0.0000
vt 0.8480 0.4598 0.0000
vt 0.6528 0.4473 0.0000
vt 0.6609 0.4473 0.0000
vt 0.6609 0.4377 0.0000
vt 0.6528 0.4377 0.0000
vt 0.6887 0.3391 0.0000
vt 0.6887 0.3472 0.0000
vt 0.9279 0.4945 0.0000
vt 0.9279 0.4864 0.0000
vt 0.9274 0.4864 0.0000
vt 0.9274 0.4945 0.0000
vt 0.9456 0.4416 0.0000
vt 0.9456 0.4320 0.0000
vt 0.9375 0.4320 0.0000
vt 0.9375 0.4416 0.0000
vt 0.8134 0.4448 0.0000
vt 0.8215 0.4448 0.0000
vt 0.8215 0.4351 0.0000
vt 0.8134 0.4351 0.0000
vt 0.8956 0.2429 0.0000
vt 0.8942 0.2428 0.0000
vt 0.8942 0.2417 0.0000
vt 0.8955 0.2418 0.0000
vt 0.9375 0.4864 0.0000
vt 0.9371 0.4864 0.0000
vt 0.9371 0.4945 0.0000
vt 0.9375 0.4945 0.0000
vt 0.8942 0.2368 0.0000
vt 0.8942 0.2358 0.0000
vt 0.8955 0.2359 0.0000
vt 0.8956 0.2370 0.0000
vt 0.8956 0.2330 0.0000
vt 0.8942 0.2328 0.0000
vt 0.8942 0.2318 0.0000
vt 0.8955 0.2319 0.0000
vt 0.8942 0.2309 0.0000
vt 0.8942 0.2298 0.0000
vt 0.8955 0.2299 0.0000
vt 0.8956 0.2310 0.0000
vt 0.8942 0.2209 0.0000
vt 0.8942 0.2198 0.0000
vt 0.8955 0.2199 0.0000
vt 0.8956 0.2210 0.0000
vt 0.9339 0.3074 0.0000
vt 0.9420 0.3074 0.0000
vt 0.9420 0.2978 0.0000
vt 0.9339 0.2978 0.0000
vt 0.9470 0.4864 0.0000
vt 0.9470 0.4945 0.0000
vt 0.9474 0.4945 0.0000
vt 0.9474 0.4864 0.0000
vt 0.8942 0.2119 0.0000
vt 0.8955 0.2120 0.0000
vt 0.8956 0.2131 0.0000
vt 0.8942 0.2129 0.0000
vt 0.5154 0.1488 0.0000
vt 0.5086 0.1528 0.0000
vt 0.5083 0.1577 0.0000
vt 0.5153 0.1574 0.0000
vt 0.9355 0.4320 0.0000
vt 0.9274 0.4320 0.0000
vt 0.9274 0.4416 0.0000
vt 0.9355 0.4416 0.0000
vt 0.8956 0.2111 0.0000
vt 0.8942 0.2110 0.0000
vt 0.8942 0.2099 0.0000
vt 0.8955 0.2100 0.0000
vt 0.9942 0.3814 0.0000
vt 0.9942 0.3895 0.0000
vt 0.9946 0.3895 0.0000
vt 0.9946 0.3814 0.0000
vt 0.8942 0.1990 0.0000
vt 0.8942 0.1979 0.0000
vt 0.8955 0.1980 0.0000
vt 0.8956 0.1991 0.0000
vt 0.8942 0.1970 0.0000
vt 0.8942 0.1960 0.0000
vt 0.8955 0.1960 0.0000
vt 0.8956 0.1971 0.0000
vt 0.8955 0.1940 0.0000
vt 0.8956 0.1951 0.0000
vt 0.8942 0.1950 0.0000
vt 0.8942 0.1940 0.0000
vt 0.8941 0.2817 0.0000
vt 0.8942 0.2800 0.0000
vt 0.8958 0.2800 0.0000
vt 0.8958 0.2816 0.0000
vt 0.8938 0.3795 0.0000
vt 0.8951 0.3795 0.0000
vt 0.8951 0.3821 0.0000
vt 0.8938 0.3822 0.0000
vt 0.9323 0.1892 0.0000
vt 0.9404 0.1892 0.0000
vt 0.9404 0.1796 0.0000
vt 0.9323 0.1796 0.0000
vt 0.9944 0.2982 0.0000
vt 0.9944 0.3063 0.0000
vt 0.9948 0.3063 0.0000
vt 0.9948 0.2982 0.0000
vt 0.8938 0.3536 0.0000
vt 0.8954 0.3536 0.0000
vt 0.8954 0.3553 0.0000
vt 0.8938 0.3553 0.0000
vt 0.5058 0.1488 0.0000
vt 0.5058 0.1569 0.0000
vt 0.8948 0.1726 0.0000
vt 0.8933 0.1726 0.0000
vt 0.8934 0.1711 0.0000
vt 0.8948 0.1710 0.0000
vt 0.7696 0.4867 0.0000
vt 0.7696 0.4948 0.0000
vt 0.7700 0.4948 0.0000
vt 0.7700 0.4867 0.0000
vt 0.8947 0.2536 0.0000
vt 0.8947 0.2558 0.0000
vt 0.8933 0.2558 0.0000
vt 0.8932 0.2536 0.0000
vt 0.8933 0.0386 0.0000
vt 0.8931 0.0375 0.0000
vt 0.8941 0.0374 0.0000
vt 0.8942 0.0381 0.0000
vt 0.8937 0.0398 0.0000
vt 0.8935 0.0407 0.0000
vt 0.8928 0.0404 0.0000
vt 0.8928 0.0399 0.0000
vt 0.8943 0.1148 0.0000
vt 0.8943 0.1168 0.0000
vt 0.8928 0.1168 0.0000
vt 0.8928 0.1149 0.0000
vt 0.8922 0.2800 0.0000
vt 0.8938 0.2800 0.0000
vt 0.8938 0.2816 0.0000
vt 0.8921 0.2817 0.0000
vt 0.9315 0.3699 0.0000
vt 0.9396 0.3699 0.0000
vt 0.9396 0.3602 0.0000
vt 0.9315 0.3602 0.0000
vt 0.8405 0.4578 0.0000
vt 0.8486 0.4578 0.0000
vt 0.8486 0.4481 0.0000
vt 0.8405 0.4481 0.0000
vt 0.8918 0.3795 0.0000
vt 0.8931 0.3795 0.0000
vt 0.8931 0.3821 0.0000
vt 0.8918 0.3822 0.0000
vt 0.8934 0.3556 0.0000
vt 0.8934 0.3573 0.0000
vt 0.8918 0.3573 0.0000
vt 0.8918 0.3556 0.0000
vt 0.8934 0.3553 0.0000
vt 0.8918 0.3553 0.0000
vt 0.8918 0.3536 0.0000
vt 0.8934 0.3536 0.0000
vt 0.5742 0.4393 0.0000
vt 0.5742 0.4297 0.0000
vt 0.5661 0.4297 0.0000
vt 0.5661 0.4393 0.0000
vt 0.8914 0.1711 0.0000
vt 0.8928 0.1710 0.0000
vt 0.8928 0.1726 0.0000
vt 0.8914 0.1726 0.0000
vt 0.5425 0.4386 0.0000
vt 0.5425 0.4289 0.0000
vt 0.5344 0.4289 0.0000
vt 0.5344 0.4386 0.0000
vt 0.8923 0.0240 0.0000
vt 0.8913 0.0242 0.0000
vt 0.8912 0.0229 0.0000
vt 0.8924 0.0228 0.0000
vt 0.8913 0.2558 0.0000
vt 0.8912 0.2536 0.0000
vt 0.8927 0.2536 0.0000
vt 0.8927 0.2558 0.0000
vt 0.7720 0.4948 0.0000
vt 0.7725 0.4948 0.0000
vt 0.7725 0.4867 0.0000
vt 0.7720 0.4867 0.0000
vt 0.8922 0.0375 0.0000
vt 0.8921 0.0381 0.0000
vt 0.8912 0.0382 0.0000
vt 0.8911 0.0375 0.0000
vt 0.8911 0.0838 0.0000
vt 0.8911 0.0811 0.0000
vt 0.8927 0.0811 0.0000
vt 0.8926 0.0838 0.0000
vt 0.9131 0.4289 0.0000
vt 0.9050 0.4289 0.0000
vt 0.9050 0.4385 0.0000
vt 0.9131 0.4385 0.0000
vt 0.9755 0.0698 0.0000
vt 0.9770 0.0686 0.0000
vt 0.9770 0.0427 0.0000
vt 0.9754 0.0428 0.0000
vt 0.8645 0.2777 0.0000
vt 0.8842 0.2777 0.0000
vt 0.8842 0.2583 0.0000
vt 0.8645 0.2583 0.0000
vt 0.9788 0.4452 0.0000
vt 0.9786 0.4469 0.0000
vt 0.9786 0.4663 0.0000
vt 0.9788 0.4680 0.0000
vt 0.9798 0.4452 0.0000
vt 0.9798 0.4680 0.0000
vt 0.9800 0.4469 0.0000
vt 0.9800 0.4663 0.0000
vt 0.8832 0.0638 0.0000
vt 0.8832 0.0444 0.0000
vt 0.8648 0.0444 0.0000
vt 0.8648 0.0638 0.0000
vt 0.9750 0.4495 0.0000
vt 0.9749 0.4764 0.0000
vt 0.9766 0.4766 0.0000
vt 0.9766 0.4507 0.0000
vt 0.8832 0.0427 0.0000
vt 0.8646 0.0427 0.0000
vt 0.8646 0.0655 0.0000
vt 0.8832 0.0655 0.0000
vt 0.8842 0.2566 0.0000
vt 0.8648 0.2566 0.0000
vt 0.8648 0.2794 0.0000
vt 0.8842 0.2794 0.0000
vt 0.8626 0.0427 0.0000
vt 0.8623 0.0444 0.0000
vt 0.8623 0.0638 0.0000
vt 0.8626 0.0655 0.0000
vt 0.9735 0.2151 0.0000
vt 0.9750 0.2139 0.0000
vt 0.9750 0.1867 0.0000
vt 0.9734 0.1869 0.0000
vt 0.8839 0.1448 0.0000
vt 0.8632 0.1448 0.0000
vt 0.8632 0.1641 0.0000
vt 0.8839 0.1641 0.0000
vt 0.5628 0.4759 0.0000
vt 0.5639 0.4759 0.0000
vt 0.5641 0.4741 0.0000
vt 0.5641 0.4548 0.0000
vt 0.5639 0.4530 0.0000
vt 0.5628 0.4530 0.0000
vt 0.5626 0.4741 0.0000
vt 0.5626 0.4548 0.0000
vt 0.7575 0.3597 0.0000
vt 0.7383 0.3597 0.0000
vt 0.7383 0.3790 0.0000
vt 0.7575 0.3790 0.0000
vt 0.9719 0.1013 0.0000
vt 0.9718 0.1295 0.0000
vt 0.9734 0.1297 0.0000
vt 0.9734 0.1025 0.0000
vt 0.7383 0.3808 0.0000
vt 0.7578 0.3808 0.0000
vt 0.7578 0.3579 0.0000
vt 0.7383 0.3579 0.0000
vt 0.8632 0.1659 0.0000
vt 0.8836 0.1659 0.0000
vt 0.8836 0.1430 0.0000
vt 0.8632 0.1430 0.0000
vt 0.7598 0.3808 0.0000
vt 0.7601 0.3790 0.0000
vt 0.7601 0.3597 0.0000
vt 0.7598 0.3579 0.0000
vt 0.9759 0.1533 0.0000
vt 0.9780 0.1533 0.0000
vt 0.9780 0.1317 0.0000
vt 0.9759 0.1316 0.0000
vt 0.5878 0.2105 0.0000
vt 0.5661 0.2105 0.0000
vt 0.5661 0.2584 0.0000
vt 0.5878 0.2584 0.0000
vt 0.5176 0.2054 0.0000
vt 0.5197 0.2054 0.0000
vt 0.5199 0.2011 0.0000
vt 0.5174 0.2011 0.0000
vt 0.5199 0.1531 0.0000
vt 0.5197 0.1488 0.0000
vt 0.5174 0.1531 0.0000
vt 0.5176 0.1488 0.0000
vt 0.7696 0.2290 0.0000
vt 0.7913 0.2290 0.0000
vt 0.7913 0.1811 0.0000
vt 0.7696 0.1811 0.0000
vt 0.6228 0.4576 0.0000
vt 0.6228 0.4792 0.0000
vt 0.6249 0.4792 0.0000
vt 0.6249 0.4576 0.0000
vt 0.7913 0.1768 0.0000
vt 0.7696 0.1768 0.0000
vt 0.7696 0.2334 0.0000
vt 0.7913 0.2334 0.0000
vt 0.5661 0.2627 0.0000
vt 0.5878 0.2627 0.0000
vt 0.5878 0.2061 0.0000
vt 0.5661 0.2061 0.0000
vt 0.9105 0.0949 0.0000
vt 0.9105 0.0470 0.0000
vt 0.9103 0.0427 0.0000
vt 0.9082 0.0427 0.0000
vt 0.9080 0.0470 0.0000
vt 0.9080 0.0949 0.0000
vt 0.9082 0.0993 0.0000
vt 0.9103 0.0993 0.0000
vt 0.6203 0.4721 0.0000
vt 0.6203 0.4505 0.0000
vt 0.6182 0.4505 0.0000
vt 0.6182 0.4721 0.0000
vt 0.8149 0.0051 0.0000
vt 0.7933 0.0051 0.0000
vt 0.7933 0.0500 0.0000
vt 0.8149 0.0500 0.0000
vt 0.9192 0.0957 0.0000
vt 0.9194 0.0917 0.0000
vt 0.9194 0.0467 0.0000
vt 0.9192 0.0427 0.0000
vt 0.9171 0.0957 0.0000
vt 0.9171 0.0427 0.0000
vt 0.9169 0.0917 0.0000
vt 0.9169 0.0467 0.0000
vt 0.6528 0.3231 0.0000
vt 0.6745 0.3231 0.0000
vt 0.6745 0.2782 0.0000
vt 0.6528 0.2782 0.0000
vt 0.6392 0.4576 0.0000
vt 0.6392 0.4792 0.0000
vt 0.6413 0.4792 0.0000
vt 0.6413 0.4576 0.0000
vt 0.6745 0.2741 0.0000
vt 0.6528 0.2741 0.0000
vt 0.6528 0.3272 0.0000
vt 0.6745 0.3272 0.0000
vt 0.7933 0.0541 0.0000
vt 0.8149 0.0541 0.0000
vt 0.8149 0.0010 0.0000
vt 0.7933 0.0010 0.0000
vt 0.9198 0.2167 0.0000
vt 0.9196 0.2208 0.0000
vt 0.9196 0.2657 0.0000
vt 0.9198 0.2698 0.0000
vt 0.9219 0.2167 0.0000
vt 0.9219 0.2698 0.0000
vt 0.9221 0.2208 0.0000
vt 0.9221 0.2657 0.0000
vt 0.7933 0.4791 0.0000
vt 0.7950 0.4791 0.0000
vt 0.7950 0.4584 0.0000
vt 0.7933 0.4584 0.0000
vt 0.8169 0.2516 0.0000
vt 0.8376 0.2516 0.0000
vt 0.8376 0.2180 0.0000
vt 0.8169 0.2180 0.0000
vt 0.9262 0.2010 0.0000
vt 0.9260 0.1980 0.0000
vt 0.9242 0.1980 0.0000
vt 0.9241 0.2010 0.0000
vt 0.9241 0.2346 0.0000
vt 0.9242 0.2377 0.0000
vt 0.9262 0.2346 0.0000
vt 0.9260 0.2377 0.0000
vt 0.6247 0.3224 0.0000
vt 0.6454 0.3224 0.0000
vt 0.6454 0.2888 0.0000
vt 0.6247 0.2888 0.0000
vt 0.8443 0.4598 0.0000
vt 0.8443 0.4805 0.0000
vt 0.8461 0.4805 0.0000
vt 0.8461 0.4598 0.0000
vt 0.6454 0.2857 0.0000
vt 0.6247 0.2857 0.0000
vt 0.6247 0.3254 0.0000
vt 0.6454 0.3254 0.0000
vt 0.8376 0.2149 0.0000
vt 0.8169 0.2149 0.0000
vt 0.8169 0.2546 0.0000
vt 0.8376 0.2546 0.0000
vt 0.9209 0.0407 0.0000
vt 0.9210 0.0376 0.0000
vt 0.9210 0.0040 0.0000
vt 0.9209 0.0010 0.0000
vt 0.9191 0.0407 0.0000
vt 0.9191 0.0010 0.0000
vt 0.9189 0.0376 0.0000
vt 0.9189 0.0040 0.0000
vt 0.9786 0.3142 0.0000
vt 0.9786 0.3349 0.0000
vt 0.9804 0.3349 0.0000
vt 0.9804 0.3142 0.0000
vt 0.7383 0.3529 0.0000
vt 0.7590 0.3529 0.0000
vt 0.7590 0.3193 0.0000
vt 0.7383 0.3193 0.0000
vt 0.9292 0.0040 0.0000
vt 0.9290 0.0010 0.0000
vt 0.9273 0.0010 0.0000
vt 0.9271 0.0040 0.0000
vt 0.9271 0.0376 0.0000
vt 0.9273 0.0407 0.0000
vt 0.9292 0.0376 0.0000
vt 0.9290 0.0407 0.0000
vt 0.5228 0.3574 0.0000
vt 0.5435 0.3574 0.0000
vt 0.5435 0.3238 0.0000
vt 0.5228 0.3238 0.0000
vt 0.7229 0.4802 0.0000
vt 0.7229 0.4595 0.0000
vt 0.7211 0.4595 0.0000
vt 0.7211 0.4802 0.0000
vt 0.5435 0.3207 0.0000
vt 0.5228 0.3207 0.0000
vt 0.5228 0.3604 0.0000
vt 0.5435 0.3604 0.0000
vt 0.7590 0.3163 0.0000
vt 0.7383 0.3163 0.0000
vt 0.7383 0.3559 0.0000
vt 0.7590 0.3559 0.0000
vt 0.5898 0.3137 0.0000
vt 0.5899 0.3167 0.0000
vt 0.5917 0.3167 0.0000
vt 0.5919 0.3137 0.0000
vt 0.5919 0.2801 0.0000
vt 0.5917 0.2771 0.0000
vt 0.5898 0.2801 0.0000
vt 0.5899 0.2771 0.0000
# 1084 texture coords

o WINDOW_007
g WINDOW_007
usemtl BARN_SCENE_BARN_TEXTURES
s off
f 1345/4535/209 1346/4536/209 1347/4537/209 
f 1347/4537/209 1348/4538/209 1345/4535/209 
f 1349/4539/210 1350/4540/210 1351/4541/210 
f 1351/4541/210 1352/4542/210 1349/4539/210 
f 1353/4543/209 1354/4544/209 1355/4545/209 
f 1355/4545/209 1356/4546/209 1353/4543/209 
f 1357/4547/210 1358/4548/210 1359/4549/210 
f 1359/4549/210 1360/4550/210 1357/4547/210 
f 1361/4551/211 1362/4552/211 1363/4553/211 
f 1363/4553/211 1364/4554/211 1361/4551/211 
f 1365/4555/212 1366/4556/212 1367/4557/212 
f 1367/4557/212 1368/4558/212 1365/4555/212 
f 1348/4559/210 1347/4560/210 1369/4561/210 
f 1369/4561/210 1370/4562/210 1348/4559/210 
f 1366/4563/213 1354/4564/213 1353/4565/213 
f 1353/4565/213 1367/4566/213 1366/4563/213 
f 1370/4567/214 1371/4568/214 1345/4569/214 
f 1345/4569/214 1348/4570/214 1370/4567/214 
f 1372/4571/211 1373/4572/211 1374/4573/211 
f 1374/4573/211 1375/4574/211 1372/4571/211 
f 1376/4575/213 1377/4576/213 1378/4577/213 
f 1378/4577/213 1379/4578/213 1376/4575/213 
f 1380/4579/213 1381/4580/213 1382/4581/213 
f 1382/4581/213 1374/4582/213 1380/4579/213 
f 1358/4583/210 1357/4584/210 1369/4585/210 
f 1369/4585/210 1347/4586/210 1358/4583/210 
f 1352/4587/210 1360/4588/210 1359/4589/210 
f 1359/4589/210 1349/4590/210 1352/4587/210 
f 1383/4591/209 1384/4592/209 1385/4593/209 
f 1385/4593/209 1386/4594/209 1383/4591/209 
f 1387/4595/211 1388/4596/211 1380/4597/211 
f 1380/4597/211 1389/4598/211 1387/4595/211 
f 1390/4599/212 1391/4600/212 1392/4601/212 
f 1392/4601/212 1393/4602/212 1390/4599/212 
f 1394/4603/209 1395/4604/209 1396/4605/209 
f 1396/4605/209 1397/4606/209 1394/4603/209 
f 1398/4607/209 1350/4608/209 1349/4609/209 
f 1349/4609/209 1399/4610/209 1398/4607/209 
f 1400/4611/214 1369/4612/214 1357/4613/214 
f 1357/4613/214 1401/4614/214 1400/4611/214 
f 1364/4615/210 1388/4616/210 1387/4617/210 
f 1387/4617/210 1361/4618/210 1364/4615/210 
f 1373/4619/210 1389/4620/210 1380/4621/210 
f 1380/4621/210 1374/4622/210 1373/4619/210 
f 1402/4623/212 1403/4624/212 1404/4625/212 
f 1404/4625/212 1405/4626/212 1402/4623/212 
f 1381/4627/212 1380/4628/212 1388/4629/212 
f 1388/4629/212 1406/4630/212 1381/4627/212 
f 1407/4631/212 1408/4632/212 1409/4633/212 
f 1409/4633/212 1410/4634/212 1407/4631/212 
f 1360/4635/212 1411/4636/212 1401/4637/212 
f 1401/4637/212 1357/4638/212 1360/4635/212 
f 1412/4639/209 1413/4640/209 1414/4641/209 
f 1414/4641/209 1415/4642/209 1412/4639/209 
f 1416/4643/209 1417/4644/209 1387/4645/209 
f 1387/4645/209 1389/4646/209 1416/4643/209 
f 1418/4647/209 1419/4648/209 1420/4649/209 
f 1420/4649/209 1421/4650/209 1418/4647/209 
f 1422/4651/209 1423/4652/209 1359/4653/209 
f 1359/4653/209 1358/4654/209 1422/4651/209 
f 1358/4655/213 1347/4656/213 1346/4657/213 
f 1346/4657/213 1422/4658/213 1358/4655/213 
f 1418/4659/213 1421/4660/213 1384/4661/213 
f 1384/4661/213 1383/4662/213 1418/4659/213 
f 1394/4663/213 1397/4664/213 1424/4665/213 
f 1424/4665/213 1425/4666/213 1394/4663/213 
f 1412/4667/213 1415/4668/213 1426/4669/213 
f 1426/4669/213 1427/4670/213 1412/4667/213 
f 1360/4671/213 1352/4672/213 1428/4673/213 
f 1428/4673/213 1411/4674/213 1360/4671/213 
f 1408/4675/213 1407/4676/213 1365/4677/213 
f 1365/4677/213 1368/4678/213 1408/4675/213 
f 1391/4679/213 1390/4680/213 1429/4681/213 
f 1429/4681/213 1430/4682/213 1391/4679/213 
f 1403/4683/213 1402/4684/213 1431/4685/213 
f 1431/4685/213 1432/4686/213 1403/4683/213 
f 1387/4687/213 1417/4688/213 1433/4689/213 
f 1433/4689/213 1361/4690/213 1387/4687/213 
f 1433/4691/209 1434/4692/209 1362/4693/209 
f 1362/4693/209 1361/4694/209 1433/4691/209 
f 1427/4695/209 1426/4696/209 1435/4697/209 
f 1435/4697/209 1436/4698/209 1427/4695/209 
f 1425/4699/209 1424/4700/209 1437/4701/209 
f 1437/4701/209 1438/4702/209 1425/4699/209 
f 1355/4703/214 1420/4704/214 1419/4705/214 
f 1419/4705/214 1356/4706/214 1355/4703/214 
f 1439/4707/214 1396/4708/214 1395/4709/214 
f 1395/4709/214 1440/4710/214 1439/4707/214 
f 1441/4711/214 1414/4712/214 1413/4713/214 
f 1413/4713/214 1442/4714/214 1441/4711/214 
f 1389/4715/214 1373/4716/214 1443/4717/214 
f 1443/4717/214 1416/4718/214 1389/4715/214 
f 1444/4719/214 1410/4720/214 1409/4721/214 
f 1409/4721/214 1445/4722/214 1444/4719/214 
f 1446/4723/214 1393/4724/214 1392/4725/214 
f 1392/4725/214 1447/4726/214 1446/4723/214 
f 1448/4727/214 1405/4728/214 1404/4729/214 
f 1404/4729/214 1449/4730/214 1448/4727/214 
f 1364/4731/214 1450/4732/214 1406/4733/214 
f 1406/4733/214 1388/4734/214 1364/4731/214 
f 1451/4735/214 1436/4736/214 1435/4737/214 
f 1435/4737/214 1452/4738/214 1451/4735/214 
f 1453/4739/214 1438/4740/214 1437/4741/214 
f 1437/4741/214 1454/4742/214 1453/4739/214 
f 1455/4743/214 1386/4744/214 1385/4745/214 
f 1385/4745/214 1456/4746/214 1455/4743/214 
f 1370/4747/212 1369/4748/212 1400/4749/212 
f 1400/4749/212 1371/4750/212 1370/4747/212 
f 1457/4751/212 1428/4752/212 1352/4753/212 
f 1352/4753/212 1351/4754/212 1457/4751/212 
f 1458/4755/213 1459/4756/213 1372/4757/213 
f 1372/4757/213 1375/4758/213 1458/4755/213 
f 1460/4759/213 1461/4760/213 1462/4761/213 
f 1462/4761/213 1463/4762/213 1460/4759/213 
f 1464/4763/213 1465/4764/213 1466/4765/213 
f 1466/4765/213 1467/4766/213 1464/4763/213 
f 1349/4767/214 1359/4768/214 1423/4769/214 
f 1423/4769/214 1399/4770/214 1349/4767/214 
f 1374/4771/212 1382/4772/212 1458/4773/212 
f 1458/4773/212 1375/4774/212 1374/4771/212 
f 1431/4775/212 1462/4776/212 1461/4777/212 
f 1461/4777/212 1432/4778/212 1431/4775/212 
f 1429/4779/212 1466/4780/212 1465/4781/212 
f 1465/4781/212 1430/4782/212 1429/4779/212 
f 1443/4783/209 1373/4784/209 1372/4785/209 
f 1372/4785/209 1459/4786/209 1443/4783/209 
f 1460/4787/209 1463/4788/209 1441/4789/209 
f 1441/4789/209 1442/4790/209 1460/4787/209 
f 1464/4791/209 1467/4792/209 1439/4793/209 
f 1439/4793/209 1440/4794/209 1464/4791/209 
f 1398/4795/213 1457/4796/213 1351/4797/213 
f 1351/4797/213 1350/4798/213 1398/4795/213 
f 1468/4799/212 1450/4800/212 1364/4801/212 
f 1364/4801/212 1363/4802/212 1468/4799/212 
f 1448/4803/212 1449/4804/212 1451/4805/212 
f 1451/4805/212 1452/4806/212 1448/4803/212 
f 1454/4807/212 1446/4808/212 1447/4809/212 
f 1447/4809/212 1453/4810/212 1454/4807/212 
f 1456/4811/212 1444/4812/212 1445/4813/212 
f 1445/4813/212 1455/4814/212 1456/4811/212 
f 1425/4815/210 1469/4816/210 1470/4817/210 
f 1470/4817/210 1394/4818/210 1425/4815/210 
f 1471/4819/210 1472/4820/210 1356/4821/210 
f 1356/4821/210 1419/4822/210 1471/4819/210 
f 1401/4823/210 1411/4824/210 1473/4825/210 
f 1473/4825/210 1474/4826/210 1401/4823/210 
f 1439/4827/210 1475/4828/210 1476/4829/210 
f 1476/4829/210 1396/4830/210 1439/4827/210 
f 1477/4831/210 1455/4832/210 1445/4833/210 
f 1445/4833/210 1478/4834/210 1477/4831/210 
f 1466/4835/211 1429/4836/211 1479/4837/211 
f 1479/4837/211 1480/4838/211 1466/4835/211 
f 1481/4839/210 1482/4840/210 1433/4841/210 
f 1433/4841/210 1417/4842/210 1481/4839/210 
f 1483/4843/211 1407/4844/211 1410/4845/211 
f 1410/4845/211 1484/4846/211 1483/4843/211 
f 1452/4847/211 1485/4848/211 1486/4849/211 
f 1486/4849/211 1448/4850/211 1452/4847/211 
f 1487/4851/210 1368/4852/210 1367/4853/210 
f 1367/4853/210 1488/4854/210 1487/4851/210 
f 1489/4855/210 1490/4856/210 1399/4857/210 
f 1399/4857/210 1423/4858/210 1489/4855/210 
f 1427/4859/210 1491/4860/210 1492/4861/210 
f 1492/4861/210 1412/4862/210 1427/4859/210 
f 1493/4863/211 1413/4864/211 1412/4865/211 
f 1412/4865/211 1492/4866/211 1493/4863/211 
f 1355/4867/210 1494/4868/210 1495/4869/210 
f 1495/4869/210 1420/4870/210 1355/4867/210 
f 1496/4871/210 1497/4872/210 1453/4873/210 
f 1453/4873/210 1447/4874/210 1496/4871/210 
f 1431/4875/211 1498/4876/211 1499/4877/211 
f 1499/4877/211 1462/4878/211 1431/4875/211 
f 1417/4879/210 1416/4880/210 1500/4881/210 
f 1500/4881/210 1481/4882/210 1417/4879/210 
f 1468/4883/211 1501/4884/211 1502/4885/211 
f 1502/4885/211 1450/4886/211 1468/4883/211 
f 1503/4887/210 1504/4888/210 1430/4889/210 
f 1430/4889/210 1465/4890/210 1503/4887/210 
f 1365/4891/210 1407/4892/210 1483/4893/210 
f 1483/4893/210 1505/4894/210 1365/4891/210 
f 1384/4895/210 1506/4896/210 1507/4897/210 
f 1507/4897/210 1385/4898/210 1384/4895/210 
f 1508/4899/211 1395/4900/211 1394/4901/211 
f 1394/4901/211 1470/4902/211 1508/4899/211 
f 1509/4903/211 1510/4904/211 1346/4905/211 
f 1346/4905/211 1345/4906/211 1509/4903/211 
f 1511/4907/210 1512/4908/210 1451/4909/210 
f 1451/4909/210 1449/4910/210 1511/4907/210 
f 1376/4911/211 1513/4912/211 1458/4913/211 
f 1458/4913/211 1382/4914/211 1376/4911/211 
f 1514/4915/210 1473/4916/210 1411/4917/210 
f 1411/4917/210 1428/4918/210 1514/4915/210 
f 1415/4919/210 1414/4920/210 1515/4921/210 
f 1515/4921/210 1516/4922/210 1415/4919/210 
f 1511/4923/210 1449/4924/210 1404/4925/210 
f 1404/4925/210 1517/4926/210 1511/4923/210 
f 1461/4927/210 1518/4928/210 1379/4929/210 
f 1379/4929/210 1432/4930/210 1461/4927/210 
f 1456/4931/210 1385/4932/210 1507/4933/210 
f 1507/4933/210 1519/4934/210 1456/4931/210 
f 1520/4935/210 1437/4936/210 1424/4937/210 
f 1424/4937/210 1521/4938/210 1520/4935/210 
f 1522/4939/210 1406/4940/210 1450/4941/210 
f 1450/4941/210 1502/4942/210 1522/4939/210 
f 1390/4943/210 1523/4944/210 1479/4945/210 
f 1479/4945/210 1429/4946/210 1390/4943/210 
f 1345/4947/210 1371/4948/210 1524/4949/210 
f 1524/4949/210 1509/4950/210 1345/4947/210 
f 1419/4951/211 1418/4952/211 1525/4953/211 
f 1525/4953/211 1471/4954/211 1419/4951/211 
f 1383/4955/211 1386/4956/211 1526/4957/211 
f 1526/4957/211 1527/4958/211 1383/4955/211 
f 1354/4959/210 1528/4960/210 1494/4961/210 
f 1494/4961/210 1355/4962/210 1354/4959/210 
f 1529/4963/210 1454/4964/210 1437/4965/210 
f 1437/4965/210 1520/4966/210 1529/4963/210 
f 1530/4967/210 1397/4968/210 1396/4969/210 
f 1396/4969/210 1476/4970/210 1530/4967/210 
f 1392/4971/210 1531/4972/210 1496/4973/210 
f 1496/4973/210 1447/4974/210 1392/4971/210 
f 1532/4975/210 1408/4976/210 1368/4977/210 
f 1368/4977/210 1487/4978/210 1532/4975/210 
f 1386/4979/210 1455/4980/210 1477/4981/210 
f 1477/4981/210 1526/4982/210 1386/4979/210 
f 1533/4983/210 1435/4984/210 1426/4985/210 
f 1426/4985/210 1534/4986/210 1533/4983/210 
f 1486/4987/210 1535/4988/210 1405/4989/210 
f 1405/4989/210 1448/4990/210 1486/4987/210 
f 1398/4991/211 1399/4992/211 1490/4993/211 
f 1490/4993/211 1536/4994/211 1398/4991/211 
f 1452/4995/210 1435/4996/210 1533/4997/210 
f 1533/4997/210 1485/4998/210 1452/4995/210 
f 1423/4999/211 1422/5000/211 1537/5001/211 
f 1537/5001/211 1489/5002/211 1423/4999/211 
f 1425/5003/211 1438/5004/211 1538/5005/211 
f 1538/5005/211 1469/5006/211 1425/5003/211 
f 1468/5007/214 1363/5008/214 1362/5009/214 
f 1362/5009/214 1434/5010/214 1468/5007/214 
f 1498/5011/213 1539/5012/213 1540/5013/213 
f 1540/5013/213 1504/5014/213 1498/5011/213 
f 1479/5015/213 1523/5016/213 1532/5017/213 
f 1532/5017/213 1487/5018/213 1479/5015/213 
f 1505/5019/213 1483/5020/213 1473/5021/213 
f 1473/5021/213 1514/5022/213 1505/5019/213 
f 1482/5023/213 1481/5024/213 1492/5025/213 
f 1492/5025/213 1491/5026/213 1482/5023/213 
f 1534/5027/213 1516/5028/213 1470/5029/213 
f 1470/5029/213 1469/5030/213 1534/5027/213 
f 1530/5031/213 1525/5032/213 1527/5033/213 
f 1527/5033/213 1521/5034/213 1530/5031/213 
f 1541/5035/213 1537/5036/213 1510/5037/213 
f 1510/5037/213 1506/5038/213 1541/5035/213 
f 1495/5039/209 1489/5040/209 1537/5041/209 
f 1537/5041/209 1541/5042/209 1495/5039/209 
f 1471/5043/209 1525/5044/209 1530/5045/209 
f 1530/5045/209 1476/5046/209 1471/5043/209 
f 1508/5047/209 1470/5048/209 1516/5049/209 
f 1516/5049/209 1515/5050/209 1508/5047/209 
f 1493/5051/209 1492/5052/209 1481/5053/209 
f 1481/5053/209 1500/5054/209 1493/5051/209 
f 1483/5055/212 1484/5056/212 1474/5057/212 
f 1474/5057/212 1473/5058/212 1483/5055/212 
f 1523/5059/212 1542/5060/212 1543/5061/212 
f 1543/5061/212 1532/5062/212 1523/5059/212 
f 1535/5063/212 1531/5064/212 1540/5065/212 
f 1540/5065/212 1539/5066/212 1535/5063/212 
f 1377/5067/212 1522/5068/212 1517/5069/212 
f 1517/5069/212 1378/5070/212 1377/5067/212 
f 1544/5071/209 1545/5072/209 1482/5073/209 
f 1482/5073/209 1491/5074/209 1544/5071/209 
f 1538/5075/209 1533/5076/209 1534/5077/209 
f 1534/5077/209 1469/5078/209 1538/5075/209 
f 1527/5079/209 1526/5080/209 1520/5081/209 
f 1520/5081/209 1521/5082/209 1527/5079/209 
f 1506/5083/209 1510/5084/209 1509/5085/209 
f 1509/5085/209 1507/5086/209 1506/5083/209 
f 1489/5087/214 1495/5088/214 1494/5089/214 
f 1494/5089/214 1490/5090/214 1489/5087/214 
f 1476/5091/214 1475/5092/214 1472/5093/214 
f 1472/5093/214 1471/5094/214 1476/5091/214 
f 1508/5095/214 1515/5096/214 1546/5097/214 
f 1546/5097/214 1547/5098/214 1508/5095/214 
f 1493/5099/214 1500/5100/214 1548/5101/214 
f 1548/5101/214 1549/5102/214 1493/5099/214 
f 1474/5103/214 1484/5104/214 1550/5105/214 
f 1550/5105/214 1551/5106/214 1474/5103/214 
f 1543/5107/214 1542/5108/214 1552/5109/214 
f 1552/5109/214 1478/5110/214 1543/5107/214 
f 1535/5111/214 1486/5112/214 1496/5113/214 
f 1496/5113/214 1531/5114/214 1535/5111/214 
f 1517/5115/214 1522/5116/214 1502/5117/214 
f 1502/5117/214 1511/5118/214 1517/5115/214 
f 1511/5119/212 1502/5120/212 1501/5121/212 
f 1501/5121/212 1512/5122/212 1511/5119/212 
f 1496/5123/212 1486/5124/212 1485/5125/212 
f 1485/5125/212 1497/5126/212 1496/5123/212 
f 1552/5127/212 1529/5128/212 1477/5129/212 
f 1477/5129/212 1478/5130/212 1552/5127/212 
f 1550/5131/212 1519/5132/212 1524/5133/212 
f 1524/5133/212 1551/5134/212 1550/5131/212 
f 1553/5135/209 1549/5136/209 1548/5137/209 
f 1548/5137/209 1554/5138/209 1553/5135/209 
f 1555/5139/209 1556/5140/209 1547/5141/209 
f 1547/5141/209 1546/5142/209 1555/5139/209 
f 1557/5143/209 1472/5144/209 1475/5145/209 
f 1475/5145/209 1558/5146/209 1557/5143/209 
f 1536/5147/209 1490/5148/209 1494/5149/209 
f 1494/5149/209 1528/5150/209 1536/5147/209 
f 1379/5151/212 1518/5152/212 1513/5153/212 
f 1513/5153/212 1376/5154/212 1379/5151/212 
f 1504/5155/212 1503/5156/212 1499/5157/212 
f 1499/5157/212 1498/5158/212 1504/5155/212 
f 1479/5159/212 1487/5160/212 1488/5161/212 
f 1488/5161/212 1480/5162/212 1479/5159/212 
f 1505/5163/212 1514/5164/212 1559/5165/212 
f 1559/5165/212 1560/5166/212 1505/5163/212 
f 1518/5167/213 1553/5168/213 1554/5169/213 
f 1554/5169/213 1513/5170/213 1518/5167/213 
f 1499/5171/213 1503/5172/213 1556/5173/213 
f 1556/5173/213 1555/5174/213 1499/5171/213 
f 1488/5175/213 1557/5176/213 1558/5177/213 
f 1558/5177/213 1480/5178/213 1488/5175/213 
f 1559/5179/213 1536/5180/213 1528/5181/213 
f 1528/5181/213 1560/5182/213 1559/5179/213 
f 1501/5183/214 1545/5184/214 1544/5185/214 
f 1544/5185/214 1512/5186/214 1501/5183/214 
f 1485/5187/214 1533/5188/214 1538/5189/214 
f 1538/5189/214 1497/5190/214 1485/5187/214 
f 1477/5191/214 1529/5192/214 1520/5193/214 
f 1520/5193/214 1526/5194/214 1477/5191/214 
f 1524/5195/214 1519/5196/214 1507/5197/214 
f 1507/5197/214 1509/5198/214 1524/5195/214 
f 1514/5199/210 1428/5200/210 1457/5201/210 
f 1457/5201/210 1559/5202/210 1514/5199/210 
f 1446/5203/211 1454/4964/211 1529/4963/211 
f 1529/4963/211 1552/5204/211 1446/5203/211 
f 1523/5205/211 1390/5206/211 1393/5207/211 
f 1393/5207/211 1542/5208/211 1523/5205/211 
f 1366/5209/211 1365/5210/211 1505/5211/211 
f 1505/5211/211 1560/5212/211 1366/5209/211 
f 1524/5213/210 1371/5214/210 1400/5215/210 
f 1400/5215/210 1551/5216/210 1524/5213/210 
f 1441/5217/210 1546/5218/210 1515/5219/210 
f 1515/5219/210 1414/5220/210 1441/5217/210 
f 1409/5221/210 1408/5222/210 1532/5223/210 
f 1532/5223/210 1543/5224/210 1409/5221/210 
f 1516/5225/210 1534/5226/210 1426/5227/210 
f 1426/5227/210 1415/5228/210 1516/5225/210 
f 1460/5229/210 1553/5230/210 1518/5231/210 
f 1518/5231/210 1461/5232/210 1460/5229/210 
f 1508/5233/210 1547/5234/210 1440/5235/210 
f 1440/5235/210 1395/5236/210 1508/5233/210 
f 1513/5237/210 1554/5238/210 1459/5239/210 
f 1459/5239/210 1458/5240/210 1513/5237/210 
f 1550/5241/211 1444/5242/211 1456/5243/211 
f 1456/5243/211 1519/5244/211 1550/5241/211 
f 1405/5245/211 1535/5246/211 1539/5247/211 
f 1539/5247/211 1402/5248/211 1405/5245/211 
f 1525/5249/210 1418/5250/210 1383/5251/210 
f 1383/5251/210 1527/5252/210 1525/5249/210 
f 1464/5253/210 1556/5254/210 1503/5255/210 
f 1503/5255/210 1465/5256/210 1464/5253/210 
f 1442/5257/211 1549/5258/211 1553/5259/211 
f 1553/5259/211 1460/5260/211 1442/5257/211 
f 1443/5261/210 1548/5262/210 1500/5263/210 
f 1500/5263/210 1416/5264/210 1443/5261/210 
f 1391/5265/210 1540/5266/210 1531/5267/210 
f 1531/5267/210 1392/5268/210 1391/5265/210 
f 1499/5269/210 1555/5270/210 1463/5271/210 
f 1463/5271/210 1462/5272/210 1499/5269/210 
f 1493/5273/210 1549/5274/210 1442/5275/210 
f 1442/5275/210 1413/5276/210 1493/5273/210 
f 1424/5277/210 1397/5278/210 1530/5279/210 
f 1530/5279/210 1521/5280/210 1424/5277/210 
f 1353/5281/210 1557/5282/210 1488/5283/210 
f 1488/5283/210 1367/5284/210 1353/5281/210 
f 1379/5285/210 1378/5286/210 1403/5287/210 
f 1403/5287/210 1432/5288/210 1379/5285/210 
f 1548/5289/210 1443/5290/210 1459/5291/210 
f 1459/5291/210 1554/5292/210 1548/5289/210 
f 1406/5293/211 1522/5294/211 1377/5295/211 
f 1377/5295/211 1381/5296/211 1406/5293/211 
f 1480/5297/214 1558/5298/214 1467/5299/214 
f 1467/5299/214 1466/5300/214 1480/5297/214 
f 1440/5301/211 1547/5302/211 1556/5254/211 
f 1556/5254/211 1464/5253/211 1440/5301/211 
f 1410/5303/210 1444/5304/210 1550/5305/210 
f 1550/5305/210 1484/5306/210 1410/5303/210 
f 1403/5307/210 1378/5308/210 1517/5309/210 
f 1517/5309/210 1404/5310/210 1403/5307/210 
f 1537/5311/210 1422/5312/210 1346/5313/210 
f 1346/5313/210 1510/5314/210 1537/5311/210 
f 1398/5315/210 1536/5316/210 1559/5317/210 
f 1559/5317/210 1457/5318/210 1398/5315/210 
f 1376/5319/210 1382/5320/210 1381/5321/210 
f 1381/5321/210 1377/5322/210 1376/5319/210 
f 1551/5323/210 1400/5324/210 1401/5325/210 
f 1401/5325/210 1474/5326/210 1551/5323/210 
f 1560/5327/210 1528/5328/210 1354/5329/210 
f 1354/5329/210 1366/5330/210 1560/5327/210 
f 1546/5331/210 1441/5332/210 1463/5333/210 
f 1463/5333/210 1555/5334/210 1546/5331/210 
f 1491/5335/211 1427/5336/211 1436/5337/211 
f 1436/5337/211 1544/5338/211 1491/5335/211 
f 1541/5339/210 1506/5340/210 1384/5341/210 
f 1384/5341/210 1421/5342/210 1541/5339/210 
f 1544/5343/210 1436/5344/210 1451/5345/210 
f 1451/5345/210 1512/5346/210 1544/5343/210 
f 1391/5347/210 1430/5348/210 1504/5349/210 
f 1504/5349/210 1540/5350/210 1391/5347/210 
f 1353/5351/211 1356/5352/211 1472/5353/211 
f 1472/5353/211 1557/5354/211 1353/5351/211 
f 1552/5355/210 1542/5356/210 1393/5357/210 
f 1393/5357/210 1446/5358/210 1552/5355/210 
f 1434/5359/210 1433/5360/210 1482/5361/210 
f 1482/5361/210 1545/5362/210 1434/5359/210 
f 1468/5363/210 1434/5364/210 1545/5365/210 
f 1545/5365/210 1501/5366/210 1468/5363/210 
f 1409/5367/210 1543/5368/210 1478/5369/210 
f 1478/5369/210 1445/5370/210 1409/5367/210 
f 1495/5371/210 1541/5372/210 1421/5373/210 
f 1421/5373/210 1420/5374/210 1495/5371/210 
f 1538/5375/213 1438/5376/213 1453/5377/213 
f 1453/5377/213 1497/5378/213 1538/5375/213 
f 1402/5379/210 1539/5380/210 1498/5381/210 
f 1498/5381/210 1431/5382/210 1402/5379/210 
f 1467/5383/210 1558/5384/210 1475/5385/210 
f 1475/5385/210 1439/5386/210 1467/5383/210 
f 1561/5387/209 1562/5388/209 1563/5389/209 
f 1563/5389/209 1564/5390/209 1561/5387/209 
f 1565/5391/215 1566/5392/215 1567/5393/215 
f 1567/5393/215 1568/5394/215 1565/5391/215 
f 1563/5395/216 1569/5396/216 1570/5397/216 
f 1563/5395/216 1570/5397/216 1571/5398/216 
f 1564/5399/216 1563/5395/216 1571/5398/216 
f 1564/5399/216 1571/5398/216 1572/5400/216 
f 1566/5401/216 1564/5399/216 1572/5400/216 
f 1567/5402/216 1566/5401/216 1572/5400/216 
f 1570/5403/217 1569/5404/217 1573/5405/217 
f 1573/5405/217 1574/5406/217 1570/5403/217 
f 1575/5407/212 1572/5408/212 1571/5409/212 
f 1571/5409/212 1576/5410/212 1575/5407/212 
f 1569/5404/218 1563/5411/218 1562/5412/218 
f 1562/5412/218 1573/5405/218 1569/5404/218 
f 1574/5406/219 1576/5413/219 1571/5414/219 
f 1571/5414/219 1570/5403/219 1574/5406/219 
f 1572/5415/220 1575/5416/220 1568/5394/220 
f 1568/5394/220 1567/5393/220 1572/5415/220 
f 1566/5392/221 1565/5391/221 1561/5417/221 
f 1561/5417/221 1564/5418/221 1566/5392/221 
f 1573/5405/222 1562/5412/222 1561/5419/222 
f 1561/5419/222 1565/5420/222 1568/5421/222 
f 1573/5405/222 1561/5419/222 1568/5421/222 
f 1573/5405/222 1568/5421/222 1575/5422/222 
f 1574/5406/222 1573/5405/222 1575/5422/222 
f 1574/5406/222 1575/5422/222 1576/5413/222 
f 1577/5423/212 1578/5424/212 1579/5425/212 
f 1579/5425/212 1580/5426/212 1577/5423/212 
f 1581/5427/223 1582/5428/223 1583/5429/223 
f 1583/5429/223 1584/5430/223 1581/5427/223 
f 1580/5431/224 1579/5432/224 1585/5433/224 
f 1585/5433/224 1586/5434/224 1587/5435/224 
f 1580/5431/224 1585/5433/224 1587/5435/224 
f 1580/5431/224 1587/5435/224 1588/5436/224 
f 1582/5437/224 1580/5431/224 1588/5436/224 
f 1583/5438/224 1582/5437/224 1588/5436/224 
f 1589/5439/225 1586/5440/225 1585/5441/225 
f 1585/5441/225 1590/5442/225 1589/5439/225 
f 1591/5443/209 1588/5444/209 1587/5445/209 
f 1587/5445/209 1592/5446/209 1591/5443/209 
f 1590/5442/226 1585/5441/226 1579/5447/226 
f 1579/5447/226 1578/5448/226 1590/5442/226 
f 1586/5440/227 1589/5439/227 1592/5449/227 
f 1592/5449/227 1587/5450/227 1586/5440/227 
f 1588/5451/228 1591/5452/228 1584/5430/228 
f 1584/5430/228 1583/5429/228 1588/5451/228 
f 1582/5428/229 1581/5427/229 1577/5453/229 
f 1577/5453/229 1580/5454/229 1582/5428/229 
f 1589/5439/230 1590/5442/230 1578/5448/230 
f 1577/5455/230 1581/5456/230 1584/5457/230 
f 1577/5455/230 1584/5457/230 1591/5458/230 
f 1578/5448/230 1577/5455/230 1591/5458/230 
f 1589/5439/230 1578/5448/230 1591/5458/230 
f 1589/5439/230 1591/5458/230 1592/5449/230 
f 1593/5459/212 1594/5460/212 1595/5461/212 
f 1595/5461/212 1596/5462/212 1593/5459/212 
f 1597/5463/211 1598/5464/211 1599/5465/211 
f 1599/5465/211 1600/5466/211 1597/5463/211 
f 1596/5467/231 1595/5468/231 1601/5469/231 
f 1598/5470/231 1596/5467/231 1601/5469/231 
f 1601/5469/231 1602/5471/231 1603/5472/231 
f 1598/5470/231 1601/5469/231 1603/5472/231 
f 1599/5473/231 1598/5470/231 1603/5472/231 
f 1599/5473/231 1603/5472/231 1604/5474/231 
f 1605/5475/210 1602/5476/210 1601/5477/210 
f 1601/5477/210 1606/5478/210 1605/5475/210 
f 1607/5479/209 1604/5480/209 1603/5481/209 
f 1603/5481/209 1608/5482/209 1607/5479/209 
f 1606/5478/232 1601/5477/232 1595/5483/232 
f 1595/5483/232 1594/5484/232 1606/5478/232 
f 1602/5476/233 1605/5475/233 1608/5485/233 
f 1608/5485/233 1603/5486/233 1602/5476/233 
f 1604/5487/234 1607/5488/234 1600/5466/234 
f 1600/5466/234 1599/5465/234 1604/5487/234 
f 1598/5464/235 1597/5463/235 1593/5489/235 
f 1593/5489/235 1596/5490/235 1598/5464/235 
f 1605/5491/214 1606/5492/214 1594/5493/214 
f 1605/5491/214 1594/5493/214 1593/5494/214 
f 1605/5491/214 1593/5494/214 1597/5495/214 
f 1605/5491/214 1597/5495/214 1600/5496/214 
f 1605/5491/214 1600/5496/214 1607/5497/214 
f 1605/5491/214 1607/5497/214 1608/5498/214 
f 1609/5499/212 1610/5500/212 1611/5501/212 
f 1611/5501/212 1612/5502/212 1609/5499/212 
f 1613/5503/211 1614/5504/211 1615/5505/211 
f 1615/5505/211 1616/5506/211 1613/5503/211 
f 1610/5507/231 1617/5508/231 1618/5509/231 
f 1610/5507/231 1618/5509/231 1619/5510/231 
f 1611/5511/231 1610/5507/231 1619/5510/231 
f 1611/5511/231 1619/5510/231 1620/5512/231 
f 1614/5513/231 1611/5511/231 1620/5512/231 
f 1615/5514/231 1614/5513/231 1620/5512/231 
f 1621/5515/210 1618/5516/210 1617/5517/210 
f 1617/5517/210 1622/5518/210 1621/5515/210 
f 1623/5519/209 1620/5520/209 1619/5521/209 
f 1619/5521/209 1624/5522/209 1623/5519/209 
f 1622/5518/236 1617/5517/236 1610/5523/236 
f 1610/5523/236 1609/5524/236 1622/5518/236 
f 1618/5516/237 1621/5515/237 1624/5525/237 
f 1624/5525/237 1619/5526/237 1618/5516/237 
f 1620/5527/238 1623/5528/238 1616/5506/238 
f 1616/5506/238 1615/5505/238 1620/5527/238 
f 1614/5504/239 1613/5503/239 1612/5529/239 
f 1612/5529/239 1611/5530/239 1614/5504/239 
f 1612/5531/214 1613/5532/214 1616/5533/214 
f 1612/5531/214 1616/5533/214 1623/5534/214 
f 1609/5535/214 1612/5531/214 1623/5534/214 
f 1609/5535/214 1623/5534/214 1624/5536/214 
f 1622/5537/214 1609/5535/214 1624/5536/214 
f 1621/5538/214 1622/5537/214 1624/5536/214 
f 1625/5539/212 1626/5540/212 1627/5541/212 
f 1627/5541/212 1628/5542/212 1625/5539/212 
f 1629/5543/213 1630/5544/213 1631/5545/213 
f 1631/5545/213 1632/5546/213 1629/5543/213 
f 1630/5547/240 1626/5548/240 1625/5549/240 
f 1630/5547/240 1625/5549/240 1633/5550/240 
f 1630/5547/240 1633/5550/240 1634/5551/240 
f 1630/5547/240 1634/5551/240 1635/5552/240 
f 1631/5553/240 1630/5547/240 1635/5552/240 
f 1631/5553/240 1635/5552/240 1636/5554/240 
f 1637/5555/214 1634/5556/214 1633/5557/214 
f 1633/5557/214 1638/5558/214 1637/5555/214 
f 1635/5559/209 1639/5560/209 1640/5561/209 
f 1640/5561/209 1636/5562/209 1635/5559/209 
f 1638/5558/241 1633/5557/241 1625/5563/241 
f 1625/5563/241 1628/5564/241 1638/5558/241 
f 1634/5556/242 1637/5555/242 1639/5565/242 
f 1639/5565/242 1635/5566/242 1634/5556/242 
f 1636/5567/243 1640/5568/243 1632/5546/243 
f 1632/5546/243 1631/5545/243 1636/5567/243 
f 1630/5544/244 1629/5543/244 1627/5569/244 
f 1627/5569/244 1626/5570/244 1630/5544/244 
f 1627/5571/211 1629/5572/211 1632/5573/211 
f 1627/5571/211 1632/5573/211 1640/5574/211 
f 1628/5575/211 1627/5571/211 1640/5574/211 
f 1628/5575/211 1640/5574/211 1639/5576/211 
f 1638/5577/211 1628/5575/211 1639/5576/211 
f 1637/5578/211 1638/5577/211 1639/5576/211 
f 1641/5579/212 1642/5580/212 1643/5581/212 
f 1643/5581/212 1644/5582/212 1641/5579/212 
f 1645/5583/213 1646/5584/213 1647/5585/213 
f 1647/5585/213 1648/5586/213 1645/5583/213 
f 1646/5587/240 1643/5588/240 1642/5589/240 
f 1646/5587/240 1642/5589/240 1649/5590/240 
f 1646/5587/240 1649/5590/240 1650/5591/240 
f 1646/5587/240 1650/5591/240 1651/5592/240 
f 1647/5593/240 1646/5587/240 1651/5592/240 
f 1647/5593/240 1651/5592/240 1652/5594/240 
f 1653/5595/214 1650/5596/214 1649/5597/214 
f 1649/5597/214 1654/5598/214 1653/5595/214 
f 1655/5599/209 1652/5600/209 1651/5601/209 
f 1651/5601/209 1656/5602/209 1655/5599/209 
f 1654/5598/241 1649/5597/241 1642/5603/241 
f 1642/5603/241 1641/5604/241 1654/5598/241 
f 1650/5596/242 1653/5595/242 1656/5605/242 
f 1656/5605/242 1651/5606/242 1650/5596/242 
f 1652/5607/243 1655/5608/243 1648/5586/243 
f 1648/5586/243 1647/5585/243 1652/5607/243 
f 1646/5584/244 1645/5583/244 1644/5609/244 
f 1644/5609/244 1643/5610/244 1646/5584/244 
f 1654/5611/211 1641/5612/211 1644/5613/211 
f 1654/5611/211 1644/5613/211 1645/5614/211 
f 1654/5611/211 1645/5614/211 1648/5615/211 
f 1654/5611/211 1648/5615/211 1655/5616/211 
f 1653/5617/211 1654/5611/211 1655/5616/211 
f 1653/5617/211 1655/5616/211 1656/5618/211 
# 596 faces

#
# object WINDOW_006
#

v  -1.3270 1.4098 3.0090
v  -1.7979 1.4098 3.0090
v  -1.7979 1.5675 3.0121
v  -1.3270 1.5675 3.0121
v  -1.8183 1.5675 3.0121
v  -2.2892 1.5675 3.0121
v  -2.2892 1.5663 3.0746
v  -1.8183 1.5663 3.0746
v  -2.2892 1.2477 3.0059
v  -2.2892 1.4009 3.0089
v  -1.8183 1.4009 3.0089
v  -1.8183 1.2477 3.0059
v  -1.7979 1.5652 3.1302
v  -1.7979 1.5664 3.0677
v  -1.8183 1.5664 3.0677
v  -1.8183 1.5652 3.1302
v  -1.7979 0.7569 2.9963
v  -1.3270 0.7569 2.9963
v  -1.3270 0.7557 3.0587
v  -1.7979 0.7557 3.0587
v  -1.8183 1.3997 3.0713
v  -2.2892 1.3997 3.0713
v  -2.2892 1.2465 3.0683
v  -1.8183 1.2465 3.0683
v  -1.7979 1.5663 3.0746
v  -1.3270 1.5663 3.0746
v  -1.3270 1.4086 3.0715
v  -2.2892 0.7569 2.9963
v  -1.8183 0.7569 2.9963
v  -1.8183 0.7557 3.0587
v  -2.2892 0.7557 3.0587
v  -1.8183 0.9128 3.0875
v  -1.8183 0.9118 3.1431
v  -1.8183 0.9207 3.1433
v  -1.8183 0.9218 3.0877
v  -1.8183 0.7546 3.1144
v  -1.8183 0.9123 3.1174
v  -1.8183 0.9133 3.0618
v  -1.7979 1.2477 3.0059
v  -1.7979 1.4009 3.0089
v  -1.3270 1.4009 3.0089
v  -1.3270 1.2477 3.0059
v  -1.7979 0.7558 3.0519
v  -1.7979 0.7546 3.1144
v  -1.8183 0.7558 3.0519
v  -1.8183 1.2365 3.1238
v  -1.8183 1.0833 3.1208
v  -1.7979 1.0833 3.1208
v  -1.7979 1.2365 3.1238
v  -1.7979 1.0845 3.0583
v  -1.8183 1.0845 3.0583
v  -1.8183 1.2377 3.0613
v  -1.7979 1.2377 3.0613
v  -2.2892 1.4098 3.0090
v  -1.8183 1.4098 3.0090
v  -1.7979 1.4086 3.0715
v  -1.7979 1.4075 3.1271
v  -1.8183 1.0744 3.1206
v  -1.8183 0.9212 3.1176
v  -1.7979 0.9212 3.1176
v  -1.7979 1.0744 3.1206
v  -1.7979 0.9123 3.1174
v  -1.8183 1.3986 3.1269
v  -1.8183 1.2454 3.1239
v  -1.7979 1.2454 3.1239
v  -1.7979 1.3986 3.1269
v  -1.8183 1.4075 3.1271
v  -1.7979 0.9224 3.0552
v  -1.8183 0.9224 3.0552
v  -1.8183 1.0756 3.0582
v  -1.7979 1.0756 3.0582
v  -1.8183 0.9135 3.0550
v  -1.7979 0.9135 3.0550
v  -1.7979 1.2466 3.0615
v  -1.8183 1.2466 3.0615
v  -1.8183 1.3998 3.0645
v  -1.7979 1.3998 3.0645
v  -1.7979 1.4087 3.0647
v  -1.8183 1.4087 3.0647
v  -1.7979 1.2388 3.0057
v  -1.7979 1.0856 3.0027
v  -1.7979 1.0767 3.0025
v  -1.7979 0.9235 2.9995
v  -1.8183 1.4086 3.0715
v  -1.8183 1.2376 3.0681
v  -1.8183 1.0844 3.0652
v  -1.8183 1.0755 3.0650
v  -1.8183 0.9223 3.0620
v  -1.7979 0.9146 2.9994
v  -1.3270 0.9146 2.9994
v  -1.3270 1.0767 3.0025
v  -1.3270 0.9235 2.9995
v  -1.3270 1.2388 3.0057
v  -1.3270 1.0856 3.0027
v  -1.8183 1.2388 3.0057
v  -1.8183 1.0856 3.0027
v  -1.8183 1.0767 3.0025
v  -1.8183 0.9235 2.9995
v  -1.8183 0.9146 2.9994
v  -1.7979 1.3997 3.0713
v  -1.7979 1.2465 3.0683
v  -1.7979 1.2376 3.0681
v  -1.7979 1.0844 3.0652
v  -1.7979 1.0755 3.0650
v  -1.7979 0.9223 3.0620
v  -1.7979 0.9133 3.0618
v  -1.3270 0.9223 3.0620
v  -1.3270 1.0755 3.0650
v  -1.3270 1.0844 3.0652
v  -1.3270 1.2376 3.0681
v  -1.3270 1.2465 3.0683
v  -1.3270 1.3997 3.0713
v  -2.2892 1.4086 3.0715
v  -2.2892 0.9133 3.0618
v  -2.2892 0.9146 2.9994
v  -2.2892 0.9235 2.9995
v  -2.2892 0.9223 3.0620
v  -2.2892 1.0755 3.0650
v  -2.2892 1.0767 3.0025
v  -2.2892 1.0856 3.0027
v  -2.2892 1.0844 3.0651
v  -2.2892 1.2376 3.0681
v  -2.2892 1.2388 3.0057
v  -1.3270 0.9133 3.0618
v  -1.7979 1.0851 3.0284
v  -1.7979 1.0840 3.0840
v  -1.8183 1.2461 3.0872
v  -1.8183 1.2472 3.0315
v  -1.8183 1.4070 3.1528
v  -1.7979 1.4070 3.1528
v  -1.8183 1.2383 3.0314
v  -1.8183 1.2372 3.0870
v  -1.3270 1.2460 3.0940
v  -1.7979 1.2460 3.0940
v  -1.8183 1.2371 3.0938
v  -2.2892 1.2371 3.0938
v  -1.7979 0.9130 3.0807
v  -1.7979 0.9141 3.0250
v  -1.8183 1.3981 3.1526
v  -1.7979 1.3981 3.1526
v  -1.3270 1.0750 3.0907
v  -1.7979 1.0750 3.0907
v  -1.8183 1.2460 3.0940
v  -2.2892 1.2460 3.0940
v  -1.8183 1.4082 3.0903
v  -1.8183 1.4093 3.0347
v  -1.7979 0.9230 3.0252
v  -1.7979 0.9219 3.0808
v  -1.8183 0.9219 3.0808
v  -1.8183 1.4004 3.0345
v  -1.8183 1.3993 3.0902
v  -1.7979 1.0839 3.0908
v  -1.3270 1.0839 3.0908
v  -1.8183 1.0750 3.0907
v  -2.2892 1.0750 3.0907
v  -1.8183 0.9130 3.0807
v  -1.3270 0.9128 3.0875
v  -1.7979 0.9128 3.0875
v  -2.2892 1.0839 3.0908
v  -1.8183 1.0839 3.0908
v  -1.8183 1.3992 3.0970
v  -1.7979 1.4004 3.0345
v  -1.3270 1.4004 3.0345
v  -1.8183 1.0840 3.0840
v  -1.3270 1.4093 3.0347
v  -1.7979 1.4093 3.0347
v  -1.7979 0.9218 3.0877
v  -1.3270 0.9218 3.0877
v  -2.2892 0.9128 3.0875
v  -1.8183 1.4081 3.0972
v  -1.8183 1.0751 3.0838
v  -1.7979 1.0751 3.0838
v  -1.7979 0.9207 3.1433
v  -2.2892 0.9218 3.0877
v  -1.3270 1.3992 3.0970
v  -1.3270 1.2383 3.0314
v  -1.7979 1.2383 3.0314
v  -1.7979 0.9118 3.1431
v  -1.8183 1.2360 3.1494
v  -1.3270 1.4081 3.0972
v  -1.7979 1.2461 3.0872
v  -1.3270 1.2472 3.0315
v  -1.7979 1.2472 3.0315
v  -2.2892 1.4004 3.0345
v  -1.3270 1.2371 3.0938
v  -1.7979 1.2372 3.0870
v  -1.7979 1.0828 3.1465
v  -1.8183 1.2449 3.1496
v  -1.3270 1.0762 3.0282
v  -1.7979 1.0762 3.0282
v  -1.7979 1.0739 3.1463
v  -2.2892 1.4093 3.0347
v  -1.7979 1.4082 3.0903
v  -1.3270 1.0851 3.0284
v  -1.8183 1.0739 3.1463
v  -1.8183 1.0828 3.1465
v  -1.7979 1.3993 3.0902
v  -1.7979 1.2360 3.1494
v  -1.7979 1.2449 3.1496
v  -1.3270 0.9230 3.0252
v  -1.3270 0.9141 3.0250
v  -1.8183 1.0762 3.0282
v  -1.8183 1.0851 3.0284
v  -1.8183 0.9141 3.0250
v  -1.8183 0.9230 3.0252
v  -1.7979 1.3992 3.0970
v  -1.7979 1.4081 3.0972
v  -1.7979 1.2371 3.0938
v  -2.2892 0.9230 3.0252
v  -2.2892 0.9141 3.0250
v  -2.2892 1.0762 3.0282
v  -2.2892 1.0851 3.0284
v  -2.2892 1.2472 3.0315
v  -2.2892 1.2383 3.0314
v  -2.2892 1.4081 3.0972
v  -2.2892 1.3992 3.0970
v  -2.2623 0.7014 3.0876
v  -2.2758 0.7819 3.0892
v  -1.3973 1.5518 3.1042
v  -1.3465 1.5001 3.1032
v  -2.2655 0.6903 3.0819
v  -1.3363 1.5007 3.0977
v  -1.3363 1.5019 3.0363
v  -2.2655 0.6915 3.0205
v  -1.4082 1.5508 3.0987
v  -1.4082 1.5520 3.0373
v  -1.3973 1.5532 3.0318
v  -1.3465 1.5015 3.0307
v  -2.2719 0.7938 3.0839
v  -2.2719 0.7950 3.0225
v  -2.2623 0.7028 3.0151
v  -2.2758 0.7834 3.0167
v  -1.3564 0.7219 3.0270
v  -1.3443 0.8038 3.0286
v  -2.2628 1.6096 3.0444
v  -2.3138 1.5580 3.0433
v  -1.3528 0.7103 3.0323
v  -2.3243 1.5587 3.0489
v  -2.3243 1.5575 3.1103
v  -1.3528 0.7091 3.0937
v  -2.2516 1.6081 3.0499
v  -2.2516 1.6069 3.1113
v  -2.2628 1.6082 3.1168
v  -2.3138 1.5566 3.1158
v  -1.3486 0.8146 3.0958
v  -1.3486 0.8158 3.0344
v  -1.3564 0.7205 3.0995
v  -1.3443 0.8024 3.1011
v  -1.2722 1.5407 3.1531
v  -1.2722 1.6276 3.1548
v  -2.3297 1.6276 3.1548
v  -2.3301 1.5407 3.1531
v  -1.2722 1.5332 3.1392
v  -2.3302 1.5332 3.1392
v  -2.3302 1.5361 2.9871
v  -1.2722 1.5361 2.9871
v  -2.3297 1.6357 3.1412
v  -2.3297 1.6387 2.9891
v  -2.3297 1.6311 2.9752
v  -2.3301 1.5443 2.9735
v  -1.2722 1.6387 2.9891
v  -1.2722 1.6357 3.1412
v  -1.2722 1.5443 2.9735
v  -1.2722 1.6311 2.9752
v  -1.2722 0.7746 3.1325
v  -2.3297 0.7746 3.1325
v  -2.3301 0.6878 3.1308
v  -1.2722 0.6878 3.1308
v  -1.2722 0.6802 3.1178
v  -2.3302 0.6802 3.1178
v  -2.3302 0.6830 2.9752
v  -1.2722 0.6830 2.9752
v  -2.3297 0.7827 3.1198
v  -2.3297 0.7855 2.9772
v  -2.3297 0.7779 2.9641
v  -2.3301 0.6911 2.9625
v  -1.2722 0.7855 2.9772
v  -1.2722 0.7827 3.1198
v  -1.2722 0.6911 2.9625
v  -1.2722 0.7779 2.9641
v  -2.2295 1.5865 3.1271
v  -2.3163 1.5868 3.1271
v  -2.3163 0.7336 3.1105
v  -2.2295 0.7336 3.1105
v  -2.3242 0.7338 3.1008
v  -2.3242 1.5870 3.1175
v  -2.3242 1.5891 3.0109
v  -2.3242 0.7359 2.9942
v  -2.2216 1.5866 3.1175
v  -2.2216 1.5887 3.0109
v  -2.2295 1.5889 3.0013
v  -2.3163 1.5893 3.0013
v  -2.2216 0.7359 2.9942
v  -2.2216 0.7338 3.1008
v  -2.2295 0.7360 2.9846
v  -2.3163 0.7360 2.9846
v  -1.2898 0.7336 3.1105
v  -1.2898 1.5865 3.1271
v  -1.3766 1.5868 3.1271
v  -1.3766 0.7336 3.1105
v  -1.3845 0.7338 3.1008
v  -1.3845 1.5870 3.1175
v  -1.3845 1.5891 3.0109
v  -1.3845 0.7359 2.9942
v  -1.2819 1.5866 3.1175
v  -1.2819 1.5887 3.0109
v  -1.2898 1.5889 3.0013
v  -1.3766 1.5893 3.0013
v  -1.2819 0.7359 2.9942
v  -1.2819 0.7338 3.1008
v  -1.3766 0.7360 2.9846
v  -1.2898 0.7360 2.9846
# 312 vertices

vn 0.0000 0.0195 -0.9998
vn 0.0000 0.9998 0.0195
vn 0.0000 -0.9998 -0.0196
vn 0.0000 -0.0195 0.9998
vn -1.0000 0.0000 -0.0000
vn 1.0000 0.0000 -0.0000
vn -0.6573 0.7535 0.0147
vn -0.5811 -0.8137 -0.0159
vn 0.6592 -0.7518 -0.0147
vn 0.4361 -0.4828 -0.7595
vn 0.4361 -0.5121 0.7400
vn -0.4348 0.4837 0.7596
vn -0.4348 0.5130 -0.7401
vn 0.9977 0.0675 0.0013
vn 0.6578 0.7531 0.0147
vn 0.5722 -0.8200 -0.0160
vn -0.6596 -0.7515 -0.0147
vn -0.4364 -0.5118 0.7400
vn -0.4364 -0.4825 -0.7594
vn 0.4351 0.5128 -0.7401
vn 0.4351 0.4835 0.7596
vn -0.9989 0.0463 0.0009
vn -1.0000 0.0048 0.0001
vn 0.0000 0.8586 0.5127
vn 0.0000 0.8779 -0.4788
vn 0.0000 -0.8586 -0.5127
vn 0.0000 -0.8780 0.4787
vn 0.0000 0.8439 0.5366
vn 0.0000 0.8642 -0.5032
vn 0.0000 -0.8439 -0.5366
vn 0.0000 -0.8642 0.5032
vn 0.0039 0.9998 0.0195
vn 0.7754 -0.0123 0.6314
vn 0.7754 0.0123 -0.6314
vn -0.7754 0.0123 -0.6314
vn -0.7754 -0.0123 0.6314
# 36 vertex normals

vt 0.6943 0.4787 0.0000
vt 0.6943 0.4691 0.0000
vt 0.6905 0.4691 0.0000
vt 0.6905 0.4787 0.0000
vt 0.9176 0.2601 0.0000
vt 0.9080 0.2601 0.0000
vt 0.9080 0.2797 0.0000
vt 0.9176 0.2797 0.0000
vt 0.9865 0.2272 0.0000
vt 0.9828 0.2272 0.0000
vt 0.9828 0.2369 0.0000
vt 0.9865 0.2369 0.0000
vt 0.5469 0.1892 0.0000
vt 0.5469 0.1695 0.0000
vt 0.5465 0.1695 0.0000
vt 0.5465 0.1892 0.0000
vt 0.9176 0.1446 0.0000
vt 0.9080 0.1446 0.0000
vt 0.9080 0.1643 0.0000
vt 0.9176 0.1643 0.0000
vt 0.9821 0.2513 0.0000
vt 0.9821 0.2609 0.0000
vt 0.9858 0.2609 0.0000
vt 0.9858 0.2513 0.0000
vt 0.6107 0.3939 0.0000
vt 0.6011 0.3939 0.0000
vt 0.6011 0.4136 0.0000
vt 0.6107 0.4136 0.0000
vt 0.8906 0.4047 0.0000
vt 0.8906 0.4243 0.0000
vt 0.8943 0.4243 0.0000
vt 0.8943 0.4047 0.0000
vt 0.6461 0.4226 0.0000
vt 0.6499 0.4226 0.0000
vt 0.6499 0.4029 0.0000
vt 0.6461 0.4029 0.0000
vt 0.5107 0.3868 0.0000
vt 0.5011 0.3868 0.0000
vt 0.5011 0.4065 0.0000
vt 0.5107 0.4065 0.0000
vt 0.9922 0.2397 0.0000
vt 0.9922 0.2572 0.0000
vt 0.9924 0.2572 0.0000
vt 0.9924 0.2397 0.0000
vt 0.8343 0.4410 0.0000
vt 0.8382 0.4410 0.0000
vt 0.8382 0.4235 0.0000
vt 0.8343 0.4235 0.0000
vt 0.9343 0.3350 0.0000
vt 0.9359 0.3350 0.0000
vt 0.9359 0.3367 0.0000
vt 0.9343 0.3366 0.0000
vt 0.5981 0.4236 0.0000
vt 0.5980 0.4224 0.0000
vt 0.6001 0.4221 0.0000
vt 0.6003 0.4237 0.0000
vt 0.6624 0.4804 0.0000
vt 0.6587 0.4804 0.0000
vt 0.6587 0.4901 0.0000
vt 0.6624 0.4901 0.0000
vt 0.6767 0.2932 0.0000
vt 0.6767 0.3129 0.0000
vt 0.6771 0.3129 0.0000
vt 0.6771 0.2932 0.0000
vt 0.8587 0.1149 0.0000
vt 0.8587 0.1111 0.0000
vt 0.8583 0.1111 0.0000
vt 0.8583 0.1149 0.0000
vt 0.8539 0.1111 0.0000
vt 0.8535 0.1111 0.0000
vt 0.8535 0.1149 0.0000
vt 0.8539 0.1149 0.0000
vt 0.9827 0.4069 0.0000
vt 0.9789 0.4069 0.0000
vt 0.9789 0.4165 0.0000
vt 0.9827 0.4165 0.0000
vt 0.9614 0.3565 0.0000
vt 0.9575 0.3565 0.0000
vt 0.9575 0.3741 0.0000
vt 0.9614 0.3741 0.0000
vt 0.8832 0.2557 0.0000
vt 0.8831 0.2535 0.0000
vt 0.8846 0.2535 0.0000
vt 0.8846 0.2557 0.0000
vt 0.8831 0.0838 0.0000
vt 0.8831 0.0811 0.0000
vt 0.8847 0.0811 0.0000
vt 0.8846 0.0838 0.0000
vt 0.8796 0.2515 0.0000
vt 0.8796 0.2478 0.0000
vt 0.8792 0.2478 0.0000
vt 0.8792 0.2515 0.0000
vt 0.5134 0.2717 0.0000
vt 0.5134 0.2679 0.0000
vt 0.5130 0.2679 0.0000
vt 0.5130 0.2717 0.0000
vt 0.8395 0.1149 0.0000
vt 0.8395 0.1111 0.0000
vt 0.8390 0.1111 0.0000
vt 0.8390 0.1149 0.0000
vt 0.8298 0.1150 0.0000
vt 0.8298 0.1111 0.0000
vt 0.8294 0.1111 0.0000
vt 0.8294 0.1150 0.0000
vt 0.8820 0.2478 0.0000
vt 0.8816 0.2478 0.0000
vt 0.8816 0.2515 0.0000
vt 0.8820 0.2515 0.0000
vt 0.5106 0.2717 0.0000
vt 0.5110 0.2717 0.0000
vt 0.5110 0.2679 0.0000
vt 0.5106 0.2679 0.0000
vt 0.8371 0.1111 0.0000
vt 0.8366 0.1111 0.0000
vt 0.8366 0.1149 0.0000
vt 0.8371 0.1149 0.0000
vt 0.8106 0.1111 0.0000
vt 0.8101 0.1111 0.0000
vt 0.8101 0.1150 0.0000
vt 0.8106 0.1150 0.0000
vt 0.9552 0.0185 0.0000
vt 0.9552 0.0010 0.0000
vt 0.9514 0.0010 0.0000
vt 0.9514 0.0185 0.0000
vt 0.9694 0.2592 0.0000
vt 0.9657 0.2592 0.0000
vt 0.9657 0.2767 0.0000
vt 0.9694 0.2767 0.0000
vt 0.7383 0.4670 0.0000
vt 0.7420 0.4670 0.0000
vt 0.7420 0.4495 0.0000
vt 0.7383 0.4495 0.0000
vt 0.7019 0.4671 0.0000
vt 0.7057 0.4671 0.0000
vt 0.7057 0.4495 0.0000
vt 0.7019 0.4495 0.0000
vt 0.9563 0.1739 0.0000
vt 0.9563 0.1563 0.0000
vt 0.9524 0.1563 0.0000
vt 0.9524 0.1739 0.0000
vt 0.6905 0.4671 0.0000
vt 0.6942 0.4671 0.0000
vt 0.6942 0.4495 0.0000
vt 0.6905 0.4495 0.0000
vt 0.8689 0.4669 0.0000
vt 0.8727 0.4669 0.0000
vt 0.8727 0.4494 0.0000
vt 0.8689 0.4494 0.0000
vt 0.9678 0.2149 0.0000
vt 0.9641 0.2149 0.0000
vt 0.9641 0.2324 0.0000
vt 0.9678 0.2324 0.0000
vt 0.9579 0.2592 0.0000
vt 0.9541 0.2592 0.0000
vt 0.9541 0.2767 0.0000
vt 0.9579 0.2767 0.0000
vt 0.9050 0.4717 0.0000
vt 0.9050 0.4813 0.0000
vt 0.9089 0.4813 0.0000
vt 0.9089 0.4717 0.0000
vt 0.9884 0.4069 0.0000
vt 0.9847 0.4069 0.0000
vt 0.9847 0.4165 0.0000
vt 0.9884 0.4165 0.0000
vt 0.9857 0.4203 0.0000
vt 0.9820 0.4203 0.0000
vt 0.9820 0.4300 0.0000
vt 0.9857 0.4300 0.0000
vt 0.9145 0.4697 0.0000
vt 0.9145 0.4521 0.0000
vt 0.9108 0.4521 0.0000
vt 0.9108 0.4697 0.0000
vt 0.9698 0.1188 0.0000
vt 0.9698 0.1013 0.0000
vt 0.9661 0.1013 0.0000
vt 0.9661 0.1188 0.0000
vt 0.5699 0.4705 0.0000
vt 0.5699 0.4529 0.0000
vt 0.5661 0.4529 0.0000
vt 0.5661 0.4705 0.0000
vt 0.8988 0.4634 0.0000
vt 0.8988 0.4459 0.0000
vt 0.8950 0.4459 0.0000
vt 0.8950 0.4634 0.0000
vt 0.5162 0.4709 0.0000
vt 0.5162 0.4534 0.0000
vt 0.5125 0.4534 0.0000
vt 0.5125 0.4709 0.0000
vt 0.9312 0.4727 0.0000
vt 0.9312 0.4552 0.0000
vt 0.9274 0.4552 0.0000
vt 0.9274 0.4727 0.0000
vt 0.9730 0.4574 0.0000
vt 0.9730 0.4399 0.0000
vt 0.9692 0.4399 0.0000
vt 0.9692 0.4574 0.0000
vt 0.9621 0.1563 0.0000
vt 0.9582 0.1563 0.0000
vt 0.9582 0.1739 0.0000
vt 0.9621 0.1739 0.0000
vt 0.9319 0.2594 0.0000
vt 0.9319 0.2397 0.0000
vt 0.9282 0.2397 0.0000
vt 0.9282 0.2594 0.0000
vt 0.9319 0.3027 0.0000
vt 0.9319 0.2830 0.0000
vt 0.9282 0.2830 0.0000
vt 0.9282 0.3027 0.0000
vt 0.6322 0.4323 0.0000
vt 0.6322 0.4127 0.0000
vt 0.6285 0.4127 0.0000
vt 0.6285 0.4323 0.0000
vt 0.7383 0.4690 0.0000
vt 0.7383 0.4786 0.0000
vt 0.7421 0.4786 0.0000
vt 0.7421 0.4690 0.0000
vt 0.9833 0.1225 0.0000
vt 0.9833 0.1129 0.0000
vt 0.9795 0.1129 0.0000
vt 0.9795 0.1225 0.0000
vt 0.5946 0.2925 0.0000
vt 0.5946 0.3122 0.0000
vt 0.5984 0.3122 0.0000
vt 0.5984 0.2925 0.0000
vt 0.8784 0.4241 0.0000
vt 0.8784 0.4044 0.0000
vt 0.8746 0.4044 0.0000
vt 0.8746 0.4241 0.0000
vt 0.7114 0.4243 0.0000
vt 0.7114 0.4046 0.0000
vt 0.7076 0.4046 0.0000
vt 0.7076 0.4243 0.0000
vt 0.9599 0.2592 0.0000
vt 0.9599 0.2767 0.0000
vt 0.9637 0.2767 0.0000
vt 0.9637 0.2592 0.0000
vt 0.9828 0.0543 0.0000
vt 0.9790 0.0543 0.0000
vt 0.9790 0.0639 0.0000
vt 0.9828 0.0639 0.0000
vt 0.6963 0.4807 0.0000
vt 0.6963 0.4903 0.0000
vt 0.7001 0.4903 0.0000
vt 0.7001 0.4807 0.0000
vt 0.5604 0.4779 0.0000
vt 0.5604 0.4875 0.0000
vt 0.5641 0.4875 0.0000
vt 0.5641 0.4779 0.0000
vt 0.9789 0.4049 0.0000
vt 0.9827 0.4049 0.0000
vt 0.9827 0.3953 0.0000
vt 0.9789 0.3953 0.0000
vt 0.6942 0.4807 0.0000
vt 0.6905 0.4807 0.0000
vt 0.6905 0.4903 0.0000
vt 0.6942 0.4903 0.0000
vt 0.5203 0.4770 0.0000
vt 0.5166 0.4770 0.0000
vt 0.5166 0.4866 0.0000
vt 0.5203 0.4866 0.0000
vt 0.7735 0.4187 0.0000
vt 0.7735 0.3990 0.0000
vt 0.7696 0.3990 0.0000
vt 0.7696 0.4187 0.0000
vt 0.6587 0.4688 0.0000
vt 0.6587 0.4784 0.0000
vt 0.6625 0.4784 0.0000
vt 0.6625 0.4688 0.0000
vt 0.8562 0.4900 0.0000
vt 0.8600 0.4900 0.0000
vt 0.8600 0.4804 0.0000
vt 0.8562 0.4804 0.0000
vt 0.9848 0.0543 0.0000
vt 0.9848 0.0639 0.0000
vt 0.9885 0.0639 0.0000
vt 0.9885 0.0543 0.0000
vt 0.9853 0.1129 0.0000
vt 0.9853 0.1225 0.0000
vt 0.9890 0.1225 0.0000
vt 0.9890 0.1129 0.0000
vt 0.9320 0.0811 0.0000
vt 0.9320 0.0795 0.0000
vt 0.9335 0.0796 0.0000
vt 0.9336 0.0811 0.0000
vt 0.5982 0.4287 0.0000
vt 0.6000 0.4286 0.0000
vt 0.5998 0.4297 0.0000
vt 0.5983 0.4295 0.0000
vt 0.9828 0.3258 0.0000
vt 0.9824 0.3258 0.0000
vt 0.9824 0.3339 0.0000
vt 0.9828 0.3339 0.0000
vt 0.9150 0.1904 0.0000
vt 0.9150 0.1891 0.0000
vt 0.9166 0.1891 0.0000
vt 0.9166 0.1904 0.0000
vt 0.6111 0.4252 0.0000
vt 0.6192 0.4252 0.0000
vt 0.6192 0.4156 0.0000
vt 0.6111 0.4156 0.0000
vt 0.9232 0.4269 0.0000
vt 0.9232 0.4173 0.0000
vt 0.9151 0.4173 0.0000
vt 0.9151 0.4269 0.0000
vt 0.9128 0.0338 0.0000
vt 0.9139 0.0338 0.0000
vt 0.9138 0.0349 0.0000
vt 0.9129 0.0352 0.0000
vt 0.6194 0.4938 0.0000
vt 0.6194 0.4857 0.0000
vt 0.6190 0.4857 0.0000
vt 0.6190 0.4938 0.0000
vt 0.9404 0.2028 0.0000
vt 0.9323 0.2028 0.0000
vt 0.9323 0.2125 0.0000
vt 0.9404 0.2125 0.0000
vt 0.7236 0.4459 0.0000
vt 0.7317 0.4459 0.0000
vt 0.7317 0.4362 0.0000
vt 0.7236 0.4362 0.0000
vt 0.9128 0.0278 0.0000
vt 0.9139 0.0279 0.0000
vt 0.9137 0.0289 0.0000
vt 0.9129 0.0289 0.0000
vt 0.9072 0.0240 0.0000
vt 0.9071 0.0229 0.0000
vt 0.9083 0.0227 0.0000
vt 0.9078 0.0241 0.0000
vt 0.8372 0.4939 0.0000
vt 0.8372 0.4858 0.0000
vt 0.8368 0.4858 0.0000
vt 0.8368 0.4939 0.0000
vt 0.9070 0.1924 0.0000
vt 0.9070 0.1910 0.0000
vt 0.9086 0.1910 0.0000
vt 0.9086 0.1924 0.0000
vt 0.8235 0.4351 0.0000
vt 0.8235 0.4448 0.0000
vt 0.8316 0.4448 0.0000
vt 0.8316 0.4351 0.0000
vt 0.9441 0.0843 0.0000
vt 0.9360 0.0843 0.0000
vt 0.9360 0.0940 0.0000
vt 0.9441 0.0940 0.0000
vt 0.9303 0.4864 0.0000
vt 0.9299 0.4864 0.0000
vt 0.9299 0.4945 0.0000
vt 0.9303 0.4945 0.0000
vt 0.9393 0.0010 0.0000
vt 0.9312 0.0010 0.0000
vt 0.9312 0.0106 0.0000
vt 0.9393 0.0106 0.0000
vt 0.9315 0.3719 0.0000
vt 0.9315 0.3815 0.0000
vt 0.9396 0.3815 0.0000
vt 0.9396 0.3719 0.0000
vt 0.9078 0.0383 0.0000
vt 0.9070 0.0383 0.0000
vt 0.9070 0.0375 0.0000
vt 0.9082 0.0375 0.0000
vt 0.9482 0.0427 0.0000
vt 0.9401 0.0427 0.0000
vt 0.9401 0.0523 0.0000
vt 0.9482 0.0523 0.0000
vt 0.9351 0.4945 0.0000
vt 0.9351 0.4864 0.0000
vt 0.9347 0.4864 0.0000
vt 0.9347 0.4945 0.0000
vt 0.9444 0.1245 0.0000
vt 0.9444 0.1341 0.0000
vt 0.9525 0.1341 0.0000
vt 0.9525 0.1245 0.0000
vt 0.5011 0.4301 0.0000
vt 0.5011 0.4398 0.0000
vt 0.5092 0.4398 0.0000
vt 0.5092 0.4301 0.0000
vt 0.9502 0.0543 0.0000
vt 0.9502 0.0639 0.0000
vt 0.9583 0.0639 0.0000
vt 0.9583 0.0543 0.0000
vt 0.8892 0.0783 0.0000
vt 0.8906 0.0783 0.0000
vt 0.8907 0.0803 0.0000
vt 0.8892 0.0804 0.0000
vt 0.7845 0.4867 0.0000
vt 0.7841 0.4867 0.0000
vt 0.7841 0.4948 0.0000
vt 0.7845 0.4948 0.0000
vt 0.8903 0.0375 0.0000
vt 0.8900 0.0381 0.0000
vt 0.8891 0.0384 0.0000
vt 0.8891 0.0375 0.0000
vt 0.8114 0.4351 0.0000
vt 0.8033 0.4351 0.0000
vt 0.8033 0.4448 0.0000
vt 0.8114 0.4448 0.0000
vt 0.8906 0.0667 0.0000
vt 0.8892 0.0668 0.0000
vt 0.8892 0.0644 0.0000
vt 0.8907 0.0645 0.0000
vt 0.8825 0.0771 0.0000
vt 0.8906 0.0771 0.0000
vt 0.8906 0.0675 0.0000
vt 0.8825 0.0675 0.0000
vt 0.8907 0.2536 0.0000
vt 0.8907 0.2558 0.0000
vt 0.8893 0.2558 0.0000
vt 0.8892 0.2536 0.0000
vt 0.8891 0.0241 0.0000
vt 0.8892 0.0229 0.0000
vt 0.8903 0.0226 0.0000
vt 0.8907 0.0245 0.0000
vt 0.8908 0.1726 0.0000
vt 0.8894 0.1726 0.0000
vt 0.8894 0.1711 0.0000
vt 0.8908 0.1710 0.0000
vt 0.7821 0.4867 0.0000
vt 0.7817 0.4867 0.0000
vt 0.7817 0.4948 0.0000
vt 0.7821 0.4948 0.0000
vt 0.9007 0.0355 0.0000
vt 0.9007 0.0258 0.0000
vt 0.8926 0.0258 0.0000
vt 0.8926 0.0355 0.0000
vt 0.8486 0.4133 0.0000
vt 0.8405 0.4133 0.0000
vt 0.8405 0.4229 0.0000
vt 0.8486 0.4229 0.0000
vt 0.6789 0.3858 0.0000
vt 0.6830 0.3784 0.0000
vt 0.6834 0.3627 0.0000
vt 0.6789 0.3661 0.0000
vt 0.7773 0.4948 0.0000
vt 0.7773 0.4867 0.0000
vt 0.7769 0.4867 0.0000
vt 0.7769 0.4948 0.0000
vt 0.8898 0.3822 0.0000
vt 0.8898 0.3795 0.0000
vt 0.8911 0.3795 0.0000
vt 0.8911 0.3821 0.0000
vt 0.8918 0.2780 0.0000
vt 0.8918 0.2797 0.0000
vt 0.8902 0.2797 0.0000
vt 0.8902 0.2780 0.0000
vt 0.8918 0.2816 0.0000
vt 0.8902 0.2817 0.0000
vt 0.8902 0.2800 0.0000
vt 0.8918 0.2800 0.0000
vt 0.5888 0.4323 0.0000
vt 0.5969 0.4323 0.0000
vt 0.5969 0.4227 0.0000
vt 0.5888 0.4227 0.0000
vt 0.8908 0.1149 0.0000
vt 0.8923 0.1148 0.0000
vt 0.8923 0.1168 0.0000
vt 0.8908 0.1168 0.0000
vt 0.8215 0.4331 0.0000
vt 0.8215 0.4235 0.0000
vt 0.8134 0.4235 0.0000
vt 0.8134 0.4331 0.0000
vt 0.8917 0.0405 0.0000
vt 0.8909 0.0405 0.0000
vt 0.8909 0.0399 0.0000
vt 0.8917 0.0399 0.0000
vt 0.7749 0.4867 0.0000
vt 0.7744 0.4867 0.0000
vt 0.7744 0.4948 0.0000
vt 0.7749 0.4948 0.0000
vt 0.5858 0.4376 0.0000
vt 0.5858 0.4280 0.0000
vt 0.5778 0.4280 0.0000
vt 0.5778 0.4376 0.0000
vt 0.7991 0.4215 0.0000
vt 0.8029 0.4215 0.0000
vt 0.8029 0.4018 0.0000
vt 0.7991 0.4018 0.0000
vt 0.5286 0.4734 0.0000
vt 0.5286 0.4909 0.0000
vt 0.5288 0.4909 0.0000
vt 0.5288 0.4734 0.0000
vt 0.9910 0.1013 0.0000
vt 0.9910 0.1188 0.0000
vt 0.9913 0.1188 0.0000
vt 0.9913 0.1013 0.0000
vt 0.9934 0.2149 0.0000
vt 0.9934 0.2324 0.0000
vt 0.9937 0.2324 0.0000
vt 0.9937 0.2149 0.0000
vt 0.9979 0.2149 0.0000
vt 0.9979 0.2324 0.0000
vt 0.9981 0.2324 0.0000
vt 0.9981 0.2149 0.0000
vt 0.5465 0.2562 0.0000
vt 0.5465 0.2738 0.0000
vt 0.5467 0.2738 0.0000
vt 0.5467 0.2562 0.0000
vt 0.7610 0.3555 0.0000
vt 0.7612 0.3555 0.0000
vt 0.7612 0.3379 0.0000
vt 0.7610 0.3379 0.0000
vt 0.9978 0.0928 0.0000
vt 0.9980 0.0928 0.0000
vt 0.9980 0.0752 0.0000
vt 0.9978 0.0752 0.0000
vt 0.8664 0.0802 0.0000
vt 0.8673 0.0802 0.0000
vt 0.8673 0.0785 0.0000
vt 0.8664 0.0785 0.0000
vt 0.8673 0.0826 0.0000
vt 0.8673 0.0809 0.0000
vt 0.8664 0.0809 0.0000
vt 0.8664 0.0826 0.0000
vt 0.8675 0.2550 0.0000
vt 0.8675 0.2524 0.0000
vt 0.8662 0.2524 0.0000
vt 0.8662 0.2550 0.0000
vt 0.8670 0.0379 0.0000
vt 0.8670 0.0375 0.0000
vt 0.8667 0.0375 0.0000
vt 0.8667 0.0379 0.0000
vt 0.8667 0.0399 0.0000
vt 0.8667 0.0403 0.0000
vt 0.8670 0.0403 0.0000
vt 0.8670 0.0399 0.0000
vt 0.8666 0.1677 0.0000
vt 0.8666 0.1708 0.0000
vt 0.8682 0.1708 0.0000
vt 0.8682 0.1677 0.0000
vt 0.5939 0.2891 0.0000
vt 0.5941 0.2891 0.0000
vt 0.5941 0.2887 0.0000
vt 0.5939 0.2887 0.0000
vt 0.8690 0.0375 0.0000
vt 0.8690 0.0379 0.0000
vt 0.8692 0.0379 0.0000
vt 0.8692 0.0375 0.0000
vt 0.6033 0.4913 0.0000
vt 0.6035 0.4913 0.0000
vt 0.6035 0.4816 0.0000
vt 0.6033 0.4816 0.0000
vt 0.6055 0.4913 0.0000
vt 0.6057 0.4913 0.0000
vt 0.6057 0.4816 0.0000
vt 0.6055 0.4816 0.0000
vt 0.6077 0.4816 0.0000
vt 0.6077 0.4913 0.0000
vt 0.6079 0.4913 0.0000
vt 0.6079 0.4816 0.0000
vt 0.6101 0.4816 0.0000
vt 0.6099 0.4816 0.0000
vt 0.6099 0.4913 0.0000
vt 0.6101 0.4913 0.0000
vt 0.5970 0.4978 0.0000
vt 0.5973 0.4978 0.0000
vt 0.5973 0.4803 0.0000
vt 0.5970 0.4803 0.0000
vt 0.9927 0.0427 0.0000
vt 0.9927 0.0602 0.0000
vt 0.9930 0.0602 0.0000
vt 0.9930 0.0427 0.0000
vt 0.9928 0.3953 0.0000
vt 0.9926 0.3953 0.0000
vt 0.9926 0.4128 0.0000
vt 0.9928 0.4128 0.0000
vt 0.9970 0.4128 0.0000
vt 0.9972 0.4128 0.0000
vt 0.9972 0.3953 0.0000
vt 0.9970 0.3953 0.0000
vt 0.9923 0.4875 0.0000
vt 0.9925 0.4875 0.0000
vt 0.9925 0.4700 0.0000
vt 0.9923 0.4700 0.0000
vt 0.5837 0.4749 0.0000
vt 0.5835 0.4749 0.0000
vt 0.5835 0.4924 0.0000
vt 0.5837 0.4924 0.0000
vt 0.9922 0.2787 0.0000
vt 0.9922 0.2963 0.0000
vt 0.9924 0.2963 0.0000
vt 0.9924 0.2787 0.0000
vt 0.9921 0.4379 0.0000
vt 0.9924 0.4379 0.0000
vt 0.9924 0.4203 0.0000
vt 0.9921 0.4203 0.0000
vt 0.9690 0.4917 0.0000
vt 0.9692 0.4917 0.0000
vt 0.9692 0.4821 0.0000
vt 0.9690 0.4821 0.0000
vt 0.5055 0.4942 0.0000
vt 0.5057 0.4942 0.0000
vt 0.5057 0.4845 0.0000
vt 0.5055 0.4845 0.0000
vt 0.5035 0.4942 0.0000
vt 0.5035 0.4845 0.0000
vt 0.5033 0.4845 0.0000
vt 0.5033 0.4942 0.0000
vt 0.5013 0.4942 0.0000
vt 0.5013 0.4845 0.0000
vt 0.5011 0.4845 0.0000
vt 0.5011 0.4942 0.0000
vt 0.5543 0.4842 0.0000
vt 0.5543 0.4938 0.0000
vt 0.5545 0.4938 0.0000
vt 0.5545 0.4842 0.0000
vt 0.5523 0.4842 0.0000
vt 0.5521 0.4842 0.0000
vt 0.5521 0.4938 0.0000
vt 0.5523 0.4938 0.0000
vt 0.5499 0.4842 0.0000
vt 0.5499 0.4938 0.0000
vt 0.5501 0.4938 0.0000
vt 0.5501 0.4842 0.0000
vt 0.5477 0.4842 0.0000
vt 0.5477 0.4938 0.0000
vt 0.5479 0.4938 0.0000
vt 0.5479 0.4842 0.0000
vt 0.5455 0.4842 0.0000
vt 0.5455 0.4938 0.0000
vt 0.5457 0.4938 0.0000
vt 0.5457 0.4842 0.0000
vt 0.5683 0.4841 0.0000
vt 0.5683 0.4937 0.0000
vt 0.5686 0.4937 0.0000
vt 0.5686 0.4841 0.0000
vt 0.5367 0.4833 0.0000
vt 0.5365 0.4833 0.0000
vt 0.5365 0.4930 0.0000
vt 0.5367 0.4930 0.0000
vt 0.5345 0.4833 0.0000
vt 0.5343 0.4833 0.0000
vt 0.5343 0.4930 0.0000
vt 0.5345 0.4930 0.0000
vt 0.9901 0.4700 0.0000
vt 0.9901 0.4897 0.0000
vt 0.9903 0.4897 0.0000
vt 0.9903 0.4700 0.0000
vt 0.9870 0.0752 0.0000
vt 0.9868 0.0752 0.0000
vt 0.9868 0.0949 0.0000
vt 0.9870 0.0949 0.0000
vt 0.8600 0.4577 0.0000
vt 0.8600 0.4774 0.0000
vt 0.8602 0.4774 0.0000
vt 0.8602 0.4577 0.0000
vt 0.9900 0.2830 0.0000
vt 0.9900 0.3027 0.0000
vt 0.9902 0.3027 0.0000
vt 0.9902 0.2830 0.0000
vt 0.9254 0.4369 0.0000
vt 0.9254 0.4173 0.0000
vt 0.9252 0.4173 0.0000
vt 0.9252 0.4369 0.0000
vt 0.9879 0.4617 0.0000
vt 0.9879 0.4420 0.0000
vt 0.9877 0.4420 0.0000
vt 0.9877 0.4617 0.0000
vt 0.9890 0.1760 0.0000
vt 0.9892 0.1760 0.0000
vt 0.9892 0.1563 0.0000
vt 0.9890 0.1563 0.0000
vt 0.7610 0.3359 0.0000
vt 0.7612 0.3359 0.0000
vt 0.7612 0.3163 0.0000
vt 0.7610 0.3163 0.0000
vt 0.8632 0.4474 0.0000
vt 0.8713 0.4474 0.0000
vt 0.8713 0.4377 0.0000
vt 0.8632 0.4377 0.0000
vt 0.6885 0.3777 0.0000
vt 0.6885 0.3858 0.0000
vt 0.6340 0.2823 0.0000
vt 0.6340 0.2742 0.0000
vt 0.6336 0.2742 0.0000
vt 0.6336 0.2823 0.0000
vt 0.9467 0.1542 0.0000
vt 0.9467 0.1446 0.0000
vt 0.9386 0.1446 0.0000
vt 0.9386 0.1542 0.0000
vt 0.7135 0.4459 0.0000
vt 0.7216 0.4459 0.0000
vt 0.7216 0.4362 0.0000
vt 0.7135 0.4362 0.0000
vt 0.9383 0.1377 0.0000
vt 0.9383 0.1361 0.0000
vt 0.9398 0.1363 0.0000
vt 0.9399 0.1377 0.0000
vt 0.6388 0.2742 0.0000
vt 0.6384 0.2742 0.0000
vt 0.6384 0.2823 0.0000
vt 0.6388 0.2823 0.0000
vt 0.9382 0.3330 0.0000
vt 0.9399 0.3330 0.0000
vt 0.9399 0.3347 0.0000
vt 0.9382 0.3346 0.0000
vt 0.9380 0.0831 0.0000
vt 0.9380 0.0815 0.0000
vt 0.9395 0.0816 0.0000
vt 0.9396 0.0831 0.0000
vt 0.9380 0.0795 0.0000
vt 0.9395 0.0796 0.0000
vt 0.9396 0.0811 0.0000
vt 0.9380 0.0811 0.0000
vt 0.9380 0.0775 0.0000
vt 0.9395 0.0776 0.0000
vt 0.9396 0.0791 0.0000
vt 0.9380 0.0791 0.0000
vt 0.9343 0.1341 0.0000
vt 0.9424 0.1341 0.0000
vt 0.9424 0.1245 0.0000
vt 0.9343 0.1245 0.0000
vt 0.6408 0.2742 0.0000
vt 0.6408 0.2823 0.0000
vt 0.6412 0.2823 0.0000
vt 0.6412 0.2742 0.0000
vt 0.9384 0.0377 0.0000
vt 0.9384 0.0391 0.0000
vt 0.9371 0.0391 0.0000
vt 0.9372 0.0379 0.0000
vt 0.6887 0.2897 0.0000
vt 0.6815 0.2967 0.0000
vt 0.6838 0.2981 0.0000
vt 0.6888 0.2982 0.0000
vt 0.9396 0.4067 0.0000
vt 0.9315 0.4067 0.0000
vt 0.9315 0.4164 0.0000
vt 0.9396 0.4164 0.0000
vt 0.9372 0.0370 0.0000
vt 0.9372 0.0359 0.0000
vt 0.9385 0.0359 0.0000
vt 0.9384 0.0370 0.0000
vt 0.6432 0.2742 0.0000
vt 0.6432 0.2823 0.0000
vt 0.6436 0.2823 0.0000
vt 0.6436 0.2742 0.0000
vt 0.9363 0.0967 0.0000
vt 0.9376 0.0966 0.0000
vt 0.9378 0.1004 0.0000
vt 0.9363 0.1005 0.0000
vt 0.9363 0.1421 0.0000
vt 0.9376 0.1420 0.0000
vt 0.9379 0.1437 0.0000
vt 0.9363 0.1437 0.0000
vt 0.9379 0.1417 0.0000
vt 0.9363 0.1417 0.0000
vt 0.9363 0.1401 0.0000
vt 0.9374 0.1401 0.0000
vt 0.9363 0.1397 0.0000
vt 0.9363 0.1381 0.0000
vt 0.9377 0.1382 0.0000
vt 0.9379 0.1397 0.0000
vt 0.9363 0.1361 0.0000
vt 0.9378 0.1362 0.0000
vt 0.9379 0.1377 0.0000
vt 0.9363 0.1377 0.0000
vt 0.9151 0.4385 0.0000
vt 0.9232 0.4385 0.0000
vt 0.9232 0.4289 0.0000
vt 0.9151 0.4289 0.0000
vt 0.6464 0.2748 0.0000
vt 0.6464 0.2829 0.0000
vt 0.6468 0.2829 0.0000
vt 0.6468 0.2748 0.0000
vt 0.9362 0.3330 0.0000
vt 0.9379 0.3330 0.0000
vt 0.9379 0.3347 0.0000
vt 0.9362 0.3346 0.0000
vt 0.6791 0.2897 0.0000
vt 0.6791 0.2978 0.0000
vt 0.9376 0.0831 0.0000
vt 0.9360 0.0831 0.0000
vt 0.9360 0.0815 0.0000
vt 0.9375 0.0816 0.0000
vt 0.6488 0.2748 0.0000
vt 0.6488 0.2829 0.0000
vt 0.6492 0.2829 0.0000
vt 0.6492 0.2748 0.0000
vt 0.9375 0.0776 0.0000
vt 0.9376 0.0791 0.0000
vt 0.9360 0.0791 0.0000
vt 0.9360 0.0775 0.0000
vt 0.9352 0.0412 0.0000
vt 0.9352 0.0399 0.0000
vt 0.9364 0.0398 0.0000
vt 0.9364 0.0410 0.0000
vt 0.9364 0.0377 0.0000
vt 0.9364 0.0391 0.0000
vt 0.9351 0.0391 0.0000
vt 0.9352 0.0379 0.0000
vt 0.9365 0.0359 0.0000
vt 0.9364 0.0370 0.0000
vt 0.9352 0.0370 0.0000
vt 0.9352 0.0359 0.0000
vt 0.5979 0.4342 0.0000
vt 0.5980 0.4356 0.0000
vt 0.6001 0.4356 0.0000
vt 0.6001 0.4343 0.0000
vt 0.8033 0.4331 0.0000
vt 0.8114 0.4331 0.0000
vt 0.8114 0.4235 0.0000
vt 0.8033 0.4235 0.0000
vt 0.7933 0.4331 0.0000
vt 0.8014 0.4331 0.0000
vt 0.8014 0.4235 0.0000
vt 0.7933 0.4235 0.0000
vt 0.9343 0.0967 0.0000
vt 0.9356 0.0966 0.0000
vt 0.9358 0.1004 0.0000
vt 0.9343 0.1005 0.0000
vt 0.9357 0.1421 0.0000
vt 0.9359 0.1437 0.0000
vt 0.9343 0.1437 0.0000
vt 0.9343 0.1421 0.0000
vt 0.9359 0.1417 0.0000
vt 0.9343 0.1417 0.0000
vt 0.9343 0.1401 0.0000
vt 0.9358 0.1401 0.0000
vt 0.6986 0.4476 0.0000
vt 0.6986 0.4379 0.0000
vt 0.6905 0.4379 0.0000
vt 0.6905 0.4476 0.0000
vt 0.9359 0.1381 0.0000
vt 0.9359 0.1397 0.0000
vt 0.9343 0.1397 0.0000
vt 0.9344 0.1382 0.0000
vt 0.6309 0.4440 0.0000
vt 0.6309 0.4343 0.0000
vt 0.6228 0.4343 0.0000
vt 0.6228 0.4440 0.0000
vt 0.9359 0.1377 0.0000
vt 0.9343 0.1377 0.0000
vt 0.9343 0.1361 0.0000
vt 0.9357 0.1361 0.0000
vt 0.9343 0.3346 0.0000
vt 0.9343 0.3330 0.0000
vt 0.9359 0.3330 0.0000
vt 0.9359 0.3347 0.0000
vt 0.6247 0.2834 0.0000
vt 0.6251 0.2834 0.0000
vt 0.6251 0.2753 0.0000
vt 0.6247 0.2753 0.0000
vt 0.6001 0.4323 0.0000
vt 0.5979 0.4321 0.0000
vt 0.5980 0.4335 0.0000
vt 0.6003 0.4335 0.0000
vt 0.9323 0.3346 0.0000
vt 0.9323 0.3330 0.0000
vt 0.9339 0.3330 0.0000
vt 0.9339 0.3347 0.0000
vt 0.8704 0.0258 0.0000
vt 0.8623 0.0258 0.0000
vt 0.8623 0.0355 0.0000
vt 0.8704 0.0355 0.0000
vt 0.7653 0.4768 0.0000
vt 0.7669 0.4756 0.0000
vt 0.7669 0.4497 0.0000
vt 0.7653 0.4498 0.0000
vt 0.8645 0.1054 0.0000
vt 0.8842 0.1054 0.0000
vt 0.8842 0.0861 0.0000
vt 0.8645 0.0861 0.0000
vt 0.9788 0.2397 0.0000
vt 0.9786 0.2414 0.0000
vt 0.9786 0.2608 0.0000
vt 0.9788 0.2625 0.0000
vt 0.9799 0.2397 0.0000
vt 0.9799 0.2625 0.0000
vt 0.9801 0.2414 0.0000
vt 0.9801 0.2608 0.0000
vt 0.7114 0.3791 0.0000
vt 0.7114 0.3598 0.0000
vt 0.6930 0.3598 0.0000
vt 0.6930 0.3791 0.0000
vt 0.8907 0.4496 0.0000
vt 0.8906 0.4765 0.0000
vt 0.8922 0.4767 0.0000
vt 0.8922 0.4508 0.0000
vt 0.7114 0.3580 0.0000
vt 0.6927 0.3580 0.0000
vt 0.6927 0.3809 0.0000
vt 0.7114 0.3809 0.0000
vt 0.8842 0.0843 0.0000
vt 0.8648 0.0843 0.0000
vt 0.8648 0.1072 0.0000
vt 0.8842 0.1072 0.0000
vt 0.6908 0.3580 0.0000
vt 0.6905 0.3598 0.0000
vt 0.6905 0.3791 0.0000
vt 0.6908 0.3809 0.0000
vt 0.9735 0.1847 0.0000
vt 0.9750 0.1835 0.0000
vt 0.9750 0.1563 0.0000
vt 0.9734 0.1565 0.0000
vt 0.8839 0.1199 0.0000
vt 0.8632 0.1199 0.0000
vt 0.8632 0.1393 0.0000
vt 0.8839 0.1393 0.0000
vt 0.9778 0.0981 0.0000
vt 0.9789 0.0981 0.0000
vt 0.9791 0.0963 0.0000
vt 0.9791 0.0770 0.0000
vt 0.9789 0.0752 0.0000
vt 0.9778 0.0752 0.0000
vt 0.9776 0.0963 0.0000
vt 0.9776 0.0770 0.0000
vt 0.7328 0.3582 0.0000
vt 0.7136 0.3582 0.0000
vt 0.7136 0.3775 0.0000
vt 0.7328 0.3775 0.0000
vt 0.9746 0.0010 0.0000
vt 0.9745 0.0292 0.0000
vt 0.9761 0.0294 0.0000
vt 0.9761 0.0023 0.0000
vt 0.7135 0.3793 0.0000
vt 0.7331 0.3793 0.0000
vt 0.7331 0.3564 0.0000
vt 0.7135 0.3564 0.0000
vt 0.8632 0.1410 0.0000
vt 0.8836 0.1410 0.0000
vt 0.8836 0.1182 0.0000
vt 0.8632 0.1182 0.0000
vt 0.7351 0.3793 0.0000
vt 0.7354 0.3775 0.0000
vt 0.7354 0.3582 0.0000
vt 0.7351 0.3564 0.0000
vt 0.9770 0.2016 0.0000
vt 0.9791 0.2016 0.0000
vt 0.9791 0.1800 0.0000
vt 0.9770 0.1800 0.0000
vt 0.5444 0.1528 0.0000
vt 0.5228 0.1528 0.0000
vt 0.5228 0.2008 0.0000
vt 0.5444 0.2008 0.0000
vt 0.6476 0.3423 0.0000
vt 0.6497 0.3423 0.0000
vt 0.6499 0.3380 0.0000
vt 0.6474 0.3380 0.0000
vt 0.6499 0.2901 0.0000
vt 0.6497 0.2857 0.0000
vt 0.6474 0.2901 0.0000
vt 0.6476 0.2857 0.0000
vt 0.7146 0.3084 0.0000
vt 0.7363 0.3084 0.0000
vt 0.7363 0.2605 0.0000
vt 0.7146 0.2605 0.0000
vt 0.6351 0.4576 0.0000
vt 0.6351 0.4792 0.0000
vt 0.6372 0.4792 0.0000
vt 0.6372 0.4576 0.0000
vt 0.7363 0.2562 0.0000
vt 0.7146 0.2562 0.0000
vt 0.7146 0.3128 0.0000
vt 0.7363 0.3128 0.0000
vt 0.5228 0.2051 0.0000
vt 0.5444 0.2051 0.0000
vt 0.5444 0.1485 0.0000
vt 0.5228 0.1485 0.0000
vt 0.9075 0.3893 0.0000
vt 0.9075 0.3413 0.0000
vt 0.9073 0.3370 0.0000
vt 0.9052 0.3370 0.0000
vt 0.9050 0.3413 0.0000
vt 0.9050 0.3893 0.0000
vt 0.9052 0.3936 0.0000
vt 0.9073 0.3936 0.0000
vt 0.9739 0.1533 0.0000
vt 0.9739 0.1317 0.0000
vt 0.9718 0.1316 0.0000
vt 0.9718 0.1533 0.0000
vt 0.8149 0.1222 0.0000
vt 0.7933 0.1222 0.0000
vt 0.7933 0.1672 0.0000
vt 0.8149 0.1672 0.0000
vt 0.9219 0.1543 0.0000
vt 0.9221 0.1503 0.0000
vt 0.9221 0.1053 0.0000
vt 0.9219 0.1013 0.0000
vt 0.9198 0.1543 0.0000
vt 0.9198 0.1013 0.0000
vt 0.9196 0.1503 0.0000
vt 0.9196 0.1053 0.0000
vt 0.7933 0.3324 0.0000
vt 0.8149 0.3324 0.0000
vt 0.8149 0.2875 0.0000
vt 0.7933 0.2875 0.0000
vt 0.5929 0.4576 0.0000
vt 0.5929 0.4792 0.0000
vt 0.5951 0.4792 0.0000
vt 0.5951 0.4576 0.0000
vt 0.8149 0.2834 0.0000
vt 0.7933 0.2834 0.0000
vt 0.7933 0.3365 0.0000
vt 0.8149 0.3365 0.0000
vt 0.7933 0.1713 0.0000
vt 0.8149 0.1713 0.0000
vt 0.8149 0.1182 0.0000
vt 0.7933 0.1182 0.0000
vt 0.9198 0.1563 0.0000
vt 0.9196 0.1604 0.0000
vt 0.9196 0.2054 0.0000
vt 0.9198 0.2094 0.0000
vt 0.9219 0.1563 0.0000
vt 0.9219 0.2094 0.0000
vt 0.9221 0.1604 0.0000
vt 0.9221 0.2054 0.0000
vt 0.8046 0.4791 0.0000
vt 0.8063 0.4791 0.0000
vt 0.8063 0.4584 0.0000
vt 0.8046 0.4584 0.0000
vt 0.8169 0.2099 0.0000
vt 0.8376 0.2099 0.0000
vt 0.8376 0.1763 0.0000
vt 0.8169 0.1763 0.0000
vt 0.9262 0.1594 0.0000
vt 0.9260 0.1563 0.0000
vt 0.9242 0.1563 0.0000
vt 0.9241 0.1594 0.0000
vt 0.9241 0.1930 0.0000
vt 0.9242 0.1960 0.0000
vt 0.9262 0.1930 0.0000
vt 0.9260 0.1960 0.0000
vt 0.7696 0.3723 0.0000
vt 0.7903 0.3723 0.0000
vt 0.7903 0.3387 0.0000
vt 0.7696 0.3387 0.0000
vt 0.8405 0.4598 0.0000
vt 0.8405 0.4805 0.0000
vt 0.8423 0.4805 0.0000
vt 0.8423 0.4598 0.0000
vt 0.7903 0.3356 0.0000
vt 0.7696 0.3356 0.0000
vt 0.7696 0.3753 0.0000
vt 0.7903 0.3753 0.0000
vt 0.8376 0.1733 0.0000
vt 0.8169 0.1733 0.0000
vt 0.8169 0.2129 0.0000
vt 0.8376 0.2129 0.0000
vt 0.7600 0.4224 0.0000
vt 0.7602 0.4194 0.0000
vt 0.7602 0.3858 0.0000
vt 0.7600 0.3828 0.0000
vt 0.7582 0.4224 0.0000
vt 0.7582 0.3828 0.0000
vt 0.7581 0.4194 0.0000
vt 0.7581 0.3858 0.0000
vt 0.9652 0.4594 0.0000
vt 0.9652 0.4801 0.0000
vt 0.9670 0.4801 0.0000
vt 0.9670 0.4594 0.0000
vt 0.7696 0.3306 0.0000
vt 0.7904 0.3306 0.0000
vt 0.7904 0.2970 0.0000
vt 0.7696 0.2970 0.0000
vt 0.9262 0.2427 0.0000
vt 0.9260 0.2397 0.0000
vt 0.9242 0.2397 0.0000
vt 0.9241 0.2427 0.0000
vt 0.9241 0.2763 0.0000
vt 0.9242 0.2793 0.0000
vt 0.9262 0.2763 0.0000
vt 0.9260 0.2794 0.0000
vt 0.8396 0.0793 0.0000
vt 0.8603 0.0793 0.0000
vt 0.8603 0.0457 0.0000
vt 0.8396 0.0457 0.0000
vt 0.7153 0.4802 0.0000
vt 0.7153 0.4595 0.0000
vt 0.7135 0.4595 0.0000
vt 0.7135 0.4802 0.0000
vt 0.8603 0.0427 0.0000
vt 0.8396 0.0427 0.0000
vt 0.8396 0.0823 0.0000
vt 0.8603 0.0823 0.0000
vt 0.7904 0.2940 0.0000
vt 0.7696 0.2940 0.0000
vt 0.7696 0.3336 0.0000
vt 0.7904 0.3336 0.0000
vt 0.9148 0.0376 0.0000
vt 0.9150 0.0407 0.0000
vt 0.9168 0.0407 0.0000
vt 0.9169 0.0376 0.0000
vt 0.9169 0.0040 0.0000
vt 0.9168 0.0010 0.0000
vt 0.9148 0.0040 0.0000
vt 0.9150 0.0010 0.0000
# 1084 texture coords

o WINDOW_006
g WINDOW_006
usemtl BARN_SCENE_BARN_TEXTURES
s off
f 1657/5619/245 1658/5620/245 1659/5621/245 
f 1659/5621/245 1660/5622/245 1657/5619/245 
f 1661/5623/246 1662/5624/246 1663/5625/246 
f 1663/5625/246 1664/5626/246 1661/5623/246 
f 1665/5627/245 1666/5628/245 1667/5629/245 
f 1667/5629/245 1668/5630/245 1665/5627/245 
f 1669/5631/246 1670/5632/246 1671/5633/246 
f 1671/5633/246 1672/5634/246 1669/5631/246 
f 1673/5635/247 1674/5636/247 1675/5637/247 
f 1675/5637/247 1676/5638/247 1673/5635/247 
f 1677/5639/248 1678/5640/248 1679/5641/248 
f 1679/5641/248 1680/5642/248 1677/5639/248 
f 1660/5643/246 1659/5644/246 1681/5645/246 
f 1681/5645/246 1682/5646/246 1660/5643/246 
f 1678/5647/249 1666/5648/249 1665/5649/249 
f 1665/5649/249 1679/5650/249 1678/5647/249 
f 1682/5651/250 1683/5652/250 1657/5653/250 
f 1657/5653/250 1660/5654/250 1682/5651/250 
f 1684/5655/247 1685/5656/247 1686/5657/247 
f 1686/5657/247 1687/5658/247 1684/5655/247 
f 1688/5659/249 1689/5660/249 1690/5661/249 
f 1690/5661/249 1691/5662/249 1688/5659/249 
f 1692/5663/249 1693/5664/249 1694/5665/249 
f 1694/5665/249 1686/5666/249 1692/5663/249 
f 1670/5667/246 1669/5668/246 1681/5669/246 
f 1681/5669/246 1659/5670/246 1670/5667/246 
f 1664/5671/246 1672/5672/246 1671/5673/246 
f 1671/5673/246 1661/5674/246 1664/5671/246 
f 1695/5675/245 1696/5676/245 1697/5677/245 
f 1697/5677/245 1698/5678/245 1695/5675/245 
f 1699/5679/247 1700/5680/247 1692/5681/247 
f 1692/5681/247 1701/5682/247 1699/5679/247 
f 1702/5683/248 1703/5684/248 1704/5685/248 
f 1704/5685/248 1705/5686/248 1702/5683/248 
f 1706/5687/245 1707/5688/245 1708/5689/245 
f 1708/5689/245 1709/5690/245 1706/5687/245 
f 1710/5691/245 1662/5692/245 1661/5693/245 
f 1661/5693/245 1711/5694/245 1710/5691/245 
f 1712/5695/250 1681/5696/250 1669/5697/250 
f 1669/5697/250 1713/5698/250 1712/5695/250 
f 1676/5699/246 1700/5700/246 1699/5701/246 
f 1699/5701/246 1673/5702/246 1676/5699/246 
f 1685/5703/246 1701/5704/246 1692/5705/246 
f 1692/5705/246 1686/5706/246 1685/5703/246 
f 1714/5707/248 1715/5708/248 1716/5709/248 
f 1716/5709/248 1717/5710/248 1714/5707/248 
f 1693/5711/248 1692/5712/248 1700/5713/248 
f 1700/5713/248 1718/5714/248 1693/5711/248 
f 1719/5715/248 1720/5716/248 1721/5717/248 
f 1721/5717/248 1722/5718/248 1719/5715/248 
f 1672/5719/248 1723/5720/248 1713/5721/248 
f 1713/5721/248 1669/5722/248 1672/5719/248 
f 1724/5723/245 1725/5724/245 1726/5725/245 
f 1726/5725/245 1727/5726/245 1724/5723/245 
f 1728/5727/245 1729/5728/245 1699/5729/245 
f 1699/5729/245 1701/5730/245 1728/5727/245 
f 1730/5731/245 1731/5732/245 1732/5733/245 
f 1732/5733/245 1733/5734/245 1730/5731/245 
f 1734/5735/245 1735/5736/245 1671/5737/245 
f 1671/5737/245 1670/5738/245 1734/5735/245 
f 1670/5739/249 1659/5740/249 1658/5741/249 
f 1658/5741/249 1734/5742/249 1670/5739/249 
f 1730/5743/249 1733/5744/249 1696/5745/249 
f 1696/5745/249 1695/5746/249 1730/5743/249 
f 1706/5747/249 1709/5748/249 1736/5749/249 
f 1736/5749/249 1737/5750/249 1706/5747/249 
f 1724/5751/249 1727/5752/249 1738/5753/249 
f 1738/5753/249 1739/5754/249 1724/5751/249 
f 1672/5755/249 1664/5756/249 1740/5757/249 
f 1740/5757/249 1723/5758/249 1672/5755/249 
f 1720/5759/249 1719/5760/249 1677/5761/249 
f 1677/5761/249 1680/5762/249 1720/5759/249 
f 1703/5763/249 1702/5764/249 1741/5765/249 
f 1741/5765/249 1742/5766/249 1703/5763/249 
f 1715/5767/249 1714/5768/249 1743/5769/249 
f 1743/5769/249 1744/5770/249 1715/5767/249 
f 1699/5771/249 1729/5772/249 1745/5773/249 
f 1745/5773/249 1673/5774/249 1699/5771/249 
f 1745/5775/245 1746/5776/245 1674/5777/245 
f 1674/5777/245 1673/5778/245 1745/5775/245 
f 1739/5779/245 1738/5780/245 1747/5781/245 
f 1747/5781/245 1748/5782/245 1739/5779/245 
f 1737/5783/245 1736/5784/245 1749/5785/245 
f 1749/5785/245 1750/5786/245 1737/5783/245 
f 1667/5787/250 1732/5788/250 1731/5789/250 
f 1731/5789/250 1668/5790/250 1667/5787/250 
f 1751/5791/250 1708/5792/250 1707/5793/250 
f 1707/5793/250 1752/5794/250 1751/5791/250 
f 1753/5795/250 1726/5796/250 1725/5797/250 
f 1725/5797/250 1754/5798/250 1753/5795/250 
f 1701/5799/250 1685/5800/250 1755/5801/250 
f 1755/5801/250 1728/5802/250 1701/5799/250 
f 1756/5803/250 1722/5804/250 1721/5805/250 
f 1721/5805/250 1757/5806/250 1756/5803/250 
f 1758/5807/250 1705/5808/250 1704/5809/250 
f 1704/5809/250 1759/5810/250 1758/5807/250 
f 1760/5811/250 1717/5812/250 1716/5813/250 
f 1716/5813/250 1761/5814/250 1760/5811/250 
f 1676/5815/250 1762/5816/250 1718/5817/250 
f 1718/5817/250 1700/5818/250 1676/5815/250 
f 1763/5819/250 1748/5820/250 1747/5821/250 
f 1747/5821/250 1764/5822/250 1763/5819/250 
f 1765/5823/250 1750/5824/250 1749/5825/250 
f 1749/5825/250 1766/5826/250 1765/5823/250 
f 1767/5827/250 1698/5828/250 1697/5829/250 
f 1697/5829/250 1768/5830/250 1767/5827/250 
f 1682/5831/248 1681/5832/248 1712/5833/248 
f 1712/5833/248 1683/5834/248 1682/5831/248 
f 1769/5835/248 1740/5836/248 1664/5837/248 
f 1664/5837/248 1663/5838/248 1769/5835/248 
f 1770/5839/249 1771/5840/249 1684/5841/249 
f 1684/5841/249 1687/5842/249 1770/5839/249 
f 1772/5843/249 1773/5844/249 1774/5845/249 
f 1774/5845/249 1775/5846/249 1772/5843/249 
f 1776/5847/249 1777/5848/249 1778/5849/249 
f 1778/5849/249 1779/5850/249 1776/5847/249 
f 1661/5851/250 1671/5852/250 1735/5853/250 
f 1735/5853/250 1711/5854/250 1661/5851/250 
f 1686/5855/248 1694/5856/248 1770/5857/248 
f 1770/5857/248 1687/5858/248 1686/5855/248 
f 1743/5859/248 1774/5860/248 1773/5861/248 
f 1773/5861/248 1744/5862/248 1743/5859/248 
f 1741/5863/248 1778/5864/248 1777/5865/248 
f 1777/5865/248 1742/5866/248 1741/5863/248 
f 1755/5867/245 1685/5868/245 1684/5869/245 
f 1684/5869/245 1771/5870/245 1755/5867/245 
f 1772/5871/245 1775/5872/245 1753/5873/245 
f 1753/5873/245 1754/5874/245 1772/5871/245 
f 1776/5875/245 1779/5876/245 1751/5877/245 
f 1751/5877/245 1752/5878/245 1776/5875/245 
f 1710/5879/249 1769/5880/249 1663/5881/249 
f 1663/5881/249 1662/5882/249 1710/5879/249 
f 1780/5883/248 1762/5884/248 1676/5885/248 
f 1676/5885/248 1675/5886/248 1780/5883/248 
f 1760/5887/248 1761/5888/248 1763/5889/248 
f 1763/5889/248 1764/5890/248 1760/5887/248 
f 1766/5891/248 1758/5892/248 1759/5893/248 
f 1759/5893/248 1765/5894/248 1766/5891/248 
f 1768/5895/248 1756/5896/248 1757/5897/248 
f 1757/5897/248 1767/5898/248 1768/5895/248 
f 1737/5899/246 1781/5900/246 1782/5901/246 
f 1782/5901/246 1706/5902/246 1737/5899/246 
f 1783/5903/246 1784/5904/246 1668/5905/246 
f 1668/5905/246 1731/5906/246 1783/5903/246 
f 1713/5907/246 1723/5908/246 1785/5909/246 
f 1785/5909/246 1786/5910/246 1713/5907/246 
f 1751/5911/246 1787/5912/246 1788/5913/246 
f 1788/5913/246 1708/5914/246 1751/5911/246 
f 1789/5915/246 1767/5916/246 1757/5917/246 
f 1757/5917/246 1790/5918/246 1789/5915/246 
f 1778/5919/247 1741/5920/247 1791/5921/247 
f 1791/5921/247 1792/5922/247 1778/5919/247 
f 1793/5923/246 1794/5924/246 1745/5925/246 
f 1745/5925/246 1729/5926/246 1793/5923/246 
f 1795/5927/247 1719/5928/247 1722/5929/247 
f 1722/5929/247 1796/5930/247 1795/5927/247 
f 1764/5931/247 1797/5932/247 1798/5933/247 
f 1798/5933/247 1760/5934/247 1764/5931/247 
f 1799/5935/246 1680/5936/246 1679/5937/246 
f 1679/5937/246 1800/5938/246 1799/5935/246 
f 1801/5939/246 1802/5940/246 1711/5941/246 
f 1711/5941/246 1735/5942/246 1801/5939/246 
f 1739/5943/246 1803/5944/246 1804/5945/246 
f 1804/5945/246 1724/5946/246 1739/5943/246 
f 1805/5947/247 1725/5948/247 1724/5949/247 
f 1724/5949/247 1804/5950/247 1805/5947/247 
f 1667/5951/246 1806/5952/246 1807/5953/246 
f 1807/5953/246 1732/5954/246 1667/5951/246 
f 1808/5955/246 1809/5956/246 1765/5957/246 
f 1765/5957/246 1759/5958/246 1808/5955/246 
f 1743/5959/247 1810/5960/247 1811/5961/247 
f 1811/5961/247 1774/5962/247 1743/5959/247 
f 1729/5963/246 1728/5964/246 1812/5965/246 
f 1812/5965/246 1793/5966/246 1729/5963/246 
f 1780/5967/247 1813/5968/247 1814/5969/247 
f 1814/5969/247 1762/5970/247 1780/5967/247 
f 1815/5971/246 1816/5972/246 1742/5973/246 
f 1742/5973/246 1777/5974/246 1815/5971/246 
f 1677/5975/246 1719/5976/246 1795/5977/246 
f 1795/5977/246 1817/5978/246 1677/5975/246 
f 1696/5979/246 1818/5980/246 1819/5981/246 
f 1819/5981/246 1697/5982/246 1696/5979/246 
f 1820/5983/247 1707/5984/247 1706/5985/247 
f 1706/5985/247 1782/5986/247 1820/5983/247 
f 1821/5987/247 1822/5988/247 1658/5989/247 
f 1658/5989/247 1657/5990/247 1821/5987/247 
f 1823/5991/246 1824/5992/246 1763/5993/246 
f 1763/5993/246 1761/5994/246 1823/5991/246 
f 1688/5995/247 1825/5996/247 1770/5997/247 
f 1770/5997/247 1694/5998/247 1688/5995/247 
f 1826/5999/246 1785/6000/246 1723/6001/246 
f 1723/6001/246 1740/6002/246 1826/5999/246 
f 1727/6003/246 1726/6004/246 1827/6005/246 
f 1827/6005/246 1828/6006/246 1727/6003/246 
f 1823/6007/246 1761/6008/246 1716/6009/246 
f 1716/6009/246 1829/6010/246 1823/6007/246 
f 1773/6011/246 1830/6012/246 1691/6013/246 
f 1691/6013/246 1744/6014/246 1773/6011/246 
f 1768/6015/246 1697/6016/246 1819/6017/246 
f 1819/6017/246 1831/6018/246 1768/6015/246 
f 1832/6019/246 1749/6020/246 1736/6021/246 
f 1736/6021/246 1833/6022/246 1832/6019/246 
f 1834/6023/246 1718/6024/246 1762/6025/246 
f 1762/6025/246 1814/6026/246 1834/6023/246 
f 1702/6027/246 1835/6028/246 1791/6029/246 
f 1791/6029/246 1741/6030/246 1702/6027/246 
f 1657/6031/246 1683/6032/246 1836/6033/246 
f 1836/6033/246 1821/6034/246 1657/6031/246 
f 1731/6035/247 1730/6036/247 1837/6037/247 
f 1837/6037/247 1783/6038/247 1731/6035/247 
f 1695/6039/247 1698/6040/247 1838/6041/247 
f 1838/6041/247 1839/6042/247 1695/6039/247 
f 1666/6043/246 1840/6044/246 1806/6045/246 
f 1806/6045/246 1667/6046/246 1666/6043/246 
f 1841/6047/246 1766/6048/246 1749/6049/246 
f 1749/6049/246 1832/6050/246 1841/6047/246 
f 1842/6051/246 1709/6052/246 1708/6053/246 
f 1708/6053/246 1788/6054/246 1842/6051/246 
f 1704/6055/246 1843/6056/246 1808/6057/246 
f 1808/6057/246 1759/6058/246 1704/6055/246 
f 1844/6059/246 1720/6060/246 1680/6061/246 
f 1680/6061/246 1799/6062/246 1844/6059/246 
f 1698/6063/246 1767/6064/246 1789/6065/246 
f 1789/6065/246 1838/6066/246 1698/6063/246 
f 1845/6067/246 1747/6068/246 1738/6069/246 
f 1738/6069/246 1846/6070/246 1845/6067/246 
f 1798/6071/246 1847/6072/246 1717/6073/246 
f 1717/6073/246 1760/6074/246 1798/6071/246 
f 1710/6075/247 1711/6076/247 1802/6077/247 
f 1802/6077/247 1848/6078/247 1710/6075/247 
f 1764/6079/246 1747/6080/246 1845/6081/246 
f 1845/6081/246 1797/6082/246 1764/6079/246 
f 1735/6083/247 1734/6084/247 1849/6085/247 
f 1849/6085/247 1801/6086/247 1735/6083/247 
f 1737/6087/247 1750/6088/247 1850/6089/247 
f 1850/6089/247 1781/6090/247 1737/6087/247 
f 1780/6091/250 1675/6092/250 1674/6093/250 
f 1674/6093/250 1746/6094/250 1780/6091/250 
f 1810/6095/249 1851/6096/249 1852/6097/249 
f 1852/6097/249 1816/6098/249 1810/6095/249 
f 1791/6099/249 1835/6100/249 1844/6101/249 
f 1844/6101/249 1799/6102/249 1791/6099/249 
f 1817/6103/249 1795/6104/249 1785/6105/249 
f 1785/6105/249 1826/6106/249 1817/6103/249 
f 1794/6107/249 1793/6108/249 1804/6109/249 
f 1804/6109/249 1803/6110/249 1794/6107/249 
f 1846/6111/249 1828/6112/249 1782/6113/249 
f 1782/6113/249 1781/6114/249 1846/6111/249 
f 1842/6115/249 1837/6116/249 1839/6117/249 
f 1839/6117/249 1833/6118/249 1842/6115/249 
f 1853/6119/249 1849/6120/249 1822/6121/249 
f 1822/6121/249 1818/6122/249 1853/6119/249 
f 1807/6123/245 1801/6124/245 1849/6125/245 
f 1849/6125/245 1853/6126/245 1807/6123/245 
f 1783/6127/245 1837/6128/245 1842/6129/245 
f 1842/6129/245 1788/6130/245 1783/6127/245 
f 1820/6131/245 1782/6132/245 1828/6133/245 
f 1828/6133/245 1827/6134/245 1820/6131/245 
f 1805/6135/245 1804/6136/245 1793/6137/245 
f 1793/6137/245 1812/6138/245 1805/6135/245 
f 1795/6139/248 1796/6140/248 1786/6141/248 
f 1786/6141/248 1785/6142/248 1795/6139/248 
f 1835/6143/248 1854/6144/248 1855/6145/248 
f 1855/6145/248 1844/6146/248 1835/6143/248 
f 1847/6147/248 1843/6148/248 1852/6149/248 
f 1852/6149/248 1851/6150/248 1847/6147/248 
f 1689/6151/248 1834/6152/248 1829/6153/248 
f 1829/6153/248 1690/6154/248 1689/6151/248 
f 1856/6155/245 1857/6156/245 1794/6157/245 
f 1794/6157/245 1803/6158/245 1856/6155/245 
f 1850/6159/245 1845/6160/245 1846/6161/245 
f 1846/6161/245 1781/6162/245 1850/6159/245 
f 1839/6163/245 1838/6164/245 1832/6165/245 
f 1832/6165/245 1833/6166/245 1839/6163/245 
f 1818/6167/245 1822/6168/245 1821/6169/245 
f 1821/6169/245 1819/6170/245 1818/6167/245 
f 1801/6171/250 1807/6172/250 1806/6173/250 
f 1806/6173/250 1802/6174/250 1801/6171/250 
f 1788/6175/250 1787/6176/250 1784/6177/250 
f 1784/6177/250 1783/6178/250 1788/6175/250 
f 1820/6179/250 1827/6180/250 1858/6181/250 
f 1858/6181/250 1859/6182/250 1820/6179/250 
f 1805/6183/250 1812/6184/250 1860/6185/250 
f 1860/6185/250 1861/6186/250 1805/6183/250 
f 1786/6187/250 1796/6188/250 1862/6189/250 
f 1862/6189/250 1863/6190/250 1786/6187/250 
f 1855/6191/250 1854/6192/250 1864/6193/250 
f 1864/6193/250 1790/6194/250 1855/6191/250 
f 1847/6195/250 1798/6196/250 1808/6197/250 
f 1808/6197/250 1843/6198/250 1847/6195/250 
f 1829/6199/250 1834/6200/250 1814/6201/250 
f 1814/6201/250 1823/6202/250 1829/6199/250 
f 1823/6203/248 1814/6204/248 1813/6205/248 
f 1813/6205/248 1824/6206/248 1823/6203/248 
f 1808/6207/248 1798/6208/248 1797/6209/248 
f 1797/6209/248 1809/6210/248 1808/6207/248 
f 1864/6211/248 1841/6212/248 1789/6213/248 
f 1789/6213/248 1790/6214/248 1864/6211/248 
f 1862/6215/248 1831/6216/248 1836/6217/248 
f 1836/6217/248 1863/6218/248 1862/6215/248 
f 1865/6219/245 1861/6220/245 1860/6221/245 
f 1860/6221/245 1866/6222/245 1865/6219/245 
f 1867/6223/245 1868/6224/245 1859/6225/245 
f 1859/6225/245 1858/6226/245 1867/6223/245 
f 1869/6227/245 1784/6228/245 1787/6229/245 
f 1787/6229/245 1870/6230/245 1869/6227/245 
f 1848/6231/245 1802/6232/245 1806/6233/245 
f 1806/6233/245 1840/6234/245 1848/6231/245 
f 1691/6235/248 1830/6236/248 1825/6237/248 
f 1825/6237/248 1688/6238/248 1691/6235/248 
f 1816/6239/248 1815/6240/248 1811/6241/248 
f 1811/6241/248 1810/6242/248 1816/6239/248 
f 1791/6243/248 1799/6244/248 1800/6245/248 
f 1800/6245/248 1792/6246/248 1791/6243/248 
f 1817/6247/248 1826/6248/248 1871/6249/248 
f 1871/6249/248 1872/6250/248 1817/6247/248 
f 1830/6251/249 1865/6252/249 1866/6253/249 
f 1866/6253/249 1825/6254/249 1830/6251/249 
f 1811/6255/249 1815/6256/249 1868/6257/249 
f 1868/6257/249 1867/6258/249 1811/6255/249 
f 1800/6259/249 1869/6260/249 1870/6261/249 
f 1870/6261/249 1792/6262/249 1800/6259/249 
f 1871/6263/249 1848/6264/249 1840/6265/249 
f 1840/6265/249 1872/6266/249 1871/6263/249 
f 1813/6267/250 1857/6268/250 1856/6269/250 
f 1856/6269/250 1824/6270/250 1813/6267/250 
f 1797/6271/250 1845/6272/250 1850/6273/250 
f 1850/6273/250 1809/6274/250 1797/6271/250 
f 1789/6275/250 1841/6276/250 1832/6277/250 
f 1832/6277/250 1838/6278/250 1789/6275/250 
f 1836/6279/250 1831/6280/250 1819/6281/250 
f 1819/6281/250 1821/6282/250 1836/6279/250 
f 1826/6283/246 1740/6284/246 1769/6285/246 
f 1769/6285/246 1871/6286/246 1826/6283/246 
f 1758/6287/247 1766/6048/247 1841/6047/247 
f 1841/6047/247 1864/6288/247 1758/6287/247 
f 1835/6289/247 1702/6290/247 1705/6291/247 
f 1705/6291/247 1854/6292/247 1835/6289/247 
f 1678/6293/247 1677/6294/247 1817/6295/247 
f 1817/6295/247 1872/6296/247 1678/6293/247 
f 1836/6297/246 1683/6298/246 1712/6299/246 
f 1712/6299/246 1863/6300/246 1836/6297/246 
f 1753/6301/246 1858/6302/246 1827/6303/246 
f 1827/6303/246 1726/6304/246 1753/6301/246 
f 1721/6305/246 1720/6306/246 1844/6307/246 
f 1844/6307/246 1855/6308/246 1721/6305/246 
f 1828/6309/246 1846/6310/246 1738/6311/246 
f 1738/6311/246 1727/6312/246 1828/6309/246 
f 1772/6313/246 1865/6314/246 1830/6315/246 
f 1830/6315/246 1773/6316/246 1772/6313/246 
f 1820/6317/246 1859/6318/246 1752/6319/246 
f 1752/6319/246 1707/6320/246 1820/6317/246 
f 1825/6321/246 1866/6322/246 1771/6323/246 
f 1771/6323/246 1770/6324/246 1825/6321/246 
f 1862/6325/247 1756/6326/247 1768/6327/247 
f 1768/6327/247 1831/6328/247 1862/6325/247 
f 1717/6329/247 1847/6330/247 1851/6331/247 
f 1851/6331/247 1714/6332/247 1717/6329/247 
f 1837/6333/246 1730/6334/246 1695/6335/246 
f 1695/6335/246 1839/6336/246 1837/6333/246 
f 1776/6337/246 1868/6338/246 1815/6339/246 
f 1815/6339/246 1777/6340/246 1776/6337/246 
f 1754/6341/247 1861/6342/247 1865/6343/247 
f 1865/6343/247 1772/6344/247 1754/6341/247 
f 1755/6345/246 1860/6346/246 1812/6347/246 
f 1812/6347/246 1728/6348/246 1755/6345/246 
f 1703/6349/246 1852/6350/246 1843/6351/246 
f 1843/6351/246 1704/6352/246 1703/6349/246 
f 1811/6353/246 1867/6354/246 1775/6355/246 
f 1775/6355/246 1774/6356/246 1811/6353/246 
f 1805/6357/246 1861/6358/246 1754/6359/246 
f 1754/6359/246 1725/6360/246 1805/6357/246 
f 1736/6361/246 1709/6362/246 1842/6363/246 
f 1842/6363/246 1833/6364/246 1736/6361/246 
f 1665/6365/246 1869/6366/246 1800/6367/246 
f 1800/6367/246 1679/6368/246 1665/6365/246 
f 1691/6369/246 1690/6370/246 1715/6371/246 
f 1715/6371/246 1744/6372/246 1691/6369/246 
f 1860/6373/246 1755/6374/246 1771/6375/246 
f 1771/6375/246 1866/6376/246 1860/6373/246 
f 1718/6377/247 1834/6378/247 1689/6379/247 
f 1689/6379/247 1693/6380/247 1718/6377/247 
f 1792/6381/250 1870/6382/250 1779/6383/250 
f 1779/6383/250 1778/6384/250 1792/6381/250 
f 1752/6385/247 1859/6386/247 1868/6338/247 
f 1868/6338/247 1776/6337/247 1752/6385/247 
f 1722/6387/246 1756/6388/246 1862/6389/246 
f 1862/6389/246 1796/6390/246 1722/6387/246 
f 1715/6391/246 1690/6392/246 1829/6393/246 
f 1829/6393/246 1716/6394/246 1715/6391/246 
f 1849/6395/246 1734/6396/246 1658/6397/246 
f 1658/6397/246 1822/6398/246 1849/6395/246 
f 1710/6399/246 1848/6400/246 1871/6401/246 
f 1871/6401/246 1769/6402/246 1710/6399/246 
f 1688/6403/246 1694/6404/246 1693/6405/246 
f 1693/6405/246 1689/6406/246 1688/6403/246 
f 1863/6407/246 1712/6408/246 1713/6409/246 
f 1713/6409/246 1786/6410/246 1863/6407/246 
f 1872/6411/246 1840/6412/246 1666/6413/246 
f 1666/6413/246 1678/6414/246 1872/6411/246 
f 1858/6415/246 1753/6416/246 1775/6417/246 
f 1775/6417/246 1867/6418/246 1858/6415/246 
f 1803/6419/247 1739/6420/247 1748/6421/247 
f 1748/6421/247 1856/6422/247 1803/6419/247 
f 1853/6423/246 1818/6424/246 1696/6425/246 
f 1696/6425/246 1733/6426/246 1853/6423/246 
f 1856/6427/246 1748/6428/246 1763/6429/246 
f 1763/6429/246 1824/6430/246 1856/6427/246 
f 1703/6431/246 1742/6432/246 1816/6433/246 
f 1816/6433/246 1852/6434/246 1703/6431/246 
f 1665/6435/247 1668/6436/247 1784/6437/247 
f 1784/6437/247 1869/6438/247 1665/6435/247 
f 1864/6439/246 1854/6440/246 1705/6441/246 
f 1705/6441/246 1758/6442/246 1864/6439/246 
f 1746/6443/246 1745/6444/246 1794/6445/246 
f 1794/6445/246 1857/6446/246 1746/6443/246 
f 1780/6447/246 1746/6448/246 1857/6449/246 
f 1857/6449/246 1813/6450/246 1780/6447/246 
f 1721/6451/246 1855/6452/246 1790/6453/246 
f 1790/6453/246 1757/6454/246 1721/6451/246 
f 1807/6455/246 1853/6456/246 1733/6457/246 
f 1733/6457/246 1732/6458/246 1807/6455/246 
f 1850/6459/249 1750/6460/249 1765/6461/249 
f 1765/6461/249 1809/6462/249 1850/6459/249 
f 1714/6463/246 1851/6464/246 1810/6465/246 
f 1810/6465/246 1743/6466/246 1714/6463/246 
f 1779/6467/246 1870/6468/246 1787/6469/246 
f 1787/6469/246 1751/6470/246 1779/6467/246 
f 1873/6471/245 1874/6472/245 1875/6473/245 
f 1875/6473/245 1876/6474/245 1873/6471/245 
f 1877/6475/251 1878/6476/251 1879/6477/251 
f 1879/6477/251 1880/6478/251 1877/6475/251 
f 1875/6479/252 1881/6480/252 1882/6481/252 
f 1875/6479/252 1882/6481/252 1883/6482/252 
f 1876/6483/252 1875/6479/252 1883/6482/252 
f 1876/6483/252 1883/6482/252 1884/6484/252 
f 1878/6485/252 1876/6483/252 1884/6484/252 
f 1879/6486/252 1878/6485/252 1884/6484/252 
f 1882/6487/253 1881/6488/253 1885/6489/253 
f 1885/6489/253 1886/6490/253 1882/6487/253 
f 1887/6491/248 1884/6492/248 1883/6493/248 
f 1883/6493/248 1888/6494/248 1887/6491/248 
f 1881/6488/254 1875/6495/254 1874/6496/254 
f 1874/6496/254 1885/6489/254 1881/6488/254 
f 1886/6490/255 1888/6497/255 1883/6498/255 
f 1883/6498/255 1882/6487/255 1886/6490/255 
f 1884/6499/256 1887/6500/256 1880/6478/256 
f 1880/6478/256 1879/6477/256 1884/6499/256 
f 1878/6476/257 1877/6475/257 1873/6501/257 
f 1873/6501/257 1876/6502/257 1878/6476/257 
f 1885/6489/258 1874/6496/258 1873/6503/258 
f 1873/6503/258 1877/6504/258 1880/6505/258 
f 1885/6489/258 1873/6503/258 1880/6505/258 
f 1885/6489/258 1880/6505/258 1887/6506/258 
f 1886/6490/258 1885/6489/258 1887/6506/258 
f 1886/6490/258 1887/6506/258 1888/6497/258 
f 1889/6507/248 1890/6508/248 1891/6509/248 
f 1891/6509/248 1892/6510/248 1889/6507/248 
f 1893/6511/259 1894/6512/259 1895/6513/259 
f 1895/6513/259 1896/6514/259 1893/6511/259 
f 1892/6515/260 1891/6516/260 1897/6517/260 
f 1897/6517/260 1898/6518/260 1899/6519/260 
f 1892/6515/260 1897/6517/260 1899/6519/260 
f 1892/6515/260 1899/6519/260 1900/6520/260 
f 1894/6521/260 1892/6515/260 1900/6520/260 
f 1895/6522/260 1894/6521/260 1900/6520/260 
f 1901/6523/261 1898/6524/261 1897/6525/261 
f 1897/6525/261 1902/6526/261 1901/6523/261 
f 1903/6527/245 1900/6528/245 1899/6529/245 
f 1899/6529/245 1904/6530/245 1903/6527/245 
f 1902/6526/262 1897/6525/262 1891/6531/262 
f 1891/6531/262 1890/6532/262 1902/6526/262 
f 1898/6524/263 1901/6523/263 1904/6533/263 
f 1904/6533/263 1899/6534/263 1898/6524/263 
f 1900/6535/264 1903/6536/264 1896/6514/264 
f 1896/6514/264 1895/6513/264 1900/6535/264 
f 1894/6512/265 1893/6511/265 1889/6537/265 
f 1889/6537/265 1892/6538/265 1894/6512/265 
f 1901/6523/266 1902/6526/266 1890/6532/266 
f 1889/6539/266 1893/6540/266 1896/6541/266 
f 1889/6539/266 1896/6541/266 1903/6542/266 
f 1890/6532/266 1889/6539/266 1903/6542/266 
f 1901/6523/266 1890/6532/266 1903/6542/266 
f 1901/6523/266 1903/6542/266 1904/6533/266 
f 1905/6543/248 1906/6544/248 1907/6545/248 
f 1907/6545/248 1908/6546/248 1905/6543/248 
f 1909/6547/247 1910/6548/247 1911/6549/247 
f 1911/6549/247 1912/6550/247 1909/6547/247 
f 1908/6551/267 1907/6552/267 1913/6553/267 
f 1910/6554/267 1908/6551/267 1913/6553/267 
f 1913/6553/267 1914/6555/267 1915/6556/267 
f 1910/6554/267 1913/6553/267 1915/6556/267 
f 1911/6557/267 1910/6554/267 1915/6556/267 
f 1911/6557/267 1915/6556/267 1916/6558/267 
f 1917/6559/246 1914/6560/246 1913/6561/246 
f 1913/6561/246 1918/6562/246 1917/6559/246 
f 1919/6563/245 1916/6564/245 1915/6565/245 
f 1915/6565/245 1920/6566/245 1919/6563/245 
f 1918/6562/268 1913/6561/268 1907/6567/268 
f 1907/6567/268 1906/6568/268 1918/6562/268 
f 1914/6560/269 1917/6559/269 1920/6569/269 
f 1920/6569/269 1915/6570/269 1914/6560/269 
f 1916/6571/270 1919/6572/270 1912/6550/270 
f 1912/6550/270 1911/6549/270 1916/6571/270 
f 1910/6548/271 1909/6547/271 1905/6573/271 
f 1905/6573/271 1908/6574/271 1910/6548/271 
f 1917/6575/250 1918/6576/250 1906/6577/250 
f 1917/6575/250 1906/6577/250 1905/6578/250 
f 1917/6575/250 1905/6578/250 1909/6579/250 
f 1917/6575/250 1909/6579/250 1912/6580/250 
f 1917/6575/250 1912/6580/250 1919/6581/250 
f 1917/6575/250 1919/6581/250 1920/6582/250 
f 1921/6583/248 1922/6584/248 1923/6585/248 
f 1923/6585/248 1924/6586/248 1921/6583/248 
f 1925/6587/247 1926/6588/247 1927/6589/247 
f 1927/6589/247 1928/6590/247 1925/6587/247 
f 1922/6591/267 1929/6592/267 1930/6593/267 
f 1922/6591/267 1930/6593/267 1931/6594/267 
f 1923/6595/267 1922/6591/267 1931/6594/267 
f 1923/6595/267 1931/6594/267 1932/6596/267 
f 1926/6597/267 1923/6595/267 1932/6596/267 
f 1927/6598/267 1926/6597/267 1932/6596/267 
f 1933/6599/246 1930/6600/246 1929/6601/246 
f 1929/6601/246 1934/6602/246 1933/6599/246 
f 1935/6603/245 1932/6604/245 1931/6605/245 
f 1931/6605/245 1936/6606/245 1935/6603/245 
f 1934/6602/272 1929/6601/272 1922/6607/272 
f 1922/6607/272 1921/6608/272 1934/6602/272 
f 1930/6600/273 1933/6599/273 1936/6609/273 
f 1936/6609/273 1931/6610/273 1930/6600/273 
f 1932/6611/274 1935/6612/274 1928/6590/274 
f 1928/6590/274 1927/6589/274 1932/6611/274 
f 1926/6588/275 1925/6587/275 1924/6613/275 
f 1924/6613/275 1923/6614/275 1926/6588/275 
f 1924/6615/250 1925/6616/250 1928/6617/250 
f 1924/6615/250 1928/6617/250 1935/6618/250 
f 1921/6619/250 1924/6615/250 1935/6618/250 
f 1921/6619/250 1935/6618/250 1936/6620/250 
f 1934/6621/250 1921/6619/250 1936/6620/250 
f 1933/6622/250 1934/6621/250 1936/6620/250 
f 1937/6623/248 1938/6624/248 1939/6625/248 
f 1939/6625/248 1940/6626/248 1937/6623/248 
f 1941/6627/249 1942/6628/249 1943/6629/249 
f 1943/6629/249 1944/6630/249 1941/6627/249 
f 1942/6631/276 1938/6632/276 1937/6633/276 
f 1942/6631/276 1937/6633/276 1945/6634/276 
f 1942/6631/276 1945/6634/276 1946/6635/276 
f 1942/6631/276 1946/6635/276 1947/6636/276 
f 1943/6637/276 1942/6631/276 1947/6636/276 
f 1943/6637/276 1947/6636/276 1948/6638/276 
f 1949/6639/250 1946/6640/250 1945/6641/250 
f 1945/6641/250 1950/6642/250 1949/6639/250 
f 1947/6643/245 1951/6644/245 1952/6645/245 
f 1952/6645/245 1948/6646/245 1947/6643/245 
f 1950/6642/277 1945/6641/277 1937/6647/277 
f 1937/6647/277 1940/6648/277 1950/6642/277 
f 1946/6640/278 1949/6639/278 1951/6649/278 
f 1951/6649/278 1947/6650/278 1946/6640/278 
f 1948/6651/279 1952/6652/279 1944/6630/279 
f 1944/6630/279 1943/6629/279 1948/6651/279 
f 1942/6628/280 1941/6627/280 1939/6653/280 
f 1939/6653/280 1938/6654/280 1942/6628/280 
f 1939/6655/247 1941/6656/247 1944/6657/247 
f 1939/6655/247 1944/6657/247 1952/6658/247 
f 1940/6659/247 1939/6655/247 1952/6658/247 
f 1940/6659/247 1952/6658/247 1951/6660/247 
f 1950/6661/247 1940/6659/247 1951/6660/247 
f 1949/6662/247 1950/6661/247 1951/6660/247 
f 1953/6663/248 1954/6664/248 1955/6665/248 
f 1955/6665/248 1956/6666/248 1953/6663/248 
f 1957/6667/249 1958/6668/249 1959/6669/249 
f 1959/6669/249 1960/6670/249 1957/6667/249 
f 1958/6671/276 1955/6672/276 1954/6673/276 
f 1958/6671/276 1954/6673/276 1961/6674/276 
f 1958/6671/276 1961/6674/276 1962/6675/276 
f 1958/6671/276 1962/6675/276 1963/6676/276 
f 1959/6677/276 1958/6671/276 1963/6676/276 
f 1959/6677/276 1963/6676/276 1964/6678/276 
f 1965/6679/250 1962/6680/250 1961/6681/250 
f 1961/6681/250 1966/6682/250 1965/6679/250 
f 1967/6683/245 1964/6684/245 1963/6685/245 
f 1963/6685/245 1968/6686/245 1967/6683/245 
f 1966/6682/277 1961/6681/277 1954/6687/277 
f 1954/6687/277 1953/6688/277 1966/6682/277 
f 1962/6680/278 1965/6679/278 1968/6689/278 
f 1968/6689/278 1963/6690/278 1962/6680/278 
f 1964/6691/279 1967/6692/279 1960/6670/279 
f 1960/6670/279 1959/6669/279 1964/6691/279 
f 1958/6668/280 1957/6667/280 1956/6693/280 
f 1956/6693/280 1955/6694/280 1958/6668/280 
f 1966/6695/247 1953/6696/247 1956/6697/247 
f 1966/6695/247 1956/6697/247 1957/6698/247 
f 1966/6695/247 1957/6698/247 1960/6699/247 
f 1966/6695/247 1960/6699/247 1967/6700/247 
f 1965/6701/247 1966/6695/247 1967/6700/247 
f 1965/6701/247 1967/6700/247 1968/6702/247 
# 596 faces

#
# object ROOF_005
#

v  1.0593 5.5416 3.6390
v  1.0659 5.6909 -4.3105
v  1.1657 5.7880 -4.3086
v  1.1591 5.6388 3.6409
v  1.3416 5.7730 3.6435
v  1.3466 5.9210 -4.3060
v  1.4393 5.9923 -4.3046
v  1.4343 5.8443 3.6449
v  1.1339 5.7002 3.6421
v  1.1405 5.8494 -4.3074
v  1.2785 5.9524 -4.3054
v  1.2714 5.8034 3.6441
v  1.1291 5.6480 3.6411
v  1.1358 5.7972 -4.3084
v  1.0461 5.7090 -4.3101
v  1.0395 5.5597 3.6393
v  1.4194 5.8663 3.6453
v  1.4034 5.8871 3.6457
v  1.3184 5.8218 3.6444
v  1.3345 5.8010 3.6440
v  1.0911 5.7204 3.6425
v  1.0978 5.8697 -4.3070
v  1.2626 5.9942 -4.3046
v  1.2554 5.8452 3.6449
v  1.3395 5.9490 -4.3054
v  1.4244 6.0143 -4.3042
v  0.8642 5.3269 3.6348
v  0.8709 5.4763 -4.3147
v  0.9499 5.5651 -4.3129
v  0.9432 5.4157 3.6365
v  1.0485 5.6724 -4.3109
v  1.1428 5.7670 -4.3090
v  1.1361 5.6177 3.6405
v  1.0419 5.5230 3.6386
v  0.9117 5.4734 3.6376
v  0.9184 5.6228 -4.3118
v  0.9915 5.7024 -4.3103
v  0.9848 5.5530 3.6392
v  0.9224 5.5748 -4.3128
v  0.8510 5.4942 -4.3143
v  0.8443 5.3448 3.6351
v  0.9157 5.4254 3.6367
v  1.1160 5.6360 3.6408
v  1.1228 5.7852 -4.3086
v  1.0359 5.6981 -4.3103
v  1.0292 5.5488 3.6391
v  0.8716 5.4940 3.6380
v  0.8784 5.6434 -4.3114
v  0.9663 5.7391 -4.3095
v  0.9596 5.5897 3.6399
v  0.6894 5.2701 -4.3187
v  0.7652 5.3560 -4.3170
v  0.7586 5.2067 3.6324
v  0.6828 5.1208 3.6308
v  0.8555 5.4587 -4.3150
v  0.9331 5.5465 -4.3133
v  0.9264 5.3971 3.6362
v  0.8488 5.3093 3.6344
v  0.7331 5.4133 -4.3159
v  0.7264 5.2639 3.6336
v  0.7930 5.3397 3.6350
v  0.7996 5.4891 -4.3144
v  0.6631 5.1389 3.6311
v  0.7318 5.2168 3.6326
v  0.7385 5.3662 -4.3168
v  0.6697 5.2882 -4.3184
v  0.9132 5.5644 -4.3130
v  0.8419 5.4839 -4.3145
v  0.8352 5.3345 3.6349
v  0.9065 5.4150 3.6365
v  0.6939 5.4344 -4.3155
v  0.6873 5.2851 3.6340
v  0.7736 5.5252 -4.3137
v  0.7669 5.3758 3.6357
v  0.5073 5.0689 -4.3226
v  0.5849 5.1532 -4.3210
v  0.5784 5.0040 3.6285
v  0.5008 4.9197 3.6268
v  0.6742 5.2529 -4.3190
v  0.7494 5.3380 -4.3174
v  0.7427 5.1886 3.6321
v  0.6676 5.1036 3.6304
v  0.5470 5.0617 3.6296
v  0.5535 5.2109 -4.3199
v  0.6126 5.1348 3.6310
v  0.6192 5.2841 -4.3184
v  0.5519 5.0147 3.6287
v  0.5584 5.1639 -4.3208
v  0.4879 5.0874 -4.3223
v  0.4814 4.9382 3.6272
v  0.7229 5.2066 3.6324
v  0.7295 5.3560 -4.3170
v  0.6608 5.2781 -4.3186
v  0.6542 5.1288 3.6309
v  0.5086 5.0837 3.6300
v  0.5151 5.2329 -4.3194
v  0.5935 5.3205 -4.3177
v  0.5869 5.1712 3.6317
v  0.3166 4.8631 -4.3267
v  0.3968 4.9503 -4.3250
v  0.3902 4.8010 3.6245
v  0.3100 4.7138 3.6228
v  0.4915 5.0518 -4.3230
v  0.5688 5.1356 -4.3213
v  0.5623 4.9864 3.6281
v  0.4849 4.9026 3.6265
v  0.3661 5.0084 -4.3238
v  0.3595 4.8591 3.6256
v  0.4362 5.0835 -4.3224
v  0.4296 4.9343 3.6271
v  0.3699 4.9606 -4.3248
v  0.2969 4.8812 -4.3263
v  0.2902 4.7319 3.6232
v  0.3633 4.8113 3.6247
v  0.5427 5.0048 3.6285
v  0.5493 5.1540 -4.3210
v  0.4786 5.0774 -4.3225
v  0.4720 4.9281 3.6270
v  0.3203 4.8806 3.6261
v  0.3268 5.0299 -4.3234
v  0.4111 5.1203 -4.3216
v  0.4046 4.9711 3.6278
v  0.1290 4.6552 -4.3307
v  0.2074 4.7426 -4.3290
v  0.2008 4.5933 3.6205
v  0.1224 4.5059 3.6187
v  0.3006 4.8455 -4.3270
v  0.3800 4.9321 -4.3253
v  0.3735 4.7828 3.6242
v  0.2940 4.6962 3.6225
v  0.1692 4.6509 3.6216
v  0.1759 4.8002 -4.3279
v  0.2383 4.7272 3.6231
v  0.2450 4.8765 -4.3264
v  0.1738 4.6034 3.6207
v  0.1805 4.7527 -4.3288
v  0.1092 4.6732 -4.3304
v  0.1025 4.5239 3.6191
v  0.3538 4.8011 3.6245
v  0.3604 4.9503 -4.3250
v  0.2875 4.8709 -4.3265
v  0.2809 4.7216 3.6230
v  0.1299 4.6720 3.6220
v  0.1365 4.8214 -4.3275
v  0.2195 4.9130 -4.3257
v  0.2128 4.7636 3.6238
v  -0.0559 4.4477 -4.3348
v  0.0216 4.5348 -4.3331
v  0.0150 4.3854 3.6164
v  -0.0626 4.2983 3.6147
v  0.1134 4.6377 -4.3311
v  0.1910 4.7244 -4.3294
v  0.1844 4.5750 3.6201
v  0.1067 4.4883 3.6184
v  -0.0102 4.5922 -4.3320
v  -0.0169 4.4429 3.6175
v  0.0576 4.6683 -4.3305
v  0.0509 4.5190 3.6190
v  -0.0825 4.3163 3.6150
v  -0.0120 4.3955 3.6166
v  -0.0053 4.5449 -4.3329
v  -0.0758 4.4657 -4.3344
v  0.1000 4.6629 -4.3306
v  0.0933 4.5136 3.6189
v  0.1645 4.5931 3.6204
v  0.1712 4.7424 -4.3290
v  -0.0562 4.4640 3.6179
v  -0.0496 4.6133 -4.3315
v  0.0318 4.7046 -4.3298
v  0.0251 4.5552 3.6197
v  -0.2404 4.2415 -4.3388
v  -0.1628 4.3279 -4.3371
v  -0.1694 4.1785 3.6124
v  -0.2470 4.0922 3.6107
v  -0.0715 4.4302 -4.3351
v  0.0054 4.5166 -4.3334
v  -0.0012 4.3672 3.6160
v  -0.0781 4.2808 3.6144
v  -0.1945 4.3854 -4.3360
v  -0.2011 4.2360 3.6135
v  -0.1338 4.3115 3.6149
v  -0.1271 4.4609 -4.3345
v  -0.2667 4.1103 3.6110
v  -0.1963 4.1887 3.6126
v  -0.1896 4.3380 -4.3369
v  -0.2601 4.2596 -4.3384
v  -0.0849 4.4554 -4.3346
v  -0.0916 4.3061 3.6148
v  -0.0211 4.3852 3.6164
v  -0.0145 4.5346 -4.3331
v  -0.2403 4.2573 3.6139
v  -0.2337 4.4066 -4.3356
v  -0.1529 4.4972 -4.3338
v  -0.1596 4.3478 3.6157
v  -0.4269 4.0387 -4.3428
v  -0.3481 4.1233 -4.3411
v  -0.3546 3.9741 3.6084
v  -0.4333 3.8896 3.6067
v  -0.2560 4.2242 -4.3391
v  -0.1790 4.3098 -4.3375
v  -0.1856 4.1605 3.6120
v  -0.2626 4.0749 3.6103
v  -0.3855 4.0320 3.6095
v  -0.3790 4.1812 -4.3400
v  -0.3178 4.1063 3.6109
v  -0.3112 4.2555 -4.3385
v  -0.4525 3.9083 3.6071
v  -0.3812 3.9848 3.6086
v  -0.3747 4.1340 -4.3409
v  -0.4461 4.0574 -4.3424
v  -0.2692 4.2495 -4.3386
v  -0.2758 4.1002 3.6108
v  -0.2054 4.1785 3.6124
v  -0.1988 4.3279 -4.3371
v  -0.4242 4.0540 3.6099
v  -0.4177 4.2033 -4.3396
v  -0.3367 4.2920 -4.3378
v  -0.3433 4.1428 3.6117
v  -0.6212 3.8438 -4.3466
v  -0.5378 3.9245 -4.3450
v  -0.5441 3.7755 3.6045
v  -0.6273 3.6950 3.6029
v  -0.4428 4.0219 -4.3431
v  -0.3645 4.1056 -4.3415
v  -0.3710 3.9564 3.6080
v  -0.4492 3.8728 3.6064
v  -0.5725 3.8348 3.6056
v  -0.5662 3.9837 -4.3438
v  -0.5033 3.9057 3.6070
v  -0.4969 4.0548 -4.3425
v  -0.6455 3.7146 3.6033
v  -0.5701 3.7875 3.6047
v  -0.5639 3.9364 -4.3448
v  -0.6394 3.8634 -4.3462
v  -0.4554 4.0476 -4.3426
v  -0.4618 3.8984 3.6069
v  -0.3904 3.9748 3.6084
v  -0.3839 4.1240 -4.3411
v  -0.6036 4.0075 -4.3434
v  -0.6098 3.8585 3.6061
v  -0.5213 4.0920 -4.3417
v  -0.5277 3.9429 3.6078
v  -0.7391 3.7345 -4.3487
v  -0.7451 3.5859 3.6008
v  -0.8322 3.5081 3.5993
v  -0.8263 3.6567 -4.3502
v  -0.5550 3.9076 -4.3453
v  -0.5613 3.7587 3.6042
v  -0.6442 3.6790 3.6026
v  -0.6381 3.8278 -4.3469
v  -0.7647 3.7949 -4.3475
v  -0.7707 3.6462 3.6020
v  -0.6969 3.7147 3.6033
v  -0.6908 3.8635 -4.3462
v  -0.8439 3.6769 -4.3498
v  -0.8498 3.5283 3.5997
v  -0.7708 3.5989 3.6010
v  -0.7648 3.7475 -4.3485
v  -0.6493 3.8540 -4.3464
v  -0.6554 3.7052 3.6031
v  -0.5799 3.7780 3.6045
v  -0.5736 3.9269 -4.3449
v  -0.8014 3.8203 -4.3470
v  -0.8074 3.6716 3.6025
v  -0.7132 3.9019 -4.3454
v  -0.7193 3.7532 3.6040
v  -1.0385 3.4754 -4.3538
v  -0.9485 3.5509 -4.3523
v  -0.9543 3.4024 3.5972
v  -1.0442 3.3270 3.5957
v  -0.8439 3.6411 -4.3505
v  -0.7572 3.7183 -4.3490
v  -0.7632 3.5697 3.6005
v  -0.8497 3.4925 3.5990
v  -0.9723 3.6122 -4.3511
v  -0.9780 3.4636 3.5984
v  -0.9013 3.5299 3.5997
v  -0.8954 3.6785 -4.3498
v  -1.0555 3.4961 -4.3534
v  -1.0612 3.3477 3.5961
v  -0.9796 3.4159 3.5975
v  -0.9738 3.5644 -4.3520
v  -0.8541 3.6678 -4.3500
v  -0.8600 3.5192 3.5995
v  -0.7810 3.5897 3.6009
v  -0.7750 3.7384 -4.3486
v  -1.0082 3.6384 -4.3506
v  -1.0140 3.4899 3.5989
v  -0.9165 3.7177 -4.3490
v  -0.9224 3.5691 3.6004
v  -1.1642 3.3727 -4.3558
v  -1.1699 3.2243 3.5937
v  -1.2621 3.1508 3.5923
v  -1.2566 3.2991 -4.3572
v  -1.0623 3.3119 3.5954
v  -1.0566 3.4603 -4.3541
v  -0.9671 3.5349 -4.3526
v  -0.9728 3.3864 3.5969
v  -1.1862 3.4345 -4.3546
v  -1.1918 3.2862 3.5949
v  -1.1128 3.3505 3.5962
v  -1.1071 3.4989 -4.3533
v  -1.1893 3.3870 -4.3555
v  -1.2730 3.3203 -4.3568
v  -1.2786 3.1720 3.5927
v  -1.1949 3.2386 3.5940
v  -0.9843 3.5555 -4.3522
v  -1.0661 3.4873 -4.3535
v  -1.0718 3.3389 3.5960
v  -0.9900 3.4070 3.5973
v  -1.2216 3.4618 -4.3540
v  -1.2272 3.3135 3.5955
v  -1.1271 3.5387 -4.3525
v  -1.1328 3.3903 3.5970
v  -1.4812 3.1286 -4.3605
v  -1.3859 3.1993 -4.3592
v  -1.3913 3.0511 3.5903
v  -1.4866 2.9805 3.5889
v  -1.2753 3.2846 -4.3575
v  -1.1834 3.3573 -4.3561
v  -1.1890 3.2089 3.5934
v  -1.2809 3.1363 3.5920
v  -1.4061 3.2619 -4.3579
v  -1.4115 3.1137 3.5916
v  -1.3304 3.1764 3.5928
v  -1.3249 3.3247 -4.3567
v  -1.4160 3.0662 3.5906
v  -1.4106 3.2144 -4.3589
v  -1.4971 3.1503 -4.3601
v  -1.5024 3.0021 3.5894
v  -1.2840 3.3118 -4.3570
v  -1.2895 3.1635 3.5925
v  -1.2057 3.2300 3.5938
v  -1.2001 3.3783 -4.3557
v  -1.4461 3.1418 3.5921
v  -1.4407 3.2900 -4.3574
v  -1.3438 3.3650 -4.3559
v  -1.3493 3.2167 3.5936
v  -1.6147 3.0324 -4.3624
v  -1.6199 2.8844 3.5871
v  -1.7180 2.8158 3.5857
v  -1.7129 2.9638 -4.3638
v  -1.4057 3.1846 -4.3594
v  -1.4111 3.0364 3.5900
v  -1.5058 2.9663 3.5887
v  -1.5005 3.1144 -4.3608
v  -1.6328 3.0956 -4.3612
v  -1.6380 2.9475 3.5883
v  -1.5542 3.0075 3.5895
v  -1.5489 3.1557 -4.3600
v  -1.6390 3.0481 -4.3621
v  -1.7281 2.9859 -4.3633
v  -1.7332 2.8380 3.5862
v  -1.6442 2.9001 3.5874
v  -1.4218 3.2061 -4.3590
v  -1.5083 3.1419 -4.3603
v  -1.5137 2.9938 3.5892
v  -1.4272 3.0579 3.5905
v  -1.6667 3.1248 -4.3606
v  -1.6719 2.9768 3.5889
v  -1.5666 3.1965 -4.3592
v  -1.5718 3.0484 3.5903
v  -1.8560 2.7235 3.5839
v  -1.9571 2.6595 3.5827
v  -1.9522 2.8073 -4.3668
v  -1.8511 2.8714 -4.3656
v  -1.6403 2.8700 3.5868
v  -1.7380 2.8024 3.5855
v  -1.7329 2.9503 -4.3640
v  -1.6351 3.0181 -4.3627
v  -1.8718 2.7875 3.5852
v  -1.8669 2.9353 -4.3643
v  -1.7853 2.8454 3.5863
v  -1.7803 2.9933 -4.3632
v  -1.9715 2.6821 3.5831
v  -1.8798 2.7401 3.5843
v  -1.8749 2.8879 -4.3652
v  -1.9667 2.8299 -4.3664
v  -1.7449 2.8301 3.5860
v  -1.6557 2.8920 3.5872
v  -1.6505 3.0400 -4.3623
v  -1.7398 2.9781 -4.3635
v  -1.8997 2.9655 -4.3637
v  -1.9046 2.8176 3.5858
v  -1.7965 3.0348 -4.3624
v  -1.8015 2.8869 3.5871
v  -2.1946 2.5111 3.5798
v  -2.1899 2.6588 -4.3697
v  -2.0908 2.7206 -4.3685
v  -2.0956 2.5728 3.5810
v  -1.9775 2.6466 3.5824
v  -1.9726 2.7944 -4.3671
v  -1.8721 2.8578 -4.3658
v  -1.8771 2.7100 3.5837
v  -2.1054 2.7846 -4.3673
v  -2.1101 2.6368 3.5822
v  -2.0184 2.8388 -4.3662
v  -2.0232 2.6911 3.5833
v  -2.2039 2.6816 -4.3693
v  -2.2087 2.5339 3.5802
v  -2.1187 2.5901 3.5813
v  -2.1139 2.7378 -4.3682
v  -1.9786 2.8224 -4.3665
v  -1.9834 2.6746 3.5830
v  -1.8917 2.7326 3.5841
v  -1.8868 2.8804 -4.3654
v  -2.1421 2.6681 3.5828
v  -2.1373 2.8158 -4.3667
v  -2.0333 2.8808 -4.3654
v  -2.0381 2.7330 3.5841
v  -2.3289 2.4258 3.5781
v  -2.4258 2.3633 3.5769
v  -2.4210 2.5111 -4.3726
v  -2.3241 2.5736 -4.3714
v  -2.2095 2.6464 -4.3700
v  -2.1115 2.7077 -4.3688
v  -2.1163 2.5600 3.5807
v  -2.2142 2.4987 3.5795
v  -2.3392 2.6374 -4.3701
v  -2.3439 2.4897 3.5794
v  -2.2589 2.5436 3.5804
v  -2.2542 2.6914 -4.3691
v  -2.3518 2.4429 3.5784
v  -2.3471 2.5907 -4.3711
v  -2.4353 2.5338 -4.3722
v  -2.4401 2.3860 3.5773
v  -2.1256 2.7305 -4.3683
v  -2.2154 2.6744 -4.3694
v  -2.2202 2.5266 3.5801
v  -2.1304 2.5828 3.5812
v  -2.3759 2.5208 3.5800
v  -2.3711 2.6686 -4.3695
v  -2.2690 2.7333 -4.3683
v  -2.2738 2.5856 3.5812
v  -2.6555 2.2135 3.5740
v  -2.6507 2.3614 -4.3755
v  -2.5543 2.4245 -4.3743
v  -2.5592 2.2767 3.5752
v  -2.4404 2.4986 -4.3729
v  -2.3443 2.5606 -4.3716
v  -2.3491 2.4128 3.5779
v  -2.4452 2.3508 3.5766
v  -2.5748 2.3405 3.5764
v  -2.5700 2.4883 -4.3731
v  -2.4856 2.5432 -4.3720
v  -2.4905 2.3954 3.5775
v  -2.5775 2.4414 -4.3740
v  -2.6651 2.3839 -4.3751
v  -2.6700 2.2361 3.5744
v  -2.5823 2.2936 3.5755
v  -2.3633 2.4355 3.5783
v  -2.3585 2.5833 -4.3712
v  -2.4467 2.5265 -4.3723
v  -2.4515 2.3787 3.5772
v  -2.6070 2.3713 3.5770
v  -2.6022 2.5191 -4.3725
v  -2.5009 2.5850 -4.3712
v  -2.5057 2.4372 3.5783
v  -2.8789 2.2096 -4.3785
v  -2.7832 2.2736 -4.3772
v  -2.7881 2.1258 3.5723
v  -2.8839 2.0618 3.5710
v  -2.6700 2.3486 -4.3758
v  -2.5744 2.4114 -4.3746
v  -2.5793 2.2636 3.5749
v  -2.6748 2.2008 3.5737
v  -2.7994 2.3372 -4.3760
v  -2.8043 2.1894 3.5735
v  -2.7204 2.2449 3.5746
v  -2.7156 2.3927 -4.3749
v  -2.8985 2.0842 3.5714
v  -2.8114 2.1424 3.5726
v  -2.8065 2.2903 -4.3769
v  -2.8936 2.2321 -4.3781
v  -2.5888 2.4340 -4.3741
v  -2.6765 2.3764 -4.3752
v  -2.6813 2.2286 3.5743
v  -2.5937 2.2862 3.5754
v  -2.8319 2.3677 -4.3754
v  -2.8368 2.2199 3.5741
v  -2.7312 2.4344 -4.3741
v  -2.7360 2.2866 3.5754
v  -3.1057 2.0562 -4.3815
v  -3.0106 2.1209 -4.3802
v  -3.0156 1.9730 3.5693
v  -3.1106 1.9083 3.5680
v  -2.8981 2.1968 -4.3787
v  -2.8032 2.2603 -4.3775
v  -2.8081 2.1124 3.5720
v  -2.9031 2.0489 3.5708
v  -3.0323 2.0364 3.5705
v  -3.0274 2.1843 -4.3790
v  -2.9490 2.0926 3.5716
v  -2.9441 2.2405 -4.3779
v  -3.0390 1.9895 3.5696
v  -3.0340 2.1374 -4.3799
v  -3.1205 2.0785 -4.3811
v  -3.1255 1.9306 3.5684
v  -2.8227 2.1349 3.5724
v  -2.8178 2.2827 -4.3771
v  -2.9049 2.2245 -4.3782
v  -2.9098 2.0767 3.5713
v  -3.0650 2.0668 3.5711
v  -3.0601 2.2146 -4.3784
v  -2.9600 2.2821 -4.3771
v  -2.9650 2.1342 3.5724
v  -3.3300 1.9013 -4.3845
v  -3.2362 1.9665 -4.3832
v  -3.2412 1.8186 3.5663
v  -3.3350 1.7534 3.5650
v  -3.1247 2.0432 -4.3817
v  -3.0305 2.1074 -4.3805
v  -3.0354 1.9595 3.5690
v  -3.1297 1.8953 3.5678
v  -3.2535 2.0299 -4.3820
v  -3.2585 1.8819 3.5675
v  -3.1709 2.0866 -4.3809
v  -3.1759 1.9387 3.5686
v  -3.2596 1.9829 -4.3829
v  -3.3450 1.9235 -4.3841
v  -3.3500 1.7756 3.5654
v  -3.2646 1.8349 3.5666
v  -3.0502 1.9819 3.5694
v  -3.0452 2.1298 -4.3801
v  -3.1317 2.0709 -4.3812
v  -3.1367 1.9230 3.5683
v  -3.2914 1.9119 3.5681
v  -3.2864 2.0599 -4.3814
v  -3.1872 2.1280 -4.3801
v  -3.1922 1.9801 3.5694
v  1.3234 5.9698 -4.3051
v  1.4084 6.0352 -4.3038
# 532 vertices

vn 0.6979 -0.7161 -0.0129
vn 0.6098 -0.7924 -0.0144
vn 0.9254 0.3789 0.0079
vn -0.4083 -0.9127 -0.0174
vn 0.5995 -0.8003 -0.0145
vn -0.7017 0.7124 0.0128
vn -0.0007 -0.0186 0.9998
vn -0.8854 -0.4647 -0.0095
vn 0.4977 0.8672 0.0166
vn -0.6040 0.7969 0.0145
vn 0.0000 -0.0195 0.9998
vn 0.8283 0.5602 0.0109
vn 0.0000 0.0195 -0.9998
vn -0.6750 -0.7377 -0.0144
vn 0.7475 -0.6642 -0.0119
vn 0.7088 -0.7053 -0.0127
vn 0.8777 0.4792 0.0098
vn -0.4659 -0.8847 -0.0170
vn 0.7364 -0.6764 -0.0121
vn -0.7483 0.6632 0.0119
vn -0.7085 0.7056 0.0127
vn -0.8410 -0.5409 -0.0108
vn 0.5076 0.8614 0.0166
vn -0.7364 0.6764 0.0121
vn 0.6737 0.7389 0.0144
vn -0.6668 -0.7451 -0.0145
vn 0.7499 -0.6615 -0.0118
vn 0.7489 -0.6626 -0.0119
vn 0.8716 0.4901 0.0100
vn -0.4773 -0.8786 -0.0170
vn 0.7514 -0.6598 -0.0118
vn -0.7498 0.6616 0.0118
vn -0.7487 0.6628 0.0119
vn -0.8375 -0.5464 -0.0110
vn 0.5175 0.8555 0.0165
vn -0.7515 0.6596 0.0118
vn 0.6668 0.7451 0.0146
vn -0.6756 -0.7371 -0.0144
vn 0.7358 -0.6771 -0.0121
vn 0.7494 -0.6620 -0.0118
vn 0.8787 0.4772 0.0097
vn -0.4930 -0.8699 -0.0168
vn 0.7448 -0.6672 -0.0120
vn -0.7354 0.6775 0.0121
vn -0.7495 0.6619 0.0118
vn -0.8469 -0.5316 -0.0107
vn 0.5326 0.8462 0.0164
vn -0.7453 0.6666 0.0119
vn 0.6708 0.7415 0.0145
vn -0.6884 -0.7252 -0.0142
vn 0.7360 -0.6769 -0.0121
vn 0.7348 -0.6782 -0.0122
vn 0.8839 0.4675 0.0095
vn -0.4972 -0.8675 -0.0167
vn 0.7313 -0.6820 -0.0122
vn -0.7361 0.6768 0.0122
vn -0.7351 0.6779 0.0121
vn -0.8495 -0.5275 -0.0106
vn 0.5369 0.8435 0.0163
vn -0.7316 0.6816 0.0122
vn 0.6850 0.7284 0.0142
vn -0.6769 -0.7359 -0.0144
vn 0.7443 -0.6677 -0.0119
vn 0.7369 -0.6759 -0.0121
vn 0.8772 0.4800 0.0098
vn -0.4855 -0.8741 -0.0168
vn 0.7412 -0.6712 -0.0120
vn -0.7444 0.6676 0.0119
vn -0.7367 0.6761 0.0121
vn -0.8425 -0.5386 -0.0108
vn 0.5255 0.8506 0.0164
vn -0.7413 0.6711 0.0120
vn 0.6799 0.7332 0.0143
vn -0.6714 -0.7410 -0.0145
vn 0.7470 -0.6647 -0.0119
vn 0.8744 0.4850 0.0099
vn -0.4813 -0.8764 -0.0168
vn 0.7465 -0.6653 -0.0119
vn -0.7471 0.6646 0.0119
vn -0.7447 0.6673 0.0119
vn -0.8398 -0.5428 -0.0109
vn 0.5214 0.8532 0.0165
vn -0.7465 0.6653 0.0119
vn 0.6726 0.7399 0.0144
vn -0.6713 -0.7410 -0.0144
vn 0.7440 -0.6681 -0.0120
vn 0.7471 -0.6646 -0.0119
vn 0.8757 0.4828 0.0098
vn -0.4829 -0.8755 -0.0169
vn 0.7463 -0.6655 -0.0119
vn -0.7438 0.6683 0.0120
vn -0.8415 -0.5401 -0.0109
vn 0.5230 0.8522 0.0165
vn -0.7464 0.6654 0.0119
vn 0.6706 0.7417 0.0145
vn -0.6776 -0.7353 -0.0144
vn 0.7317 -0.6815 -0.0123
vn 0.7435 -0.6687 -0.0120
vn 0.8823 0.4706 0.0096
vn -0.4940 -0.8693 -0.0168
vn 0.7393 -0.6733 -0.0121
vn -0.7315 0.6817 0.0122
vn -0.7437 0.6684 0.0120
vn -0.8498 -0.5271 -0.0106
vn 0.5337 0.8455 0.0163
vn -0.7391 0.6735 0.0121
vn 0.6748 0.7379 0.0144
vn -0.6967 -0.7172 -0.0140
vn 0.6955 -0.7184 -0.0129
vn 0.7301 -0.6832 -0.0123
vn 0.9018 0.4321 0.0088
vn -0.5197 -0.8542 -0.0165
vn 0.7154 -0.6986 -0.0125
vn -0.6947 0.7192 0.0129
vn -0.7306 0.6827 0.0123
vn -0.8729 -0.4878 -0.0098
vn 0.5597 0.8285 0.0160
vn -0.7165 0.6975 0.0125
vn 0.6878 0.7258 0.0142
vn -0.7320 -0.6812 -0.0133
vn 0.6658 -0.7460 -0.0135
vn 0.6930 -0.7208 -0.0130
vn 0.9207 0.3902 0.0080
vn -0.5617 -0.8272 -0.0159
vn 0.6803 -0.7328 -0.0132
vn -0.6661 0.7457 0.0134
vn -0.6942 0.7197 0.0130
vn -0.8931 -0.4497 -0.0091
vn 0.6000 0.7999 0.0154
vn -0.6793 0.7337 0.0132
vn 0.7215 0.6923 0.0135
vn -0.7548 -0.6559 -0.0128
vn -0.0001 -0.0196 0.9998
vn 0.6426 -0.7661 -0.0139
vn 0.6657 -0.7461 -0.0135
vn 0.9323 0.3616 0.0075
vn -0.5874 -0.8091 -0.0156
vn 0.6536 -0.7567 -0.0137
vn -0.6414 0.7671 0.0139
vn -0.6661 0.7458 0.0135
vn -0.9065 -0.4221 -0.0085
vn 0.6246 0.7808 0.0151
vn -0.6542 0.7562 0.0137
vn 0.7482 0.6634 0.0129
vn -0.7728 -0.6346 -0.0124
vn 0.6233 -0.7819 -0.0142
vn 0.6399 -0.7683 -0.0139
vn 0.9423 0.3346 0.0069
vn -0.6073 -0.7943 -0.0152
vn 0.6311 -0.7756 -0.0140
vn -0.6228 0.7823 0.0142
vn -0.6401 0.7682 0.0139
vn -0.9180 -0.3964 -0.0080
vn 0.6444 0.7646 0.0147
vn -0.6311 0.7756 0.0141
vn 0.7672 0.6413 0.0125
vn -0.7896 -0.6135 -0.0120
vn 0.5954 -0.8033 -0.0146
vn 0.6203 -0.7842 -0.0142
vn 0.9516 0.3074 0.0064
vn -0.6285 -0.7777 -0.0149
vn 0.6118 -0.7909 -0.0144
vn -0.5954 0.8033 0.0146
vn -0.6209 0.7838 0.0142
vn -0.9291 -0.3697 -0.0075
vn 0.6648 0.7469 0.0144
vn -0.6118 0.7909 0.0144
vn 0.7840 0.6207 0.0121
vn -0.8065 -0.5911 -0.0115
vn 0.5733 -0.8192 -0.0149
vn 0.5949 -0.8037 -0.0146
vn 0.9612 0.2758 0.0058
vn -0.6484 -0.7612 -0.0146
vn 0.5821 -0.8130 -0.0148
vn -0.5726 0.8197 0.0149
vn -0.5953 0.8034 0.0146
vn -0.9405 -0.3397 -0.0069
vn 0.6843 0.7291 0.0141
vn -0.5824 0.8128 0.0148
vn 0.8008 0.5988 0.0117
vn -0.8248 -0.5653 -0.0110
vn 0.5356 -0.8443 -0.0154
vn 0.5692 -0.8221 -0.0150
vn 0.9708 0.2397 0.0051
vn -0.6724 -0.7401 -0.0142
vn 0.5566 -0.8306 -0.0151
vn -0.5342 0.8452 0.0154
vn -0.5700 0.8215 0.0150
vn -0.9525 -0.3046 -0.0062
vn 0.7074 0.7067 0.0136
vn -0.5574 0.8301 0.0151
vn 0.8186 0.5743 0.0113
vn -0.8438 -0.5365 -0.0105
vn -0.0001 -0.0195 0.9998
vn 0.5290 -0.8485 -0.0155
vn 0.5337 -0.8455 -0.0154
vn 0.9750 0.2221 0.0047
vn -0.6963 -0.7176 -0.0137
vn 0.5297 -0.8480 -0.0154
vn -0.5294 0.8482 0.0155
vn -0.5341 0.8453 0.0154
vn -0.9578 -0.2872 -0.0059
vn 0.7301 0.6832 0.0132
vn -0.5297 0.8480 0.0154
vn 0.8390 0.5441 0.0106
vn -0.8519 -0.5236 -0.0102
vn 0.5417 -0.8404 -0.0153
vn 0.5307 -0.8474 -0.0155
vn 0.9732 0.2298 0.0049
vn -0.7087 -0.7054 -0.0136
vn 0.5361 -0.8440 -0.0154
vn -0.5418 0.8404 0.0153
vn -0.5305 0.8475 0.0154
vn -0.9557 -0.2944 -0.0061
vn 0.7402 0.6723 0.0129
vn -0.5359 0.8442 0.0154
vn 0.8507 0.5255 0.0103
vn -0.8466 -0.5321 -0.0104
vn 0.5483 -0.8362 -0.0152
vn 0.5420 -0.8402 -0.0153
vn 0.9710 0.2391 0.0051
vn -0.7021 -0.7120 -0.0137
vn 0.5456 -0.8379 -0.0153
vn -0.5485 0.8360 0.0153
vn -0.9528 -0.3035 -0.0062
vn 0.7338 0.6792 0.0131
vn -0.5455 0.8380 0.0153
vn 0.8482 0.5296 0.0103
vn -0.8417 -0.5398 -0.0105
vn 0.5556 -0.8313 -0.0152
vn 0.5492 -0.8356 -0.0152
vn 0.9689 0.2474 0.0052
vn -0.6954 -0.7185 -0.0139
vn 0.5518 -0.8338 -0.0152
vn -0.5555 0.8314 0.0151
vn -0.5490 0.8357 0.0152
vn -0.9502 -0.3117 -0.0063
vn 0.7275 0.6860 0.0132
vn -0.5521 0.8336 0.0152
vn 0.8433 0.5373 0.0105
vn -0.8374 -0.5465 -0.0107
vn 0.5628 -0.8265 -0.0151
vn 0.5558 -0.8312 -0.0152
vn 0.9668 0.2554 0.0054
vn -0.6896 -0.7241 -0.0139
vn 0.5592 -0.8289 -0.0151
vn -0.5629 0.8264 0.0151
vn -0.9476 -0.3195 -0.0065
vn 0.7220 0.6918 0.0134
vn -0.5590 0.8290 0.0151
vn 0.8388 0.5444 0.0106
vn -0.8330 -0.5531 -0.0108
vn 0.5710 -0.8208 -0.0150
vn 0.5631 -0.8262 -0.0151
vn 0.9644 0.2643 0.0055
vn -0.6845 -0.7289 -0.0141
vn 0.5664 -0.8240 -0.0150
vn -0.5711 0.8207 0.0149
vn -0.5630 0.8263 0.0150
vn -0.9446 -0.3280 -0.0067
vn 0.7170 0.6970 0.0134
vn -0.5666 0.8239 0.0150
vn 0.8344 0.5510 0.0108
vn -0.0001 0.0194 -0.9998
vn -0.8287 -0.5596 -0.0110
vn -0.6098 0.7924 0.0144
vn 0.7925 0.6097 0.0118
vn -0.7926 -0.6097 -0.0118
vn 0.0007 0.0186 -0.9998
# 269 vertex normals

vt 0.6302 0.5412 0.0000
vt 0.6302 0.5011 0.0000
vt 0.6419 0.5011 0.0000
vt 0.6419 0.5412 0.0000
vt 0.7266 0.7339 0.0000
vt 0.7266 0.7740 0.0000
vt 0.7168 0.7740 0.0000
vt 0.7168 0.7339 0.0000
vt 0.9142 0.9354 0.0000
vt 0.9178 0.9355 0.0000
vt 0.9178 0.9756 0.0000
vt 0.9142 0.9755 0.0000
vt 0.7987 0.9355 0.0000
vt 0.8022 0.9354 0.0000
vt 0.8022 0.9755 0.0000
vt 0.7987 0.9756 0.0000
vt 0.6139 0.5412 0.0000
vt 0.6140 0.5011 0.0000
vt 0.6283 0.5011 0.0000
vt 0.6283 0.5412 0.0000
vt 0.6552 0.5658 0.0000
vt 0.6552 0.6059 0.0000
vt 0.6446 0.6059 0.0000
vt 0.6446 0.5658 0.0000
vt 0.7572 0.9009 0.0000
vt 0.7558 0.9012 0.0000
vt 0.7557 0.8922 0.0000
vt 0.7571 0.8919 0.0000
vt 0.9064 0.5656 0.0000
vt 0.9064 0.6057 0.0000
vt 0.9020 0.6058 0.0000
vt 0.9020 0.5657 0.0000
vt 0.9078 0.9001 0.0000
vt 0.9078 0.8600 0.0000
vt 0.9123 0.8601 0.0000
vt 0.9123 0.9002 0.0000
vt 0.5956 0.5658 0.0000
vt 0.6128 0.5658 0.0000
vt 0.6128 0.6059 0.0000
vt 0.5956 0.6059 0.0000
vt 0.7566 0.8706 0.0000
vt 0.7572 0.8600 0.0000
vt 0.7587 0.8601 0.0000
vt 0.7580 0.8718 0.0000
vt 0.7522 0.8727 0.0000
vt 0.7545 0.8740 0.0000
vt 0.7548 0.8883 0.0000
vt 0.7525 0.8899 0.0000
vt 0.5672 0.9465 0.0000
vt 0.5686 0.9465 0.0000
vt 0.5686 0.9866 0.0000
vt 0.5672 0.9866 0.0000
vt 0.7585 0.8906 0.0000
vt 0.8233 0.8726 0.0000
vt 0.8210 0.8711 0.0000
vt 0.8256 0.8692 0.0000
vt 0.8270 0.8705 0.0000
vt 0.8271 0.9009 0.0000
vt 0.8257 0.9010 0.0000
vt 0.8250 0.8904 0.0000
vt 0.8264 0.8892 0.0000
vt 0.8271 0.8607 0.0000
vt 0.8257 0.8603 0.0000
vt 0.8207 0.8883 0.0000
vt 0.8230 0.8870 0.0000
vt 0.9944 0.9442 0.0000
vt 0.9944 0.9843 0.0000
vt 0.9929 0.9843 0.0000
vt 0.9929 0.9442 0.0000
vt 0.7587 0.9004 0.0000
vt 0.6931 0.6899 0.0000
vt 0.6931 0.6498 0.0000
vt 0.7031 0.6498 0.0000
vt 0.7031 0.6899 0.0000
vt 0.6147 0.6078 0.0000
vt 0.6260 0.6078 0.0000
vt 0.6260 0.6479 0.0000
vt 0.6147 0.6479 0.0000
vt 0.9678 0.8180 0.0000
vt 0.9714 0.8180 0.0000
vt 0.9714 0.8581 0.0000
vt 0.9678 0.8581 0.0000
vt 0.7903 0.9842 0.0000
vt 0.7872 0.9842 0.0000
vt 0.7872 0.9441 0.0000
vt 0.7903 0.9441 0.0000
vt 0.7496 0.8160 0.0000
vt 0.7405 0.8160 0.0000
vt 0.7405 0.7759 0.0000
vt 0.7496 0.7759 0.0000
vt 0.8191 0.5412 0.0000
vt 0.8100 0.5412 0.0000
vt 0.8100 0.5011 0.0000
vt 0.8191 0.5011 0.0000
vt 0.5257 0.6602 0.0000
vt 0.5257 0.6201 0.0000
vt 0.5361 0.6201 0.0000
vt 0.5361 0.6602 0.0000
vt 0.8996 0.8180 0.0000
vt 0.8996 0.8581 0.0000
vt 0.8951 0.8581 0.0000
vt 0.8951 0.8180 0.0000
vt 0.9662 0.5012 0.0000
vt 0.9662 0.5413 0.0000
vt 0.9622 0.5412 0.0000
vt 0.9622 0.5011 0.0000
vt 0.6066 0.6078 0.0000
vt 0.6066 0.6479 0.0000
vt 0.5956 0.6479 0.0000
vt 0.5956 0.6078 0.0000
vt 0.6122 0.8280 0.0000
vt 0.6107 0.8271 0.0000
vt 0.6109 0.8179 0.0000
vt 0.6123 0.8179 0.0000
vt 0.6087 0.8390 0.0000
vt 0.6064 0.8400 0.0000
vt 0.6065 0.8290 0.0000
vt 0.6088 0.8299 0.0000
vt 0.9897 0.6892 0.0000
vt 0.9882 0.6892 0.0000
vt 0.9882 0.6491 0.0000
vt 0.9897 0.6491 0.0000
vt 0.6107 0.8412 0.0000
vt 0.6121 0.8403 0.0000
vt 0.5877 0.6317 0.0000
vt 0.5854 0.6308 0.0000
vt 0.5896 0.6295 0.0000
vt 0.5911 0.6304 0.0000
vt 0.5911 0.6428 0.0000
vt 0.5913 0.6528 0.0000
vt 0.5898 0.6528 0.0000
vt 0.5897 0.6437 0.0000
vt 0.5913 0.6191 0.0000
vt 0.5898 0.6191 0.0000
vt 0.5878 0.6408 0.0000
vt 0.5854 0.6418 0.0000
vt 0.9988 0.8581 0.0000
vt 0.9973 0.8581 0.0000
vt 0.9973 0.8180 0.0000
vt 0.9988 0.8180 0.0000
vt 0.6123 0.8516 0.0000
vt 0.6109 0.8516 0.0000
vt 0.5134 0.7461 0.0000
vt 0.5231 0.7461 0.0000
vt 0.5231 0.7862 0.0000
vt 0.5135 0.7862 0.0000
vt 0.5829 0.7433 0.0000
vt 0.5730 0.7433 0.0000
vt 0.5730 0.7031 0.0000
vt 0.5829 0.7031 0.0000
vt 0.9681 0.5412 0.0000
vt 0.9681 0.5011 0.0000
vt 0.9717 0.5012 0.0000
vt 0.9717 0.5413 0.0000
vt 0.9862 0.7339 0.0000
vt 0.9862 0.7740 0.0000
vt 0.9831 0.7740 0.0000
vt 0.9831 0.7339 0.0000
vt 0.8852 0.6058 0.0000
vt 0.8852 0.5657 0.0000
vt 0.8937 0.5657 0.0000
vt 0.8937 0.6058 0.0000
vt 0.7639 0.8180 0.0000
vt 0.7727 0.8180 0.0000
vt 0.7727 0.8581 0.0000
vt 0.7639 0.8581 0.0000
vt 0.8191 0.7319 0.0000
vt 0.8100 0.7319 0.0000
vt 0.8100 0.6918 0.0000
vt 0.8191 0.6918 0.0000
vt 0.9000 0.7740 0.0000
vt 0.8955 0.7740 0.0000
vt 0.8955 0.7339 0.0000
vt 0.9000 0.7339 0.0000
vt 0.9706 0.7740 0.0000
vt 0.9666 0.7740 0.0000
vt 0.9666 0.7339 0.0000
vt 0.9706 0.7339 0.0000
vt 0.6912 0.5412 0.0000
vt 0.6811 0.5412 0.0000
vt 0.6811 0.5011 0.0000
vt 0.6912 0.5011 0.0000
vt 0.9457 0.7843 0.0000
vt 0.9471 0.7843 0.0000
vt 0.9471 0.7940 0.0000
vt 0.9457 0.7931 0.0000
vt 0.9438 0.8044 0.0000
vt 0.9415 0.8053 0.0000
vt 0.9415 0.7951 0.0000
vt 0.9438 0.7959 0.0000
vt 0.9990 0.5011 0.0000
vt 0.9990 0.5412 0.0000
vt 0.9976 0.5412 0.0000
vt 0.9976 0.5011 0.0000
vt 0.9471 0.8055 0.0000
vt 0.9457 0.8064 0.0000
vt 0.9450 0.5756 0.0000
vt 0.9417 0.5767 0.0000
vt 0.9393 0.5758 0.0000
vt 0.9436 0.5747 0.0000
vt 0.9436 0.5968 0.0000
vt 0.9436 0.5880 0.0000
vt 0.9450 0.5872 0.0000
vt 0.9450 0.5969 0.0000
vt 0.9436 0.5656 0.0000
vt 0.9450 0.5657 0.0000
vt 0.9417 0.5853 0.0000
vt 0.9393 0.5861 0.0000
vt 0.9957 0.5011 0.0000
vt 0.9957 0.5412 0.0000
vt 0.9943 0.5412 0.0000
vt 0.9943 0.5011 0.0000
vt 0.9457 0.8155 0.0000
vt 0.9471 0.8154 0.0000
vt 0.7757 0.5011 0.0000
vt 0.7853 0.5011 0.0000
vt 0.7853 0.5412 0.0000
vt 0.7757 0.5412 0.0000
vt 0.7872 0.7339 0.0000
vt 0.7968 0.7339 0.0000
vt 0.7968 0.7740 0.0000
vt 0.7872 0.7740 0.0000
vt 0.9689 0.6491 0.0000
vt 0.9725 0.6491 0.0000
vt 0.9725 0.6892 0.0000
vt 0.9689 0.6892 0.0000
vt 0.9843 0.9442 0.0000
vt 0.9843 0.9843 0.0000
vt 0.9812 0.9843 0.0000
vt 0.9812 0.9442 0.0000
vt 0.6689 0.8600 0.0000
vt 0.6772 0.8600 0.0000
vt 0.6772 0.9001 0.0000
vt 0.6689 0.9001 0.0000
vt 0.7844 0.8180 0.0000
vt 0.7844 0.8581 0.0000
vt 0.7756 0.8581 0.0000
vt 0.7756 0.8180 0.0000
vt 0.8511 0.8180 0.0000
vt 0.8511 0.8581 0.0000
vt 0.8424 0.8581 0.0000
vt 0.8424 0.8180 0.0000
vt 0.9019 0.6479 0.0000
vt 0.9019 0.6078 0.0000
vt 0.9064 0.6077 0.0000
vt 0.9064 0.6478 0.0000
vt 0.9624 0.5959 0.0000
vt 0.9624 0.5558 0.0000
vt 0.9664 0.5558 0.0000
vt 0.9664 0.5959 0.0000
vt 0.7168 0.7320 0.0000
vt 0.7168 0.6919 0.0000
vt 0.7268 0.6919 0.0000
vt 0.7268 0.7320 0.0000
vt 0.6497 0.9351 0.0000
vt 0.6498 0.9448 0.0000
vt 0.6483 0.9440 0.0000
vt 0.6483 0.9352 0.0000
vt 0.6441 0.9560 0.0000
vt 0.6441 0.9460 0.0000
vt 0.6465 0.9467 0.0000
vt 0.6465 0.9550 0.0000
vt 0.9990 0.6387 0.0000
vt 0.9976 0.6387 0.0000
vt 0.9976 0.5986 0.0000
vt 0.9990 0.5986 0.0000
vt 0.6498 0.9561 0.0000
vt 0.6483 0.9570 0.0000
vt 0.6609 0.9439 0.0000
vt 0.6623 0.9447 0.0000
vt 0.6590 0.9458 0.0000
vt 0.6566 0.9449 0.0000
vt 0.6622 0.9658 0.0000
vt 0.6608 0.9656 0.0000
vt 0.6609 0.9568 0.0000
vt 0.6623 0.9561 0.0000
vt 0.6623 0.9351 0.0000
vt 0.6608 0.9351 0.0000
vt 0.6590 0.9541 0.0000
vt 0.6567 0.9548 0.0000
vt 0.9909 0.6918 0.0000
vt 0.9924 0.6918 0.0000
vt 0.9924 0.7319 0.0000
vt 0.9909 0.7319 0.0000
vt 0.6498 0.9657 0.0000
vt 0.6483 0.9657 0.0000
vt 0.7031 0.5412 0.0000
vt 0.6931 0.5412 0.0000
vt 0.6931 0.5011 0.0000
vt 0.7031 0.5011 0.0000
vt 0.5261 0.7461 0.0000
vt 0.5357 0.7461 0.0000
vt 0.5357 0.7863 0.0000
vt 0.5261 0.7863 0.0000
vt 0.9742 0.9423 0.0000
vt 0.9706 0.9422 0.0000
vt 0.9706 0.9021 0.0000
vt 0.9742 0.9021 0.0000
vt 0.7466 0.9441 0.0000
vt 0.7497 0.9440 0.0000
vt 0.7497 0.9841 0.0000
vt 0.7466 0.9842 0.0000
vt 0.8622 0.5412 0.0000
vt 0.8535 0.5412 0.0000
vt 0.8535 0.5011 0.0000
vt 0.8622 0.5011 0.0000
vt 0.7168 0.7759 0.0000
vt 0.7259 0.7759 0.0000
vt 0.7259 0.8160 0.0000
vt 0.7168 0.8160 0.0000
vt 0.8094 0.8581 0.0000
vt 0.8094 0.8180 0.0000
vt 0.8182 0.8180 0.0000
vt 0.8182 0.8581 0.0000
vt 0.8956 0.6058 0.0000
vt 0.8956 0.5657 0.0000
vt 0.9001 0.5656 0.0000
vt 0.9001 0.6057 0.0000
vt 0.9584 0.8601 0.0000
vt 0.9584 0.9002 0.0000
vt 0.9543 0.9001 0.0000
vt 0.9543 0.8600 0.0000
vt 0.5588 0.6191 0.0000
vt 0.5588 0.6592 0.0000
vt 0.5484 0.6592 0.0000
vt 0.5484 0.6191 0.0000
vt 0.7813 0.9020 0.0000
vt 0.7812 0.9120 0.0000
vt 0.7798 0.9112 0.0000
vt 0.7798 0.9021 0.0000
vt 0.7756 0.9237 0.0000
vt 0.7756 0.9132 0.0000
vt 0.7779 0.9140 0.0000
vt 0.7779 0.9227 0.0000
vt 0.9911 0.9001 0.0000
vt 0.9911 0.8600 0.0000
vt 0.9926 0.8601 0.0000
vt 0.9926 0.9002 0.0000
vt 0.7813 0.9238 0.0000
vt 0.7798 0.9247 0.0000
vt 0.8679 0.9109 0.0000
vt 0.8693 0.9118 0.0000
vt 0.8660 0.9129 0.0000
vt 0.8636 0.9119 0.0000
vt 0.8693 0.9336 0.0000
vt 0.8679 0.9335 0.0000
vt 0.8678 0.9244 0.0000
vt 0.8693 0.9236 0.0000
vt 0.8693 0.9022 0.0000
vt 0.8678 0.9021 0.0000
vt 0.8659 0.9216 0.0000
vt 0.8636 0.9224 0.0000
vt 0.9954 0.8180 0.0000
vt 0.9954 0.8581 0.0000
vt 0.9940 0.8581 0.0000
vt 0.9940 0.8180 0.0000
vt 0.7813 0.9334 0.0000
vt 0.7798 0.9335 0.0000
vt 0.7386 0.7320 0.0000
vt 0.7287 0.7320 0.0000
vt 0.7287 0.6919 0.0000
vt 0.7386 0.6919 0.0000
vt 0.6055 0.7320 0.0000
vt 0.5956 0.7320 0.0000
vt 0.5956 0.6918 0.0000
vt 0.6055 0.6918 0.0000
vt 0.9683 0.5558 0.0000
vt 0.9719 0.5558 0.0000
vt 0.9719 0.5959 0.0000
vt 0.9683 0.5959 0.0000
vt 0.9761 0.9442 0.0000
vt 0.9793 0.9442 0.0000
vt 0.9793 0.9843 0.0000
vt 0.9761 0.9843 0.0000
vt 0.8622 0.7740 0.0000
vt 0.8535 0.7740 0.0000
vt 0.8535 0.7339 0.0000
vt 0.8622 0.7339 0.0000
vt 0.5847 0.7853 0.0000
vt 0.5847 0.7452 0.0000
vt 0.5937 0.7452 0.0000
vt 0.5937 0.7853 0.0000
vt 0.8097 0.8161 0.0000
vt 0.8097 0.7759 0.0000
vt 0.8188 0.7759 0.0000
vt 0.8188 0.8161 0.0000
vt 0.8955 0.7320 0.0000
vt 0.8955 0.6918 0.0000
vt 0.9000 0.6918 0.0000
vt 0.9000 0.7319 0.0000
vt 0.9662 0.5987 0.0000
vt 0.9662 0.6388 0.0000
vt 0.9622 0.6387 0.0000
vt 0.9622 0.5986 0.0000
vt 0.5115 0.6201 0.0000
vt 0.5115 0.6602 0.0000
vt 0.5011 0.6602 0.0000
vt 0.5011 0.6201 0.0000
vt 0.6867 0.9020 0.0000
vt 0.6866 0.9119 0.0000
vt 0.6852 0.9111 0.0000
vt 0.6852 0.9020 0.0000
vt 0.6833 0.9139 0.0000
vt 0.6833 0.9226 0.0000
vt 0.6810 0.9235 0.0000
vt 0.6810 0.9130 0.0000
vt 0.9932 0.9021 0.0000
vt 0.9946 0.9021 0.0000
vt 0.9946 0.9422 0.0000
vt 0.9932 0.9422 0.0000
vt 0.6866 0.9237 0.0000
vt 0.6852 0.9246 0.0000
vt 0.6973 0.9111 0.0000
vt 0.6987 0.9120 0.0000
vt 0.6954 0.9131 0.0000
vt 0.6931 0.9122 0.0000
vt 0.6988 0.9337 0.0000
vt 0.6973 0.9337 0.0000
vt 0.6973 0.9246 0.0000
vt 0.6987 0.9238 0.0000
vt 0.6973 0.9020 0.0000
vt 0.6988 0.9021 0.0000
vt 0.6954 0.9218 0.0000
vt 0.6931 0.9227 0.0000
vt 0.5450 0.9563 0.0000
vt 0.5464 0.9563 0.0000
vt 0.5464 0.9964 0.0000
vt 0.5450 0.9964 0.0000
vt 0.6867 0.9336 0.0000
vt 0.6852 0.9337 0.0000
vt 0.7409 0.5657 0.0000
vt 0.7507 0.5657 0.0000
vt 0.7507 0.6058 0.0000
vt 0.7409 0.6058 0.0000
vt 0.7621 0.5412 0.0000
vt 0.7523 0.5412 0.0000
vt 0.7523 0.5011 0.0000
vt 0.7621 0.5011 0.0000
vt 0.9681 0.5986 0.0000
vt 0.9717 0.5987 0.0000
vt 0.9717 0.6388 0.0000
vt 0.9681 0.6387 0.0000
vt 0.9859 0.9001 0.0000
vt 0.9828 0.9002 0.0000
vt 0.9828 0.8601 0.0000
vt 0.9859 0.8600 0.0000
vt 0.5378 0.7041 0.0000
vt 0.5464 0.7041 0.0000
vt 0.5464 0.7442 0.0000
vt 0.5378 0.7442 0.0000
vt 0.8315 0.7759 0.0000
vt 0.8405 0.7759 0.0000
vt 0.8405 0.8161 0.0000
vt 0.8315 0.8161 0.0000
vt 0.5937 0.7872 0.0000
vt 0.5937 0.8273 0.0000
vt 0.5847 0.8273 0.0000
vt 0.5847 0.7872 0.0000
vt 0.9000 0.6077 0.0000
vt 0.9000 0.6478 0.0000
vt 0.8955 0.6479 0.0000
vt 0.8955 0.6078 0.0000
vt 0.9630 0.6892 0.0000
vt 0.9630 0.6491 0.0000
vt 0.9670 0.6491 0.0000
vt 0.9670 0.6892 0.0000
vt 0.6670 0.6078 0.0000
vt 0.6670 0.6479 0.0000
vt 0.6566 0.6479 0.0000
vt 0.6566 0.6078 0.0000
vt 0.8480 0.9030 0.0000
vt 0.8480 0.9129 0.0000
vt 0.8466 0.9120 0.0000
vt 0.8466 0.9030 0.0000
vt 0.8424 0.9243 0.0000
vt 0.8424 0.9140 0.0000
vt 0.8447 0.9148 0.0000
vt 0.8447 0.9234 0.0000
vt 0.9977 0.9843 0.0000
vt 0.9963 0.9843 0.0000
vt 0.9963 0.9442 0.0000
vt 0.9977 0.9442 0.0000
vt 0.8480 0.9245 0.0000
vt 0.8466 0.9254 0.0000
vt 0.6060 0.9132 0.0000
vt 0.6102 0.9122 0.0000
vt 0.6117 0.9130 0.0000
vt 0.6083 0.9141 0.0000
vt 0.6117 0.9346 0.0000
vt 0.6102 0.9345 0.0000
vt 0.6102 0.9255 0.0000
vt 0.6117 0.9247 0.0000
vt 0.6102 0.9031 0.0000
vt 0.6117 0.9032 0.0000
vt 0.6083 0.9228 0.0000
vt 0.6060 0.9236 0.0000
vt 0.5026 0.9965 0.0000
vt 0.5011 0.9965 0.0000
vt 0.5011 0.9564 0.0000
vt 0.5026 0.9564 0.0000
vt 0.8466 0.9344 0.0000
vt 0.8480 0.9344 0.0000
vt 0.6310 0.7338 0.0000
vt 0.6408 0.7339 0.0000
vt 0.6408 0.7740 0.0000
vt 0.6310 0.7740 0.0000
vt 0.6147 0.7339 0.0000
vt 0.6245 0.7339 0.0000
vt 0.6245 0.7740 0.0000
vt 0.6147 0.7740 0.0000
vt 0.9681 0.7319 0.0000
vt 0.9681 0.6918 0.0000
vt 0.9717 0.6918 0.0000
vt 0.9717 0.7319 0.0000
vt 0.5878 0.9859 0.0000
vt 0.5847 0.9860 0.0000
vt 0.5847 0.9458 0.0000
vt 0.5878 0.9458 0.0000
vt 0.8851 0.6498 0.0000
vt 0.8936 0.6498 0.0000
vt 0.8936 0.6899 0.0000
vt 0.8851 0.6899 0.0000
vt 0.7287 0.8179 0.0000
vt 0.7375 0.8179 0.0000
vt 0.7375 0.8580 0.0000
vt 0.7287 0.8581 0.0000
vt 0.8319 0.5412 0.0000
vt 0.8319 0.5011 0.0000
vt 0.8408 0.5011 0.0000
vt 0.8408 0.5412 0.0000
vt 0.8955 0.5413 0.0000
vt 0.8955 0.5012 0.0000
vt 0.9000 0.5011 0.0000
vt 0.9000 0.5412 0.0000
vt 0.9647 0.9422 0.0000
vt 0.9647 0.9021 0.0000
vt 0.9687 0.9021 0.0000
vt 0.9687 0.9423 0.0000
vt 0.6310 0.6899 0.0000
vt 0.6310 0.6498 0.0000
vt 0.6412 0.6498 0.0000
vt 0.6412 0.6899 0.0000
vt 0.9462 0.9022 0.0000
vt 0.9477 0.9021 0.0000
vt 0.9477 0.9119 0.0000
vt 0.9463 0.9111 0.0000
vt 0.9420 0.9233 0.0000
vt 0.9420 0.9131 0.0000
vt 0.9444 0.9139 0.0000
vt 0.9444 0.9224 0.0000
vt 0.9969 0.7759 0.0000
vt 0.9983 0.7760 0.0000
vt 0.9983 0.8161 0.0000
vt 0.9969 0.8160 0.0000
vt 0.9477 0.9235 0.0000
vt 0.9463 0.9244 0.0000
vt 0.9450 0.7016 0.0000
vt 0.9417 0.7027 0.0000
vt 0.9393 0.7018 0.0000
vt 0.9436 0.7008 0.0000
vt 0.9450 0.7132 0.0000
vt 0.9450 0.7231 0.0000
vt 0.9435 0.7230 0.0000
vt 0.9436 0.7141 0.0000
vt 0.9436 0.6918 0.0000
vt 0.9450 0.6918 0.0000
vt 0.9417 0.7113 0.0000
vt 0.9393 0.7121 0.0000
vt 0.5573 0.9955 0.0000
vt 0.5573 0.9554 0.0000
vt 0.5587 0.9554 0.0000
vt 0.5587 0.9955 0.0000
vt 0.9463 0.9334 0.0000
vt 0.9477 0.9333 0.0000
vt 0.7639 0.7339 0.0000
vt 0.7737 0.7339 0.0000
vt 0.7737 0.7740 0.0000
vt 0.7639 0.7740 0.0000
vt 0.7756 0.7339 0.0000
vt 0.7853 0.7339 0.0000
vt 0.7853 0.7740 0.0000
vt 0.7756 0.7740 0.0000
vt 0.9532 0.9753 0.0000
vt 0.9496 0.9752 0.0000
vt 0.9496 0.9351 0.0000
vt 0.9532 0.9352 0.0000
vt 0.7229 0.9441 0.0000
vt 0.7260 0.9441 0.0000
vt 0.7260 0.9842 0.0000
vt 0.7229 0.9842 0.0000
vt 0.7405 0.8599 0.0000
vt 0.7489 0.8600 0.0000
vt 0.7489 0.9001 0.0000
vt 0.7405 0.9001 0.0000
vt 0.5376 0.7461 0.0000
vt 0.5464 0.7461 0.0000
vt 0.5464 0.7863 0.0000
vt 0.5376 0.7863 0.0000
vt 0.7405 0.8580 0.0000
vt 0.7405 0.8179 0.0000
vt 0.7493 0.8179 0.0000
vt 0.7493 0.8580 0.0000
vt 0.9015 0.8581 0.0000
vt 0.9015 0.8180 0.0000
vt 0.9059 0.8180 0.0000
vt 0.9059 0.8581 0.0000
vt 0.9607 0.7740 0.0000
vt 0.9607 0.7339 0.0000
vt 0.9647 0.7339 0.0000
vt 0.9647 0.7740 0.0000
vt 0.5730 0.7012 0.0000
vt 0.5730 0.6611 0.0000
vt 0.5832 0.6611 0.0000
vt 0.5832 0.7012 0.0000
vt 0.9538 0.9111 0.0000
vt 0.9538 0.9022 0.0000
vt 0.9552 0.9021 0.0000
vt 0.9553 0.9119 0.0000
vt 0.9520 0.9139 0.0000
vt 0.9519 0.9224 0.0000
vt 0.9496 0.9233 0.0000
vt 0.9496 0.9131 0.0000
vt 0.9962 0.7740 0.0000
vt 0.9948 0.7740 0.0000
vt 0.9948 0.7339 0.0000
vt 0.9962 0.7339 0.0000
vt 0.9553 0.9234 0.0000
vt 0.9538 0.9243 0.0000
vt 0.9547 0.7941 0.0000
vt 0.9514 0.7951 0.0000
vt 0.9490 0.7942 0.0000
vt 0.9533 0.7932 0.0000
vt 0.9533 0.8064 0.0000
vt 0.9547 0.8056 0.0000
vt 0.9546 0.8154 0.0000
vt 0.9532 0.8153 0.0000
vt 0.9547 0.7843 0.0000
vt 0.9532 0.7843 0.0000
vt 0.9514 0.8036 0.0000
vt 0.9490 0.8044 0.0000
vt 0.9898 0.9021 0.0000
vt 0.9913 0.9021 0.0000
vt 0.9913 0.9422 0.0000
vt 0.9898 0.9422 0.0000
vt 0.9552 0.9332 0.0000
vt 0.9538 0.9332 0.0000
vt 0.6441 0.7338 0.0000
vt 0.6539 0.7339 0.0000
vt 0.6539 0.7740 0.0000
vt 0.6441 0.7740 0.0000
vt 0.7756 0.6498 0.0000
vt 0.7853 0.6498 0.0000
vt 0.7853 0.6899 0.0000
vt 0.7757 0.6899 0.0000
vt 0.7730 0.9755 0.0000
vt 0.7694 0.9755 0.0000
vt 0.7694 0.9354 0.0000
vt 0.7730 0.9354 0.0000
vt 0.8931 0.9377 0.0000
vt 0.8931 0.9778 0.0000
vt 0.8899 0.9778 0.0000
vt 0.8899 0.9377 0.0000
vt 0.7050 0.9001 0.0000
vt 0.7050 0.8600 0.0000
vt 0.7134 0.8600 0.0000
vt 0.7134 0.9001 0.0000
vt 0.7169 0.8179 0.0000
vt 0.7257 0.8179 0.0000
vt 0.7257 0.8581 0.0000
vt 0.7168 0.8581 0.0000
vt 0.7987 0.8581 0.0000
vt 0.7987 0.8180 0.0000
vt 0.8075 0.8180 0.0000
vt 0.8075 0.8581 0.0000
vt 0.5528 0.9114 0.0000
vt 0.5484 0.9114 0.0000
vt 0.5484 0.8713 0.0000
vt 0.5528 0.8713 0.0000
vt 0.5711 0.9114 0.0000
vt 0.5671 0.9114 0.0000
vt 0.5671 0.8713 0.0000
vt 0.5711 0.8713 0.0000
vt 0.7149 0.6899 0.0000
vt 0.7050 0.6899 0.0000
vt 0.7050 0.6498 0.0000
vt 0.7149 0.6498 0.0000
vt 0.9614 0.9112 0.0000
vt 0.9612 0.9023 0.0000
vt 0.9627 0.9021 0.0000
vt 0.9628 0.9119 0.0000
vt 0.9572 0.9134 0.0000
vt 0.9595 0.9140 0.0000
vt 0.9595 0.9224 0.0000
vt 0.9572 0.9234 0.0000
vt 0.9925 0.5959 0.0000
vt 0.9911 0.5959 0.0000
vt 0.9911 0.5558 0.0000
vt 0.9925 0.5558 0.0000
vt 0.9614 0.9243 0.0000
vt 0.9628 0.9234 0.0000
vt 0.9570 0.6185 0.0000
vt 0.9546 0.6175 0.0000
vt 0.9589 0.6166 0.0000
vt 0.9603 0.6175 0.0000
vt 0.9589 0.6297 0.0000
vt 0.9603 0.6290 0.0000
vt 0.9601 0.6388 0.0000
vt 0.9587 0.6386 0.0000
vt 0.9587 0.6077 0.0000
vt 0.9602 0.6078 0.0000
vt 0.9570 0.6269 0.0000
vt 0.9547 0.6275 0.0000
vt 0.9877 0.5558 0.0000
vt 0.9892 0.5558 0.0000
vt 0.9892 0.5959 0.0000
vt 0.9877 0.5959 0.0000
vt 0.9627 0.9330 0.0000
vt 0.9613 0.9331 0.0000
vt 0.7503 0.6498 0.0000
vt 0.7503 0.6899 0.0000
vt 0.7405 0.6899 0.0000
vt 0.7405 0.6498 0.0000
vt 0.5581 0.7452 0.0000
vt 0.5581 0.7853 0.0000
vt 0.5484 0.7853 0.0000
vt 0.5484 0.7452 0.0000
vt 0.8149 0.9755 0.0000
vt 0.8149 0.9354 0.0000
vt 0.8184 0.9355 0.0000
vt 0.8184 0.9756 0.0000
vt 0.8795 0.9355 0.0000
vt 0.8827 0.9355 0.0000
vt 0.8827 0.9756 0.0000
vt 0.8795 0.9756 0.0000
vt 0.6310 0.9001 0.0000
vt 0.6310 0.8599 0.0000
vt 0.6395 0.8600 0.0000
vt 0.6395 0.9001 0.0000
vt 0.8427 0.6478 0.0000
vt 0.8427 0.6077 0.0000
vt 0.8516 0.6077 0.0000
vt 0.8516 0.6478 0.0000
vt 0.6810 0.8581 0.0000
vt 0.6810 0.8179 0.0000
vt 0.6898 0.8179 0.0000
vt 0.6898 0.8580 0.0000
vt 0.9123 0.8581 0.0000
vt 0.9078 0.8581 0.0000
vt 0.9078 0.8180 0.0000
vt 0.9123 0.8180 0.0000
vt 0.7872 0.9020 0.0000
vt 0.7913 0.9021 0.0000
vt 0.7913 0.9422 0.0000
vt 0.7872 0.9421 0.0000
vt 0.5708 0.7012 0.0000
vt 0.5607 0.7012 0.0000
vt 0.5607 0.6611 0.0000
vt 0.5708 0.6611 0.0000
vt 0.9446 0.8600 0.0000
vt 0.9447 0.8699 0.0000
vt 0.9432 0.8692 0.0000
vt 0.9432 0.8603 0.0000
vt 0.9414 0.8806 0.0000
vt 0.9390 0.8817 0.0000
vt 0.9390 0.8716 0.0000
vt 0.9414 0.8721 0.0000
vt 0.9890 0.6387 0.0000
vt 0.9876 0.6387 0.0000
vt 0.9876 0.5986 0.0000
vt 0.9890 0.5986 0.0000
vt 0.9447 0.8814 0.0000
vt 0.9433 0.8824 0.0000
vt 0.5754 0.9240 0.0000
vt 0.5730 0.9229 0.0000
vt 0.5773 0.9222 0.0000
vt 0.5787 0.9232 0.0000
vt 0.5787 0.9347 0.0000
vt 0.5786 0.9446 0.0000
vt 0.5772 0.9443 0.0000
vt 0.5773 0.9354 0.0000
vt 0.5772 0.9133 0.0000
vt 0.5786 0.9134 0.0000
vt 0.5754 0.9325 0.0000
vt 0.5730 0.9330 0.0000
vt 0.9873 0.8180 0.0000
vt 0.9887 0.8180 0.0000
vt 0.9887 0.8581 0.0000
vt 0.9873 0.8581 0.0000
vt 0.9431 0.8913 0.0000
vt 0.9446 0.8911 0.0000
vt 0.5134 0.7041 0.0000
vt 0.5233 0.7041 0.0000
vt 0.5233 0.7442 0.0000
vt 0.5135 0.7442 0.0000
vt 0.6931 0.7339 0.0000
vt 0.7028 0.7339 0.0000
vt 0.7028 0.7740 0.0000
vt 0.6931 0.7740 0.0000
vt 0.7810 0.9755 0.0000
vt 0.7810 0.9354 0.0000
vt 0.7845 0.9355 0.0000
vt 0.7845 0.9756 0.0000
vt 0.5956 0.9842 0.0000
vt 0.5956 0.9441 0.0000
vt 0.5989 0.9440 0.0000
vt 0.5989 0.9841 0.0000
vt 0.8851 0.6478 0.0000
vt 0.8851 0.6077 0.0000
vt 0.8936 0.6077 0.0000
vt 0.8936 0.6478 0.0000
vt 0.8319 0.7320 0.0000
vt 0.8319 0.6918 0.0000
vt 0.8408 0.6918 0.0000
vt 0.8408 0.7319 0.0000
vt 0.8427 0.7740 0.0000
vt 0.8427 0.7339 0.0000
vt 0.8516 0.7339 0.0000
vt 0.8516 0.7740 0.0000
vt 0.5305 0.9123 0.0000
vt 0.5261 0.9124 0.0000
vt 0.5261 0.8723 0.0000
vt 0.5305 0.8722 0.0000
vt 0.7447 0.9421 0.0000
vt 0.7405 0.9421 0.0000
vt 0.7405 0.9020 0.0000
vt 0.7447 0.9020 0.0000
vt 0.6911 0.6899 0.0000
vt 0.6810 0.6899 0.0000
vt 0.6810 0.6498 0.0000
vt 0.6911 0.6498 0.0000
vt 0.9027 0.9236 0.0000
vt 0.9042 0.9243 0.0000
vt 0.9043 0.9332 0.0000
vt 0.9028 0.9335 0.0000
vt 0.9084 0.9218 0.0000
vt 0.9061 0.9213 0.0000
vt 0.9061 0.9128 0.0000
vt 0.9084 0.9116 0.0000
vt 0.9883 0.8161 0.0000
vt 0.9869 0.8160 0.0000
vt 0.9869 0.7759 0.0000
vt 0.9883 0.7760 0.0000
vt 0.9042 0.9110 0.0000
vt 0.9027 0.9120 0.0000
vt 0.9199 0.9240 0.0000
vt 0.9156 0.9246 0.0000
vt 0.9142 0.9236 0.0000
vt 0.9175 0.9228 0.0000
vt 0.9156 0.9113 0.0000
vt 0.9142 0.9120 0.0000
vt 0.9143 0.9021 0.0000
vt 0.9157 0.9024 0.0000
vt 0.9157 0.9335 0.0000
vt 0.9143 0.9333 0.0000
vt 0.9175 0.9143 0.0000
vt 0.9199 0.9138 0.0000
vt 0.9877 0.9843 0.0000
vt 0.9862 0.9843 0.0000
vt 0.9862 0.9442 0.0000
vt 0.9877 0.9442 0.0000
vt 0.9042 0.9021 0.0000
vt 0.9028 0.9023 0.0000
vt 0.5582 0.7032 0.0000
vt 0.5582 0.7433 0.0000
vt 0.5484 0.7433 0.0000
vt 0.5484 0.7031 0.0000
vt 0.6810 0.7740 0.0000
vt 0.6810 0.7339 0.0000
vt 0.6907 0.7339 0.0000
vt 0.6907 0.7740 0.0000
vt 0.7932 0.9421 0.0000
vt 0.7932 0.9020 0.0000
vt 0.7967 0.9021 0.0000
vt 0.7967 0.9422 0.0000
vt 0.8617 0.9355 0.0000
vt 0.8617 0.9756 0.0000
vt 0.8584 0.9756 0.0000
vt 0.8584 0.9355 0.0000
vt 0.8848 0.8160 0.0000
vt 0.8848 0.7759 0.0000
vt 0.8933 0.7759 0.0000
vt 0.8933 0.8161 0.0000
vt 0.8300 0.5412 0.0000
vt 0.8210 0.5412 0.0000
vt 0.8210 0.5011 0.0000
vt 0.8300 0.5011 0.0000
vt 0.8410 0.6058 0.0000
vt 0.8320 0.6058 0.0000
vt 0.8320 0.5657 0.0000
vt 0.8410 0.5657 0.0000
vt 0.5242 0.9123 0.0000
vt 0.5198 0.9124 0.0000
vt 0.5198 0.8723 0.0000
vt 0.5242 0.8722 0.0000
vt 0.9332 0.5656 0.0000
vt 0.9374 0.5657 0.0000
vt 0.9374 0.6058 0.0000
vt 0.9332 0.6057 0.0000
vt 0.6791 0.6899 0.0000
vt 0.6689 0.6899 0.0000
vt 0.6689 0.6498 0.0000
vt 0.6791 0.6498 0.0000
vt 0.7696 0.9020 0.0000
vt 0.7696 0.9119 0.0000
vt 0.7682 0.9113 0.0000
vt 0.7681 0.9023 0.0000
vt 0.7639 0.9139 0.0000
vt 0.7663 0.9143 0.0000
vt 0.7663 0.9228 0.0000
vt 0.7639 0.9241 0.0000
vt 0.5328 0.9869 0.0000
vt 0.5328 0.9468 0.0000
vt 0.5343 0.9468 0.0000
vt 0.5343 0.9869 0.0000
vt 0.7696 0.9235 0.0000
vt 0.7682 0.9246 0.0000
vt 0.8029 0.9109 0.0000
vt 0.8044 0.9120 0.0000
vt 0.8010 0.9127 0.0000
vt 0.7987 0.9115 0.0000
vt 0.8044 0.9236 0.0000
vt 0.8043 0.9335 0.0000
vt 0.8029 0.9332 0.0000
vt 0.8029 0.9243 0.0000
vt 0.8043 0.9022 0.0000
vt 0.8029 0.9020 0.0000
vt 0.8010 0.9212 0.0000
vt 0.7987 0.9217 0.0000
vt 0.9850 0.8160 0.0000
vt 0.9835 0.8161 0.0000
vt 0.9835 0.7760 0.0000
vt 0.9850 0.7759 0.0000
vt 0.7696 0.9333 0.0000
vt 0.7681 0.9335 0.0000
vt 0.7287 0.5011 0.0000
vt 0.7386 0.5011 0.0000
vt 0.7386 0.5413 0.0000
vt 0.7287 0.5412 0.0000
vt 0.7639 0.6498 0.0000
vt 0.7737 0.6498 0.0000
vt 0.7737 0.6899 0.0000
vt 0.7639 0.6899 0.0000
vt 0.7139 0.9355 0.0000
vt 0.7139 0.9756 0.0000
vt 0.7104 0.9756 0.0000
vt 0.7104 0.9355 0.0000
vt 0.9789 0.7319 0.0000
vt 0.9789 0.6918 0.0000
vt 0.9823 0.6918 0.0000
vt 0.9823 0.7319 0.0000
vt 0.8746 0.6498 0.0000
vt 0.8832 0.6498 0.0000
vt 0.8832 0.6899 0.0000
vt 0.8746 0.6899 0.0000
vt 0.5101 0.7882 0.0000
vt 0.5101 0.8283 0.0000
vt 0.5011 0.8283 0.0000
vt 0.5011 0.7882 0.0000
vt 0.8210 0.6479 0.0000
vt 0.8210 0.6077 0.0000
vt 0.8300 0.6077 0.0000
vt 0.8300 0.6478 0.0000
vt 0.9126 0.7339 0.0000
vt 0.9126 0.7740 0.0000
vt 0.9083 0.7740 0.0000
vt 0.9083 0.7339 0.0000
vt 0.9332 0.6077 0.0000
vt 0.9374 0.6078 0.0000
vt 0.9374 0.6479 0.0000
vt 0.9332 0.6478 0.0000
vt 0.6693 0.5658 0.0000
vt 0.6795 0.5657 0.0000
vt 0.6795 0.6058 0.0000
vt 0.6693 0.6059 0.0000
vt 0.7051 0.9336 0.0000
vt 0.7050 0.9237 0.0000
vt 0.7065 0.9243 0.0000
vt 0.7066 0.9332 0.0000
vt 0.7107 0.9113 0.0000
vt 0.7107 0.9215 0.0000
vt 0.7084 0.9212 0.0000
vt 0.7084 0.9126 0.0000
vt 0.5498 0.9465 0.0000
vt 0.5498 0.9866 0.0000
vt 0.5484 0.9866 0.0000
vt 0.5484 0.9465 0.0000
vt 0.7050 0.9120 0.0000
vt 0.7064 0.9109 0.0000
vt 0.9294 0.8052 0.0000
vt 0.9318 0.8065 0.0000
vt 0.9275 0.8069 0.0000
vt 0.9260 0.8058 0.0000
vt 0.9276 0.7846 0.0000
vt 0.9275 0.7936 0.0000
vt 0.9260 0.7941 0.0000
vt 0.9262 0.7843 0.0000
vt 0.9276 0.8159 0.0000
vt 0.9261 0.8156 0.0000
vt 0.9294 0.7967 0.0000
vt 0.9318 0.7963 0.0000
vt 0.9857 0.6918 0.0000
vt 0.9857 0.7319 0.0000
vt 0.9842 0.7319 0.0000
vt 0.9842 0.6918 0.0000
vt 0.7065 0.9020 0.0000
vt 0.7050 0.9022 0.0000
vt 0.6666 0.6919 0.0000
vt 0.6666 0.7320 0.0000
vt 0.6567 0.7319 0.0000
vt 0.6566 0.6918 0.0000
vt 0.7624 0.5657 0.0000
vt 0.7624 0.6058 0.0000
vt 0.7526 0.6058 0.0000
vt 0.7526 0.5657 0.0000
vt 0.7340 0.9756 0.0000
vt 0.7340 0.9355 0.0000
vt 0.7375 0.9355 0.0000
vt 0.7375 0.9756 0.0000
vt 0.9820 0.8180 0.0000
vt 0.9820 0.8581 0.0000
vt 0.9786 0.8581 0.0000
vt 0.9786 0.8180 0.0000
vt 0.8746 0.6478 0.0000
vt 0.8746 0.6077 0.0000
vt 0.8832 0.6077 0.0000
vt 0.8832 0.6479 0.0000
vt 0.5820 0.8273 0.0000
vt 0.5730 0.8273 0.0000
vt 0.5730 0.7872 0.0000
vt 0.5820 0.7872 0.0000
vt 0.5350 0.8283 0.0000
vt 0.5261 0.8283 0.0000
vt 0.5261 0.7882 0.0000
vt 0.5350 0.7882 0.0000
vt 0.9189 0.5412 0.0000
vt 0.9145 0.5413 0.0000
vt 0.9145 0.5012 0.0000
vt 0.9189 0.5011 0.0000
vt 0.9270 0.5011 0.0000
vt 0.9313 0.5012 0.0000
vt 0.9313 0.5413 0.0000
vt 0.9270 0.5412 0.0000
vt 0.6147 0.6899 0.0000
vt 0.6147 0.6498 0.0000
vt 0.6249 0.6498 0.0000
vt 0.6249 0.6899 0.0000
vt 0.9244 0.6680 0.0000
vt 0.9229 0.6675 0.0000
vt 0.9229 0.6585 0.0000
vt 0.9243 0.6581 0.0000
vt 0.9210 0.6792 0.0000
vt 0.9186 0.6805 0.0000
vt 0.9186 0.6703 0.0000
vt 0.9210 0.6706 0.0000
vt 0.5324 0.8722 0.0000
vt 0.5339 0.8723 0.0000
vt 0.5339 0.9124 0.0000
vt 0.5324 0.9123 0.0000
vt 0.9229 0.6808 0.0000
vt 0.9244 0.6797 0.0000
vt 0.9150 0.7932 0.0000
vt 0.9164 0.7944 0.0000
vt 0.9131 0.7949 0.0000
vt 0.9107 0.7936 0.0000
vt 0.9149 0.8156 0.0000
vt 0.9150 0.8066 0.0000
vt 0.9164 0.8061 0.0000
vt 0.9164 0.8160 0.0000
vt 0.9149 0.7843 0.0000
vt 0.9164 0.7845 0.0000
vt 0.9107 0.8038 0.0000
vt 0.9131 0.8035 0.0000
vt 0.6032 0.9421 0.0000
vt 0.6017 0.9421 0.0000
vt 0.6017 0.9020 0.0000
vt 0.6032 0.9020 0.0000
vt 0.9243 0.6895 0.0000
vt 0.9229 0.6898 0.0000
vt 0.7620 0.6900 0.0000
vt 0.7522 0.6899 0.0000
vt 0.7522 0.6498 0.0000
vt 0.7620 0.6498 0.0000
vt 0.5110 0.7443 0.0000
vt 0.5011 0.7442 0.0000
vt 0.5011 0.7041 0.0000
vt 0.5110 0.7041 0.0000
vt 0.6094 0.9766 0.0000
vt 0.6060 0.9766 0.0000
vt 0.6060 0.9365 0.0000
vt 0.6094 0.9365 0.0000
vt 0.6181 0.9356 0.0000
vt 0.6181 0.9757 0.0000
vt 0.6147 0.9758 0.0000
vt 0.6147 0.9357 0.0000
vt 0.8746 0.7339 0.0000
vt 0.8832 0.7339 0.0000
vt 0.8832 0.7740 0.0000
vt 0.8746 0.7740 0.0000
vt 0.6310 0.8179 0.0000
vt 0.6399 0.8179 0.0000
vt 0.6399 0.8580 0.0000
vt 0.6310 0.8580 0.0000
vt 0.5135 0.7882 0.0000
vt 0.5224 0.7881 0.0000
vt 0.5224 0.8283 0.0000
vt 0.5134 0.8283 0.0000
vt 0.9313 0.7319 0.0000
vt 0.9270 0.7320 0.0000
vt 0.9270 0.6918 0.0000
vt 0.9313 0.6918 0.0000
vt 0.9145 0.7339 0.0000
vt 0.9189 0.7339 0.0000
vt 0.9189 0.7740 0.0000
vt 0.9145 0.7740 0.0000
vt 0.6791 0.6479 0.0000
vt 0.6689 0.6479 0.0000
vt 0.6689 0.6078 0.0000
vt 0.6791 0.6078 0.0000
vt 0.9030 0.8062 0.0000
vt 0.9045 0.8067 0.0000
vt 0.9046 0.8156 0.0000
vt 0.9032 0.8160 0.0000
vt 0.9088 0.8037 0.0000
vt 0.9064 0.8035 0.0000
vt 0.9064 0.7948 0.0000
vt 0.9088 0.7935 0.0000
vt 0.6781 0.9020 0.0000
vt 0.6781 0.9421 0.0000
vt 0.6766 0.9421 0.0000
vt 0.6766 0.9020 0.0000
vt 0.9044 0.7933 0.0000
vt 0.9030 0.7944 0.0000
vt 0.8970 0.6809 0.0000
vt 0.8955 0.6797 0.0000
vt 0.8990 0.6793 0.0000
vt 0.9014 0.6807 0.0000
vt 0.8972 0.6585 0.0000
vt 0.8970 0.6675 0.0000
vt 0.8956 0.6680 0.0000
vt 0.8957 0.6581 0.0000
vt 0.8971 0.6899 0.0000
vt 0.8956 0.6896 0.0000
vt 0.9014 0.6704 0.0000
vt 0.8990 0.6707 0.0000
vt 0.9801 0.7760 0.0000
vt 0.9816 0.7759 0.0000
vt 0.9816 0.8160 0.0000
vt 0.9801 0.8161 0.0000
vt 0.9031 0.7846 0.0000
vt 0.9045 0.7843 0.0000
vt 0.7872 0.6478 0.0000
vt 0.7872 0.6077 0.0000
vt 0.7968 0.6078 0.0000
vt 0.7968 0.6479 0.0000
vt 0.7643 0.6058 0.0000
vt 0.7643 0.5657 0.0000
vt 0.7741 0.5657 0.0000
vt 0.7741 0.6058 0.0000
vt 0.9778 0.7740 0.0000
vt 0.9778 0.7339 0.0000
vt 0.9812 0.7339 0.0000
vt 0.9812 0.7740 0.0000
vt 0.8670 0.9756 0.0000
vt 0.8636 0.9756 0.0000
vt 0.8636 0.9355 0.0000
vt 0.8670 0.9355 0.0000
vt 0.5380 0.6201 0.0000
vt 0.5464 0.6201 0.0000
vt 0.5464 0.6602 0.0000
vt 0.5380 0.6602 0.0000
vt 0.8530 0.8581 0.0000
vt 0.8530 0.8180 0.0000
vt 0.8617 0.8180 0.0000
vt 0.8617 0.8581 0.0000
vt 0.8427 0.6899 0.0000
vt 0.8427 0.6498 0.0000
vt 0.8516 0.6498 0.0000
vt 0.8516 0.6899 0.0000
vt 0.9332 0.7320 0.0000
vt 0.9332 0.6918 0.0000
vt 0.9374 0.6918 0.0000
vt 0.9374 0.7319 0.0000
vt 0.9083 0.6077 0.0000
vt 0.9126 0.6078 0.0000
vt 0.9126 0.6479 0.0000
vt 0.9083 0.6478 0.0000
vt 0.5261 0.7022 0.0000
vt 0.5261 0.6621 0.0000
vt 0.5361 0.6621 0.0000
vt 0.5361 0.7022 0.0000
vt 0.6747 0.9020 0.0000
vt 0.6747 0.9116 0.0000
vt 0.6732 0.9111 0.0000
vt 0.6732 0.9024 0.0000
vt 0.6689 0.9242 0.0000
vt 0.6689 0.9141 0.0000
vt 0.6713 0.9143 0.0000
vt 0.6713 0.9227 0.0000
vt 0.8594 0.9001 0.0000
vt 0.8594 0.8600 0.0000
vt 0.8609 0.8600 0.0000
vt 0.8609 0.9001 0.0000
vt 0.6732 0.9242 0.0000
vt 0.6747 0.9230 0.0000
vt 0.6368 0.9121 0.0000
vt 0.6334 0.9124 0.0000
vt 0.6310 0.9110 0.0000
vt 0.6353 0.9109 0.0000
vt 0.6368 0.9332 0.0000
vt 0.6353 0.9328 0.0000
vt 0.6353 0.9240 0.0000
vt 0.6368 0.9236 0.0000
vt 0.6368 0.9023 0.0000
vt 0.6353 0.9020 0.0000
vt 0.6310 0.9211 0.0000
vt 0.6334 0.9209 0.0000
vt 0.5294 0.9869 0.0000
vt 0.5294 0.9468 0.0000
vt 0.5309 0.9468 0.0000
vt 0.5309 0.9869 0.0000
vt 0.6732 0.9332 0.0000
vt 0.6747 0.9328 0.0000
vt 0.7989 0.5657 0.0000
vt 0.8084 0.5657 0.0000
vt 0.8084 0.6058 0.0000
vt 0.7989 0.6058 0.0000
vt 0.6810 0.7759 0.0000
vt 0.6904 0.7759 0.0000
vt 0.6904 0.8160 0.0000
vt 0.6810 0.8160 0.0000
vt 0.8880 0.9778 0.0000
vt 0.8846 0.9778 0.0000
vt 0.8846 0.9377 0.0000
vt 0.8880 0.9377 0.0000
vt 0.6965 0.9757 0.0000
vt 0.6931 0.9758 0.0000
vt 0.6931 0.9356 0.0000
vt 0.6965 0.9356 0.0000
vt 0.7639 0.9001 0.0000
vt 0.7639 0.8600 0.0000
vt 0.7722 0.8600 0.0000
vt 0.7722 0.9001 0.0000
vt 0.8641 0.7320 0.0000
vt 0.8641 0.6919 0.0000
vt 0.8727 0.6918 0.0000
vt 0.8727 0.7319 0.0000
vt 0.8623 0.6058 0.0000
vt 0.8537 0.6058 0.0000
vt 0.8537 0.5657 0.0000
vt 0.8623 0.5657 0.0000
vt 0.8846 0.9358 0.0000
vt 0.8846 0.8957 0.0000
vt 0.8889 0.8956 0.0000
vt 0.8889 0.9357 0.0000
vt 0.9083 0.6057 0.0000
vt 0.9083 0.5656 0.0000
vt 0.9127 0.5657 0.0000
vt 0.9127 0.6058 0.0000
vt 0.7050 0.6919 0.0000
vt 0.7149 0.6918 0.0000
vt 0.7149 0.7319 0.0000
vt 0.7050 0.7320 0.0000
vt 0.9383 0.6672 0.0000
vt 0.9384 0.6585 0.0000
vt 0.9398 0.6581 0.0000
vt 0.9398 0.6676 0.0000
vt 0.9340 0.6701 0.0000
vt 0.9364 0.6703 0.0000
vt 0.9364 0.6786 0.0000
vt 0.9340 0.6801 0.0000
vt 0.8908 0.9357 0.0000
vt 0.8908 0.8956 0.0000
vt 0.8923 0.8956 0.0000
vt 0.8923 0.9357 0.0000
vt 0.9398 0.6788 0.0000
vt 0.9383 0.6800 0.0000
vt 0.5890 0.9220 0.0000
vt 0.5905 0.9232 0.0000
vt 0.5871 0.9234 0.0000
vt 0.5847 0.9219 0.0000
vt 0.5905 0.9344 0.0000
vt 0.5905 0.9439 0.0000
vt 0.5890 0.9435 0.0000
vt 0.5890 0.9348 0.0000
vt 0.5890 0.9133 0.0000
vt 0.5905 0.9137 0.0000
vt 0.5847 0.9319 0.0000
vt 0.5871 0.9317 0.0000
vt 0.5198 0.9869 0.0000
vt 0.5183 0.9869 0.0000
vt 0.5183 0.9468 0.0000
vt 0.5198 0.9468 0.0000
vt 0.9398 0.6883 0.0000
vt 0.9384 0.6887 0.0000
vt 0.8081 0.6919 0.0000
vt 0.8081 0.7320 0.0000
vt 0.7987 0.7319 0.0000
vt 0.7987 0.6918 0.0000
vt 0.7850 0.8161 0.0000
vt 0.7756 0.8160 0.0000
vt 0.7756 0.7759 0.0000
vt 0.7850 0.7759 0.0000
vt 0.9770 0.7319 0.0000
vt 0.9736 0.7319 0.0000
vt 0.9736 0.6918 0.0000
vt 0.9770 0.6918 0.0000
vt 0.6844 0.9757 0.0000
vt 0.6810 0.9758 0.0000
vt 0.6810 0.9357 0.0000
vt 0.6844 0.9356 0.0000
vt 0.7955 0.9001 0.0000
vt 0.7872 0.9001 0.0000
vt 0.7872 0.8600 0.0000
vt 0.7955 0.8600 0.0000
vt 0.8641 0.6498 0.0000
vt 0.8727 0.6498 0.0000
vt 0.8727 0.6899 0.0000
vt 0.8641 0.6899 0.0000
vt 0.8641 0.6479 0.0000
vt 0.8641 0.6078 0.0000
vt 0.8727 0.6077 0.0000
vt 0.8727 0.6478 0.0000
vt 0.9313 0.6077 0.0000
vt 0.9313 0.6478 0.0000
vt 0.9270 0.6479 0.0000
vt 0.9270 0.6078 0.0000
vt 0.9142 0.9001 0.0000
vt 0.9142 0.8600 0.0000
vt 0.9185 0.8601 0.0000
vt 0.9185 0.9002 0.0000
vt 0.6541 0.6918 0.0000
vt 0.6541 0.7319 0.0000
vt 0.6441 0.7319 0.0000
vt 0.6441 0.6918 0.0000
vt 0.9448 0.8275 0.0000
vt 0.9434 0.8270 0.0000
vt 0.9434 0.8184 0.0000
vt 0.9449 0.8180 0.0000
vt 0.9414 0.8385 0.0000
vt 0.9390 0.8399 0.0000
vt 0.9390 0.8299 0.0000
vt 0.9414 0.8302 0.0000
vt 0.9734 0.7759 0.0000
vt 0.9748 0.7760 0.0000
vt 0.9748 0.8161 0.0000
vt 0.9734 0.8160 0.0000
vt 0.9434 0.8399 0.0000
vt 0.9448 0.8387 0.0000
vt 0.5207 0.9244 0.0000
vt 0.5183 0.9229 0.0000
vt 0.5227 0.9229 0.0000
vt 0.5241 0.9241 0.0000
vt 0.5242 0.9353 0.0000
vt 0.5242 0.9449 0.0000
vt 0.5227 0.9445 0.0000
vt 0.5227 0.9358 0.0000
vt 0.5242 0.9147 0.0000
vt 0.5227 0.9143 0.0000
vt 0.5207 0.9327 0.0000
vt 0.5183 0.9329 0.0000
vt 0.5232 0.9869 0.0000
vt 0.5217 0.9869 0.0000
vt 0.5217 0.9468 0.0000
vt 0.5232 0.9468 0.0000
vt 0.9449 0.8481 0.0000
vt 0.9434 0.8485 0.0000
vt 0.8081 0.7740 0.0000
vt 0.7987 0.7740 0.0000
vt 0.7987 0.7339 0.0000
vt 0.8081 0.7339 0.0000
vt 0.6241 0.8160 0.0000
vt 0.6147 0.8160 0.0000
vt 0.6147 0.7759 0.0000
vt 0.6241 0.7759 0.0000
vt 0.7575 0.9765 0.0000
vt 0.7575 0.9364 0.0000
vt 0.7609 0.9365 0.0000
vt 0.7609 0.9766 0.0000
vt 0.8241 0.9363 0.0000
vt 0.8241 0.9764 0.0000
vt 0.8207 0.9764 0.0000
vt 0.8207 0.9363 0.0000
vt 0.7013 0.8600 0.0000
vt 0.7013 0.9001 0.0000
vt 0.6931 0.9001 0.0000
vt 0.6931 0.8600 0.0000
vt 0.5221 0.8703 0.0000
vt 0.5134 0.8703 0.0000
vt 0.5134 0.8302 0.0000
vt 0.5221 0.8302 0.0000
vt 0.5851 0.6611 0.0000
vt 0.5937 0.6611 0.0000
vt 0.5937 0.7012 0.0000
vt 0.5851 0.7013 0.0000
vt 0.9309 0.8581 0.0000
vt 0.9266 0.8581 0.0000
vt 0.9266 0.8180 0.0000
vt 0.9309 0.8180 0.0000
vt 0.9189 0.7320 0.0000
vt 0.9145 0.7319 0.0000
vt 0.9145 0.6918 0.0000
vt 0.9189 0.6918 0.0000
vt 0.7169 0.6078 0.0000
vt 0.7268 0.6078 0.0000
vt 0.7268 0.6479 0.0000
vt 0.7169 0.6479 0.0000
vt 0.5304 0.9147 0.0000
vt 0.5319 0.9143 0.0000
vt 0.5319 0.9238 0.0000
vt 0.5304 0.9234 0.0000
vt 0.5285 0.9348 0.0000
vt 0.5261 0.9362 0.0000
vt 0.5261 0.9262 0.0000
vt 0.5285 0.9265 0.0000
vt 0.5588 0.9133 0.0000
vt 0.5588 0.9535 0.0000
vt 0.5573 0.9534 0.0000
vt 0.5573 0.9133 0.0000
vt 0.5319 0.9350 0.0000
vt 0.5304 0.9362 0.0000
vt 0.5132 0.9242 0.0000
vt 0.5098 0.9244 0.0000
vt 0.5074 0.9230 0.0000
vt 0.5117 0.9230 0.0000
vt 0.5118 0.9445 0.0000
vt 0.5117 0.9358 0.0000
vt 0.5132 0.9354 0.0000
vt 0.5132 0.9449 0.0000
vt 0.5118 0.9143 0.0000
vt 0.5132 0.9147 0.0000
vt 0.5098 0.9327 0.0000
vt 0.5074 0.9330 0.0000
vt 0.9857 0.5011 0.0000
vt 0.9857 0.5412 0.0000
vt 0.9842 0.5412 0.0000
vt 0.9842 0.5011 0.0000
vt 0.5304 0.9449 0.0000
vt 0.5319 0.9445 0.0000
vt 0.7970 0.6058 0.0000
vt 0.7875 0.6058 0.0000
vt 0.7875 0.5657 0.0000
vt 0.7970 0.5657 0.0000
vt 0.7025 0.8160 0.0000
vt 0.6931 0.8160 0.0000
vt 0.6931 0.7759 0.0000
vt 0.7025 0.7759 0.0000
vt 0.8294 0.9764 0.0000
vt 0.8260 0.9764 0.0000
vt 0.8260 0.9363 0.0000
vt 0.8294 0.9363 0.0000
vt 0.7556 0.9364 0.0000
vt 0.7556 0.9765 0.0000
vt 0.7522 0.9766 0.0000
vt 0.7522 0.9365 0.0000
vt 0.6893 0.9001 0.0000
vt 0.6810 0.9001 0.0000
vt 0.6810 0.8600 0.0000
vt 0.6893 0.8600 0.0000
vt 0.5847 0.8693 0.0000
vt 0.5847 0.8292 0.0000
vt 0.5933 0.8292 0.0000
vt 0.5933 0.8693 0.0000
vt 0.5369 0.8703 0.0000
vt 0.5369 0.8302 0.0000
vt 0.5456 0.8302 0.0000
vt 0.5456 0.8703 0.0000
vt 0.9251 0.6918 0.0000
vt 0.9251 0.7319 0.0000
vt 0.9208 0.7320 0.0000
vt 0.9208 0.6918 0.0000
vt 0.9204 0.9001 0.0000
vt 0.9204 0.8600 0.0000
vt 0.9247 0.8601 0.0000
vt 0.9247 0.9002 0.0000
vt 0.7153 0.5657 0.0000
vt 0.7153 0.6058 0.0000
vt 0.7054 0.6058 0.0000
vt 0.7054 0.5657 0.0000
vt 0.9476 0.6581 0.0000
vt 0.9475 0.6676 0.0000
vt 0.9461 0.6671 0.0000
vt 0.9461 0.6585 0.0000
vt 0.9417 0.6800 0.0000
vt 0.9417 0.6700 0.0000
vt 0.9441 0.6703 0.0000
vt 0.9441 0.6786 0.0000
vt 0.5450 0.9143 0.0000
vt 0.5464 0.9143 0.0000
vt 0.5464 0.9544 0.0000
vt 0.5450 0.9544 0.0000
vt 0.9475 0.6788 0.0000
vt 0.9461 0.6800 0.0000
vt 0.9509 0.8687 0.0000
vt 0.9524 0.8699 0.0000
vt 0.9490 0.8702 0.0000
vt 0.9466 0.8687 0.0000
vt 0.9524 0.8906 0.0000
vt 0.9510 0.8902 0.0000
vt 0.9509 0.8816 0.0000
vt 0.9524 0.8811 0.0000
vt 0.9524 0.8604 0.0000
vt 0.9510 0.8600 0.0000
vt 0.9490 0.8785 0.0000
vt 0.9466 0.8787 0.0000
vt 0.9854 0.8581 0.0000
vt 0.9839 0.8581 0.0000
vt 0.9839 0.8180 0.0000
vt 0.9854 0.8180 0.0000
vt 0.9476 0.6883 0.0000
vt 0.9461 0.6887 0.0000
vt 0.6404 0.8160 0.0000
vt 0.6310 0.8160 0.0000
vt 0.6310 0.7759 0.0000
vt 0.6404 0.7759 0.0000
vt 0.6783 0.8160 0.0000
vt 0.6689 0.8160 0.0000
vt 0.6689 0.7759 0.0000
vt 0.6783 0.7759 0.0000
vt 0.8565 0.9756 0.0000
vt 0.8530 0.9756 0.0000
vt 0.8530 0.9355 0.0000
vt 0.8565 0.9355 0.0000
vt 0.9770 0.5412 0.0000
vt 0.9736 0.5413 0.0000
vt 0.9736 0.5012 0.0000
vt 0.9770 0.5011 0.0000
vt 0.8069 0.9001 0.0000
vt 0.7987 0.9001 0.0000
vt 0.7987 0.8600 0.0000
vt 0.8069 0.8600 0.0000
vt 0.8642 0.5657 0.0000
vt 0.8728 0.5657 0.0000
vt 0.8728 0.6058 0.0000
vt 0.8642 0.6058 0.0000
vt 0.5484 0.8694 0.0000
vt 0.5484 0.8293 0.0000
vt 0.5570 0.8292 0.0000
vt 0.5570 0.8693 0.0000
vt 0.9208 0.6479 0.0000
vt 0.9208 0.6078 0.0000
vt 0.9251 0.6077 0.0000
vt 0.9251 0.6478 0.0000
vt 0.9251 0.5012 0.0000
vt 0.9251 0.5413 0.0000
vt 0.9208 0.5412 0.0000
vt 0.9208 0.5011 0.0000
vt 0.7268 0.5011 0.0000
vt 0.7268 0.5412 0.0000
vt 0.7169 0.5413 0.0000
vt 0.7169 0.5011 0.0000
vt 0.9527 0.6077 0.0000
vt 0.9527 0.6172 0.0000
vt 0.9512 0.6167 0.0000
vt 0.9513 0.6081 0.0000
vt 0.9469 0.6295 0.0000
vt 0.9469 0.6195 0.0000
vt 0.9493 0.6198 0.0000
vt 0.9493 0.6281 0.0000
vt 0.9666 0.8160 0.0000
vt 0.9666 0.7759 0.0000
vt 0.9681 0.7760 0.0000
vt 0.9681 0.8161 0.0000
vt 0.9527 0.6284 0.0000
vt 0.9512 0.6296 0.0000
vt 0.9514 0.7425 0.0000
vt 0.9528 0.7437 0.0000
vt 0.9494 0.7440 0.0000
vt 0.9470 0.7426 0.0000
vt 0.9529 0.7644 0.0000
vt 0.9514 0.7640 0.0000
vt 0.9514 0.7554 0.0000
vt 0.9528 0.7549 0.0000
vt 0.9529 0.7343 0.0000
vt 0.9514 0.7339 0.0000
vt 0.9494 0.7523 0.0000
vt 0.9470 0.7526 0.0000
vt 0.5517 0.9866 0.0000
vt 0.5517 0.9465 0.0000
vt 0.5532 0.9465 0.0000
vt 0.5532 0.9866 0.0000
vt 0.9527 0.6379 0.0000
vt 0.9513 0.6383 0.0000
vt 0.8210 0.6899 0.0000
vt 0.8210 0.6498 0.0000
vt 0.8300 0.6498 0.0000
vt 0.8300 0.6899 0.0000
vt 0.5657 0.9465 0.0000
vt 0.5657 0.9866 0.0000
vt 0.9902 0.8161 0.0000
vt 0.9902 0.7760 0.0000
vt 0.9917 0.7759 0.0000
vt 0.9917 0.8160 0.0000
vt 0.8241 0.8689 0.0000
vt 0.8243 0.8600 0.0000
# 1594 texture coords

o ROOF_005
g ROOF_005
usemtl BARN_SCENE_BARN_TEXTURES
s off
f 1969/6703/281 1970/6704/281 1971/6705/281 
f 1971/6705/281 1972/6706/281 1969/6703/281 
f 1973/6707/282 1974/6708/282 1975/6709/282 
f 1975/6709/282 1976/6710/282 1973/6707/282 
f 1977/6711/283 1972/6712/283 1971/6713/283 
f 1971/6713/283 1978/6714/283 1977/6711/283 
f 1979/6715/284 1974/6716/284 1973/6717/284 
f 1973/6717/284 1980/6718/284 1979/6715/284 
f 1979/6719/285 1980/6720/285 1977/6721/285 
f 1977/6721/285 1978/6722/285 1979/6719/285 
f 1981/6723/286 1982/6724/286 1983/6725/286 
f 1983/6725/286 1984/6726/286 1981/6723/286 
f 1985/6727/287 1986/6728/287 1987/6729/287 
f 1987/6729/287 1988/6730/287 1985/6727/287 
f 1982/6731/288 1981/6732/288 1989/6733/288 
f 1989/6733/288 1990/6734/288 1982/6731/288 
f 1991/6735/289 1992/6736/289 1988/6737/289 
f 1988/6737/289 1993/6738/289 1991/6735/289 
f 1991/6739/290 1990/6740/290 1989/6741/290 
f 1989/6741/290 1992/6742/290 1991/6739/290 
f 1981/6743/291 1984/6744/291 1969/6745/291 
f 1969/6745/291 1972/6746/291 1981/6743/291 
f 1989/6747/291 1977/6748/291 1980/6749/291 
f 1980/6749/291 1992/6750/291 1989/6747/291 
f 1985/6751/292 1976/6752/292 1975/6753/292 
f 1975/6753/292 1994/6754/292 1985/6751/292 
f 1988/6730/291 1992/6750/291 1980/6749/291 
f 1980/6749/291 1973/6755/291 1988/6730/291 
f 1979/6756/293 1991/6757/293 1993/6758/293 
f 1993/6758/293 1974/6759/293 1979/6756/293 
f 1970/6760/293 1983/6761/293 1982/6762/293 
f 1982/6762/293 1971/6763/293 1970/6760/293 
f 1975/6764/293 1974/6759/293 1993/6758/293 
f 1993/6758/293 1994/6765/293 1975/6764/293 
f 1990/6766/293 1991/6757/293 1979/6756/293 
f 1979/6756/293 1978/6767/293 1990/6766/293 
f 1984/6768/294 1983/6769/294 1970/6770/294 
f 1970/6770/294 1969/6771/294 1984/6768/294 
f 1989/6747/291 1981/6743/291 1972/6746/291 
f 1972/6746/291 1977/6748/291 1989/6747/291 
f 1985/6727/291 1988/6730/291 1973/6755/291 
f 1973/6755/291 1976/6772/291 1985/6727/291 
f 1990/6766/293 1978/6767/293 1971/6763/293 
f 1971/6763/293 1982/6762/293 1990/6766/293 
f 1995/6773/295 1996/6774/295 1997/6775/295 
f 1997/6775/295 1998/6776/295 1995/6773/295 
f 1999/6777/296 2000/6778/296 2001/6779/296 
f 2001/6779/296 2002/6780/296 1999/6777/296 
f 2003/6781/297 1998/6782/297 1997/6783/297 
f 1997/6783/297 2004/6784/297 2003/6781/297 
f 2005/6785/298 1999/6786/298 2002/6787/298 
f 2002/6787/298 2006/6788/298 2005/6785/298 
f 2004/6789/299 2005/6790/299 2006/6791/299 
f 2006/6791/299 2003/6792/299 2004/6789/299 
f 2007/6793/300 2008/6794/300 2009/6795/300 
f 2009/6795/300 2010/6796/300 2007/6793/300 
f 2011/6797/301 2012/6798/301 2013/6799/301 
f 2013/6799/301 2014/6800/301 2011/6797/301 
f 2007/6801/302 2010/6802/302 2015/6803/302 
f 2015/6803/302 2016/6804/302 2007/6801/302 
f 2017/6805/303 2018/6806/303 2014/6807/303 
f 2014/6807/303 2013/6808/303 2017/6805/303 
f 2016/6809/304 2015/6810/304 2018/6811/304 
f 2018/6811/304 2017/6812/304 2016/6809/304 
f 1998/6813/291 2010/6814/291 2009/6815/291 
f 2009/6815/291 1995/6816/291 1998/6813/291 
f 2006/6817/291 2018/6818/291 2015/6819/291 
f 2015/6819/291 2003/6820/291 2006/6817/291 
f 2011/6821/305 2001/6822/305 2000/6823/305 
f 2000/6823/305 2012/6824/305 2011/6821/305 
f 2014/6825/291 2018/6818/291 2006/6817/291 
f 2006/6817/291 2002/6826/291 2014/6825/291 
f 2005/6827/293 2017/6828/293 2013/6829/293 
f 2013/6829/293 1999/6830/293 2005/6827/293 
f 1997/6831/293 1996/6832/293 2008/6833/293 
f 2008/6833/293 2007/6834/293 1997/6831/293 
f 2000/6835/293 1999/6830/293 2013/6829/293 
f 2013/6829/293 2012/6836/293 2000/6835/293 
f 2004/6837/293 2016/6838/293 2017/6828/293 
f 2017/6828/293 2005/6827/293 2004/6837/293 
f 2008/6839/306 1996/6840/306 1995/6841/306 
f 1995/6841/306 2009/6842/306 2008/6839/306 
f 2010/6814/291 1998/6813/291 2003/6820/291 
f 2003/6820/291 2015/6819/291 2010/6814/291 
f 2001/6843/291 2011/6844/291 2014/6825/291 
f 2014/6825/291 2002/6826/291 2001/6843/291 
f 2004/6837/293 1997/6831/293 2007/6834/293 
f 2007/6834/293 2016/6838/293 2004/6837/293 
f 2019/6845/307 2020/6846/307 2021/6847/307 
f 2021/6847/307 2022/6848/307 2019/6845/307 
f 2023/6849/308 2024/6850/308 2025/6851/308 
f 2025/6851/308 2026/6852/308 2023/6849/308 
f 2021/6853/309 2020/6854/309 2027/6855/309 
f 2027/6855/309 2028/6856/309 2021/6853/309 
f 2029/6857/310 2030/6858/310 2023/6859/310 
f 2023/6859/310 2026/6860/310 2029/6857/310 
f 2028/6861/311 2027/6862/311 2030/6863/311 
f 2030/6863/311 2029/6864/311 2028/6861/311 
f 2031/6865/312 2032/6866/312 2033/6867/312 
f 2033/6867/312 2034/6868/312 2031/6865/312 
f 2035/6869/313 2036/6870/313 2037/6871/313 
f 2037/6871/313 2038/6872/313 2035/6869/313 
f 2039/6873/314 2033/6874/314 2032/6875/314 
f 2032/6875/314 2040/6876/314 2039/6873/314 
f 2036/6877/315 2041/6878/315 2042/6879/315 
f 2042/6879/315 2037/6880/315 2036/6877/315 
f 2041/6881/316 2039/6882/316 2040/6883/316 
f 2040/6883/316 2042/6884/316 2041/6881/316 
f 2031/6885/291 2022/6886/291 2021/6887/291 
f 2021/6887/291 2032/6888/291 2031/6885/291 
f 2029/6889/291 2042/6890/291 2040/6891/291 
f 2040/6891/291 2028/6892/291 2029/6889/291 
f 2035/6893/317 2038/6894/317 2025/6895/317 
f 2025/6895/317 2024/6896/317 2035/6893/317 
f 2026/6897/291 2037/6898/291 2042/6890/291 
f 2042/6890/291 2029/6889/291 2026/6897/291 
f 2023/6899/293 2030/6900/293 2041/6901/293 
f 2041/6901/293 2036/6902/293 2023/6899/293 
f 2034/6903/293 2033/6904/293 2020/6905/293 
f 2020/6905/293 2019/6906/293 2034/6903/293 
f 2036/6902/293 2035/6907/293 2024/6908/293 
f 2024/6908/293 2023/6899/293 2036/6902/293 
f 2030/6900/293 2027/6909/293 2039/6910/293 
f 2039/6910/293 2041/6901/293 2030/6900/293 
f 2031/6911/318 2034/6912/318 2019/6913/318 
f 2019/6913/318 2022/6914/318 2031/6911/318 
f 2021/6887/291 2028/6892/291 2040/6891/291 
f 2040/6891/291 2032/6888/291 2021/6887/291 
f 2038/6915/291 2037/6898/291 2026/6897/291 
f 2026/6897/291 2025/6916/291 2038/6915/291 
f 2020/6905/293 2033/6904/293 2039/6910/293 
f 2039/6910/293 2027/6909/293 2020/6905/293 
f 2043/6917/319 2044/6918/319 2045/6919/319 
f 2045/6919/319 2046/6920/319 2043/6917/319 
f 2047/6921/320 2048/6922/320 2049/6923/320 
f 2049/6923/320 2050/6924/320 2047/6921/320 
f 2051/6925/321 2045/6926/321 2044/6927/321 
f 2044/6927/321 2052/6928/321 2051/6925/321 
f 2053/6929/322 2054/6930/322 2047/6931/322 
f 2047/6931/322 2050/6932/322 2053/6929/322 
f 2052/6933/323 2054/6934/323 2053/6935/323 
f 2053/6935/323 2051/6936/323 2052/6933/323 
f 2055/6937/324 2056/6938/324 2057/6939/324 
f 2057/6939/324 2058/6940/324 2055/6937/324 
f 2059/6941/325 2060/6942/325 2061/6943/325 
f 2061/6943/325 2062/6944/325 2059/6941/325 
f 2056/6945/326 2055/6946/326 2063/6947/326 
f 2063/6947/326 2064/6948/326 2056/6945/326 
f 2065/6949/327 2066/6950/327 2062/6951/327 
f 2062/6951/327 2061/6952/327 2065/6949/327 
f 2064/6953/328 2063/6954/328 2066/6955/328 
f 2066/6955/328 2065/6956/328 2064/6953/328 
f 2046/6957/291 2045/6958/291 2055/6959/291 
f 2055/6959/291 2058/6960/291 2046/6957/291 
f 2066/6961/291 2063/6962/291 2051/6963/291 
f 2051/6963/291 2053/6964/291 2066/6961/291 
f 2059/6965/329 2049/6966/329 2048/6967/329 
f 2048/6967/329 2060/6968/329 2059/6965/329 
f 2053/6964/291 2050/6969/291 2062/6970/291 
f 2062/6970/291 2066/6961/291 2053/6964/291 
f 2061/6971/293 2047/6972/293 2054/6973/293 
f 2054/6973/293 2065/6974/293 2061/6971/293 
f 2043/6975/293 2057/6976/293 2056/6977/293 
f 2056/6977/293 2044/6978/293 2043/6975/293 
f 2048/6979/293 2047/6972/293 2061/6971/293 
f 2061/6971/293 2060/6980/293 2048/6979/293 
f 2065/6974/293 2054/6973/293 2052/6981/293 
f 2052/6981/293 2064/6982/293 2065/6974/293 
f 2046/6983/330 2058/6984/330 2057/6985/330 
f 2057/6985/330 2043/6986/330 2046/6983/330 
f 2051/6963/291 2063/6962/291 2055/6959/291 
f 2055/6959/291 2045/6958/291 2051/6963/291 
f 2062/6970/291 2050/6969/291 2049/6987/291 
f 2049/6987/291 2059/6988/291 2062/6970/291 
f 2056/6977/293 2064/6982/293 2052/6981/293 
f 2052/6981/293 2044/6978/293 2056/6977/293 
f 2067/6989/331 2068/6990/331 2069/6991/331 
f 2069/6991/331 2070/6992/331 2067/6989/331 
f 2071/6993/332 2072/6994/332 2073/6995/332 
f 2073/6995/332 2074/6996/332 2071/6993/332 
f 2068/6997/333 2075/6998/333 2076/6999/333 
f 2076/6999/333 2069/7000/333 2068/6997/333 
f 2077/7001/334 2071/7002/334 2074/7003/334 
f 2074/7003/334 2078/7004/334 2077/7001/334 
f 2075/7005/335 2077/7006/335 2078/7007/335 
f 2078/7007/335 2076/7008/335 2075/7005/335 
f 2079/7009/336 2080/7010/336 2081/7011/336 
f 2081/7011/336 2082/7012/336 2079/7009/336 
f 2083/7013/337 2084/7014/337 2085/7015/337 
f 2085/7015/337 2086/7016/337 2083/7013/337 
f 2079/7017/338 2082/7018/338 2087/7019/338 
f 2087/7019/338 2088/7020/338 2079/7017/338 
f 2089/7021/339 2090/7022/339 2086/7023/339 
f 2086/7023/339 2085/7024/339 2089/7021/339 
f 2088/7025/340 2087/7026/340 2090/7027/340 
f 2090/7027/340 2089/7028/340 2088/7025/340 
f 2070/7029/291 2069/7030/291 2082/7031/291 
f 2082/7031/291 2081/7032/291 2070/7029/291 
f 2090/7033/291 2087/7034/291 2076/7035/291 
f 2076/7035/291 2078/7036/291 2090/7033/291 
f 2073/7037/341 2072/7038/341 2084/7039/341 
f 2084/7039/341 2083/7040/341 2073/7037/341 
f 2078/7036/291 2074/7041/291 2086/7042/291 
f 2086/7042/291 2090/7033/291 2078/7036/291 
f 2085/7043/293 2071/7044/293 2077/7045/293 
f 2077/7045/293 2089/7046/293 2085/7043/293 
f 2067/7047/293 2080/7048/293 2079/7049/293 
f 2079/7049/293 2068/7050/293 2067/7047/293 
f 2072/7051/293 2071/7044/293 2085/7043/293 
f 2085/7043/293 2084/7052/293 2072/7051/293 
f 2089/7046/293 2077/7045/293 2075/7053/293 
f 2075/7053/293 2088/7054/293 2089/7046/293 
f 2067/7055/342 2070/7056/342 2081/7057/342 
f 2081/7057/342 2080/7058/342 2067/7055/342 
f 2082/7031/291 2069/7030/291 2076/7035/291 
f 2076/7035/291 2087/7034/291 2082/7031/291 
f 2074/7041/291 2073/7059/291 2083/7060/291 
f 2083/7060/291 2086/7042/291 2074/7041/291 
f 2075/7053/293 2068/7050/293 2079/7049/293 
f 2079/7049/293 2088/7054/293 2075/7053/293 
f 2091/7061/343 2092/7062/343 2093/7063/343 
f 2093/7063/343 2094/7064/343 2091/7061/343 
f 2095/7065/344 2096/7066/344 2097/7067/344 
f 2097/7067/344 2098/7068/344 2095/7065/344 
f 2099/7069/345 2093/7070/345 2092/7071/345 
f 2092/7071/345 2100/7072/345 2099/7069/345 
f 2098/7073/346 2101/7074/346 2102/7075/346 
f 2102/7075/346 2095/7076/346 2098/7073/346 
f 2100/7077/347 2102/7078/347 2101/7079/347 
f 2101/7079/347 2099/7080/347 2100/7077/347 
f 2103/7081/348 2104/7082/348 2105/7083/348 
f 2105/7083/348 2106/7084/348 2103/7081/348 
f 2107/7085/349 2108/7086/349 2109/7087/349 
f 2109/7087/349 2110/7088/349 2107/7085/349 
f 2104/7089/350 2103/7090/350 2111/7091/350 
f 2111/7091/350 2112/7092/350 2104/7089/350 
f 2113/7093/351 2114/7094/351 2110/7095/351 
f 2110/7095/351 2109/7096/351 2113/7093/351 
f 2112/7097/352 2111/7098/352 2114/7099/352 
f 2114/7099/352 2113/7100/352 2112/7097/352 
f 2094/7101/291 2093/7102/291 2103/7103/291 
f 2103/7103/291 2106/7104/291 2094/7101/291 
f 2099/7105/291 2101/7106/291 2114/7107/291 
f 2114/7107/291 2111/7108/291 2099/7105/291 
f 2096/7109/353 2108/7110/353 2107/7111/353 
f 2107/7111/353 2097/7112/353 2096/7109/353 
f 2098/7113/291 2110/7114/291 2114/7107/291 
f 2114/7107/291 2101/7106/291 2098/7113/291 
f 2109/7115/293 2095/7116/293 2102/7117/293 
f 2102/7117/293 2113/7118/293 2109/7115/293 
f 2091/7119/293 2105/7120/293 2104/7121/293 
f 2104/7121/293 2092/7122/293 2091/7119/293 
f 2108/7123/293 2096/7124/293 2095/7116/293 
f 2095/7116/293 2109/7115/293 2108/7123/293 
f 2100/7125/293 2112/7126/293 2113/7118/293 
f 2113/7118/293 2102/7117/293 2100/7125/293 
f 2094/7127/354 2106/7128/354 2105/7129/354 
f 2105/7129/354 2091/7130/354 2094/7127/354 
f 2093/7102/291 2099/7105/291 2111/7108/291 
f 2111/7108/291 2103/7103/291 2093/7102/291 
f 2110/7114/291 2098/7113/291 2097/7131/291 
f 2097/7131/291 2107/7132/291 2110/7114/291 
f 2104/7121/293 2112/7126/293 2100/7125/293 
f 2100/7125/293 2092/7122/293 2104/7121/293 
f 2115/7133/355 2116/7134/355 2117/7135/355 
f 2117/7135/355 2118/7136/355 2115/7133/355 
f 2119/7137/323 2120/7138/323 2121/7139/323 
f 2121/7139/323 2122/7140/323 2119/7137/323 
f 2116/7141/356 2123/7142/356 2124/7143/356 
f 2124/7143/356 2117/7144/356 2116/7141/356 
f 2125/7145/357 2119/7146/357 2122/7147/357 
f 2122/7147/357 2126/7148/357 2125/7145/357 
f 2123/7149/358 2125/7150/358 2126/7151/358 
f 2126/7151/358 2124/7152/358 2123/7149/358 
f 2127/7153/359 2128/7154/359 2129/7155/359 
f 2129/7155/359 2130/7156/359 2127/7153/359 
f 2131/7157/360 2132/7158/360 2133/7159/360 
f 2133/7159/360 2134/7160/360 2131/7157/360 
f 2129/7161/361 2128/7162/361 2135/7163/361 
f 2135/7163/361 2136/7164/361 2129/7161/361 
f 2137/7165/362 2138/7166/362 2132/7167/362 
f 2132/7167/362 2131/7168/362 2137/7165/362 
f 2136/7169/363 2135/7170/363 2138/7171/363 
f 2138/7171/363 2137/7172/363 2136/7169/363 
f 2118/7173/291 2117/7174/291 2128/7175/291 
f 2128/7175/291 2127/7176/291 2118/7173/291 
f 2138/7177/291 2135/7178/291 2124/7179/291 
f 2124/7179/291 2126/7180/291 2138/7177/291 
f 2133/7181/364 2121/7182/364 2120/7183/364 
f 2120/7183/364 2134/7184/364 2133/7181/364 
f 2122/7185/291 2132/7186/291 2138/7177/291 
f 2138/7177/291 2126/7180/291 2122/7185/291 
f 2137/7187/293 2131/7188/293 2119/7189/293 
f 2119/7189/293 2125/7190/293 2137/7187/293 
f 2115/7191/293 2130/7192/293 2129/7193/293 
f 2129/7193/293 2116/7194/293 2115/7191/293 
f 2134/7195/293 2120/7196/293 2119/7189/293 
f 2119/7189/293 2131/7188/293 2134/7195/293 
f 2137/7187/293 2125/7190/293 2123/7197/293 
f 2123/7197/293 2136/7198/293 2137/7187/293 
f 2130/7199/365 2115/7200/365 2118/7201/365 
f 2118/7201/365 2127/7202/365 2130/7199/365 
f 2117/7174/291 2124/7179/291 2135/7178/291 
f 2135/7178/291 2128/7175/291 2117/7174/291 
f 2133/7203/291 2132/7186/291 2122/7185/291 
f 2122/7185/291 2121/7204/291 2133/7203/291 
f 2129/7193/293 2136/7198/293 2123/7197/293 
f 2123/7197/293 2116/7194/293 2129/7193/293 
f 2139/7205/366 2140/7206/366 2141/7207/366 
f 2141/7207/366 2142/7208/366 2139/7205/366 
f 2143/7209/367 2144/7210/367 2145/7211/367 
f 2145/7211/367 2146/7212/367 2143/7209/367 
f 2141/7213/368 2140/7214/368 2147/7215/368 
f 2147/7215/368 2148/7216/368 2141/7213/368 
f 2146/7217/369 2149/7218/369 2150/7219/369 
f 2150/7219/369 2143/7220/369 2146/7217/369 
f 2147/7221/370 2150/7222/370 2149/7223/370 
f 2149/7223/370 2148/7224/370 2147/7221/370 
f 2151/7225/371 2152/7226/371 2153/7227/371 
f 2153/7227/371 2154/7228/371 2151/7225/371 
f 2155/7229/359 2156/7230/359 2157/7231/359 
f 2157/7231/359 2158/7232/359 2155/7229/359 
f 2153/7233/372 2152/7234/372 2159/7235/372 
f 2159/7235/372 2160/7236/372 2153/7233/372 
f 2161/7237/373 2162/7238/373 2156/7239/373 
f 2156/7239/373 2155/7240/373 2161/7237/373 
f 2160/7241/374 2159/7242/374 2162/7243/374 
f 2162/7243/374 2161/7244/374 2160/7241/374 
f 2151/7245/291 2142/7246/291 2141/7247/291 
f 2141/7247/291 2152/7248/291 2151/7245/291 
f 2162/7249/291 2159/7250/291 2148/7251/291 
f 2148/7251/291 2149/7252/291 2162/7249/291 
f 2144/7253/375 2158/7254/375 2157/7255/375 
f 2157/7255/375 2145/7256/375 2144/7253/375 
f 2162/7249/291 2149/7252/291 2146/7257/291 
f 2146/7257/291 2156/7258/291 2162/7249/291 
f 2143/7259/293 2150/7260/293 2161/7261/293 
f 2161/7261/293 2155/7262/293 2143/7259/293 
f 2140/7263/293 2139/7264/293 2154/7265/293 
f 2154/7265/293 2153/7266/293 2140/7263/293 
f 2155/7262/293 2158/7267/293 2144/7268/293 
f 2144/7268/293 2143/7259/293 2155/7262/293 
f 2161/7261/293 2150/7260/293 2147/7269/293 
f 2147/7269/293 2160/7270/293 2161/7261/293 
f 2139/7271/376 2142/7272/376 2151/7273/376 
f 2151/7273/376 2154/7274/376 2139/7271/376 
f 2159/7250/291 2152/7248/291 2141/7247/291 
f 2141/7247/291 2148/7251/291 2159/7250/291 
f 2157/7275/291 2156/7258/291 2146/7257/291 
f 2146/7257/291 2145/7276/291 2157/7275/291 
f 2140/7263/293 2153/7266/293 2160/7270/293 
f 2160/7270/293 2147/7269/293 2140/7263/293 
f 2163/7277/377 2164/7278/377 2165/7279/377 
f 2165/7279/377 2166/7280/377 2163/7277/377 
f 2167/7281/378 2168/7282/378 2169/7283/378 
f 2169/7283/378 2170/7284/378 2167/7281/378 
f 2171/7285/379 2165/7286/379 2164/7287/379 
f 2164/7287/379 2172/7288/379 2171/7285/379 
f 2170/7289/380 2173/7290/380 2174/7291/380 
f 2174/7291/380 2167/7292/380 2170/7289/380 
f 2172/7293/381 2174/7294/381 2173/7295/381 
f 2173/7295/381 2171/7296/381 2172/7293/381 
f 2175/7297/382 2176/7298/382 2177/7299/382 
f 2177/7299/382 2178/7300/382 2175/7297/382 
f 2179/7301/383 2180/7302/383 2181/7303/383 
f 2181/7303/383 2182/7304/383 2179/7301/383 
f 2177/7305/384 2176/7306/384 2183/7307/384 
f 2183/7307/384 2184/7308/384 2177/7305/384 
f 2185/7309/385 2186/7310/385 2180/7311/385 
f 2180/7311/385 2179/7312/385 2185/7309/385 
f 2184/7313/386 2183/7314/386 2186/7315/386 
f 2186/7315/386 2185/7316/386 2184/7313/386 
f 2176/7317/291 2175/7318/291 2166/7319/291 
f 2166/7319/291 2165/7320/291 2176/7317/291 
f 2171/7321/291 2173/7322/291 2186/7323/291 
f 2186/7323/291 2183/7324/291 2171/7321/291 
f 2168/7325/387 2182/7326/387 2181/7327/387 
f 2181/7327/387 2169/7328/387 2168/7325/387 
f 2186/7323/291 2173/7322/291 2170/7329/291 
f 2170/7329/291 2180/7330/291 2186/7323/291 
f 2167/7331/293 2174/7332/293 2185/7333/293 
f 2185/7333/293 2179/7334/293 2167/7331/293 
f 2177/7335/293 2164/7336/293 2163/7337/293 
f 2163/7337/293 2178/7338/293 2177/7335/293 
f 2168/7339/293 2167/7331/293 2179/7334/293 
f 2179/7334/293 2182/7340/293 2168/7339/293 
f 2174/7332/293 2172/7341/293 2184/7342/293 
f 2184/7342/293 2185/7333/293 2174/7332/293 
f 2166/7343/388 2175/7344/388 2178/7345/388 
f 2178/7345/388 2163/7346/388 2166/7343/388 
f 2183/7324/291 2176/7317/291 2165/7320/291 
f 2165/7320/291 2171/7321/291 2183/7324/291 
f 2170/7329/291 2169/7347/291 2181/7348/291 
f 2181/7348/291 2180/7330/291 2170/7329/291 
f 2164/7336/293 2177/7335/293 2184/7342/293 
f 2184/7342/293 2172/7341/293 2164/7336/293 
f 2187/7349/389 2188/7350/389 2189/7351/389 
f 2189/7351/389 2190/7352/389 2187/7349/389 
f 2191/7353/390 2192/7354/390 2193/7355/390 
f 2193/7355/390 2194/7356/390 2191/7353/390 
f 2195/7357/391 2189/7358/391 2188/7359/391 
f 2188/7359/391 2196/7360/391 2195/7357/391 
f 2197/7361/392 2198/7362/392 2191/7363/392 
f 2191/7363/392 2194/7364/392 2197/7361/392 
f 2195/7365/393 2196/7366/393 2198/7367/393 
f 2198/7367/393 2197/7368/393 2195/7365/393 
f 2199/7369/394 2200/7370/394 2201/7371/394 
f 2201/7371/394 2202/7372/394 2199/7369/394 
f 2203/7373/395 2204/7374/395 2205/7375/395 
f 2205/7375/395 2206/7376/395 2203/7373/395 
f 2207/7377/396 2201/7378/396 2200/7379/396 
f 2200/7379/396 2208/7380/396 2207/7377/396 
f 2203/7381/397 2209/7382/397 2210/7383/397 
f 2210/7383/397 2204/7384/397 2203/7381/397 
f 2209/7385/398 2207/7386/398 2208/7387/398 
f 2208/7387/398 2210/7388/398 2209/7385/398 
f 2200/7389/291 2199/7390/291 2190/7391/291 
f 2190/7391/291 2189/7392/291 2200/7389/291 
f 2208/7393/291 2195/7394/291 2197/7395/291 
f 2197/7395/291 2210/7396/291 2208/7393/291 
f 2192/7397/399 2206/7398/399 2205/7399/399 
f 2205/7399/399 2193/7400/399 2192/7397/399 
f 2204/7401/291 2210/7396/291 2197/7395/291 
f 2197/7395/291 2194/7402/291 2204/7401/291 
f 2198/7403/293 2209/7404/293 2203/7405/293 
f 2203/7405/293 2191/7406/293 2198/7403/293 
f 2201/7407/293 2188/7408/293 2187/7409/293 
f 2187/7409/293 2202/7410/293 2201/7407/293 
f 2191/7406/293 2203/7405/293 2206/7411/293 
f 2206/7411/293 2192/7412/293 2191/7406/293 
f 2209/7404/293 2198/7403/293 2196/7413/293 
f 2196/7413/293 2207/7414/293 2209/7404/293 
f 2190/7415/400 2199/7416/400 2202/7417/400 
f 2202/7417/400 2187/7418/400 2190/7415/400 
f 2200/7389/291 2189/7392/291 2195/7394/291 
f 2195/7394/291 2208/7393/291 2200/7389/291 
f 2204/7401/291 2194/7402/291 2193/7419/291 
f 2193/7419/291 2205/7420/291 2204/7401/291 
f 2207/7414/293 2196/7413/293 2188/7408/293 
f 2188/7408/293 2201/7407/293 2207/7414/293 
f 2211/7421/401 2212/7422/401 2213/7423/401 
f 2213/7423/401 2214/7424/401 2211/7421/401 
f 2215/7425/402 2216/7426/402 2217/7427/402 
f 2217/7427/402 2218/7428/402 2215/7425/402 
f 2212/7429/403 2211/7430/403 2219/7431/403 
f 2219/7431/403 2220/7432/403 2212/7429/403 
f 2217/7433/404 2221/7434/404 2222/7435/404 
f 2222/7435/404 2218/7436/404 2217/7433/404 
f 2220/7437/405 2219/7438/405 2222/7439/405 
f 2222/7439/405 2221/7440/405 2220/7437/405 
f 2223/7441/406 2224/7442/406 2225/7443/406 
f 2225/7443/406 2226/7444/406 2223/7441/406 
f 2227/7445/407 2228/7446/407 2229/7447/407 
f 2229/7447/407 2230/7448/407 2227/7445/407 
f 2231/7449/408 2226/7450/408 2225/7451/408 
f 2225/7451/408 2232/7452/408 2231/7449/408 
f 2227/7453/409 2233/7454/409 2234/7455/409 
f 2234/7455/409 2228/7456/409 2227/7453/409 
f 2233/7457/410 2231/7458/410 2232/7459/410 
f 2232/7459/410 2234/7460/410 2233/7457/410 
f 2213/7461/291 2212/7462/291 2225/7463/291 
f 2225/7463/291 2224/7464/291 2213/7461/291 
f 2221/7465/291 2234/7466/291 2232/7467/291 
f 2232/7467/291 2220/7468/291 2221/7465/291 
f 2229/7469/411 2216/7470/411 2215/7471/411 
f 2215/7471/411 2230/7472/411 2229/7469/411 
f 2217/7473/291 2228/7474/291 2234/7466/291 
f 2234/7466/291 2221/7465/291 2217/7473/291 
f 2222/7475/293 2233/7476/293 2227/7477/293 
f 2227/7477/293 2218/7478/293 2222/7475/293 
f 2211/7479/293 2214/7480/293 2223/7481/293 
f 2223/7481/293 2226/7482/293 2211/7479/293 
f 2218/7478/293 2227/7477/293 2230/7483/293 
f 2230/7483/293 2215/7484/293 2218/7478/293 
f 2222/7475/293 2219/7485/293 2231/7486/293 
f 2231/7486/293 2233/7476/293 2222/7475/293 
f 2223/7487/412 2214/7488/412 2213/7489/412 
f 2213/7489/412 2224/7490/412 2223/7487/412 
f 2212/7462/413 2220/7468/413 2232/7467/413 
f 2232/7467/413 2225/7463/413 2212/7462/413 
f 2229/7491/291 2228/7474/291 2217/7473/291 
f 2217/7473/291 2216/7492/291 2229/7491/291 
f 2219/7485/293 2211/7479/293 2226/7482/293 
f 2226/7482/293 2231/7486/293 2219/7485/293 
f 2235/7493/414 2236/7494/414 2237/7495/414 
f 2237/7495/414 2238/7496/414 2235/7493/414 
f 2239/7497/415 2240/7498/415 2241/7499/415 
f 2241/7499/415 2242/7500/415 2239/7497/415 
f 2237/7501/416 2236/7502/416 2243/7503/416 
f 2243/7503/416 2244/7504/416 2237/7501/416 
f 2245/7505/417 2246/7506/417 2239/7507/417 
f 2239/7507/417 2242/7508/417 2245/7505/417 
f 2244/7509/418 2243/7510/418 2246/7511/418 
f 2246/7511/418 2245/7512/418 2244/7509/418 
f 2247/7513/419 2248/7514/419 2249/7515/419 
f 2249/7515/419 2250/7516/419 2247/7513/419 
f 2251/7517/420 2252/7518/420 2253/7519/420 
f 2253/7519/420 2254/7520/420 2251/7517/420 
f 2255/7521/421 2250/7522/421 2249/7523/421 
f 2249/7523/421 2256/7524/421 2255/7521/421 
f 2251/7525/422 2257/7526/422 2258/7527/422 
f 2258/7527/422 2252/7528/422 2251/7525/422 
f 2257/7529/423 2255/7530/423 2256/7531/423 
f 2256/7531/423 2258/7532/423 2257/7529/423 
f 2237/7533/291 2249/7534/291 2248/7535/291 
f 2248/7535/291 2238/7536/291 2237/7533/291 
f 2256/7537/291 2244/7538/291 2245/7539/291 
f 2245/7539/291 2258/7540/291 2256/7537/291 
f 2253/7541/424 2241/7542/424 2240/7543/424 
f 2240/7543/424 2254/7544/424 2253/7541/424 
f 2252/7545/291 2258/7540/291 2245/7539/291 
f 2245/7539/291 2242/7546/291 2252/7545/291 
f 2257/7547/293 2251/7548/293 2239/7549/293 
f 2239/7549/293 2246/7550/293 2257/7547/293 
f 2250/7551/293 2236/7552/293 2235/7553/293 
f 2235/7553/293 2247/7554/293 2250/7551/293 
f 2239/7549/293 2251/7548/293 2254/7555/293 
f 2254/7555/293 2240/7556/293 2239/7549/293 
f 2257/7547/293 2246/7550/293 2243/7557/293 
f 2243/7557/293 2255/7558/293 2257/7547/293 
f 2247/7559/425 2235/7560/425 2238/7561/425 
f 2238/7561/425 2248/7562/425 2247/7559/425 
f 2249/7534/291 2237/7533/291 2244/7538/291 
f 2244/7538/291 2256/7537/291 2249/7534/291 
f 2253/7563/291 2252/7545/291 2242/7546/291 
f 2242/7546/291 2241/7564/291 2253/7563/291 
f 2255/7558/293 2243/7557/293 2236/7552/293 
f 2236/7552/293 2250/7551/293 2255/7558/293 
f 2259/7565/426 2260/7566/426 2261/7567/426 
f 2261/7567/426 2262/7568/426 2259/7565/426 
f 2263/7569/427 2264/7570/427 2265/7571/427 
f 2265/7571/427 2266/7572/427 2263/7569/427 
f 2260/7573/428 2259/7574/428 2267/7575/428 
f 2267/7575/428 2268/7576/428 2260/7573/428 
f 2269/7577/429 2270/7578/429 2264/7579/429 
f 2264/7579/429 2263/7580/429 2269/7577/429 
f 2268/7581/430 2267/7582/430 2270/7583/430 
f 2270/7583/430 2269/7584/430 2268/7581/430 
f 2271/7585/431 2272/7586/431 2273/7587/431 
f 2273/7587/431 2274/7588/431 2271/7585/431 
f 2275/7589/432 2276/7590/432 2277/7591/432 
f 2277/7591/432 2278/7592/432 2275/7589/432 
f 2279/7593/433 2271/7594/433 2274/7595/433 
f 2274/7595/433 2280/7596/433 2279/7593/433 
f 2276/7597/434 2281/7598/434 2282/7599/434 
f 2282/7599/434 2277/7600/434 2276/7597/434 
f 2281/7601/435 2279/7602/435 2280/7603/435 
f 2280/7603/435 2282/7604/435 2281/7601/435 
f 2261/7605/291 2260/7606/291 2274/7607/291 
f 2274/7607/291 2273/7608/291 2261/7605/291 
f 2280/7609/291 2268/7610/291 2269/7611/291 
f 2269/7611/291 2282/7612/291 2280/7609/291 
f 2275/7613/436 2278/7614/436 2266/7615/436 
f 2266/7615/436 2265/7616/436 2275/7613/436 
f 2282/7612/291 2269/7611/291 2263/7617/291 
f 2263/7617/291 2277/7618/291 2282/7612/291 
f 2276/7619/293 2264/7620/293 2270/7621/293 
f 2270/7621/293 2281/7622/293 2276/7619/293 
f 2259/7623/293 2262/7624/293 2272/7625/293 
f 2272/7625/293 2271/7626/293 2259/7623/293 
f 2265/7627/293 2264/7620/293 2276/7619/293 
f 2276/7619/293 2275/7628/293 2265/7627/293 
f 2281/7622/293 2270/7621/293 2267/7629/293 
f 2267/7629/293 2279/7630/293 2281/7622/293 
f 2272/7631/437 2262/7632/437 2261/7633/437 
f 2261/7633/437 2273/7634/437 2272/7631/437 
f 2280/7609/291 2274/7607/291 2260/7606/291 
f 2260/7606/291 2268/7610/291 2280/7609/291 
f 2263/7617/291 2266/7635/291 2278/7636/291 
f 2278/7636/291 2277/7618/291 2263/7617/291 
f 2271/7626/293 2279/7630/293 2267/7629/293 
f 2267/7629/293 2259/7623/293 2271/7626/293 
f 2283/7637/438 2284/7638/438 2285/7639/438 
f 2285/7639/438 2286/7640/438 2283/7637/438 
f 2287/7641/439 2288/7642/439 2289/7643/439 
f 2289/7643/439 2290/7644/439 2287/7641/439 
f 2291/7645/440 2292/7646/440 2285/7647/440 
f 2285/7647/440 2284/7648/440 2291/7645/440 
f 2287/7649/441 2290/7650/441 2293/7651/441 
f 2293/7651/441 2294/7652/441 2287/7649/441 
f 2291/7653/442 2294/7654/442 2293/7655/442 
f 2293/7655/442 2292/7656/442 2291/7653/442 
f 2295/7657/443 2296/7658/443 2297/7659/443 
f 2297/7659/443 2298/7660/443 2295/7657/443 
f 2299/7661/444 2300/7662/444 2301/7663/444 
f 2301/7663/444 2302/7664/444 2299/7661/444 
f 2303/7665/445 2304/7666/445 2296/7667/445 
f 2296/7667/445 2295/7668/445 2303/7665/445 
f 2299/7669/446 2305/7670/446 2306/7671/446 
f 2306/7671/446 2300/7672/446 2299/7669/446 
f 2303/7673/447 2306/7674/447 2305/7675/447 
f 2305/7675/447 2304/7676/447 2303/7673/447 
f 2286/7677/291 2285/7678/291 2295/7679/291 
f 2295/7679/291 2298/7680/291 2286/7677/291 
f 2306/7681/291 2303/7682/291 2292/7683/291 
f 2292/7683/291 2293/7684/291 2306/7681/291 
f 2302/7685/448 2301/7686/448 2289/7687/448 
f 2289/7687/448 2288/7688/448 2302/7685/448 
f 2290/7689/291 2300/7690/291 2306/7681/291 
f 2306/7681/291 2293/7684/291 2290/7689/291 
f 2294/7691/293 2305/7692/293 2299/7693/293 
f 2299/7693/293 2287/7694/293 2294/7691/293 
f 2297/7695/293 2296/7696/293 2284/7697/293 
f 2284/7697/293 2283/7698/293 2297/7695/293 
f 2299/7693/293 2302/7699/293 2288/7700/293 
f 2288/7700/293 2287/7694/293 2299/7693/293 
f 2291/7701/293 2304/7702/293 2305/7692/293 
f 2305/7692/293 2294/7691/293 2291/7701/293 
f 2298/7703/449 2297/7704/449 2283/7705/449 
f 2283/7705/449 2286/7706/449 2298/7703/449 
f 2303/7682/291 2295/7679/291 2285/7678/291 
f 2285/7678/291 2292/7683/291 2303/7682/291 
f 2301/7707/291 2300/7690/291 2290/7689/291 
f 2290/7689/291 2289/7708/291 2301/7707/291 
f 2284/7697/293 2296/7696/293 2304/7702/293 
f 2304/7702/293 2291/7701/293 2284/7697/293 
f 2307/7709/450 2308/7710/450 2309/7711/450 
f 2309/7711/450 2310/7712/450 2307/7709/450 
f 2311/7713/451 2312/7714/451 2313/7715/451 
f 2313/7715/451 2314/7716/451 2311/7713/451 
f 2308/7717/452 2307/7718/452 2315/7719/452 
f 2315/7719/452 2316/7720/452 2308/7717/452 
f 2317/7721/453 2318/7722/453 2314/7723/453 
f 2314/7723/453 2313/7724/453 2317/7721/453 
f 2316/7725/454 2315/7726/454 2318/7727/454 
f 2318/7727/454 2317/7728/454 2316/7725/454 
f 2319/7729/455 2320/7730/455 2321/7731/455 
f 2321/7731/455 2322/7732/455 2319/7729/455 
f 2323/7733/456 2324/7734/456 2325/7735/456 
f 2325/7735/456 2326/7736/456 2323/7733/456 
f 2327/7737/457 2319/7738/457 2322/7739/457 
f 2322/7739/457 2328/7740/457 2327/7737/457 
f 2324/7741/458 2329/7742/458 2330/7743/458 
f 2330/7743/458 2325/7744/458 2324/7741/458 
f 2327/7745/459 2328/7746/459 2330/7747/459 
f 2330/7747/459 2329/7748/459 2327/7745/459 
f 2308/7749/291 2322/7750/291 2321/7751/291 
f 2321/7751/291 2309/7752/291 2308/7749/291 
f 2317/7753/291 2330/7754/291 2328/7755/291 
f 2328/7755/291 2316/7756/291 2317/7753/291 
f 2311/7757/460 2323/7758/460 2326/7759/460 
f 2326/7759/460 2312/7760/460 2311/7757/460 
f 2325/7761/291 2330/7754/291 2317/7753/291 
f 2317/7753/291 2313/7762/291 2325/7761/291 
f 2324/7763/293 2314/7764/293 2318/7765/293 
f 2318/7765/293 2329/7766/293 2324/7763/293 
f 2320/7767/293 2319/7768/293 2307/7769/293 
f 2307/7769/293 2310/7770/293 2320/7767/293 
f 2314/7764/293 2324/7763/293 2323/7771/293 
f 2323/7771/293 2311/7772/293 2314/7764/293 
f 2327/7773/293 2329/7766/293 2318/7765/293 
f 2318/7765/293 2315/7774/293 2327/7773/293 
f 2309/7775/461 2321/7776/461 2320/7777/461 
f 2320/7777/461 2310/7778/461 2309/7775/461 
f 2322/7750/291 2308/7749/291 2316/7756/291 
f 2316/7756/291 2328/7755/291 2322/7750/291 
f 2313/7762/291 2312/7779/291 2326/7780/291 
f 2326/7780/291 2325/7761/291 2313/7762/291 
f 2319/7768/293 2327/7773/293 2315/7774/293 
f 2315/7774/293 2307/7769/293 2319/7768/293 
f 2331/7781/462 2332/7782/462 2333/7783/462 
f 2333/7783/462 2334/7784/462 2331/7781/462 
f 2335/7785/463 2336/7786/463 2337/7787/463 
f 2337/7787/463 2338/7788/463 2335/7785/463 
f 2339/7789/464 2331/7790/464 2334/7791/464 
f 2334/7791/464 2340/7792/464 2339/7789/464 
f 2341/7793/465 2342/7794/465 2337/7795/465 
f 2337/7795/465 2336/7796/465 2341/7793/465 
f 2340/7797/466 2342/7798/466 2341/7799/466 
f 2341/7799/466 2339/7800/466 2340/7797/466 
f 2343/7801/467 2344/7802/467 2345/7803/467 
f 2345/7803/467 2346/7804/467 2343/7801/467 
f 2347/7805/468 2348/7806/468 2349/7807/468 
f 2349/7807/468 2350/7808/468 2347/7805/468 
f 2351/7809/469 2345/7810/469 2344/7811/469 
f 2344/7811/469 2352/7812/469 2351/7809/469 
f 2350/7813/470 2353/7814/470 2354/7815/470 
f 2354/7815/470 2347/7816/470 2350/7813/470 
f 2353/7817/471 2351/7818/471 2352/7819/471 
f 2352/7819/471 2354/7820/471 2353/7817/471 
f 2331/7821/291 2344/7822/291 2343/7823/291 
f 2343/7823/291 2332/7824/291 2331/7821/291 
f 2352/7825/291 2339/7826/291 2341/7827/291 
f 2341/7827/291 2354/7828/291 2352/7825/291 
f 2349/7829/472 2348/7830/472 2335/7831/472 
f 2335/7831/472 2338/7832/472 2349/7829/472 
f 2347/7833/291 2354/7828/291 2341/7827/291 
f 2341/7827/291 2336/7834/291 2347/7833/291 
f 2350/7835/293 2337/7836/293 2342/7837/293 
f 2342/7837/293 2353/7838/293 2350/7835/293 
f 2346/7839/293 2345/7840/293 2334/7841/293 
f 2334/7841/293 2333/7842/293 2346/7839/293 
f 2337/7836/293 2350/7835/293 2349/7843/293 
f 2349/7843/293 2338/7844/293 2337/7836/293 
f 2351/7845/293 2353/7838/293 2342/7837/293 
f 2342/7837/293 2340/7846/293 2351/7845/293 
f 2332/7847/473 2343/7848/473 2346/7849/473 
f 2346/7849/473 2333/7850/473 2332/7847/473 
f 2344/7822/474 2331/7821/474 2339/7826/474 
f 2339/7826/474 2352/7825/474 2344/7822/474 
f 2335/7851/291 2348/7852/291 2347/7833/291 
f 2347/7833/291 2336/7834/291 2335/7851/291 
f 2351/7845/293 2340/7846/293 2334/7841/293 
f 2334/7841/293 2345/7840/293 2351/7845/293 
f 2355/7853/475 2356/7854/475 2357/7855/475 
f 2357/7855/475 2358/7856/475 2355/7853/475 
f 2359/7857/476 2360/7858/476 2361/7859/476 
f 2361/7859/476 2362/7860/476 2359/7857/476 
f 2363/7861/477 2364/7862/477 2358/7863/477 
f 2358/7863/477 2357/7864/477 2363/7861/477 
f 2365/7865/478 2360/7866/478 2359/7867/478 
f 2359/7867/478 2366/7868/478 2365/7865/478 
f 2363/7869/479 2365/7870/479 2366/7871/479 
f 2366/7871/479 2364/7872/479 2363/7869/479 
f 2367/7873/480 2368/7874/480 2369/7875/480 
f 2369/7875/480 2370/7876/480 2367/7873/480 
f 2371/7877/481 2372/7878/481 2373/7879/481 
f 2373/7879/481 2374/7880/481 2371/7877/481 
f 2370/7881/482 2369/7882/482 2375/7883/482 
f 2375/7883/482 2376/7884/482 2370/7881/482 
f 2371/7885/483 2377/7886/483 2378/7887/483 
f 2378/7887/483 2372/7888/483 2371/7885/483 
f 2376/7889/484 2375/7890/484 2378/7891/484 
f 2378/7891/484 2377/7892/484 2376/7889/484 
f 2355/7893/291 2358/7894/291 2369/7895/291 
f 2369/7895/291 2368/7896/291 2355/7893/291 
f 2378/7897/291 2375/7898/291 2364/7899/291 
f 2364/7899/291 2366/7900/291 2378/7897/291 
f 2362/7901/485 2361/7902/485 2374/7903/485 
f 2374/7903/485 2373/7904/485 2362/7901/485 
f 2372/7905/291 2378/7897/291 2366/7900/291 
f 2366/7900/291 2359/7906/291 2372/7905/291 
f 2360/7907/293 2365/7908/293 2377/7909/293 
f 2377/7909/293 2371/7910/293 2360/7907/293 
f 2356/7911/293 2367/7912/293 2370/7913/293 
f 2370/7913/293 2357/7914/293 2356/7911/293 
f 2361/7915/293 2360/7907/293 2371/7910/293 
f 2371/7910/293 2374/7916/293 2361/7915/293 
f 2376/7917/293 2377/7909/293 2365/7908/293 
f 2365/7908/293 2363/7918/293 2376/7917/293 
f 2356/7919/486 2355/7920/486 2368/7921/486 
f 2368/7921/486 2367/7922/486 2356/7919/486 
f 2358/7894/291 2364/7899/291 2375/7898/291 
f 2375/7898/291 2369/7895/291 2358/7894/291 
f 2373/7923/291 2372/7905/291 2359/7906/291 
f 2359/7906/291 2362/7924/291 2373/7923/291 
f 2376/7917/293 2363/7918/293 2357/7914/293 
f 2357/7914/293 2370/7913/293 2376/7917/293 
f 2379/7925/487 2380/7926/487 2381/7927/487 
f 2381/7927/487 2382/7928/487 2379/7925/487 
f 2383/7929/488 2384/7930/488 2385/7931/488 
f 2385/7931/488 2386/7932/488 2383/7929/488 
f 2382/7933/489 2387/7934/489 2388/7935/489 
f 2388/7935/489 2379/7936/489 2382/7933/489 
f 2386/7937/490 2389/7938/490 2390/7939/490 
f 2390/7939/490 2383/7940/490 2386/7937/490 
f 2390/7941/491 2389/7942/491 2388/7943/491 
f 2388/7943/491 2387/7944/491 2390/7941/491 
f 2391/7945/492 2392/7946/492 2393/7947/492 
f 2393/7947/492 2394/7948/492 2391/7945/492 
f 2395/7949/493 2396/7950/493 2397/7951/493 
f 2397/7951/493 2398/7952/493 2395/7949/493 
f 2392/7953/494 2391/7954/494 2399/7955/494 
f 2399/7955/494 2400/7956/494 2392/7953/494 
f 2401/7957/495 2402/7958/495 2397/7959/495 
f 2397/7959/495 2396/7960/495 2401/7957/495 
f 2401/7961/496 2400/7962/496 2399/7963/496 
f 2399/7963/496 2402/7964/496 2401/7961/496 
f 2391/7965/291 2394/7966/291 2380/7967/291 
f 2380/7967/291 2379/7968/291 2391/7965/291 
f 2399/7969/291 2388/7970/291 2389/7971/291 
f 2389/7971/291 2402/7972/291 2399/7969/291 
f 2385/7973/497 2384/7974/497 2395/7975/497 
f 2395/7975/497 2398/7976/497 2385/7973/497 
f 2402/7972/291 2389/7971/291 2386/7977/291 
f 2386/7977/291 2397/7978/291 2402/7972/291 
f 2396/7979/293 2383/7980/293 2390/7981/293 
f 2390/7981/293 2401/7982/293 2396/7979/293 
f 2382/7983/293 2381/7984/293 2393/7985/293 
f 2393/7985/293 2392/7986/293 2382/7983/293 
f 2383/7980/293 2396/7979/293 2395/7987/293 
f 2395/7987/293 2384/7988/293 2383/7980/293 
f 2400/7989/293 2401/7982/293 2390/7981/293 
f 2390/7981/293 2387/7990/293 2400/7989/293 
f 2380/7991/498 2394/7992/498 2393/7993/498 
f 2393/7993/498 2381/7994/498 2380/7991/498 
f 2399/7969/291 2391/7965/291 2379/7968/291 
f 2379/7968/291 2388/7970/291 2399/7969/291 
f 2385/7995/291 2398/7996/291 2397/7978/291 
f 2397/7978/291 2386/7977/291 2385/7995/291 
f 2400/7989/293 2387/7990/293 2382/7983/293 
f 2382/7983/293 2392/7986/293 2400/7989/293 
f 2403/7997/499 2404/7998/499 2405/7999/499 
f 2405/7999/499 2406/8000/499 2403/7997/499 
f 2407/8001/500 2408/8002/500 2409/8003/500 
f 2409/8003/500 2410/8004/500 2407/8001/500 
f 2411/8005/501 2406/8006/501 2405/8007/501 
f 2405/8007/501 2412/8008/501 2411/8005/501 
f 2413/8009/502 2407/8010/502 2410/8011/502 
f 2410/8011/502 2414/8012/502 2413/8009/502 
f 2412/8013/503 2413/8014/503 2414/8015/503 
f 2414/8015/503 2411/8016/503 2412/8013/503 
f 2415/8017/504 2416/8018/504 2417/8019/504 
f 2417/8019/504 2418/8020/504 2415/8017/504 
f 2419/8021/492 2420/8022/492 2421/8023/492 
f 2421/8023/492 2422/8024/492 2419/8021/492 
f 2415/8025/505 2418/8026/505 2423/8027/505 
f 2423/8027/505 2424/8028/505 2415/8025/505 
f 2425/8029/506 2426/8030/506 2422/8031/506 
f 2422/8031/506 2421/8032/506 2425/8029/506 
f 2424/8033/507 2423/8034/507 2426/8035/507 
f 2426/8035/507 2425/8036/507 2424/8033/507 
f 2406/8037/291 2418/8038/291 2417/8039/291 
f 2417/8039/291 2403/8040/291 2406/8037/291 
f 2414/8041/291 2426/8042/291 2423/8043/291 
f 2423/8043/291 2411/8044/291 2414/8041/291 
f 2419/8045/508 2409/8046/508 2408/8047/508 
f 2408/8047/508 2420/8048/508 2419/8045/508 
f 2422/8049/291 2426/8042/291 2414/8041/291 
f 2414/8041/291 2410/8050/291 2422/8049/291 
f 2413/8051/293 2425/8052/293 2421/8053/293 
f 2421/8053/293 2407/8054/293 2413/8051/293 
f 2405/8055/293 2404/8056/293 2416/8057/293 
f 2416/8057/293 2415/8058/293 2405/8055/293 
f 2408/8059/293 2407/8054/293 2421/8053/293 
f 2421/8053/293 2420/8060/293 2408/8059/293 
f 2412/8061/293 2424/8062/293 2425/8052/293 
f 2425/8052/293 2413/8051/293 2412/8061/293 
f 2416/8063/509 2404/8064/509 2403/8065/509 
f 2403/8065/509 2417/8066/509 2416/8063/509 
f 2418/8038/291 2406/8037/291 2411/8044/291 
f 2411/8044/291 2423/8043/291 2418/8038/291 
f 2409/8067/291 2419/8068/291 2422/8049/291 
f 2422/8049/291 2410/8050/291 2409/8067/291 
f 2412/8061/293 2405/8055/293 2415/8058/293 
f 2415/8058/293 2424/8062/293 2412/8061/293 
f 2427/8069/510 2428/8070/510 2429/8071/510 
f 2429/8071/510 2430/8072/510 2427/8069/510 
f 2431/8073/511 2432/8074/511 2433/8075/511 
f 2433/8075/511 2434/8076/511 2431/8073/511 
f 2429/8077/512 2428/8078/512 2435/8079/512 
f 2435/8079/512 2436/8080/512 2429/8077/512 
f 2437/8081/513 2438/8082/513 2431/8083/513 
f 2431/8083/513 2434/8084/513 2437/8081/513 
f 2436/8085/514 2435/8086/514 2438/8087/514 
f 2438/8087/514 2437/8088/514 2436/8085/514 
f 2439/8089/515 2440/8090/515 2441/8091/515 
f 2441/8091/515 2442/8092/515 2439/8089/515 
f 2443/8093/516 2444/8094/516 2445/8095/516 
f 2445/8095/516 2446/8096/516 2443/8093/516 
f 2447/8097/517 2441/8098/517 2440/8099/517 
f 2440/8099/517 2448/8100/517 2447/8097/517 
f 2444/8101/518 2449/8102/518 2450/8103/518 
f 2450/8103/518 2445/8104/518 2444/8101/518 
f 2449/8105/519 2447/8106/519 2448/8107/519 
f 2448/8107/519 2450/8108/519 2449/8105/519 
f 2439/8109/291 2430/8110/291 2429/8111/291 
f 2429/8111/291 2440/8112/291 2439/8109/291 
f 2437/8113/291 2450/8114/291 2448/8115/291 
f 2448/8115/291 2436/8116/291 2437/8113/291 
f 2443/8117/520 2446/8118/520 2433/8119/520 
f 2433/8119/520 2432/8120/520 2443/8117/520 
f 2434/8121/291 2445/8122/291 2450/8114/291 
f 2450/8114/291 2437/8113/291 2434/8121/291 
f 2431/8123/293 2438/8124/293 2449/8125/293 
f 2449/8125/293 2444/8126/293 2431/8123/293 
f 2442/8127/293 2441/8128/293 2428/8129/293 
f 2428/8129/293 2427/8130/293 2442/8127/293 
f 2444/8126/293 2443/8131/293 2432/8132/293 
f 2432/8132/293 2431/8123/293 2444/8126/293 
f 2438/8124/293 2435/8133/293 2447/8134/293 
f 2447/8134/293 2449/8125/293 2438/8124/293 
f 2439/8135/521 2442/8136/521 2427/8137/521 
f 2427/8137/521 2430/8138/521 2439/8135/521 
f 2429/8111/291 2436/8116/291 2448/8115/291 
f 2448/8115/291 2440/8112/291 2429/8111/291 
f 2446/8139/291 2445/8122/291 2434/8121/291 
f 2434/8121/291 2433/8140/291 2446/8139/291 
f 2428/8129/293 2441/8128/293 2447/8134/293 
f 2447/8134/293 2435/8133/293 2428/8129/293 
f 2451/8141/522 2452/8142/522 2453/8143/522 
f 2453/8143/522 2454/8144/522 2451/8141/522 
f 2455/8145/523 2456/8146/523 2457/8147/523 
f 2457/8147/523 2458/8148/523 2455/8145/523 
f 2459/8149/524 2453/8150/524 2452/8151/524 
f 2452/8151/524 2460/8152/524 2459/8149/524 
f 2461/8153/525 2462/8154/525 2455/8155/525 
f 2455/8155/525 2458/8156/525 2461/8153/525 
f 2460/8157/526 2462/8158/526 2461/8159/526 
f 2461/8159/526 2459/8160/526 2460/8157/526 
f 2463/8161/527 2464/8162/527 2465/8163/527 
f 2465/8163/527 2466/8164/527 2463/8161/527 
f 2467/8165/515 2468/8166/515 2469/8167/515 
f 2469/8167/515 2470/8168/515 2467/8165/515 
f 2464/8169/528 2463/8170/528 2471/8171/528 
f 2471/8171/528 2472/8172/528 2464/8169/528 
f 2473/8173/529 2474/8174/529 2470/8175/529 
f 2470/8175/529 2469/8176/529 2473/8173/529 
f 2472/8177/530 2471/8178/530 2474/8179/530 
f 2474/8179/530 2473/8180/530 2472/8177/530 
f 2454/8181/291 2453/8182/291 2463/8183/291 
f 2463/8183/291 2466/8184/291 2454/8181/291 
f 2474/8185/291 2471/8186/291 2459/8187/291 
f 2459/8187/291 2461/8188/291 2474/8185/291 
f 2467/8189/531 2457/8190/531 2456/8191/531 
f 2456/8191/531 2468/8192/531 2467/8189/531 
f 2461/8188/291 2458/8193/291 2470/8194/291 
f 2470/8194/291 2474/8185/291 2461/8188/291 
f 2469/8195/293 2455/8196/293 2462/8197/293 
f 2462/8197/293 2473/8198/293 2469/8195/293 
f 2451/8199/293 2465/8200/293 2464/8201/293 
f 2464/8201/293 2452/8202/293 2451/8199/293 
f 2456/8203/293 2455/8196/293 2469/8195/293 
f 2469/8195/293 2468/8204/293 2456/8203/293 
f 2473/8198/293 2462/8197/293 2460/8205/293 
f 2460/8205/293 2472/8206/293 2473/8198/293 
f 2454/8207/532 2466/8208/532 2465/8209/532 
f 2465/8209/532 2451/8210/532 2454/8207/532 
f 2459/8187/291 2471/8186/291 2463/8183/291 
f 2463/8183/291 2453/8182/291 2459/8187/291 
f 2470/8194/291 2458/8193/291 2457/8211/291 
f 2457/8211/291 2467/8212/291 2470/8194/291 
f 2464/8201/293 2472/8206/293 2460/8205/293 
f 2460/8205/293 2452/8202/293 2464/8201/293 
f 2475/8213/533 2476/8214/533 2477/8215/533 
f 2477/8215/533 2478/8216/533 2475/8213/533 
f 2479/8217/534 2480/8218/534 2481/8219/534 
f 2481/8219/534 2482/8220/534 2479/8217/534 
f 2476/8221/535 2483/8222/535 2484/8223/535 
f 2484/8223/535 2477/8224/535 2476/8221/535 
f 2485/8225/536 2479/8226/536 2482/8227/536 
f 2482/8227/536 2486/8228/536 2485/8225/536 
f 2483/8229/537 2485/8230/537 2486/8231/537 
f 2486/8231/537 2484/8232/537 2483/8229/537 
f 2487/8233/538 2488/8234/538 2489/8235/538 
f 2489/8235/538 2490/8236/538 2487/8233/538 
f 2491/8237/539 2492/8238/539 2493/8239/539 
f 2493/8239/539 2494/8240/539 2491/8237/539 
f 2487/8241/540 2490/8242/540 2495/8243/540 
f 2495/8243/540 2496/8244/540 2487/8241/540 
f 2497/8245/541 2498/8246/541 2494/8247/541 
f 2494/8247/541 2493/8248/541 2497/8245/541 
f 2496/8249/542 2495/8250/542 2498/8251/542 
f 2498/8251/542 2497/8252/542 2496/8249/542 
f 2478/8253/291 2477/8254/291 2490/8255/291 
f 2490/8255/291 2489/8256/291 2478/8253/291 
f 2498/8257/291 2495/8258/291 2484/8259/291 
f 2484/8259/291 2486/8260/291 2498/8257/291 
f 2481/8261/543 2480/8262/543 2492/8263/543 
f 2492/8263/543 2491/8264/543 2481/8261/543 
f 2486/8260/291 2482/8265/291 2494/8266/291 
f 2494/8266/291 2498/8257/291 2486/8260/291 
f 2493/8267/544 2479/8268/544 2485/8269/544 
f 2485/8269/544 2497/8270/544 2493/8267/544 
f 2475/8271/293 2488/8272/293 2487/8273/293 
f 2487/8273/293 2476/8274/293 2475/8271/293 
f 2480/8275/293 2479/8268/293 2493/8267/293 
f 2493/8267/293 2492/8276/293 2480/8275/293 
f 2497/8270/293 2485/8269/293 2483/8277/293 
f 2483/8277/293 2496/8278/293 2497/8270/293 
f 2475/8279/545 2478/8280/545 2489/8281/545 
f 2489/8281/545 2488/8282/545 2475/8279/545 
f 2490/8255/291 2477/8254/291 2484/8259/291 
f 2484/8259/291 2495/8258/291 2490/8255/291 
f 2482/8265/291 2481/8283/291 2491/8284/291 
f 2491/8284/291 2494/8266/291 2482/8265/291 
f 2483/8277/293 2476/8274/293 2487/8273/293 
f 2487/8273/293 2496/8278/293 2483/8277/293 
f 2499/8285/546 1987/8286/546 1986/8287/546 
f 1986/8287/546 2500/8288/546 2499/8285/546 
f 1986/8289/547 1985/6751/547 1994/6754/547 
f 1994/6754/547 2500/8290/547 1986/8289/547 
f 1993/8291/548 1988/8292/548 1987/8293/548 
f 1987/8293/548 2499/8294/548 1993/8291/548 
f 1994/6765/549 1993/6758/549 2499/8295/549 
f 2499/8295/549 2500/8296/549 1994/6765/549 
# 976 faces

#
# object ROOF_004
#

v  1.7772 5.7014 -4.3189
v  1.7706 5.5402 3.6303
v  1.6709 5.6373 3.6322
v  1.6775 5.7986 -4.3171
v  1.4950 5.9329 -4.3144
v  1.4900 5.7703 3.6348
v  1.3973 5.8416 3.6362
v  1.4023 6.0042 -4.3130
v  1.7026 5.8600 -4.3159
v  1.6960 5.6986 3.6334
v  1.5581 5.8017 3.6354
v  1.5651 5.9633 -4.3138
v  1.7074 5.8078 -4.3169
v  1.7007 5.6465 3.6324
v  1.7904 5.5583 3.6306
v  1.7971 5.7195 -4.3186
v  1.4383 6.0536 -4.3120
v  1.4172 6.0262 -4.3126
v  1.4121 5.8636 3.6366
v  1.4333 5.8911 3.6372
v  1.7454 5.8802 -4.3155
v  1.7387 5.7189 3.6338
v  1.5740 5.8435 3.6362
v  1.5811 6.0050 -4.3130
v  1.5021 5.9608 -4.3139
v  1.4971 5.7983 3.6353
v  1.9723 5.4868 -4.3231
v  1.9656 5.3256 3.6261
v  1.8866 5.4144 3.6278
v  1.8934 5.5756 -4.3214
v  1.7880 5.5216 3.6299
v  1.6938 5.6162 3.6318
v  1.7005 5.7776 -4.3175
v  1.7947 5.6829 -4.3193
v  1.9249 5.6333 -4.3203
v  1.9182 5.4721 3.6290
v  1.8450 5.5517 3.6305
v  1.8517 5.7129 -4.3187
v  1.9141 5.4241 3.6280
v  1.9856 5.3435 3.6264
v  1.9923 5.5046 -4.3228
v  1.9208 5.5853 -4.3212
v  1.7206 5.7958 -4.3171
v  1.7138 5.6345 3.6321
v  1.8007 5.5474 3.6304
v  1.8073 5.7086 -4.3188
v  1.9649 5.6538 -4.3199
v  1.9582 5.4927 3.6294
v  1.8702 5.5884 3.6312
v  1.8770 5.7496 -4.3180
v  2.1471 5.1194 3.6221
v  2.0713 5.2053 3.6237
v  2.0780 5.3665 -4.3255
v  2.1538 5.2806 -4.3272
v  1.9811 5.3080 3.6258
v  1.9034 5.3957 3.6275
v  1.9101 5.5569 -4.3218
v  1.9878 5.4692 -4.3235
v  2.1035 5.2625 3.6249
v  2.1102 5.4237 -4.3244
v  2.0436 5.4995 -4.3229
v  2.0369 5.3383 3.6263
v  2.1735 5.2987 -4.3268
v  2.1047 5.3766 -4.3253
v  2.0981 5.2154 3.6239
v  2.1669 5.1375 3.6224
v  1.9234 5.4136 3.6278
v  1.9947 5.3331 3.6262
v  2.0014 5.4943 -4.3230
v  1.9301 5.5748 -4.3214
v  2.1426 5.2837 3.6253
v  2.1493 5.4449 -4.3240
v  2.0630 5.3744 3.6270
v  2.0696 5.5356 -4.3222
v  2.3293 4.9182 3.6181
v  2.2517 5.0025 3.6198
v  2.2582 5.1638 -4.3295
v  2.3358 5.0796 -4.3311
v  2.1623 5.1022 3.6217
v  2.0872 5.1873 3.6234
v  2.0938 5.3485 -4.3258
v  2.1690 5.2635 -4.3275
v  2.2895 5.2215 -4.3283
v  2.2830 5.0602 3.6209
v  2.2240 5.2947 -4.3269
v  2.2174 5.1334 3.6223
v  2.2847 5.1745 -4.3292
v  2.2781 5.0132 3.6200
v  2.3487 4.9366 3.6185
v  2.3552 5.0980 -4.3307
v  2.1137 5.3665 -4.3255
v  2.1070 5.2052 3.6237
v  2.1758 5.1274 3.6222
v  2.1824 5.2887 -4.3270
v  2.3280 5.2435 -4.3279
v  2.3215 5.0822 3.6213
v  2.2431 5.1698 3.6230
v  2.2497 5.3310 -4.3262
v  2.5200 4.7124 3.6141
v  2.4397 4.7996 3.6158
v  2.4463 4.9609 -4.3334
v  2.5266 4.8736 -4.3351
v  2.3451 4.9011 3.6178
v  2.2677 4.9849 3.6194
v  2.2743 5.1462 -4.3298
v  2.3516 5.0625 -4.3314
v  2.4705 4.8576 3.6170
v  2.4771 5.0190 -4.3323
v  2.4004 4.9328 3.6184
v  2.4069 5.0941 -4.3308
v  2.4667 4.8099 3.6160
v  2.5397 4.7305 3.6145
v  2.5463 4.8918 -4.3348
v  2.4733 4.9712 -4.3332
v  2.2938 5.1646 -4.3294
v  2.2873 5.0033 3.6198
v  2.3580 4.9266 3.6183
v  2.3645 5.0880 -4.3309
v  2.5163 5.0404 -4.3319
v  2.5097 4.8792 3.6174
v  2.4254 4.9696 3.6191
v  2.4320 5.1309 -4.3301
v  2.7075 4.5045 3.6101
v  2.6291 4.5919 3.6118
v  2.6358 4.7531 -4.3375
v  2.7142 4.6657 -4.3392
v  2.5359 4.6948 3.6138
v  2.4565 4.7814 3.6155
v  2.4631 4.9427 -4.3338
v  2.5425 4.8561 -4.3355
v  2.6673 4.8107 -4.3364
v  2.6607 4.6495 3.6129
v  2.5982 4.8870 -4.3349
v  2.5916 4.7257 3.6144
v  2.6627 4.7632 -4.3373
v  2.6561 4.6020 3.6120
v  2.7274 4.5225 3.6104
v  2.7341 4.6837 -4.3388
v  2.4828 4.9609 -4.3334
v  2.4762 4.7996 3.6158
v  2.5491 4.7202 3.6143
v  2.5557 4.8815 -4.3350
v  2.7067 4.8319 -4.3359
v  2.7000 4.6707 3.6133
v  2.6171 4.7622 3.6151
v  2.6237 4.9235 -4.3341
v  2.8925 4.2969 3.6060
v  2.8149 4.3841 3.6077
v  2.8216 4.5453 -4.3415
v  2.8991 4.4582 -4.3432
v  2.7232 4.4870 3.6097
v  2.6455 4.5736 3.6114
v  2.6522 4.7349 -4.3378
v  2.7298 4.6482 -4.3395
v  2.8468 4.4415 3.6088
v  2.8535 4.6027 -4.3404
v  2.7790 4.5176 3.6103
v  2.7856 4.6788 -4.3389
v  2.9190 4.4762 -4.3429
v  2.8485 4.5553 -4.3413
v  2.8419 4.3941 3.6079
v  2.9124 4.3149 3.6064
v  2.7366 4.5122 3.6102
v  2.7432 4.6734 -4.3390
v  2.6720 4.7529 -4.3375
v  2.6654 4.5917 3.6118
v  2.8928 4.6238 -4.3400
v  2.8861 4.4626 3.6092
v  2.8048 4.5539 3.6110
v  2.8114 4.7151 -4.3382
v  3.0769 4.0908 3.6020
v  2.9994 4.1771 3.6037
v  3.0060 4.3384 -4.3456
v  3.0835 4.2520 -4.3473
v  2.9080 4.2795 3.6057
v  2.8311 4.3659 3.6073
v  2.8378 4.5271 -4.3419
v  2.9147 4.4407 -4.3436
v  3.0311 4.2346 3.6048
v  3.0377 4.3959 -4.3445
v  2.9703 4.4714 -4.3430
v  2.9637 4.3102 3.6063
v  3.1033 4.2702 -4.3469
v  3.0328 4.3486 -4.3454
v  3.0262 4.1873 3.6039
v  3.0967 4.1089 3.6023
v  2.9345 4.3156 3.6064
v  2.9412 4.4769 -4.3429
v  2.8707 4.5560 -4.3413
v  2.8640 4.3948 3.6079
v  3.0769 4.4172 -4.3440
v  3.0702 4.2559 3.6052
v  2.9895 4.3464 3.6070
v  2.9962 4.5076 -4.3423
v  3.2634 3.8880 3.5980
v  3.1846 3.9726 3.5997
v  3.1912 4.1339 -4.3496
v  3.2699 4.0494 -4.3512
v  3.0926 4.0734 3.6016
v  3.0155 4.1590 3.6033
v  3.0221 4.3203 -4.3459
v  3.0991 4.2347 -4.3476
v  3.2221 4.1918 -4.3484
v  3.2155 4.0305 3.6008
v  3.1544 4.2661 -4.3470
v  3.1478 4.1048 3.6022
v  3.2891 4.0681 -4.3509
v  3.2178 4.1446 -4.3494
v  3.2112 3.9833 3.5999
v  3.2827 3.9067 3.5984
v  3.1058 4.0987 3.6021
v  3.1124 4.2600 -4.3471
v  3.0419 4.3384 -4.3456
v  3.0353 4.1771 3.6037
v  3.2607 4.2139 -4.3480
v  3.2542 4.0525 3.6012
v  3.1733 4.1413 3.6030
v  3.1799 4.3026 -4.3463
v  3.4577 3.6931 3.5942
v  3.3744 3.7738 3.5958
v  3.3806 3.9354 -4.3534
v  3.4638 3.8549 -4.3550
v  3.2794 3.8712 3.5977
v  3.2010 3.9549 3.5993
v  3.2075 4.1162 -4.3499
v  3.2858 4.0326 -4.3516
v  3.4090 3.9946 -4.3523
v  3.4028 3.8330 3.5969
v  3.3398 4.0655 -4.3509
v  3.3334 3.9040 3.5983
v  3.4821 3.8745 -4.3546
v  3.4067 3.9473 -4.3532
v  3.4004 3.7856 3.5960
v  3.4760 3.7127 3.5946
v  3.2920 3.8968 3.5982
v  3.2984 4.0583 -4.3510
v  3.2270 4.1347 -4.3496
v  3.2205 3.9733 3.5997
v  3.4402 3.8567 3.5974
v  3.4464 4.0184 -4.3518
v  3.3578 3.9413 3.5991
v  3.3642 4.1028 -4.3502
v  3.5756 3.5838 3.5921
v  3.5816 3.7457 -4.3572
v  3.6687 3.6680 -4.3587
v  3.6628 3.5060 3.5905
v  3.3916 3.7568 3.5955
v  3.3978 3.9185 -4.3538
v  3.4808 3.8388 -4.3553
v  3.4746 3.6770 3.5939
v  3.6012 3.6442 3.5932
v  3.6072 3.8061 -4.3560
v  3.5334 3.8746 -4.3546
v  3.5273 3.7128 3.5946
v  3.6804 3.5262 3.5909
v  3.6863 3.6882 -4.3583
v  3.6073 3.7587 -4.3569
v  3.6014 3.5968 3.5923
v  3.4858 3.7033 3.5944
v  3.4919 3.8651 -4.3548
v  3.4164 3.9379 -4.3534
v  3.4102 3.7762 3.5958
v  3.6380 3.6696 3.5937
v  3.6440 3.8315 -4.3555
v  3.5498 3.7512 3.5953
v  3.5559 3.9130 -4.3539
v  3.8750 3.3247 3.5870
v  3.7850 3.4001 3.5885
v  3.7908 3.5622 -4.3607
v  3.8807 3.4868 -4.3622
v  3.6804 3.4903 3.5902
v  3.5938 3.5676 3.5918
v  3.5997 3.7295 -4.3575
v  3.6863 3.6523 -4.3590
v  3.8088 3.4614 3.5897
v  3.8146 3.6235 -4.3595
v  3.7379 3.6898 -4.3582
v  3.7320 3.5277 3.5910
v  3.8920 3.3454 3.5874
v  3.8977 3.5075 -4.3618
v  3.8161 3.5758 -4.3605
v  3.8103 3.4137 3.5887
v  3.6907 3.5171 3.5908
v  3.6966 3.6790 -4.3585
v  3.6175 3.7496 -4.3571
v  3.6116 3.5877 3.5921
v  3.8448 3.4876 3.5902
v  3.8506 3.6497 -4.3590
v  3.7531 3.5669 3.5917
v  3.7590 3.7289 -4.3575
v  4.0008 3.2219 3.5850
v  4.0064 3.3842 -4.3642
v  4.0987 3.3107 -4.3657
v  4.0931 3.1484 3.5836
v  3.8989 3.4717 -4.3625
v  3.8932 3.3096 3.5867
v  3.8036 3.3842 3.5882
v  3.8094 3.5462 -4.3611
v  4.0228 3.2838 3.5862
v  4.0284 3.4460 -4.3630
v  3.9493 3.5103 -4.3618
v  3.9437 3.3482 3.5875
v  4.0258 3.2362 3.5853
v  4.1096 3.1696 3.5840
v  4.1151 3.3319 -4.3652
v  4.0314 3.3985 -4.3639
v  3.8208 3.4047 3.5886
v  3.9027 3.3366 3.5872
v  3.9084 3.4987 -4.3620
v  3.8266 3.5668 -4.3606
v  4.0582 3.3111 3.5867
v  4.0637 3.4733 -4.3625
v  3.9637 3.3880 3.5882
v  3.9693 3.5501 -4.3610
v  4.3178 2.9779 3.5802
v  4.2224 3.0486 3.5816
v  4.2278 3.2109 -4.3676
v  4.3231 3.1403 -4.3690
v  4.1119 3.1339 3.5833
v  4.0200 3.2066 3.5847
v  4.0256 3.3688 -4.3645
v  4.1174 3.2962 -4.3659
v  4.2427 3.1112 3.5828
v  4.2481 3.2735 -4.3664
v  4.1670 3.3362 -4.3652
v  4.1615 3.1739 3.5841
v  4.2526 3.2260 -4.3673
v  4.2472 3.0636 3.5819
v  4.3337 2.9995 3.5807
v  4.3390 3.1620 -4.3686
v  4.1206 3.1611 3.5838
v  4.1261 3.3234 -4.3654
v  4.0422 3.3898 -4.3641
v  4.0366 3.2276 3.5851
v  4.2827 3.3017 -4.3658
v  4.2773 3.1393 3.5834
v  4.1804 3.2142 3.5849
v  4.1859 3.3766 -4.3644
v  4.4512 2.8817 3.5784
v  4.4565 3.0442 -4.3709
v  4.5545 2.9756 -4.3722
v  4.5494 2.8130 3.5770
v  4.2423 3.0338 3.5813
v  4.2477 3.1962 -4.3679
v  4.3423 3.1261 -4.3693
v  4.3370 2.9637 3.5800
v  4.4694 2.9448 3.5796
v  4.4746 3.1074 -4.3696
v  4.3907 3.1674 -4.3685
v  4.3855 3.0049 3.5808
v  4.4756 2.8974 3.5787
v  4.5646 2.8352 3.5774
v  4.5697 2.9978 -4.3718
v  4.4807 3.0599 -4.3706
v  4.2583 3.0553 3.5817
v  4.3449 2.9912 3.5805
v  4.3502 3.1537 -4.3687
v  4.2637 3.2177 -4.3675
v  4.5033 2.9741 3.5802
v  4.5084 3.1366 -4.3691
v  4.4031 3.0458 3.5816
v  4.4084 3.2083 -4.3677
v  4.6926 2.8834 -4.3740
v  4.7937 2.8193 -4.3753
v  4.7888 2.6565 3.5740
v  4.6876 2.7207 3.5752
v  4.4768 3.0299 -4.3711
v  4.5745 2.9622 -4.3725
v  4.5695 2.7996 3.5768
v  4.4716 2.8673 3.5781
v  4.7084 2.9473 -4.3728
v  4.7034 2.7846 3.5765
v  4.6219 3.0053 -4.3716
v  4.6168 2.8426 3.5776
v  4.8159 2.8486 -4.3747
v  4.7243 2.9065 -4.3735
v  4.7193 2.7438 3.5757
v  4.8111 2.6858 3.5745
v  4.5814 2.9900 -4.3719
v  4.4922 3.0518 -4.3707
v  4.4870 2.8893 3.5785
v  4.5763 2.8273 3.5773
v  4.7363 2.8148 3.5770
v  4.7412 2.9775 -4.3722
v  4.6330 2.8841 3.5784
v  4.6381 3.0467 -4.3708
v  5.0312 2.6709 -4.3781
v  5.0265 2.5081 3.5711
v  4.9274 2.5698 3.5723
v  4.9321 2.7327 -4.3769
v  4.8140 2.8065 -4.3755
v  4.8092 2.6437 3.5737
v  4.7087 2.7071 3.5749
v  4.7136 2.8698 -4.3743
v  4.9420 2.6338 3.5735
v  4.9467 2.7967 -4.3757
v  4.8550 2.6881 3.5746
v  4.8598 2.8509 -4.3746
v  5.0405 2.5309 3.5715
v  5.0452 2.6938 -4.3777
v  4.9552 2.7499 -4.3766
v  4.9505 2.5871 3.5726
v  4.8151 2.6717 3.5743
v  4.8200 2.8345 -4.3750
v  4.7282 2.8924 -4.3738
v  4.7233 2.7297 3.5754
v  4.9787 2.8279 -4.3751
v  4.9739 2.6651 3.5741
v  4.8699 2.7301 3.5754
v  4.8747 2.8929 -4.3738
v  5.1654 2.5856 -4.3798
v  5.2623 2.5232 -4.3810
v  5.2575 2.3604 3.5682
v  5.1606 2.4228 3.5694
v  5.0460 2.4957 3.5708
v  4.9481 2.5570 3.5720
v  4.9528 2.7198 -4.3772
v  5.0507 2.6585 -4.3784
v  5.1757 2.4867 3.5706
v  5.1805 2.6495 -4.3786
v  5.0955 2.7035 -4.3775
v  5.0908 2.5406 3.5717
v  5.1884 2.6027 -4.3795
v  5.1836 2.4399 3.5697
v  5.2718 2.3831 3.5686
v  5.2766 2.5459 -4.3806
v  4.9622 2.5798 3.5725
v  5.0520 2.5236 3.5714
v  5.0567 2.6865 -4.3778
v  4.9669 2.7426 -4.3767
v  5.2124 2.6806 -4.3780
v  5.2076 2.5178 3.5712
v  5.1056 2.5826 3.5725
v  5.1103 2.7454 -4.3767
v  5.4921 2.3734 -4.3840
v  5.4872 2.2106 3.5652
v  5.3909 2.2738 3.5665
v  5.3957 2.4365 -4.3827
v  5.2770 2.3479 3.5679
v  5.1809 2.4098 3.5691
v  5.1856 2.5726 -4.3801
v  5.2818 2.5106 -4.3813
v  5.4114 2.5003 -4.3815
v  5.4066 2.3375 3.5677
v  5.3222 2.3924 3.5688
v  5.3270 2.5552 -4.3804
v  5.4140 2.2907 3.5668
v  5.5017 2.2332 3.5657
v  5.5066 2.3959 -4.3835
v  5.4189 2.4534 -4.3824
v  5.2197 2.6121 -4.3793
v  5.2150 2.4493 3.5699
v  5.3031 2.3925 3.5688
v  5.3079 2.5552 -4.3804
v  5.4436 2.5311 -4.3809
v  5.4388 2.3683 3.5683
v  5.3374 2.4343 3.5696
v  5.3422 2.5971 -4.3796
v  5.7155 2.0589 3.5623
v  5.6197 2.1229 3.5635
v  5.6247 2.2856 -4.3857
v  5.7204 2.2216 -4.3869
v  5.5065 2.1979 3.5650
v  5.4110 2.2606 3.5662
v  5.4158 2.4234 -4.3830
v  5.5114 2.3606 -4.3842
v  5.6360 2.1865 3.5648
v  5.6409 2.3492 -4.3844
v  5.5570 2.4047 -4.3833
v  5.5521 2.2420 3.5659
v  5.7351 2.2441 -4.3865
v  5.6479 2.3023 -4.3854
v  5.6430 2.1396 3.5639
v  5.7302 2.0814 3.5627
v  5.4254 2.2832 3.5667
v  5.5130 2.2257 3.5655
v  5.5179 2.3884 -4.3837
v  5.4302 2.4460 -4.3825
v  5.6684 2.2170 3.5654
v  5.6733 2.3797 -4.3838
v  5.5677 2.2837 3.5667
v  5.5726 2.4464 -4.3825
v  5.9422 1.9055 3.5593
v  5.8472 1.9702 3.5605
v  5.8521 2.1328 -4.3887
v  5.9472 2.0681 -4.3899
v  5.7347 2.0461 3.5620
v  5.6397 2.1095 3.5633
v  5.6446 2.2723 -4.3859
v  5.7396 2.2088 -4.3872
v  5.8689 2.1963 -4.3874
v  5.8639 2.0336 3.5618
v  5.7856 2.2525 -4.3863
v  5.7806 2.0898 3.5629
v  5.8755 2.1494 -4.3883
v  5.8706 1.9867 3.5609
v  5.9570 1.9278 3.5597
v  5.9620 2.0905 -4.3895
v  5.6666 2.3009 -4.3854
v  5.6616 2.1382 3.5638
v  5.7488 2.0800 3.5627
v  5.7537 2.2427 -4.3865
v  5.9016 2.2266 -4.3868
v  5.8966 2.0639 3.5624
v  5.7966 2.1313 3.5637
v  5.8015 2.2940 -4.3855
v  6.1665 1.7506 3.5563
v  6.0727 1.8158 3.5575
v  6.0777 1.9785 -4.3917
v  6.1716 1.9132 -4.3930
v  5.9613 1.8925 3.5590
v  5.8670 1.9567 3.5603
v  5.8720 2.1194 -4.3889
v  5.9663 2.0551 -4.3902
v  6.0901 1.8791 3.5588
v  6.0951 2.0418 -4.3904
v  6.0075 1.9359 3.5599
v  6.0125 2.0985 -4.3893
v  6.0962 1.8321 3.5579
v  6.1815 1.7728 3.5567
v  6.1866 1.9354 -4.3925
v  6.1012 1.9948 -4.3914
v  5.9247 2.1737 -4.3879
v  5.9198 2.0110 3.5613
v  6.0062 1.9521 3.5602
v  6.0112 2.1148 -4.3890
v  6.1279 2.0718 -4.3899
v  6.1229 1.9091 3.5594
v  6.0238 1.9773 3.5607
v  6.0288 2.1400 -4.3885
v  1.5183 5.8257 3.6359
v  1.5233 5.9883 -4.3133
# 532 vertices

vn -0.6979 -0.7161 -0.0151
vn -0.6098 -0.7924 -0.0166
vn -0.9254 0.3789 0.0069
vn 0.4083 -0.9127 -0.0183
vn -0.5995 -0.8002 -0.0167
vn 0.7016 0.7124 0.0150
vn -0.7926 0.6097 0.0120
vn 0.8854 -0.4648 -0.0087
vn -0.4977 0.8672 0.0174
vn 0.6040 0.7968 0.0167
vn 0.0000 0.0195 -0.9998
vn -0.8283 0.5602 0.0110
vn 0.0000 -0.0195 0.9998
vn 0.6750 -0.7377 -0.0144
vn -0.7475 -0.6641 -0.0141
vn -0.7088 -0.7053 -0.0149
vn -0.8777 0.4792 0.0090
vn 0.4659 -0.8847 -0.0176
vn -0.7364 -0.6763 -0.0143
vn 0.7483 0.6632 0.0140
vn 0.7085 0.7056 0.0149
vn 0.8410 -0.5409 -0.0103
vn -0.5076 0.8614 0.0170
vn 0.7364 0.6763 0.0143
vn -0.6737 0.7389 0.0144
vn 0.6668 -0.7451 -0.0145
vn -0.7499 -0.6614 -0.0140
vn -0.7489 -0.6626 -0.0140
vn -0.8716 0.4901 0.0092
vn 0.4773 -0.8786 -0.0174
vn -0.7514 -0.6598 -0.0140
vn 0.7498 0.6615 0.0140
vn 0.7488 0.6627 0.0140
vn 0.8374 -0.5464 -0.0104
vn -0.5175 0.8555 0.0169
vn 0.7515 0.6596 0.0140
vn -0.6668 0.7451 0.0145
vn 0.6756 -0.7371 -0.0144
vn -0.7358 -0.6771 -0.0143
vn -0.7494 -0.6620 -0.0140
vn -0.8787 0.4772 0.0090
vn 0.4930 -0.8699 -0.0172
vn -0.7448 -0.6671 -0.0141
vn 0.7353 0.6775 0.0144
vn 0.7495 0.6619 0.0140
vn 0.8469 -0.5317 -0.0101
vn -0.5326 0.8462 0.0167
vn 0.7453 0.6666 0.0141
vn -0.6708 0.7415 0.0145
vn 0.6884 -0.7252 -0.0142
vn -0.7359 -0.6769 -0.0143
vn -0.7348 -0.6782 -0.0144
vn -0.8839 0.4675 0.0087
vn 0.4972 -0.8675 -0.0172
vn -0.7313 -0.6819 -0.0144
vn 0.7361 0.6767 0.0143
vn 0.7350 0.6779 0.0143
vn 0.8495 -0.5275 -0.0100
vn -0.5369 0.8435 0.0167
vn 0.7316 0.6816 0.0144
vn -0.6851 0.7283 0.0142
vn 0.6769 -0.7359 -0.0144
vn -0.7443 -0.6677 -0.0141
vn -0.7369 -0.6759 -0.0143
vn -0.8772 0.4800 0.0090
vn 0.4855 -0.8741 -0.0174
vn -0.7412 -0.6711 -0.0142
vn 0.7444 0.6676 0.0141
vn 0.7367 0.6760 0.0143
vn 0.8425 -0.5386 -0.0102
vn -0.5255 0.8506 0.0168
vn 0.7413 0.6710 0.0142
vn -0.6799 0.7332 0.0143
vn 0.6714 -0.7409 -0.0145
vn -0.7470 -0.6647 -0.0141
vn -0.8745 0.4850 0.0091
vn 0.4813 -0.8764 -0.0174
vn -0.7465 -0.6653 -0.0141
vn 0.7471 0.6645 0.0141
vn 0.7447 0.6672 0.0141
vn 0.8398 -0.5428 -0.0103
vn -0.5214 0.8531 0.0169
vn 0.7465 0.6652 0.0141
vn -0.6726 0.7399 0.0144
vn 0.6713 -0.7411 -0.0145
vn -0.7440 -0.6680 -0.0142
vn -0.7471 -0.6646 -0.0141
vn -0.8757 0.4828 0.0090
vn 0.4829 -0.8755 -0.0173
vn -0.7462 -0.6655 -0.0141
vn 0.7438 0.6683 0.0142
vn 0.8415 -0.5401 -0.0103
vn -0.4886 0.8723 0.0172
vn 0.7464 0.6653 0.0141
vn -0.6602 0.7510 0.0147
vn 0.6776 -0.7353 -0.0144
vn -0.7317 -0.6815 -0.0144
vn -0.7434 -0.6687 -0.0142
vn -0.8823 0.4706 0.0088
vn 0.4940 -0.8693 -0.0172
vn -0.7393 -0.6732 -0.0143
vn 0.7315 0.6817 0.0144
vn 0.7437 0.6683 0.0142
vn 0.8498 -0.5271 -0.0100
vn -0.5338 0.8455 0.0167
vn 0.7391 0.6734 0.0143
vn -0.6748 0.7379 0.0144
vn 0.6967 -0.7172 -0.0140
vn -0.6955 -0.7184 -0.0151
vn -0.7301 -0.6832 -0.0144
vn -0.9018 0.4321 0.0081
vn 0.5197 -0.8542 -0.0169
vn -0.7154 -0.6986 -0.0147
vn 0.6947 0.7191 0.0152
vn 0.7306 0.6826 0.0144
vn 0.8729 -0.4878 -0.0092
vn -0.5597 0.8285 0.0164
vn 0.7165 0.6974 0.0147
vn -0.6878 0.7258 0.0142
vn 0.7320 -0.6812 -0.0133
vn -0.6658 -0.7460 -0.0157
vn -0.6930 -0.7208 -0.0152
vn -0.9207 0.3902 0.0072
vn 0.5617 -0.8272 -0.0164
vn -0.6803 -0.7328 -0.0154
vn 0.6661 0.7457 0.0157
vn 0.6942 0.7196 0.0152
vn 0.8931 -0.4497 -0.0085
vn -0.6000 0.7998 0.0158
vn 0.6793 0.7337 0.0154
vn -0.7215 0.6923 0.0135
vn 0.7548 -0.6558 -0.0128
vn 0.0001 0.0194 -0.9998
vn -0.6426 -0.7660 -0.0161
vn -0.6657 -0.7461 -0.0157
vn -0.9323 0.3616 0.0067
vn 0.5874 -0.8092 -0.0160
vn -0.6536 -0.7567 -0.0159
vn 0.6414 0.7670 0.0161
vn 0.9065 -0.4221 -0.0079
vn -0.6246 0.7808 0.0154
vn 0.6542 0.7562 0.0159
vn -0.7482 0.6634 0.0129
vn 0.7728 -0.6346 -0.0124
vn -0.6233 -0.7818 -0.0164
vn -0.6399 -0.7683 -0.0161
vn -0.9423 0.3346 0.0062
vn 0.6073 -0.7943 -0.0158
vn -0.6310 -0.7756 -0.0163
vn 0.6228 0.7822 0.0164
vn 0.6401 0.7681 0.0161
vn 0.9180 -0.3964 -0.0074
vn -0.6444 0.7645 0.0151
vn 0.6311 0.7755 0.0163
vn -0.7672 0.6413 0.0125
vn 0.7896 -0.6135 -0.0120
vn -0.5954 -0.8032 -0.0168
vn -0.6204 -0.7842 -0.0164
vn -0.9516 0.3074 0.0056
vn 0.6285 -0.7776 -0.0155
vn -0.6118 -0.7908 -0.0165
vn 0.5954 0.8032 0.0168
vn 0.6209 0.7837 0.0164
vn 0.9291 -0.3697 -0.0070
vn -0.6648 0.7469 0.0148
vn 0.6118 0.7908 0.0165
vn -0.7840 0.6207 0.0121
vn 0.8065 -0.5911 -0.0115
vn -0.5733 -0.8192 -0.0171
vn -0.5949 -0.8036 -0.0168
vn -0.9612 0.2758 0.0050
vn 0.6484 -0.7611 -0.0152
vn -0.5821 -0.8129 -0.0170
vn 0.5726 0.8197 0.0171
vn 0.5953 0.8033 0.0168
vn 0.9405 -0.3396 -0.0063
vn -0.6843 0.7291 0.0144
vn 0.5824 0.8127 0.0170
vn -0.8008 0.5988 0.0117
vn 0.8248 -0.5653 -0.0111
vn -0.5356 -0.8443 -0.0176
vn -0.5692 -0.8220 -0.0171
vn -0.9709 0.2396 0.0043
vn 0.6724 -0.7401 -0.0148
vn -0.5566 -0.8306 -0.0173
vn 0.5342 0.8452 0.0176
vn 0.5700 0.8215 0.0172
vn 0.9727 -0.2321 -0.0041
vn -0.7074 0.7067 0.0140
vn 0.5574 0.8300 0.0173
vn -0.8186 0.5743 0.0112
vn 0.7957 -0.6056 -0.0119
vn 0.0001 0.0195 -0.9998
vn -0.5290 -0.8485 -0.0176
vn -0.5337 -0.8455 -0.0176
vn -0.9750 0.2221 0.0039
vn 0.6963 -0.7176 -0.0143
vn -0.5297 -0.8480 -0.0176
vn 0.5294 0.8482 0.0177
vn 0.5341 0.8452 0.0176
vn 0.9578 -0.2873 -0.0053
vn -0.7301 0.6833 0.0135
vn 0.5297 0.8480 0.0177
vn -0.8390 0.5441 0.0106
vn 0.8519 -0.5236 -0.0102
vn -0.5417 -0.8404 -0.0175
vn -0.5307 -0.8474 -0.0177
vn -0.9732 0.2298 0.0041
vn 0.7087 -0.7054 -0.0140
vn -0.5361 -0.8439 -0.0176
vn 0.5418 0.8403 0.0175
vn 0.5305 0.8475 0.0176
vn 0.9557 -0.2944 -0.0054
vn -0.7402 0.6723 0.0133
vn 0.5359 0.8441 0.0176
vn -0.8507 0.5255 0.0103
vn 0.8466 -0.5321 -0.0104
vn -0.5483 -0.8361 -0.0175
vn -0.5420 -0.8402 -0.0175
vn -0.9710 0.2391 0.0043
vn 0.7021 -0.7120 -0.0141
vn -0.5456 -0.8379 -0.0175
vn 0.5485 0.8360 0.0174
vn 0.9528 -0.3034 -0.0056
vn -0.7731 0.6341 0.0125
vn 0.5455 0.8379 0.0175
vn -0.7567 0.6537 0.0130
vn -0.0001 0.0195 -0.9998
vn 0.8417 -0.5398 -0.0105
vn -0.5556 -0.8313 -0.0173
vn -0.5492 -0.8355 -0.0174
vn -0.9689 0.2475 0.0044
vn 0.6954 -0.7185 -0.0142
vn -0.5518 -0.8338 -0.0174
vn 0.5555 0.8313 0.0174
vn 0.5490 0.8356 0.0174
vn 0.9502 -0.3116 -0.0058
vn -0.7275 0.6860 0.0136
vn 0.5521 0.8336 0.0174
vn -0.8433 0.5373 0.0105
vn 0.8374 -0.5466 -0.0107
vn -0.5628 -0.8264 -0.0173
vn -0.5558 -0.8311 -0.0173
vn -0.9668 0.2554 0.0046
vn 0.6896 -0.7240 -0.0144
vn -0.5592 -0.8289 -0.0173
vn 0.5629 0.8263 0.0173
vn 0.9476 -0.3194 -0.0059
vn -0.7321 0.6811 0.0135
vn 0.5590 0.8290 0.0173
vn -0.7941 0.6077 0.0120
vn 0.8330 -0.5531 -0.0108
vn -0.5710 -0.8208 -0.0171
vn -0.5631 -0.8262 -0.0172
vn -0.9644 0.2644 0.0047
vn 0.6845 -0.7289 -0.0144
vn -0.5664 -0.8239 -0.0172
vn 0.5711 0.8207 0.0171
vn 0.5630 0.8263 0.0173
vn 0.9447 -0.3280 -0.0061
vn -0.8205 0.5716 0.0112
vn 0.5666 0.8238 0.0172
vn -0.7172 0.6967 0.0138
vn 0.0001 -0.0196 0.9998
vn 0.8287 -0.5596 -0.0109
vn 0.6098 0.7924 0.0166
vn 0.7925 -0.6097 -0.0120
vn -0.0007 -0.0205 0.9998
vn 0.0007 0.0205 -0.9998
# 269 vertex normals

vt 0.6310 0.6059 0.0000
vt 0.6310 0.5658 0.0000
vt 0.6427 0.5658 0.0000
vt 0.6427 0.6059 0.0000
vt 0.7384 0.7339 0.0000
vt 0.7384 0.7740 0.0000
vt 0.7287 0.7740 0.0000
vt 0.7287 0.7339 0.0000
vt 0.8094 0.9354 0.0000
vt 0.8130 0.9355 0.0000
vt 0.8130 0.9756 0.0000
vt 0.8094 0.9755 0.0000
vt 0.9197 0.9355 0.0000
vt 0.9232 0.9354 0.0000
vt 0.9232 0.9755 0.0000
vt 0.9197 0.9756 0.0000
vt 0.6147 0.6059 0.0000
vt 0.6147 0.5658 0.0000
vt 0.6291 0.5658 0.0000
vt 0.6291 0.6059 0.0000
vt 0.6547 0.6078 0.0000
vt 0.6547 0.6479 0.0000
vt 0.6441 0.6479 0.0000
vt 0.6441 0.6078 0.0000
vt 0.8075 0.9756 0.0000
vt 0.8056 0.9755 0.0000
vt 0.8056 0.9354 0.0000
vt 0.8075 0.9355 0.0000
vt 0.5775 0.8712 0.0000
vt 0.5775 0.9114 0.0000
vt 0.5730 0.9114 0.0000
vt 0.5730 0.8713 0.0000
vt 0.5847 0.9113 0.0000
vt 0.5847 0.8712 0.0000
vt 0.5891 0.8713 0.0000
vt 0.5891 0.9114 0.0000
vt 0.5948 0.5011 0.0000
vt 0.6120 0.5011 0.0000
vt 0.6120 0.5413 0.0000
vt 0.5948 0.5412 0.0000
vt 0.6104 0.8705 0.0000
vt 0.6110 0.8599 0.0000
vt 0.6125 0.8600 0.0000
vt 0.6118 0.8718 0.0000
vt 0.6060 0.8726 0.0000
vt 0.6083 0.8740 0.0000
vt 0.6087 0.8883 0.0000
vt 0.6063 0.8899 0.0000
vt 0.8041 0.9755 0.0000
vt 0.8041 0.9354 0.0000
vt 0.6109 0.8919 0.0000
vt 0.6123 0.8906 0.0000
vt 0.8450 0.8727 0.0000
vt 0.8427 0.8712 0.0000
vt 0.8473 0.8693 0.0000
vt 0.8487 0.8706 0.0000
vt 0.8488 0.9010 0.0000
vt 0.8474 0.9011 0.0000
vt 0.8467 0.8905 0.0000
vt 0.8481 0.8893 0.0000
vt 0.8488 0.8608 0.0000
vt 0.8474 0.8604 0.0000
vt 0.8424 0.8884 0.0000
vt 0.8447 0.8871 0.0000
vt 0.9930 0.6491 0.0000
vt 0.9930 0.6892 0.0000
vt 0.9916 0.6892 0.0000
vt 0.9916 0.6491 0.0000
vt 0.6110 0.9008 0.0000
vt 0.6125 0.9004 0.0000
vt 0.6931 0.6479 0.0000
vt 0.6931 0.6078 0.0000
vt 0.7031 0.6078 0.0000
vt 0.7031 0.6479 0.0000
vt 0.6310 0.6078 0.0000
vt 0.6422 0.6078 0.0000
vt 0.6422 0.6479 0.0000
vt 0.6310 0.6479 0.0000
vt 0.6310 0.9351 0.0000
vt 0.6346 0.9351 0.0000
vt 0.6346 0.9752 0.0000
vt 0.6310 0.9752 0.0000
vt 0.7200 0.9842 0.0000
vt 0.7168 0.9842 0.0000
vt 0.7168 0.9441 0.0000
vt 0.7200 0.9441 0.0000
vt 0.7378 0.8160 0.0000
vt 0.7287 0.8160 0.0000
vt 0.7287 0.7759 0.0000
vt 0.7378 0.7759 0.0000
vt 0.8191 0.6899 0.0000
vt 0.8100 0.6899 0.0000
vt 0.8100 0.6498 0.0000
vt 0.8191 0.6498 0.0000
vt 0.5134 0.6602 0.0000
vt 0.5134 0.6201 0.0000
vt 0.5238 0.6201 0.0000
vt 0.5238 0.6602 0.0000
vt 0.8786 0.8600 0.0000
vt 0.8786 0.9001 0.0000
vt 0.8741 0.9002 0.0000
vt 0.8741 0.8601 0.0000
vt 0.9611 0.6491 0.0000
vt 0.9611 0.6892 0.0000
vt 0.9570 0.6892 0.0000
vt 0.9570 0.6491 0.0000
vt 0.6548 0.5011 0.0000
vt 0.6548 0.5412 0.0000
vt 0.6438 0.5412 0.0000
vt 0.6438 0.5011 0.0000
vt 0.8904 0.8701 0.0000
vt 0.8889 0.8691 0.0000
vt 0.8891 0.8600 0.0000
vt 0.8905 0.8600 0.0000
vt 0.8870 0.8811 0.0000
vt 0.8846 0.8820 0.0000
vt 0.8847 0.8710 0.0000
vt 0.8870 0.8720 0.0000
vt 0.9896 0.7740 0.0000
vt 0.9881 0.7740 0.0000
vt 0.9881 0.7339 0.0000
vt 0.9896 0.7339 0.0000
vt 0.8889 0.8833 0.0000
vt 0.8903 0.8824 0.0000
vt 0.5874 0.7158 0.0000
vt 0.5851 0.7148 0.0000
vt 0.5893 0.7136 0.0000
vt 0.5908 0.7145 0.0000
vt 0.5908 0.7268 0.0000
vt 0.5910 0.7369 0.0000
vt 0.5895 0.7368 0.0000
vt 0.5894 0.7277 0.0000
vt 0.5910 0.7032 0.0000
vt 0.5895 0.7032 0.0000
vt 0.5875 0.7249 0.0000
vt 0.5851 0.7258 0.0000
vt 0.9965 0.9021 0.0000
vt 0.9979 0.9021 0.0000
vt 0.9979 0.9422 0.0000
vt 0.9965 0.9422 0.0000
vt 0.8905 0.8937 0.0000
vt 0.8891 0.8937 0.0000
vt 0.7760 0.5657 0.0000
vt 0.7856 0.5657 0.0000
vt 0.7856 0.6058 0.0000
vt 0.7760 0.6058 0.0000
vt 0.7390 0.6058 0.0000
vt 0.7291 0.6058 0.0000
vt 0.7291 0.5657 0.0000
vt 0.7390 0.5657 0.0000
vt 0.6365 0.9752 0.0000
vt 0.6365 0.9351 0.0000
vt 0.6401 0.9351 0.0000
vt 0.6401 0.9752 0.0000
vt 0.5928 0.9458 0.0000
vt 0.5928 0.9859 0.0000
vt 0.5897 0.9860 0.0000
vt 0.5897 0.9458 0.0000
vt 0.8851 0.7740 0.0000
vt 0.8851 0.7339 0.0000
vt 0.8936 0.7339 0.0000
vt 0.8936 0.7740 0.0000
vt 0.7522 0.8180 0.0000
vt 0.7610 0.8180 0.0000
vt 0.7610 0.8581 0.0000
vt 0.7522 0.8581 0.0000
vt 0.8100 0.6077 0.0000
vt 0.8191 0.6077 0.0000
vt 0.8191 0.6478 0.0000
vt 0.8100 0.6478 0.0000
vt 0.8636 0.8601 0.0000
vt 0.8681 0.8600 0.0000
vt 0.8681 0.9001 0.0000
vt 0.8636 0.9002 0.0000
vt 0.9702 0.9002 0.0000
vt 0.9662 0.9001 0.0000
vt 0.9662 0.8600 0.0000
vt 0.9702 0.8601 0.0000
vt 0.6916 0.6058 0.0000
vt 0.6814 0.6058 0.0000
vt 0.6814 0.5657 0.0000
vt 0.6916 0.5657 0.0000
vt 0.9436 0.6078 0.0000
vt 0.9450 0.6077 0.0000
vt 0.9450 0.6174 0.0000
vt 0.9436 0.6166 0.0000
vt 0.9417 0.6279 0.0000
vt 0.9393 0.6287 0.0000
vt 0.9394 0.6185 0.0000
vt 0.9417 0.6193 0.0000
vt 0.9990 0.6918 0.0000
vt 0.9990 0.7319 0.0000
vt 0.9976 0.7319 0.0000
vt 0.9976 0.6918 0.0000
vt 0.9450 0.6290 0.0000
vt 0.9436 0.6299 0.0000
vt 0.9450 0.5111 0.0000
vt 0.9417 0.5122 0.0000
vt 0.9393 0.5113 0.0000
vt 0.9436 0.5102 0.0000
vt 0.9436 0.5323 0.0000
vt 0.9436 0.5235 0.0000
vt 0.9450 0.5227 0.0000
vt 0.9450 0.5324 0.0000
vt 0.9436 0.5011 0.0000
vt 0.9450 0.5012 0.0000
vt 0.9417 0.5208 0.0000
vt 0.9393 0.5215 0.0000
vt 0.9957 0.5986 0.0000
vt 0.9957 0.6387 0.0000
vt 0.9943 0.6387 0.0000
vt 0.9943 0.5986 0.0000
vt 0.9436 0.6390 0.0000
vt 0.9450 0.6389 0.0000
vt 0.7757 0.6078 0.0000
vt 0.7853 0.6078 0.0000
vt 0.7853 0.6479 0.0000
vt 0.7757 0.6479 0.0000
vt 0.7872 0.6919 0.0000
vt 0.7968 0.6919 0.0000
vt 0.7968 0.7320 0.0000
vt 0.7872 0.7320 0.0000
vt 0.9302 0.9755 0.0000
vt 0.9266 0.9755 0.0000
vt 0.9266 0.9354 0.0000
vt 0.9302 0.9354 0.0000
vt 0.9706 0.9843 0.0000
vt 0.9706 0.9442 0.0000
vt 0.9738 0.9442 0.0000
vt 0.9738 0.9843 0.0000
vt 0.5380 0.6621 0.0000
vt 0.5463 0.6621 0.0000
vt 0.5463 0.7022 0.0000
vt 0.5380 0.7022 0.0000
vt 0.7960 0.8180 0.0000
vt 0.7960 0.8581 0.0000
vt 0.7872 0.8581 0.0000
vt 0.7872 0.8180 0.0000
vt 0.8294 0.8180 0.0000
vt 0.8294 0.8581 0.0000
vt 0.8207 0.8581 0.0000
vt 0.8207 0.8180 0.0000
vt 0.9019 0.7320 0.0000
vt 0.9019 0.6918 0.0000
vt 0.9064 0.6918 0.0000
vt 0.9064 0.7319 0.0000
vt 0.9619 0.8581 0.0000
vt 0.9619 0.8180 0.0000
vt 0.9659 0.8180 0.0000
vt 0.9659 0.8581 0.0000
vt 0.6689 0.7320 0.0000
vt 0.6689 0.6919 0.0000
vt 0.6788 0.6918 0.0000
vt 0.6788 0.7320 0.0000
vt 0.6744 0.9351 0.0000
vt 0.6745 0.9448 0.0000
vt 0.6731 0.9440 0.0000
vt 0.6730 0.9352 0.0000
vt 0.6689 0.9560 0.0000
vt 0.6689 0.9460 0.0000
vt 0.6712 0.9467 0.0000
vt 0.6712 0.9550 0.0000
vt 0.7620 0.9001 0.0000
vt 0.7606 0.9001 0.0000
vt 0.7606 0.8600 0.0000
vt 0.7620 0.8600 0.0000
vt 0.6745 0.9561 0.0000
vt 0.6731 0.9570 0.0000
vt 0.9614 0.9438 0.0000
vt 0.9628 0.9447 0.0000
vt 0.9595 0.9457 0.0000
vt 0.9572 0.9448 0.0000
vt 0.9628 0.9657 0.0000
vt 0.9613 0.9656 0.0000
vt 0.9614 0.9568 0.0000
vt 0.9628 0.9560 0.0000
vt 0.9628 0.9351 0.0000
vt 0.9614 0.9350 0.0000
vt 0.9595 0.9540 0.0000
vt 0.9572 0.9548 0.0000
vt 0.9906 0.8180 0.0000
vt 0.9921 0.8180 0.0000
vt 0.9921 0.8581 0.0000
vt 0.9906 0.8581 0.0000
vt 0.6745 0.9657 0.0000
vt 0.6730 0.9657 0.0000
vt 0.7035 0.6058 0.0000
vt 0.6935 0.6058 0.0000
vt 0.6935 0.5657 0.0000
vt 0.7035 0.5657 0.0000
vt 0.5011 0.7462 0.0000
vt 0.5107 0.7462 0.0000
vt 0.5107 0.7863 0.0000
vt 0.5011 0.7863 0.0000
vt 0.8351 0.9755 0.0000
vt 0.8315 0.9755 0.0000
vt 0.8315 0.9354 0.0000
vt 0.8351 0.9354 0.0000
vt 0.6008 0.9441 0.0000
vt 0.6040 0.9440 0.0000
vt 0.6040 0.9841 0.0000
vt 0.6008 0.9842 0.0000
vt 0.8622 0.6478 0.0000
vt 0.8535 0.6478 0.0000
vt 0.8535 0.6077 0.0000
vt 0.8622 0.6077 0.0000
vt 0.7987 0.7759 0.0000
vt 0.8078 0.7759 0.0000
vt 0.8078 0.8161 0.0000
vt 0.7987 0.8161 0.0000
vt 0.8403 0.8180 0.0000
vt 0.8403 0.8581 0.0000
vt 0.8315 0.8581 0.0000
vt 0.8315 0.8180 0.0000
vt 0.9019 0.7740 0.0000
vt 0.9019 0.7339 0.0000
vt 0.9064 0.7339 0.0000
vt 0.9064 0.7740 0.0000
vt 0.5011 0.9544 0.0000
vt 0.5011 0.9143 0.0000
vt 0.5052 0.9144 0.0000
vt 0.5052 0.9545 0.0000
vt 0.5711 0.6191 0.0000
vt 0.5711 0.6592 0.0000
vt 0.5607 0.6592 0.0000
vt 0.5607 0.6191 0.0000
vt 0.8798 0.9021 0.0000
vt 0.8798 0.9121 0.0000
vt 0.8784 0.9113 0.0000
vt 0.8784 0.9021 0.0000
vt 0.8741 0.9237 0.0000
vt 0.8741 0.9133 0.0000
vt 0.8765 0.9141 0.0000
vt 0.8765 0.9228 0.0000
vt 0.9924 0.5011 0.0000
vt 0.9924 0.5412 0.0000
vt 0.9909 0.5412 0.0000
vt 0.9909 0.5011 0.0000
vt 0.8798 0.9239 0.0000
vt 0.8784 0.9248 0.0000
vt 0.8573 0.9109 0.0000
vt 0.8587 0.9118 0.0000
vt 0.8554 0.9129 0.0000
vt 0.8530 0.9119 0.0000
vt 0.8587 0.9336 0.0000
vt 0.8573 0.9335 0.0000
vt 0.8573 0.9244 0.0000
vt 0.8587 0.9236 0.0000
vt 0.8587 0.9022 0.0000
vt 0.8573 0.9021 0.0000
vt 0.8554 0.9216 0.0000
vt 0.8530 0.9224 0.0000
vt 0.9950 0.7759 0.0000
vt 0.9950 0.8160 0.0000
vt 0.9936 0.8161 0.0000
vt 0.9936 0.7760 0.0000
vt 0.8798 0.9335 0.0000
vt 0.8784 0.9336 0.0000
vt 0.7386 0.6899 0.0000
vt 0.7287 0.6899 0.0000
vt 0.7287 0.6498 0.0000
vt 0.7386 0.6498 0.0000
vt 0.6909 0.7320 0.0000
vt 0.6810 0.7320 0.0000
vt 0.6810 0.6918 0.0000
vt 0.6909 0.6919 0.0000
vt 0.9082 0.9354 0.0000
vt 0.9118 0.9354 0.0000
vt 0.9118 0.9755 0.0000
vt 0.9082 0.9755 0.0000
vt 0.7932 0.9441 0.0000
vt 0.7964 0.9441 0.0000
vt 0.7964 0.9842 0.0000
vt 0.7932 0.9842 0.0000
vt 0.8622 0.6899 0.0000
vt 0.8535 0.6899 0.0000
vt 0.8535 0.6498 0.0000
vt 0.8622 0.6498 0.0000
vt 0.8101 0.7740 0.0000
vt 0.8101 0.7339 0.0000
vt 0.8191 0.7339 0.0000
vt 0.8191 0.7740 0.0000
vt 0.7522 0.8161 0.0000
vt 0.7522 0.7759 0.0000
vt 0.7613 0.7759 0.0000
vt 0.7613 0.8161 0.0000
vt 0.9059 0.8600 0.0000
vt 0.9059 0.9001 0.0000
vt 0.9015 0.9002 0.0000
vt 0.9015 0.8601 0.0000
vt 0.9643 0.8601 0.0000
vt 0.9643 0.9002 0.0000
vt 0.9603 0.9001 0.0000
vt 0.9603 0.8600 0.0000
vt 0.5835 0.6191 0.0000
vt 0.5835 0.6592 0.0000
vt 0.5730 0.6592 0.0000
vt 0.5730 0.6191 0.0000
vt 0.6204 0.9020 0.0000
vt 0.6204 0.9119 0.0000
vt 0.6190 0.9111 0.0000
vt 0.6190 0.9021 0.0000
vt 0.6171 0.9139 0.0000
vt 0.6171 0.9226 0.0000
vt 0.6147 0.9235 0.0000
vt 0.6147 0.9130 0.0000
vt 0.9929 0.7740 0.0000
vt 0.9915 0.7740 0.0000
vt 0.9915 0.7339 0.0000
vt 0.9929 0.7339 0.0000
vt 0.6204 0.9237 0.0000
vt 0.6190 0.9246 0.0000
vt 0.6266 0.9111 0.0000
vt 0.6280 0.9120 0.0000
vt 0.6247 0.9131 0.0000
vt 0.6223 0.9122 0.0000
vt 0.6281 0.9337 0.0000
vt 0.6266 0.9337 0.0000
vt 0.6266 0.9246 0.0000
vt 0.6280 0.9238 0.0000
vt 0.6266 0.9020 0.0000
vt 0.6281 0.9021 0.0000
vt 0.6247 0.9218 0.0000
vt 0.6223 0.9227 0.0000
vt 0.9945 0.8601 0.0000
vt 0.9959 0.8600 0.0000
vt 0.9959 0.9001 0.0000
vt 0.9945 0.9002 0.0000
vt 0.6204 0.9336 0.0000
vt 0.6190 0.9337 0.0000
vt 0.7405 0.5011 0.0000
vt 0.7504 0.5011 0.0000
vt 0.7504 0.5412 0.0000
vt 0.7405 0.5412 0.0000
vt 0.7621 0.6479 0.0000
vt 0.7522 0.6479 0.0000
vt 0.7522 0.6078 0.0000
vt 0.7621 0.6078 0.0000
vt 0.9456 0.9754 0.0000
vt 0.9420 0.9754 0.0000
vt 0.9420 0.9353 0.0000
vt 0.9456 0.9353 0.0000
vt 0.9647 0.9442 0.0000
vt 0.9679 0.9442 0.0000
vt 0.9679 0.9843 0.0000
vt 0.9647 0.9843 0.0000
vt 0.8829 0.8160 0.0000
vt 0.8743 0.8160 0.0000
vt 0.8743 0.7759 0.0000
vt 0.8829 0.7759 0.0000
vt 0.8318 0.7339 0.0000
vt 0.8408 0.7339 0.0000
vt 0.8408 0.7740 0.0000
vt 0.8318 0.7740 0.0000
vt 0.8193 0.5657 0.0000
vt 0.8193 0.6058 0.0000
vt 0.8103 0.6058 0.0000
vt 0.8103 0.5657 0.0000
vt 0.8530 0.9002 0.0000
vt 0.8530 0.8601 0.0000
vt 0.8575 0.8600 0.0000
vt 0.8575 0.9001 0.0000
vt 0.9622 0.7319 0.0000
vt 0.9622 0.6918 0.0000
vt 0.9662 0.6918 0.0000
vt 0.9662 0.7320 0.0000
vt 0.6670 0.5011 0.0000
vt 0.6670 0.5412 0.0000
vt 0.6567 0.5412 0.0000
vt 0.6567 0.5011 0.0000
vt 0.8263 0.9029 0.0000
vt 0.8263 0.9128 0.0000
vt 0.8249 0.9119 0.0000
vt 0.8249 0.9030 0.0000
vt 0.8207 0.9242 0.0000
vt 0.8207 0.9139 0.0000
vt 0.8230 0.9147 0.0000
vt 0.8230 0.9233 0.0000
vt 0.9944 0.5558 0.0000
vt 0.9959 0.5558 0.0000
vt 0.9959 0.5959 0.0000
vt 0.9944 0.5959 0.0000
vt 0.8263 0.9244 0.0000
vt 0.8249 0.9253 0.0000
vt 0.7522 0.9132 0.0000
vt 0.7564 0.9121 0.0000
vt 0.7579 0.9130 0.0000
vt 0.7545 0.9141 0.0000
vt 0.7579 0.9345 0.0000
vt 0.7564 0.9345 0.0000
vt 0.7564 0.9255 0.0000
vt 0.7579 0.9246 0.0000
vt 0.7564 0.9031 0.0000
vt 0.7579 0.9031 0.0000
vt 0.7545 0.9227 0.0000
vt 0.7522 0.9235 0.0000
vt 0.9949 0.6491 0.0000
vt 0.9964 0.6491 0.0000
vt 0.9964 0.6892 0.0000
vt 0.9949 0.6892 0.0000
vt 0.8249 0.9344 0.0000
vt 0.8263 0.9343 0.0000
vt 0.7640 0.5011 0.0000
vt 0.7738 0.5011 0.0000
vt 0.7738 0.5412 0.0000
vt 0.7640 0.5412 0.0000
vt 0.7050 0.7339 0.0000
vt 0.7147 0.7339 0.0000
vt 0.7147 0.7740 0.0000
vt 0.7050 0.7740 0.0000
vt 0.9063 0.9354 0.0000
vt 0.9063 0.9755 0.0000
vt 0.9027 0.9755 0.0000
vt 0.9027 0.9354 0.0000
vt 0.9814 0.9021 0.0000
vt 0.9846 0.9021 0.0000
vt 0.9846 0.9422 0.0000
vt 0.9814 0.9423 0.0000
vt 0.8851 0.5011 0.0000
vt 0.8936 0.5011 0.0000
vt 0.8936 0.5412 0.0000
vt 0.8851 0.5412 0.0000
vt 0.6567 0.8179 0.0000
vt 0.6655 0.8179 0.0000
vt 0.6655 0.8580 0.0000
vt 0.6566 0.8581 0.0000
vt 0.8319 0.6478 0.0000
vt 0.8319 0.6077 0.0000
vt 0.8408 0.6077 0.0000
vt 0.8408 0.6478 0.0000
vt 0.8951 0.9002 0.0000
vt 0.8951 0.8601 0.0000
vt 0.8996 0.8600 0.0000
vt 0.8996 0.9001 0.0000
vt 0.5638 0.9465 0.0000
vt 0.5638 0.9866 0.0000
vt 0.5607 0.9866 0.0000
vt 0.5607 0.9465 0.0000
vt 0.6441 0.6899 0.0000
vt 0.6441 0.6498 0.0000
vt 0.6544 0.6498 0.0000
vt 0.6544 0.6899 0.0000
vt 0.9511 0.6919 0.0000
vt 0.9526 0.6918 0.0000
vt 0.9526 0.7016 0.0000
vt 0.9511 0.7008 0.0000
vt 0.9469 0.7130 0.0000
vt 0.9469 0.7028 0.0000
vt 0.9492 0.7036 0.0000
vt 0.9492 0.7121 0.0000
vt 0.6265 0.6918 0.0000
vt 0.6289 0.6919 0.0000
vt 0.6289 0.7320 0.0000
vt 0.6265 0.7320 0.0000
vt 0.9526 0.7132 0.0000
vt 0.9502 0.7141 0.0000
vt 0.9524 0.8278 0.0000
vt 0.9491 0.8289 0.0000
vt 0.9468 0.8280 0.0000
vt 0.9501 0.8269 0.0000
vt 0.9524 0.8394 0.0000
vt 0.9524 0.8492 0.0000
vt 0.9510 0.8492 0.0000
vt 0.9510 0.8402 0.0000
vt 0.9501 0.8180 0.0000
vt 0.9524 0.8180 0.0000
vt 0.9491 0.8375 0.0000
vt 0.9468 0.8383 0.0000
vt 0.5812 0.9955 0.0000
vt 0.5812 0.9553 0.0000
vt 0.5827 0.9553 0.0000
vt 0.5827 0.9954 0.0000
vt 0.9502 0.7231 0.0000
vt 0.9526 0.7230 0.0000
vt 0.7405 0.7339 0.0000
vt 0.7502 0.7339 0.0000
vt 0.7502 0.7740 0.0000
vt 0.7405 0.7740 0.0000
vt 0.5730 0.7452 0.0000
vt 0.5828 0.7452 0.0000
vt 0.5828 0.7853 0.0000
vt 0.5730 0.7853 0.0000
vt 0.7639 0.9354 0.0000
vt 0.7675 0.9354 0.0000
vt 0.7675 0.9755 0.0000
vt 0.7639 0.9755 0.0000
vt 0.7436 0.9841 0.0000
vt 0.7405 0.9842 0.0000
vt 0.7405 0.9441 0.0000
vt 0.7436 0.9440 0.0000
vt 0.6441 0.8600 0.0000
vt 0.6526 0.8600 0.0000
vt 0.6526 0.9001 0.0000
vt 0.6441 0.9001 0.0000
vt 0.7050 0.8179 0.0000
vt 0.7138 0.8179 0.0000
vt 0.7138 0.8581 0.0000
vt 0.7050 0.8581 0.0000
vt 0.5956 0.8580 0.0000
vt 0.5956 0.8179 0.0000
vt 0.6045 0.8179 0.0000
vt 0.6045 0.8580 0.0000
vt 0.9019 0.5413 0.0000
vt 0.9019 0.5012 0.0000
vt 0.9064 0.5011 0.0000
vt 0.9064 0.5412 0.0000
vt 0.9548 0.7740 0.0000
vt 0.9548 0.7339 0.0000
vt 0.9588 0.7339 0.0000
vt 0.9588 0.7740 0.0000
vt 0.5484 0.7012 0.0000
vt 0.5484 0.6611 0.0000
vt 0.5585 0.6611 0.0000
vt 0.5585 0.7012 0.0000
vt 0.9586 0.8269 0.0000
vt 0.9585 0.8181 0.0000
vt 0.9599 0.8180 0.0000
vt 0.9600 0.8277 0.0000
vt 0.9567 0.8297 0.0000
vt 0.9567 0.8382 0.0000
vt 0.9543 0.8391 0.0000
vt 0.9543 0.8290 0.0000
vt 0.9943 0.6918 0.0000
vt 0.9957 0.6918 0.0000
vt 0.9957 0.7319 0.0000
vt 0.9943 0.7319 0.0000
vt 0.9600 0.8393 0.0000
vt 0.9586 0.8402 0.0000
vt 0.9551 0.6679 0.0000
vt 0.9518 0.6690 0.0000
vt 0.9495 0.6680 0.0000
vt 0.9537 0.6670 0.0000
vt 0.9537 0.6803 0.0000
vt 0.9551 0.6795 0.0000
vt 0.9551 0.6892 0.0000
vt 0.9536 0.6891 0.0000
vt 0.9551 0.6582 0.0000
vt 0.9537 0.6581 0.0000
vt 0.9518 0.6775 0.0000
vt 0.9495 0.6782 0.0000
vt 0.9896 0.9442 0.0000
vt 0.9910 0.9442 0.0000
vt 0.9910 0.9843 0.0000
vt 0.9896 0.9843 0.0000
vt 0.9600 0.8490 0.0000
vt 0.9585 0.8491 0.0000
vt 0.5956 0.7339 0.0000
vt 0.6054 0.7339 0.0000
vt 0.6054 0.7740 0.0000
vt 0.5956 0.7740 0.0000
vt 0.7756 0.6919 0.0000
vt 0.7853 0.6919 0.0000
vt 0.7853 0.7320 0.0000
vt 0.7756 0.7320 0.0000
vt 0.8986 0.9756 0.0000
vt 0.8951 0.9755 0.0000
vt 0.8951 0.9354 0.0000
vt 0.8986 0.9355 0.0000
vt 0.5464 0.8722 0.0000
vt 0.5464 0.9123 0.0000
vt 0.5433 0.9124 0.0000
vt 0.5433 0.8723 0.0000
vt 0.6567 0.9001 0.0000
vt 0.6566 0.8600 0.0000
vt 0.6650 0.8600 0.0000
vt 0.6650 0.9001 0.0000
vt 0.6931 0.8179 0.0000
vt 0.7019 0.8179 0.0000
vt 0.7019 0.8581 0.0000
vt 0.6931 0.8581 0.0000
vt 0.6147 0.8581 0.0000
vt 0.6147 0.8179 0.0000
vt 0.6236 0.8179 0.0000
vt 0.6236 0.8581 0.0000
vt 0.5652 0.9114 0.0000
vt 0.5607 0.9114 0.0000
vt 0.5607 0.8713 0.0000
vt 0.5652 0.8713 0.0000
vt 0.5588 0.9114 0.0000
vt 0.5547 0.9114 0.0000
vt 0.5547 0.8713 0.0000
vt 0.5588 0.8713 0.0000
vt 0.7150 0.6479 0.0000
vt 0.7050 0.6479 0.0000
vt 0.7050 0.6078 0.0000
vt 0.7150 0.6078 0.0000
vt 0.9608 0.7933 0.0000
vt 0.9607 0.7845 0.0000
vt 0.9621 0.7843 0.0000
vt 0.9623 0.7940 0.0000
vt 0.9566 0.7956 0.0000
vt 0.9589 0.7962 0.0000
vt 0.9590 0.8045 0.0000
vt 0.9566 0.8055 0.0000
vt 0.9909 0.5986 0.0000
vt 0.9924 0.5986 0.0000
vt 0.9924 0.6387 0.0000
vt 0.9909 0.6387 0.0000
vt 0.9608 0.8064 0.0000
vt 0.9623 0.8055 0.0000
vt 0.9570 0.5119 0.0000
vt 0.9546 0.5109 0.0000
vt 0.9589 0.5100 0.0000
vt 0.9603 0.5109 0.0000
vt 0.9589 0.5231 0.0000
vt 0.9603 0.5224 0.0000
vt 0.9601 0.5322 0.0000
vt 0.9587 0.5320 0.0000
vt 0.9587 0.5011 0.0000
vt 0.9602 0.5012 0.0000
vt 0.9570 0.5202 0.0000
vt 0.9547 0.5209 0.0000
vt 0.9892 0.9001 0.0000
vt 0.9878 0.9002 0.0000
vt 0.9878 0.8601 0.0000
vt 0.9892 0.8600 0.0000
vt 0.9621 0.8152 0.0000
vt 0.9607 0.8153 0.0000
vt 0.7503 0.6078 0.0000
vt 0.7503 0.6479 0.0000
vt 0.7405 0.6479 0.0000
vt 0.7405 0.6078 0.0000
vt 0.5704 0.7452 0.0000
vt 0.5704 0.7853 0.0000
vt 0.5607 0.7853 0.0000
vt 0.5607 0.7452 0.0000
vt 0.7756 0.9755 0.0000
vt 0.7756 0.9354 0.0000
vt 0.7791 0.9355 0.0000
vt 0.7791 0.9756 0.0000
vt 0.8689 0.9355 0.0000
vt 0.8722 0.9355 0.0000
vt 0.8722 0.9756 0.0000
vt 0.8689 0.9756 0.0000
vt 0.5956 0.9001 0.0000
vt 0.5956 0.8599 0.0000
vt 0.6041 0.8600 0.0000
vt 0.6041 0.9001 0.0000
vt 0.8427 0.5412 0.0000
vt 0.8427 0.5011 0.0000
vt 0.8516 0.5011 0.0000
vt 0.8516 0.5412 0.0000
vt 0.6689 0.8581 0.0000
vt 0.6689 0.8179 0.0000
vt 0.6777 0.8179 0.0000
vt 0.6777 0.8581 0.0000
vt 0.5134 0.8723 0.0000
vt 0.5179 0.8722 0.0000
vt 0.5179 0.9123 0.0000
vt 0.5134 0.9124 0.0000
vt 0.7168 0.9020 0.0000
vt 0.7210 0.9021 0.0000
vt 0.7210 0.9422 0.0000
vt 0.7168 0.9421 0.0000
vt 0.5236 0.7022 0.0000
vt 0.5134 0.7022 0.0000
vt 0.5135 0.6621 0.0000
vt 0.5236 0.6621 0.0000
vt 0.5663 0.9133 0.0000
vt 0.5664 0.9232 0.0000
vt 0.5649 0.9225 0.0000
vt 0.5648 0.9136 0.0000
vt 0.5631 0.9339 0.0000
vt 0.5607 0.9350 0.0000
vt 0.5607 0.9249 0.0000
vt 0.5631 0.9254 0.0000
vt 0.9876 0.6918 0.0000
vt 0.9890 0.6918 0.0000
vt 0.9890 0.7319 0.0000
vt 0.9876 0.7319 0.0000
vt 0.5664 0.9347 0.0000
vt 0.5650 0.9357 0.0000
vt 0.5507 0.9240 0.0000
vt 0.5484 0.9229 0.0000
vt 0.5526 0.9222 0.0000
vt 0.5541 0.9232 0.0000
vt 0.5541 0.9348 0.0000
vt 0.5540 0.9446 0.0000
vt 0.5525 0.9444 0.0000
vt 0.5526 0.9354 0.0000
vt 0.5525 0.9133 0.0000
vt 0.5539 0.9135 0.0000
vt 0.5507 0.9325 0.0000
vt 0.5484 0.9331 0.0000
vt 0.9890 0.5412 0.0000
vt 0.9876 0.5412 0.0000
vt 0.9876 0.5011 0.0000
vt 0.9890 0.5011 0.0000
vt 0.5648 0.9446 0.0000
vt 0.5663 0.9444 0.0000
vt 0.5261 0.7041 0.0000
vt 0.5359 0.7041 0.0000
vt 0.5359 0.7442 0.0000
vt 0.5261 0.7442 0.0000
vt 0.6566 0.7339 0.0000
vt 0.6664 0.7339 0.0000
vt 0.6664 0.7740 0.0000
vt 0.6567 0.7740 0.0000
vt 0.7050 0.9756 0.0000
vt 0.7050 0.9355 0.0000
vt 0.7085 0.9355 0.0000
vt 0.7085 0.9756 0.0000
vt 0.9797 0.6892 0.0000
vt 0.9797 0.6491 0.0000
vt 0.9830 0.6491 0.0000
vt 0.9830 0.6892 0.0000
vt 0.8851 0.7319 0.0000
vt 0.8851 0.6918 0.0000
vt 0.8936 0.6918 0.0000
vt 0.8936 0.7320 0.0000
vt 0.8319 0.6899 0.0000
vt 0.8319 0.6498 0.0000
vt 0.8408 0.6498 0.0000
vt 0.8408 0.6899 0.0000
vt 0.8427 0.7320 0.0000
vt 0.8427 0.6918 0.0000
vt 0.8516 0.6918 0.0000
vt 0.8516 0.7319 0.0000
vt 0.5414 0.9123 0.0000
vt 0.5369 0.9124 0.0000
vt 0.5369 0.8723 0.0000
vt 0.5414 0.8722 0.0000
vt 0.5998 0.9421 0.0000
vt 0.5956 0.9421 0.0000
vt 0.5956 0.9020 0.0000
vt 0.5998 0.9020 0.0000
vt 0.6912 0.6479 0.0000
vt 0.6810 0.6479 0.0000
vt 0.6810 0.6078 0.0000
vt 0.6912 0.6078 0.0000
vt 0.9267 0.9236 0.0000
vt 0.9281 0.9243 0.0000
vt 0.9282 0.9332 0.0000
vt 0.9268 0.9335 0.0000
vt 0.9324 0.9218 0.0000
vt 0.9300 0.9213 0.0000
vt 0.9300 0.9128 0.0000
vt 0.9324 0.9116 0.0000
vt 0.6659 0.9886 0.0000
vt 0.6644 0.9886 0.0000
vt 0.6644 0.9485 0.0000
vt 0.6659 0.9485 0.0000
vt 0.9281 0.9110 0.0000
vt 0.9266 0.9120 0.0000
vt 0.9008 0.9240 0.0000
vt 0.8965 0.9246 0.0000
vt 0.8951 0.9236 0.0000
vt 0.8984 0.9228 0.0000
vt 0.8965 0.9113 0.0000
vt 0.8951 0.9120 0.0000
vt 0.8952 0.9021 0.0000
vt 0.8966 0.9024 0.0000
vt 0.8966 0.9335 0.0000
vt 0.8952 0.9333 0.0000
vt 0.8984 0.9143 0.0000
vt 0.9008 0.9138 0.0000
vt 0.9879 0.9422 0.0000
vt 0.9865 0.9422 0.0000
vt 0.9865 0.9021 0.0000
vt 0.9879 0.9021 0.0000
vt 0.9282 0.9021 0.0000
vt 0.9267 0.9023 0.0000
vt 0.5706 0.7032 0.0000
vt 0.5706 0.7433 0.0000
vt 0.5607 0.7433 0.0000
vt 0.5607 0.7031 0.0000
vt 0.6689 0.7740 0.0000
vt 0.6689 0.7339 0.0000
vt 0.6786 0.7339 0.0000
vt 0.6786 0.7740 0.0000
vt 0.9756 0.8601 0.0000
vt 0.9756 0.9002 0.0000
vt 0.9721 0.9001 0.0000
vt 0.9721 0.8600 0.0000
vt 0.5794 0.9114 0.0000
vt 0.5794 0.8713 0.0000
vt 0.5827 0.8712 0.0000
vt 0.5827 0.9114 0.0000
vt 0.8846 0.8581 0.0000
vt 0.8846 0.8180 0.0000
vt 0.8932 0.8180 0.0000
vt 0.8932 0.8581 0.0000
vt 0.8299 0.7740 0.0000
vt 0.8210 0.7740 0.0000
vt 0.8210 0.7339 0.0000
vt 0.8299 0.7339 0.0000
vt 0.8513 0.8161 0.0000
vt 0.8424 0.8161 0.0000
vt 0.8424 0.7760 0.0000
vt 0.8513 0.7759 0.0000
vt 0.5055 0.9124 0.0000
vt 0.5011 0.9124 0.0000
vt 0.5011 0.8723 0.0000
vt 0.5055 0.8722 0.0000
vt 0.9332 0.7339 0.0000
vt 0.9374 0.7339 0.0000
vt 0.9374 0.7740 0.0000
vt 0.9332 0.7740 0.0000
vt 0.6058 0.6899 0.0000
vt 0.5956 0.6899 0.0000
vt 0.5956 0.6498 0.0000
vt 0.6058 0.6498 0.0000
vt 0.8372 0.9020 0.0000
vt 0.8372 0.9119 0.0000
vt 0.8358 0.9113 0.0000
vt 0.8357 0.9023 0.0000
vt 0.8315 0.9139 0.0000
vt 0.8339 0.9143 0.0000
vt 0.8339 0.9228 0.0000
vt 0.8315 0.9241 0.0000
vt 0.5403 0.9869 0.0000
vt 0.5403 0.9468 0.0000
vt 0.5418 0.9468 0.0000
vt 0.5418 0.9869 0.0000
vt 0.8372 0.9235 0.0000
vt 0.8358 0.9246 0.0000
vt 0.8137 0.9109 0.0000
vt 0.8151 0.9120 0.0000
vt 0.8118 0.9127 0.0000
vt 0.8094 0.9115 0.0000
vt 0.8151 0.9236 0.0000
vt 0.8151 0.9335 0.0000
vt 0.8136 0.9332 0.0000
vt 0.8137 0.9243 0.0000
vt 0.8151 0.9022 0.0000
vt 0.8136 0.9020 0.0000
vt 0.8118 0.9212 0.0000
vt 0.8094 0.9217 0.0000
vt 0.9857 0.6387 0.0000
vt 0.9842 0.6387 0.0000
vt 0.9842 0.5986 0.0000
vt 0.9857 0.5986 0.0000
vt 0.8372 0.9333 0.0000
vt 0.8357 0.9335 0.0000
vt 0.7287 0.6078 0.0000
vt 0.7386 0.6078 0.0000
vt 0.7386 0.6479 0.0000
vt 0.7287 0.6479 0.0000
vt 0.7640 0.6078 0.0000
vt 0.7738 0.6078 0.0000
vt 0.7738 0.6479 0.0000
vt 0.7640 0.6479 0.0000
vt 0.7321 0.9355 0.0000
vt 0.7321 0.9756 0.0000
vt 0.7287 0.9756 0.0000
vt 0.7287 0.9355 0.0000
vt 0.9789 0.5413 0.0000
vt 0.9789 0.5012 0.0000
vt 0.9823 0.5011 0.0000
vt 0.9823 0.5412 0.0000
vt 0.8746 0.5011 0.0000
vt 0.8832 0.5011 0.0000
vt 0.8832 0.5413 0.0000
vt 0.8746 0.5412 0.0000
vt 0.8296 0.7759 0.0000
vt 0.8296 0.8161 0.0000
vt 0.8207 0.8161 0.0000
vt 0.8207 0.7760 0.0000
vt 0.8210 0.7320 0.0000
vt 0.8210 0.6919 0.0000
vt 0.8300 0.6918 0.0000
vt 0.8300 0.7319 0.0000
vt 0.9126 0.5011 0.0000
vt 0.9126 0.5412 0.0000
vt 0.9083 0.5413 0.0000
vt 0.9083 0.5012 0.0000
vt 0.9371 0.9002 0.0000
vt 0.9328 0.9001 0.0000
vt 0.9328 0.8600 0.0000
vt 0.9371 0.8601 0.0000
vt 0.6689 0.5011 0.0000
vt 0.6791 0.5011 0.0000
vt 0.6791 0.5412 0.0000
vt 0.6689 0.5413 0.0000
vt 0.7288 0.9336 0.0000
vt 0.7287 0.9237 0.0000
vt 0.7301 0.9243 0.0000
vt 0.7303 0.9332 0.0000
vt 0.7344 0.9113 0.0000
vt 0.7344 0.9216 0.0000
vt 0.7320 0.9212 0.0000
vt 0.7320 0.9126 0.0000
vt 0.5275 0.9468 0.0000
vt 0.5275 0.9869 0.0000
vt 0.5261 0.9869 0.0000
vt 0.5261 0.9468 0.0000
vt 0.7287 0.9120 0.0000
vt 0.7301 0.9109 0.0000
vt 0.9297 0.6791 0.0000
vt 0.9321 0.6803 0.0000
vt 0.9278 0.6807 0.0000
vt 0.9263 0.6796 0.0000
vt 0.9279 0.6584 0.0000
vt 0.9278 0.6674 0.0000
vt 0.9263 0.6680 0.0000
vt 0.9265 0.6581 0.0000
vt 0.9279 0.6897 0.0000
vt 0.9264 0.6894 0.0000
vt 0.9297 0.6705 0.0000
vt 0.9321 0.6701 0.0000
vt 0.9858 0.5558 0.0000
vt 0.9858 0.5959 0.0000
vt 0.9844 0.5959 0.0000
vt 0.9844 0.5558 0.0000
vt 0.7302 0.9020 0.0000
vt 0.7287 0.9022 0.0000
vt 0.7030 0.6919 0.0000
vt 0.7030 0.7320 0.0000
vt 0.6931 0.7319 0.0000
vt 0.6931 0.6918 0.0000
vt 0.7737 0.6919 0.0000
vt 0.7737 0.7320 0.0000
vt 0.7639 0.7320 0.0000
vt 0.7639 0.6919 0.0000
vt 0.8776 0.9355 0.0000
vt 0.8776 0.9756 0.0000
vt 0.8741 0.9756 0.0000
vt 0.8741 0.9355 0.0000
vt 0.9809 0.8600 0.0000
vt 0.9809 0.9001 0.0000
vt 0.9775 0.9002 0.0000
vt 0.9775 0.8601 0.0000
vt 0.8747 0.6058 0.0000
vt 0.8747 0.5657 0.0000
vt 0.8833 0.5657 0.0000
vt 0.8833 0.6058 0.0000
vt 0.5574 0.8273 0.0000
vt 0.5484 0.8273 0.0000
vt 0.5484 0.7872 0.0000
vt 0.5574 0.7872 0.0000
vt 0.5459 0.8283 0.0000
vt 0.5369 0.8283 0.0000
vt 0.5369 0.7882 0.0000
vt 0.5459 0.7882 0.0000
vt 0.9247 0.8581 0.0000
vt 0.9204 0.8581 0.0000
vt 0.9204 0.8180 0.0000
vt 0.9247 0.8180 0.0000
vt 0.9270 0.7339 0.0000
vt 0.9313 0.7339 0.0000
vt 0.9313 0.7740 0.0000
vt 0.9270 0.7740 0.0000
vt 0.6566 0.6899 0.0000
vt 0.6567 0.6498 0.0000
vt 0.6669 0.6498 0.0000
vt 0.6669 0.6899 0.0000
vt 0.9241 0.7942 0.0000
vt 0.9226 0.7936 0.0000
vt 0.9226 0.7846 0.0000
vt 0.9240 0.7843 0.0000
vt 0.9207 0.8054 0.0000
vt 0.9184 0.8067 0.0000
vt 0.9183 0.7965 0.0000
vt 0.9207 0.7968 0.0000
vt 0.9715 0.8161 0.0000
vt 0.9700 0.8160 0.0000
vt 0.9700 0.7759 0.0000
vt 0.9715 0.7760 0.0000
vt 0.9226 0.8070 0.0000
vt 0.9241 0.8059 0.0000
vt 0.9153 0.6671 0.0000
vt 0.9167 0.6682 0.0000
vt 0.9134 0.6687 0.0000
vt 0.9110 0.6674 0.0000
vt 0.9152 0.6895 0.0000
vt 0.9153 0.6804 0.0000
vt 0.9167 0.6799 0.0000
vt 0.9167 0.6898 0.0000
vt 0.9152 0.6581 0.0000
vt 0.9166 0.6584 0.0000
vt 0.9110 0.6776 0.0000
vt 0.9133 0.6773 0.0000
vt 0.5827 0.9534 0.0000
vt 0.5812 0.9534 0.0000
vt 0.5812 0.9133 0.0000
vt 0.5827 0.9133 0.0000
vt 0.9240 0.8157 0.0000
vt 0.9226 0.8160 0.0000
vt 0.7620 0.7320 0.0000
vt 0.7522 0.7320 0.0000
vt 0.7522 0.6919 0.0000
vt 0.7620 0.6919 0.0000
vt 0.7503 0.7320 0.0000
vt 0.7405 0.7320 0.0000
vt 0.7405 0.6919 0.0000
vt 0.7503 0.6919 0.0000
vt 0.9778 0.6892 0.0000
vt 0.9744 0.6892 0.0000
vt 0.9744 0.6491 0.0000
vt 0.9778 0.6491 0.0000
vt 0.6897 0.9356 0.0000
vt 0.6897 0.9757 0.0000
vt 0.6863 0.9758 0.0000
vt 0.6863 0.9357 0.0000
vt 0.8746 0.6918 0.0000
vt 0.8832 0.6919 0.0000
vt 0.8832 0.7320 0.0000
vt 0.8746 0.7319 0.0000
vt 0.6441 0.8179 0.0000
vt 0.6530 0.8179 0.0000
vt 0.6530 0.8580 0.0000
vt 0.6441 0.8581 0.0000
vt 0.5607 0.7872 0.0000
vt 0.5697 0.7872 0.0000
vt 0.5697 0.8273 0.0000
vt 0.5607 0.8273 0.0000
vt 0.7503 0.9421 0.0000
vt 0.7466 0.9421 0.0000
vt 0.7466 0.9020 0.0000
vt 0.7503 0.9020 0.0000
vt 0.9145 0.6077 0.0000
vt 0.9189 0.6078 0.0000
vt 0.9189 0.6479 0.0000
vt 0.9145 0.6478 0.0000
vt 0.6674 0.6058 0.0000
vt 0.6571 0.6059 0.0000
vt 0.6571 0.5658 0.0000
vt 0.6674 0.5657 0.0000
vt 0.9033 0.6800 0.0000
vt 0.9053 0.6806 0.0000
vt 0.9055 0.6895 0.0000
vt 0.9034 0.6899 0.0000
vt 0.9091 0.6776 0.0000
vt 0.9067 0.6773 0.0000
vt 0.9067 0.6687 0.0000
vt 0.9091 0.6673 0.0000
vt 0.6128 0.9365 0.0000
vt 0.6128 0.9766 0.0000
vt 0.6113 0.9766 0.0000
vt 0.6113 0.9365 0.0000
vt 0.9047 0.6671 0.0000
vt 0.9032 0.6683 0.0000
vt 0.8967 0.8070 0.0000
vt 0.8952 0.8059 0.0000
vt 0.8987 0.8055 0.0000
vt 0.9011 0.8068 0.0000
vt 0.8975 0.7846 0.0000
vt 0.8973 0.7935 0.0000
vt 0.8953 0.7941 0.0000
vt 0.8954 0.7843 0.0000
vt 0.8968 0.8161 0.0000
vt 0.8953 0.8157 0.0000
vt 0.9011 0.7966 0.0000
vt 0.8987 0.7968 0.0000
vt 0.6268 0.6498 0.0000
vt 0.6289 0.6498 0.0000
vt 0.6289 0.6899 0.0000
vt 0.6268 0.6899 0.0000
vt 0.9033 0.6584 0.0000
vt 0.9048 0.6581 0.0000
vt 0.7872 0.6899 0.0000
vt 0.7872 0.6498 0.0000
vt 0.7968 0.6498 0.0000
vt 0.7968 0.6899 0.0000
vt 0.7522 0.7740 0.0000
vt 0.7522 0.7339 0.0000
vt 0.7619 0.7339 0.0000
vt 0.7619 0.7740 0.0000
vt 0.9791 0.5959 0.0000
vt 0.9791 0.5558 0.0000
vt 0.9825 0.5558 0.0000
vt 0.9825 0.5959 0.0000
vt 0.8405 0.9755 0.0000
vt 0.8370 0.9755 0.0000
vt 0.8370 0.9354 0.0000
vt 0.8405 0.9354 0.0000
vt 0.7287 0.8600 0.0000
vt 0.7370 0.8600 0.0000
vt 0.7370 0.9001 0.0000
vt 0.7287 0.9001 0.0000
vt 0.8532 0.8161 0.0000
vt 0.8532 0.7760 0.0000
vt 0.8619 0.7759 0.0000
vt 0.8619 0.8160 0.0000
vt 0.8429 0.6058 0.0000
vt 0.8429 0.5657 0.0000
vt 0.8518 0.5657 0.0000
vt 0.8518 0.6058 0.0000
vt 0.9332 0.5413 0.0000
vt 0.9332 0.5012 0.0000
vt 0.9374 0.5011 0.0000
vt 0.9374 0.5412 0.0000
vt 0.9083 0.6918 0.0000
vt 0.9126 0.6918 0.0000
vt 0.9126 0.7320 0.0000
vt 0.9083 0.7319 0.0000
vt 0.5011 0.7022 0.0000
vt 0.5011 0.6621 0.0000
vt 0.5112 0.6621 0.0000
vt 0.5112 0.7022 0.0000
vt 0.6625 0.9020 0.0000
vt 0.6625 0.9116 0.0000
vt 0.6610 0.9111 0.0000
vt 0.6610 0.9024 0.0000
vt 0.6566 0.9242 0.0000
vt 0.6566 0.9141 0.0000
vt 0.6591 0.9143 0.0000
vt 0.6591 0.9227 0.0000
vt 0.5910 0.9113 0.0000
vt 0.5910 0.8712 0.0000
vt 0.5925 0.8712 0.0000
vt 0.5925 0.9114 0.0000
vt 0.6610 0.9242 0.0000
vt 0.6625 0.9230 0.0000
vt 0.6500 0.9121 0.0000
vt 0.6465 0.9124 0.0000
vt 0.6441 0.9110 0.0000
vt 0.6485 0.9109 0.0000
vt 0.6500 0.9332 0.0000
vt 0.6485 0.9328 0.0000
vt 0.6485 0.9240 0.0000
vt 0.6500 0.9236 0.0000
vt 0.6499 0.9023 0.0000
vt 0.6485 0.9020 0.0000
vt 0.6441 0.9211 0.0000
vt 0.6465 0.9209 0.0000
vt 0.5369 0.9869 0.0000
vt 0.5369 0.9468 0.0000
vt 0.5384 0.9468 0.0000
vt 0.5384 0.9869 0.0000
vt 0.6610 0.9332 0.0000
vt 0.6625 0.9328 0.0000
vt 0.7987 0.6077 0.0000
vt 0.8081 0.6078 0.0000
vt 0.8081 0.6479 0.0000
vt 0.7987 0.6478 0.0000
vt 0.5956 0.7759 0.0000
vt 0.6051 0.7759 0.0000
vt 0.6051 0.8160 0.0000
vt 0.5956 0.8160 0.0000
vt 0.9789 0.5986 0.0000
vt 0.9823 0.5987 0.0000
vt 0.9823 0.6388 0.0000
vt 0.9789 0.6387 0.0000
vt 0.6223 0.9356 0.0000
vt 0.6258 0.9356 0.0000
vt 0.6258 0.9757 0.0000
vt 0.6223 0.9758 0.0000
vt 0.7756 0.9001 0.0000
vt 0.7756 0.8600 0.0000
vt 0.7838 0.8600 0.0000
vt 0.7838 0.9001 0.0000
vt 0.8641 0.7740 0.0000
vt 0.8641 0.7339 0.0000
vt 0.8727 0.7339 0.0000
vt 0.8727 0.7740 0.0000
vt 0.8622 0.7319 0.0000
vt 0.8535 0.7320 0.0000
vt 0.8535 0.6919 0.0000
vt 0.8622 0.6918 0.0000
vt 0.9328 0.8581 0.0000
vt 0.9328 0.8180 0.0000
vt 0.9371 0.8180 0.0000
vt 0.9371 0.8581 0.0000
vt 0.9142 0.8581 0.0000
vt 0.9142 0.8180 0.0000
vt 0.9185 0.8180 0.0000
vt 0.9185 0.8581 0.0000
vt 0.6147 0.6919 0.0000
vt 0.6246 0.6918 0.0000
vt 0.6246 0.7320 0.0000
vt 0.6147 0.7320 0.0000
vt 0.9380 0.7933 0.0000
vt 0.9381 0.7847 0.0000
vt 0.9396 0.7843 0.0000
vt 0.9395 0.7938 0.0000
vt 0.9337 0.7963 0.0000
vt 0.9361 0.7965 0.0000
vt 0.9361 0.8048 0.0000
vt 0.9337 0.8062 0.0000
vt 0.9767 0.8160 0.0000
vt 0.9767 0.7759 0.0000
vt 0.9782 0.7760 0.0000
vt 0.9782 0.8161 0.0000
vt 0.9395 0.8050 0.0000
vt 0.9380 0.8062 0.0000
vt 0.9386 0.9108 0.0000
vt 0.9401 0.9120 0.0000
vt 0.9367 0.9122 0.0000
vt 0.9343 0.9108 0.0000
vt 0.9401 0.9232 0.0000
vt 0.9401 0.9327 0.0000
vt 0.9387 0.9323 0.0000
vt 0.9386 0.9237 0.0000
vt 0.9387 0.9021 0.0000
vt 0.9401 0.9025 0.0000
vt 0.9343 0.9207 0.0000
vt 0.9367 0.9205 0.0000
vt 0.5108 0.9468 0.0000
vt 0.5123 0.9468 0.0000
vt 0.5123 0.9869 0.0000
vt 0.5108 0.9869 0.0000
vt 0.9396 0.8145 0.0000
vt 0.9381 0.8149 0.0000
vt 0.8081 0.6498 0.0000
vt 0.8081 0.6899 0.0000
vt 0.7987 0.6899 0.0000
vt 0.7987 0.6498 0.0000
vt 0.7733 0.8161 0.0000
vt 0.7639 0.8160 0.0000
vt 0.7639 0.7759 0.0000
vt 0.7733 0.7759 0.0000
vt 0.9795 0.9423 0.0000
vt 0.9761 0.9422 0.0000
vt 0.9761 0.9021 0.0000
vt 0.9795 0.9021 0.0000
vt 0.6984 0.9356 0.0000
vt 0.7018 0.9356 0.0000
vt 0.7018 0.9757 0.0000
vt 0.6984 0.9758 0.0000
vt 0.8398 0.9001 0.0000
vt 0.8315 0.9001 0.0000
vt 0.8315 0.8600 0.0000
vt 0.8398 0.8600 0.0000
vt 0.8638 0.7760 0.0000
vt 0.8724 0.7759 0.0000
vt 0.8724 0.8160 0.0000
vt 0.8638 0.8161 0.0000
vt 0.8641 0.5413 0.0000
vt 0.8641 0.5011 0.0000
vt 0.8727 0.5011 0.0000
vt 0.8727 0.5412 0.0000
vt 0.9313 0.5656 0.0000
vt 0.9313 0.6057 0.0000
vt 0.9270 0.6058 0.0000
vt 0.9270 0.5657 0.0000
vt 0.6547 0.9351 0.0000
vt 0.6547 0.9752 0.0000
vt 0.6517 0.9752 0.0000
vt 0.6517 0.9351 0.0000
vt 0.6409 0.6918 0.0000
vt 0.6409 0.7319 0.0000
vt 0.6310 0.7319 0.0000
vt 0.6310 0.6918 0.0000
vt 0.9603 0.7013 0.0000
vt 0.9588 0.7009 0.0000
vt 0.9588 0.6922 0.0000
vt 0.9603 0.6918 0.0000
vt 0.9569 0.7123 0.0000
vt 0.9545 0.7137 0.0000
vt 0.9545 0.7038 0.0000
vt 0.9569 0.7040 0.0000
vt 0.5730 0.9465 0.0000
vt 0.5759 0.9465 0.0000
vt 0.5759 0.9866 0.0000
vt 0.5730 0.9866 0.0000
vt 0.9574 0.7135 0.0000
vt 0.9603 0.7125 0.0000
vt 0.9570 0.5754 0.0000
vt 0.9546 0.5740 0.0000
vt 0.9576 0.5743 0.0000
vt 0.9605 0.5752 0.0000
vt 0.9605 0.5864 0.0000
vt 0.9605 0.5959 0.0000
vt 0.9590 0.5955 0.0000
vt 0.9590 0.5869 0.0000
vt 0.9605 0.5658 0.0000
vt 0.9576 0.5656 0.0000
vt 0.9570 0.5838 0.0000
vt 0.9546 0.5840 0.0000
vt 0.5156 0.9869 0.0000
vt 0.5142 0.9869 0.0000
vt 0.5142 0.9468 0.0000
vt 0.5156 0.9468 0.0000
vt 0.9603 0.7219 0.0000
vt 0.9575 0.7221 0.0000
vt 0.8081 0.5413 0.0000
vt 0.7986 0.5412 0.0000
vt 0.7986 0.5011 0.0000
vt 0.8081 0.5011 0.0000
vt 0.7966 0.8161 0.0000
vt 0.7872 0.8160 0.0000
vt 0.7872 0.7759 0.0000
vt 0.7966 0.7759 0.0000
vt 0.9772 0.5558 0.0000
vt 0.9772 0.5959 0.0000
vt 0.9738 0.5959 0.0000
vt 0.9738 0.5558 0.0000
vt 0.9759 0.7339 0.0000
vt 0.9759 0.7740 0.0000
vt 0.9725 0.7740 0.0000
vt 0.9725 0.7339 0.0000
vt 0.7251 0.8600 0.0000
vt 0.7251 0.9001 0.0000
vt 0.7168 0.9001 0.0000
vt 0.7168 0.8600 0.0000
vt 0.5347 0.8703 0.0000
vt 0.5261 0.8703 0.0000
vt 0.5261 0.8302 0.0000
vt 0.5347 0.8302 0.0000
vt 0.8636 0.8180 0.0000
vt 0.8722 0.8180 0.0000
vt 0.8722 0.8581 0.0000
vt 0.8636 0.8581 0.0000
vt 0.9309 0.9001 0.0000
vt 0.9266 0.9002 0.0000
vt 0.9266 0.8601 0.0000
vt 0.9309 0.8600 0.0000
vt 0.9189 0.6058 0.0000
vt 0.9146 0.6057 0.0000
vt 0.9146 0.5656 0.0000
vt 0.9189 0.5657 0.0000
vt 0.7168 0.6498 0.0000
vt 0.7268 0.6498 0.0000
vt 0.7268 0.6899 0.0000
vt 0.7168 0.6900 0.0000
vt 0.5413 0.9147 0.0000
vt 0.5428 0.9143 0.0000
vt 0.5427 0.9238 0.0000
vt 0.5413 0.9234 0.0000
vt 0.5393 0.9348 0.0000
vt 0.5369 0.9362 0.0000
vt 0.5369 0.9262 0.0000
vt 0.5393 0.9265 0.0000
vt 0.6781 0.9440 0.0000
vt 0.6781 0.9841 0.0000
vt 0.6766 0.9841 0.0000
vt 0.6766 0.9440 0.0000
vt 0.5427 0.9350 0.0000
vt 0.5413 0.9362 0.0000
vt 0.9451 0.7437 0.0000
vt 0.9417 0.7440 0.0000
vt 0.9393 0.7426 0.0000
vt 0.9436 0.7425 0.0000
vt 0.9437 0.7641 0.0000
vt 0.9436 0.7554 0.0000
vt 0.9451 0.7549 0.0000
vt 0.9451 0.7645 0.0000
vt 0.9437 0.7339 0.0000
vt 0.9451 0.7343 0.0000
vt 0.9417 0.7523 0.0000
vt 0.9393 0.7525 0.0000
vt 0.5793 0.9465 0.0000
vt 0.5793 0.9866 0.0000
vt 0.5778 0.9866 0.0000
vt 0.5778 0.9465 0.0000
vt 0.5413 0.9449 0.0000
vt 0.5428 0.9445 0.0000
vt 0.7967 0.5413 0.0000
vt 0.7872 0.5412 0.0000
vt 0.7872 0.5011 0.0000
vt 0.7967 0.5011 0.0000
vt 0.7144 0.8160 0.0000
vt 0.7050 0.8160 0.0000
vt 0.7050 0.7759 0.0000
vt 0.7144 0.7759 0.0000
vt 0.9770 0.6388 0.0000
vt 0.9736 0.6387 0.0000
vt 0.9736 0.5986 0.0000
vt 0.9770 0.5987 0.0000
vt 0.8477 0.9765 0.0000
vt 0.8477 0.9364 0.0000
vt 0.8511 0.9363 0.0000
vt 0.8511 0.9765 0.0000
vt 0.6230 0.9001 0.0000
vt 0.6147 0.9001 0.0000
vt 0.6147 0.8600 0.0000
vt 0.6230 0.8600 0.0000
vt 0.5730 0.8693 0.0000
vt 0.5730 0.8292 0.0000
vt 0.5817 0.8292 0.0000
vt 0.5817 0.8693 0.0000
vt 0.5011 0.8703 0.0000
vt 0.5011 0.8302 0.0000
vt 0.5098 0.8302 0.0000
vt 0.5098 0.8703 0.0000
vt 0.9208 0.6058 0.0000
vt 0.9208 0.5657 0.0000
vt 0.9251 0.5656 0.0000
vt 0.9251 0.6057 0.0000
vt 0.7267 0.9020 0.0000
vt 0.7267 0.9422 0.0000
vt 0.7229 0.9421 0.0000
vt 0.7229 0.9020 0.0000
vt 0.7150 0.5011 0.0000
vt 0.7150 0.5412 0.0000
vt 0.7050 0.5413 0.0000
vt 0.7050 0.5012 0.0000
vt 0.9527 0.5656 0.0000
vt 0.9527 0.5751 0.0000
vt 0.9512 0.5747 0.0000
vt 0.9513 0.5660 0.0000
vt 0.9469 0.5875 0.0000
vt 0.9469 0.5775 0.0000
vt 0.9493 0.5778 0.0000
vt 0.9493 0.5861 0.0000
vt 0.6285 0.7740 0.0000
vt 0.6265 0.7740 0.0000
vt 0.6265 0.7339 0.0000
vt 0.6285 0.7339 0.0000
vt 0.9527 0.5864 0.0000
vt 0.9507 0.5875 0.0000
vt 0.9507 0.5098 0.0000
vt 0.9527 0.5109 0.0000
vt 0.9493 0.5112 0.0000
vt 0.9469 0.5097 0.0000
vt 0.9527 0.5316 0.0000
vt 0.9513 0.5312 0.0000
vt 0.9512 0.5226 0.0000
vt 0.9527 0.5221 0.0000
vt 0.9527 0.5014 0.0000
vt 0.9508 0.5011 0.0000
vt 0.9493 0.5195 0.0000
vt 0.9469 0.5197 0.0000
vt 0.9849 0.6491 0.0000
vt 0.9863 0.6491 0.0000
vt 0.9863 0.6892 0.0000
vt 0.9849 0.6892 0.0000
vt 0.9527 0.5958 0.0000
vt 0.9508 0.5961 0.0000
vt 0.6536 0.8160 0.0000
vt 0.6441 0.8160 0.0000
vt 0.6441 0.7759 0.0000
vt 0.6536 0.7759 0.0000
vt 0.6661 0.8160 0.0000
vt 0.6566 0.8160 0.0000
vt 0.6566 0.7759 0.0000
vt 0.6661 0.7759 0.0000
vt 0.8458 0.9765 0.0000
vt 0.8424 0.9765 0.0000
vt 0.8424 0.9363 0.0000
vt 0.8458 0.9364 0.0000
vt 0.9767 0.8581 0.0000
vt 0.9733 0.8581 0.0000
vt 0.9733 0.8180 0.0000
vt 0.9767 0.8180 0.0000
vt 0.8177 0.9001 0.0000
vt 0.8094 0.9001 0.0000
vt 0.8094 0.8600 0.0000
vt 0.8177 0.8600 0.0000
vt 0.8741 0.8180 0.0000
vt 0.8827 0.8180 0.0000
vt 0.8827 0.8581 0.0000
vt 0.8741 0.8581 0.0000
vt 0.5607 0.8694 0.0000
vt 0.5607 0.8293 0.0000
vt 0.5693 0.8292 0.0000
vt 0.5693 0.8694 0.0000
vt 0.9208 0.7740 0.0000
vt 0.9208 0.7339 0.0000
vt 0.9251 0.7339 0.0000
vt 0.9251 0.7740 0.0000
vt 0.8700 0.9001 0.0000
vt 0.8700 0.8600 0.0000
vt 0.8717 0.8600 0.0000
vt 0.8717 0.9001 0.0000
vt 0.7272 0.5657 0.0000
vt 0.7272 0.6058 0.0000
vt 0.7172 0.6058 0.0000
vt 0.7173 0.5657 0.0000
vt 0.9527 0.5335 0.0000
vt 0.9527 0.5430 0.0000
vt 0.9512 0.5425 0.0000
vt 0.9513 0.5339 0.0000
vt 0.9469 0.5553 0.0000
vt 0.9469 0.5453 0.0000
vt 0.9493 0.5456 0.0000
vt 0.9493 0.5539 0.0000
vt 0.5074 0.9124 0.0000
vt 0.5074 0.8722 0.0000
vt 0.5115 0.8723 0.0000
vt 0.5115 0.9124 0.0000
vt 0.9527 0.5542 0.0000
vt 0.9486 0.5549 0.0000
vt 0.9360 0.9433 0.0000
vt 0.9401 0.9441 0.0000
vt 0.9366 0.9444 0.0000
vt 0.9343 0.9430 0.0000
vt 0.9401 0.9647 0.0000
vt 0.9386 0.9644 0.0000
vt 0.9386 0.9557 0.0000
vt 0.9401 0.9553 0.0000
vt 0.9401 0.9346 0.0000
vt 0.9360 0.9347 0.0000
vt 0.9366 0.9527 0.0000
vt 0.9343 0.9529 0.0000
vt 0.5089 0.9468 0.0000
vt 0.5089 0.9869 0.0000
vt 0.5074 0.9869 0.0000
vt 0.5074 0.9468 0.0000
vt 0.9527 0.5637 0.0000
vt 0.9486 0.5636 0.0000
vt 0.8212 0.6058 0.0000
vt 0.8212 0.5657 0.0000
vt 0.8301 0.5657 0.0000
vt 0.8301 0.6058 0.0000
vt 0.8805 0.9001 0.0000
vt 0.8805 0.8600 0.0000
vt 0.8824 0.8600 0.0000
vt 0.8824 0.9001 0.0000
vt 0.8454 0.8689 0.0000
vt 0.8455 0.8600 0.0000
vt 0.6092 0.9012 0.0000
vt 0.6090 0.8923 0.0000
# 1594 texture coords

o ROOF_004
g ROOF_004
usemtl BARN_SCENE_BARN_TEXTURES
s off
f 2501/8297/550 2502/8298/550 2503/8299/550 
f 2503/8299/550 2504/8300/550 2501/8297/550 
f 2505/8301/551 2506/8302/551 2507/8303/551 
f 2507/8303/551 2508/8304/551 2505/8301/551 
f 2509/8305/552 2504/8306/552 2503/8307/552 
f 2503/8307/552 2510/8308/552 2509/8305/552 
f 2511/8309/553 2506/8310/553 2505/8311/553 
f 2505/8311/553 2512/8312/553 2511/8309/553 
f 2511/8313/554 2512/8314/554 2509/8315/554 
f 2509/8315/554 2510/8316/554 2511/8313/554 
f 2513/8317/555 2514/8318/555 2515/8319/555 
f 2515/8319/555 2516/8320/555 2513/8317/555 
f 2517/8321/556 2518/8322/556 2519/8323/556 
f 2519/8323/556 2520/8324/556 2517/8321/556 
f 2514/8325/557 2513/8326/557 2521/8327/557 
f 2521/8327/557 2522/8328/557 2514/8325/557 
f 2523/8329/558 2524/8330/558 2525/8331/558 
f 2525/8331/558 2526/8332/558 2523/8329/558 
f 2523/8333/559 2522/8334/559 2521/8335/559 
f 2521/8335/559 2524/8336/559 2523/8333/559 
f 2513/8337/560 2516/8338/560 2501/8339/560 
f 2501/8339/560 2504/8340/560 2513/8337/560 
f 2521/8341/560 2509/8342/560 2512/8343/560 
f 2512/8343/560 2524/8344/560 2521/8341/560 
f 2518/8322/561 2508/8345/561 2507/8346/561 
f 2507/8346/561 2519/8323/561 2518/8322/561 
f 2525/8347/560 2524/8344/560 2512/8343/560 
f 2512/8343/560 2505/8348/560 2525/8347/560 
f 2511/8349/562 2523/8350/562 2526/8351/562 
f 2526/8351/562 2506/8352/562 2511/8349/562 
f 2502/8353/562 2515/8354/562 2514/8355/562 
f 2514/8355/562 2503/8356/562 2502/8353/562 
f 2507/8357/562 2506/8352/562 2526/8351/562 
f 2526/8351/562 2519/8358/562 2507/8357/562 
f 2522/8359/562 2523/8350/562 2511/8349/562 
f 2511/8349/562 2510/8360/562 2522/8359/562 
f 2516/8361/563 2515/8362/563 2502/8363/563 
f 2502/8363/563 2501/8364/563 2516/8361/563 
f 2521/8341/560 2513/8337/560 2504/8340/560 
f 2504/8340/560 2509/8342/560 2521/8341/560 
f 2518/8365/560 2525/8347/560 2505/8348/560 
f 2505/8348/560 2508/8366/560 2518/8365/560 
f 2522/8359/562 2510/8360/562 2503/8356/562 
f 2503/8356/562 2514/8355/562 2522/8359/562 
f 2527/8367/564 2528/8368/564 2529/8369/564 
f 2529/8369/564 2530/8370/564 2527/8367/564 
f 2531/8371/565 2532/8372/565 2533/8373/565 
f 2533/8373/565 2534/8374/565 2531/8371/565 
f 2535/8375/566 2530/8376/566 2529/8377/566 
f 2529/8377/566 2536/8378/566 2535/8375/566 
f 2537/8379/567 2531/8380/567 2534/8381/567 
f 2534/8381/567 2538/8382/567 2537/8379/567 
f 2536/8383/568 2537/8384/568 2538/8385/568 
f 2538/8385/568 2535/8386/568 2536/8383/568 
f 2539/8387/569 2540/8388/569 2541/8389/569 
f 2541/8389/569 2542/8390/569 2539/8387/569 
f 2543/8391/570 2544/8392/570 2545/8393/570 
f 2545/8393/570 2546/8394/570 2543/8391/570 
f 2539/8395/571 2542/8396/571 2547/8397/571 
f 2547/8397/571 2548/8398/571 2539/8395/571 
f 2549/8399/572 2550/8400/572 2546/8401/572 
f 2546/8401/572 2545/8402/572 2549/8399/572 
f 2548/8403/573 2547/8404/573 2550/8405/573 
f 2550/8405/573 2549/8406/573 2548/8403/573 
f 2530/8407/560 2542/8408/560 2541/8409/560 
f 2541/8409/560 2527/8410/560 2530/8407/560 
f 2538/8411/560 2550/8412/560 2547/8413/560 
f 2547/8413/560 2535/8414/560 2538/8411/560 
f 2543/8415/574 2533/8416/574 2532/8417/574 
f 2532/8417/574 2544/8418/574 2543/8415/574 
f 2546/8419/560 2550/8412/560 2538/8411/560 
f 2538/8411/560 2534/8420/560 2546/8419/560 
f 2537/8421/562 2549/8422/562 2545/8423/562 
f 2545/8423/562 2531/8424/562 2537/8421/562 
f 2529/8425/562 2528/8426/562 2540/8427/562 
f 2540/8427/562 2539/8428/562 2529/8425/562 
f 2532/8429/562 2531/8424/562 2545/8423/562 
f 2545/8423/562 2544/8430/562 2532/8429/562 
f 2536/8431/562 2548/8432/562 2549/8422/562 
f 2549/8422/562 2537/8421/562 2536/8431/562 
f 2540/8433/575 2528/8434/575 2527/8435/575 
f 2527/8435/575 2541/8436/575 2540/8433/575 
f 2542/8408/560 2530/8407/560 2535/8414/560 
f 2535/8414/560 2547/8413/560 2542/8408/560 
f 2533/8437/560 2543/8438/560 2546/8419/560 
f 2546/8419/560 2534/8420/560 2533/8437/560 
f 2536/8431/562 2529/8425/562 2539/8428/562 
f 2539/8428/562 2548/8432/562 2536/8431/562 
f 2551/8439/576 2552/8440/576 2553/8441/576 
f 2553/8441/576 2554/8442/576 2551/8439/576 
f 2555/8443/577 2556/8444/577 2557/8445/577 
f 2557/8445/577 2558/8446/577 2555/8443/577 
f 2553/8447/578 2552/8448/578 2559/8449/578 
f 2559/8449/578 2560/8450/578 2553/8447/578 
f 2561/8451/579 2562/8452/579 2555/8453/579 
f 2555/8453/579 2558/8454/579 2561/8451/579 
f 2560/8455/580 2559/8456/580 2562/8457/580 
f 2562/8457/580 2561/8458/580 2560/8455/580 
f 2563/8459/581 2564/8460/581 2565/8461/581 
f 2565/8461/581 2566/8462/581 2563/8459/581 
f 2567/8463/582 2568/8464/582 2569/8465/582 
f 2569/8465/582 2570/8466/582 2567/8463/582 
f 2571/8467/583 2565/8468/583 2564/8469/583 
f 2564/8469/583 2572/8470/583 2571/8467/583 
f 2568/8471/584 2573/8472/584 2574/8473/584 
f 2574/8473/584 2569/8474/584 2568/8471/584 
f 2573/8475/585 2571/8476/585 2572/8477/585 
f 2572/8477/585 2574/8478/585 2573/8475/585 
f 2563/8479/560 2554/8480/560 2553/8481/560 
f 2553/8481/560 2564/8482/560 2563/8479/560 
f 2561/8483/560 2574/8484/560 2572/8485/560 
f 2572/8485/560 2560/8486/560 2561/8483/560 
f 2567/8487/586 2570/8488/586 2557/8489/586 
f 2557/8489/586 2556/8490/586 2567/8487/586 
f 2558/8491/560 2569/8492/560 2574/8484/560 
f 2574/8484/560 2561/8483/560 2558/8491/560 
f 2555/8493/562 2562/8494/562 2573/8495/562 
f 2573/8495/562 2568/8496/562 2555/8493/562 
f 2566/8497/562 2565/8498/562 2552/8499/562 
f 2552/8499/562 2551/8500/562 2566/8497/562 
f 2568/8496/562 2567/8501/562 2556/8502/562 
f 2556/8502/562 2555/8493/562 2568/8496/562 
f 2562/8494/562 2559/8503/562 2571/8504/562 
f 2571/8504/562 2573/8495/562 2562/8494/562 
f 2563/8505/587 2566/8506/587 2551/8507/587 
f 2551/8507/587 2554/8508/587 2563/8505/587 
f 2553/8481/560 2560/8486/560 2572/8485/560 
f 2572/8485/560 2564/8482/560 2553/8481/560 
f 2570/8509/560 2569/8492/560 2558/8491/560 
f 2558/8491/560 2557/8510/560 2570/8509/560 
f 2552/8499/562 2565/8498/562 2571/8504/562 
f 2571/8504/562 2559/8503/562 2552/8499/562 
f 2575/8511/588 2576/8512/588 2577/8513/588 
f 2577/8513/588 2578/8514/588 2575/8511/588 
f 2579/8515/589 2580/8516/589 2581/8517/589 
f 2581/8517/589 2582/8518/589 2579/8515/589 
f 2583/8519/590 2577/8520/590 2576/8521/590 
f 2576/8521/590 2584/8522/590 2583/8519/590 
f 2585/8523/591 2586/8524/591 2579/8525/591 
f 2579/8525/591 2582/8526/591 2585/8523/591 
f 2584/8527/592 2586/8528/592 2585/8529/592 
f 2585/8529/592 2583/8530/592 2584/8527/592 
f 2587/8531/593 2588/8532/593 2589/8533/593 
f 2589/8533/593 2590/8534/593 2587/8531/593 
f 2591/8535/594 2592/8536/594 2593/8537/594 
f 2593/8537/594 2594/8538/594 2591/8535/594 
f 2588/8539/595 2587/8540/595 2595/8541/595 
f 2595/8541/595 2596/8542/595 2588/8539/595 
f 2597/8543/596 2598/8544/596 2594/8545/596 
f 2594/8545/596 2593/8546/596 2597/8543/596 
f 2596/8547/597 2595/8548/597 2598/8549/597 
f 2598/8549/597 2597/8550/597 2596/8547/597 
f 2578/8551/560 2577/8552/560 2587/8553/560 
f 2587/8553/560 2590/8554/560 2578/8551/560 
f 2598/8555/560 2595/8556/560 2583/8557/560 
f 2583/8557/560 2585/8558/560 2598/8555/560 
f 2591/8559/598 2581/8560/598 2580/8561/598 
f 2580/8561/598 2592/8562/598 2591/8559/598 
f 2585/8558/560 2582/8563/560 2594/8564/560 
f 2594/8564/560 2598/8555/560 2585/8558/560 
f 2593/8565/562 2579/8566/562 2586/8567/562 
f 2586/8567/562 2597/8568/562 2593/8565/562 
f 2575/8569/562 2589/8570/562 2588/8571/562 
f 2588/8571/562 2576/8572/562 2575/8569/562 
f 2580/8573/562 2579/8566/562 2593/8565/562 
f 2593/8565/562 2592/8574/562 2580/8573/562 
f 2597/8568/562 2586/8567/562 2584/8575/562 
f 2584/8575/562 2596/8576/562 2597/8568/562 
f 2578/8577/599 2590/8578/599 2589/8579/599 
f 2589/8579/599 2575/8580/599 2578/8577/599 
f 2583/8557/560 2595/8556/560 2587/8553/560 
f 2587/8553/560 2577/8552/560 2583/8557/560 
f 2594/8564/560 2582/8563/560 2581/8581/560 
f 2581/8581/560 2591/8582/560 2594/8564/560 
f 2588/8571/562 2596/8576/562 2584/8575/562 
f 2584/8575/562 2576/8572/562 2588/8571/562 
f 2599/8583/600 2600/8584/600 2601/8585/600 
f 2601/8585/600 2602/8586/600 2599/8583/600 
f 2603/8587/601 2604/8588/601 2605/8589/601 
f 2605/8589/601 2606/8590/601 2603/8587/601 
f 2600/8591/602 2607/8592/602 2608/8593/602 
f 2608/8593/602 2601/8594/602 2600/8591/602 
f 2609/8595/603 2603/8596/603 2606/8597/603 
f 2606/8597/603 2610/8598/603 2609/8595/603 
f 2607/8599/604 2609/8600/604 2610/8601/604 
f 2610/8601/604 2608/8602/604 2607/8599/604 
f 2611/8603/605 2612/8604/605 2613/8605/605 
f 2613/8605/605 2614/8606/605 2611/8603/605 
f 2615/8607/606 2616/8608/606 2617/8609/606 
f 2617/8609/606 2618/8610/606 2615/8607/606 
f 2611/8611/607 2614/8612/607 2619/8613/607 
f 2619/8613/607 2620/8614/607 2611/8611/607 
f 2621/8615/608 2622/8616/608 2618/8617/608 
f 2618/8617/608 2617/8618/608 2621/8615/608 
f 2620/8619/609 2619/8620/609 2622/8621/609 
f 2622/8621/609 2621/8622/609 2620/8619/609 
f 2602/8623/560 2601/8624/560 2614/8625/560 
f 2614/8625/560 2613/8626/560 2602/8623/560 
f 2622/8627/560 2619/8628/560 2608/8629/560 
f 2608/8629/560 2610/8630/560 2622/8627/560 
f 2605/8631/610 2604/8632/610 2616/8633/610 
f 2616/8633/610 2615/8634/610 2605/8631/610 
f 2610/8630/560 2606/8635/560 2618/8636/560 
f 2618/8636/560 2622/8627/560 2610/8630/560 
f 2617/8637/562 2603/8638/562 2609/8639/562 
f 2609/8639/562 2621/8640/562 2617/8637/562 
f 2599/8641/562 2612/8642/562 2611/8643/562 
f 2611/8643/562 2600/8644/562 2599/8641/562 
f 2604/8645/562 2603/8638/562 2617/8637/562 
f 2617/8637/562 2616/8646/562 2604/8645/562 
f 2621/8640/562 2609/8639/562 2607/8647/562 
f 2607/8647/562 2620/8648/562 2621/8640/562 
f 2599/8649/611 2602/8650/611 2613/8651/611 
f 2613/8651/611 2612/8652/611 2599/8649/611 
f 2614/8625/560 2601/8624/560 2608/8629/560 
f 2608/8629/560 2619/8628/560 2614/8625/560 
f 2606/8635/560 2605/8653/560 2615/8654/560 
f 2615/8654/560 2618/8636/560 2606/8635/560 
f 2607/8647/562 2600/8644/562 2611/8643/562 
f 2611/8643/562 2620/8648/562 2607/8647/562 
f 2623/8655/612 2624/8656/612 2625/8657/612 
f 2625/8657/612 2626/8658/612 2623/8655/612 
f 2627/8659/613 2628/8660/613 2629/8661/613 
f 2629/8661/613 2630/8662/613 2627/8659/613 
f 2631/8663/614 2625/8664/614 2624/8665/614 
f 2624/8665/614 2632/8666/614 2631/8663/614 
f 2630/8667/615 2633/8668/615 2634/8669/615 
f 2634/8669/615 2627/8670/615 2630/8667/615 
f 2632/8671/616 2634/8672/616 2633/8673/616 
f 2633/8673/616 2631/8674/616 2632/8671/616 
f 2635/8675/617 2636/8676/617 2637/8677/617 
f 2637/8677/617 2638/8678/617 2635/8675/617 
f 2639/8679/618 2640/8680/618 2641/8681/618 
f 2641/8681/618 2642/8682/618 2639/8679/618 
f 2636/8683/619 2635/8684/619 2643/8685/619 
f 2643/8685/619 2644/8686/619 2636/8683/619 
f 2645/8687/620 2646/8688/620 2642/8689/620 
f 2642/8689/620 2641/8690/620 2645/8687/620 
f 2644/8691/621 2643/8692/621 2646/8693/621 
f 2646/8693/621 2645/8694/621 2644/8691/621 
f 2626/8695/560 2625/8696/560 2635/8697/560 
f 2635/8697/560 2638/8698/560 2626/8695/560 
f 2631/8699/560 2633/8700/560 2646/8701/560 
f 2646/8701/560 2643/8702/560 2631/8699/560 
f 2628/8703/622 2640/8704/622 2639/8705/622 
f 2639/8705/622 2629/8706/622 2628/8703/622 
f 2630/8707/560 2642/8708/560 2646/8701/560 
f 2646/8701/560 2633/8700/560 2630/8707/560 
f 2641/8709/562 2627/8710/562 2634/8711/562 
f 2634/8711/562 2645/8712/562 2641/8709/562 
f 2623/8713/562 2637/8714/562 2636/8715/562 
f 2636/8715/562 2624/8716/562 2623/8713/562 
f 2640/8717/562 2628/8718/562 2627/8710/562 
f 2627/8710/562 2641/8709/562 2640/8717/562 
f 2632/8719/562 2644/8720/562 2645/8712/562 
f 2645/8712/562 2634/8711/562 2632/8719/562 
f 2626/8721/623 2638/8722/623 2637/8723/623 
f 2637/8723/623 2623/8724/623 2626/8721/623 
f 2625/8696/560 2631/8699/560 2643/8702/560 
f 2643/8702/560 2635/8697/560 2625/8696/560 
f 2642/8708/560 2630/8707/560 2629/8725/560 
f 2629/8725/560 2639/8726/560 2642/8708/560 
f 2636/8715/562 2644/8720/562 2632/8719/562 
f 2632/8719/562 2624/8716/562 2636/8715/562 
f 2647/8727/624 2648/8728/624 2649/8729/624 
f 2649/8729/624 2650/8730/624 2647/8727/624 
f 2651/8731/592 2652/8732/592 2653/8733/592 
f 2653/8733/592 2654/8734/592 2651/8731/592 
f 2648/8735/625 2655/8736/625 2656/8737/625 
f 2656/8737/625 2649/8738/625 2648/8735/625 
f 2657/8739/626 2651/8740/626 2654/8741/626 
f 2654/8741/626 2658/8742/626 2657/8739/626 
f 2655/8743/627 2657/8744/627 2658/8745/627 
f 2658/8745/627 2656/8746/627 2655/8743/627 
f 2659/8747/628 2660/8748/628 2661/8749/628 
f 2661/8749/628 2662/8750/628 2659/8747/628 
f 2663/8751/629 2664/8752/629 2665/8753/629 
f 2665/8753/629 2666/8754/629 2663/8751/629 
f 2661/8755/630 2660/8756/630 2667/8757/630 
f 2667/8757/630 2668/8758/630 2661/8755/630 
f 2669/8759/631 2670/8760/631 2664/8761/631 
f 2664/8761/631 2663/8762/631 2669/8759/631 
f 2668/8763/632 2667/8764/632 2670/8765/632 
f 2670/8765/632 2669/8766/632 2668/8763/632 
f 2650/8767/560 2649/8768/560 2660/8769/560 
f 2660/8769/560 2659/8770/560 2650/8767/560 
f 2670/8771/560 2667/8772/560 2656/8773/560 
f 2656/8773/560 2658/8774/560 2670/8771/560 
f 2665/8775/633 2653/8776/633 2652/8777/633 
f 2652/8777/633 2666/8778/633 2665/8775/633 
f 2654/8779/560 2664/8780/560 2670/8771/560 
f 2670/8771/560 2658/8774/560 2654/8779/560 
f 2669/8781/562 2663/8782/562 2651/8783/562 
f 2651/8783/562 2657/8784/562 2669/8781/562 
f 2647/8785/562 2662/8786/562 2661/8787/562 
f 2661/8787/562 2648/8788/562 2647/8785/562 
f 2666/8789/562 2652/8790/562 2651/8783/562 
f 2651/8783/562 2663/8782/562 2666/8789/562 
f 2669/8781/562 2657/8784/562 2655/8791/562 
f 2655/8791/562 2668/8792/562 2669/8781/562 
f 2662/8793/634 2647/8794/634 2650/8795/634 
f 2650/8795/634 2659/8796/634 2662/8793/634 
f 2649/8768/560 2656/8773/560 2667/8772/560 
f 2667/8772/560 2660/8769/560 2649/8768/560 
f 2665/8797/560 2664/8780/560 2654/8779/560 
f 2654/8779/560 2653/8798/560 2665/8797/560 
f 2661/8787/562 2668/8792/562 2655/8791/562 
f 2655/8791/562 2648/8788/562 2661/8787/562 
f 2671/8799/635 2672/8800/635 2673/8801/635 
f 2673/8801/635 2674/8802/635 2671/8799/635 
f 2675/8803/636 2676/8804/636 2677/8805/636 
f 2677/8805/636 2678/8806/636 2675/8803/636 
f 2673/8807/637 2672/8808/637 2679/8809/637 
f 2679/8809/637 2680/8810/637 2673/8807/637 
f 2678/8811/638 2681/8812/638 2682/8813/638 
f 2682/8813/638 2675/8814/638 2678/8811/638 
f 2679/8815/639 2682/8816/639 2681/8817/639 
f 2681/8817/639 2680/8818/639 2679/8815/639 
f 2683/8819/640 2684/8820/640 2685/8821/640 
f 2685/8821/640 2686/8822/640 2683/8819/640 
f 2687/8823/628 2688/8824/628 2689/8825/628 
f 2689/8825/628 2690/8826/628 2687/8823/628 
f 2685/8827/641 2684/8828/641 2691/8829/641 
f 2691/8829/641 2692/8830/641 2685/8827/641 
f 2693/8831/642 2694/8832/642 2688/8833/642 
f 2688/8833/642 2687/8834/642 2693/8831/642 
f 2692/8835/643 2691/8836/643 2694/8837/643 
f 2694/8837/643 2693/8838/643 2692/8835/643 
f 2683/8839/560 2674/8840/560 2673/8841/560 
f 2673/8841/560 2684/8842/560 2683/8839/560 
f 2694/8843/560 2691/8844/560 2680/8845/560 
f 2680/8845/560 2681/8846/560 2694/8843/560 
f 2676/8847/644 2690/8848/644 2689/8849/644 
f 2689/8849/644 2677/8850/644 2676/8847/644 
f 2694/8843/560 2681/8846/560 2678/8851/560 
f 2678/8851/560 2688/8852/560 2694/8843/560 
f 2675/8853/562 2682/8854/562 2693/8855/562 
f 2693/8855/562 2687/8856/562 2675/8853/562 
f 2672/8857/562 2671/8858/562 2686/8859/562 
f 2686/8859/562 2685/8860/562 2672/8857/562 
f 2687/8856/562 2690/8861/562 2676/8862/562 
f 2676/8862/562 2675/8853/562 2687/8856/562 
f 2693/8855/562 2682/8854/562 2679/8863/562 
f 2679/8863/562 2692/8864/562 2693/8855/562 
f 2671/8865/645 2674/8866/645 2683/8867/645 
f 2683/8867/645 2686/8868/645 2671/8865/645 
f 2691/8844/560 2684/8842/560 2673/8841/560 
f 2673/8841/560 2680/8845/560 2691/8844/560 
f 2689/8869/560 2688/8852/560 2678/8851/560 
f 2678/8851/560 2677/8870/560 2689/8869/560 
f 2672/8857/562 2685/8860/562 2692/8864/562 
f 2692/8864/562 2679/8863/562 2672/8857/562 
f 2695/8871/646 2696/8872/646 2697/8873/646 
f 2697/8873/646 2698/8874/646 2695/8871/646 
f 2699/8875/647 2700/8876/647 2701/8877/647 
f 2701/8877/647 2702/8878/647 2699/8875/647 
f 2703/8879/648 2697/8880/648 2696/8881/648 
f 2696/8881/648 2704/8882/648 2703/8879/648 
f 2702/8883/649 2705/8884/649 2706/8885/649 
f 2706/8885/649 2699/8886/649 2702/8883/649 
f 2704/8887/650 2706/8888/650 2705/8889/650 
f 2705/8889/650 2703/8890/650 2704/8887/650 
f 2707/8891/651 2708/8892/651 2709/8893/651 
f 2709/8893/651 2710/8894/651 2707/8891/651 
f 2711/8895/652 2712/8896/652 2713/8897/652 
f 2713/8897/652 2714/8898/652 2711/8895/652 
f 2709/8899/653 2708/8900/653 2715/8901/653 
f 2715/8901/653 2716/8902/653 2709/8899/653 
f 2717/8903/654 2718/8904/654 2712/8905/654 
f 2712/8905/654 2711/8906/654 2717/8903/654 
f 2716/8907/655 2715/8908/655 2718/8909/655 
f 2718/8909/655 2717/8910/655 2716/8907/655 
f 2708/8911/560 2707/8912/560 2698/8913/560 
f 2698/8913/560 2697/8914/560 2708/8911/560 
f 2703/8915/560 2705/8916/560 2718/8917/560 
f 2718/8917/560 2715/8918/560 2703/8915/560 
f 2700/8919/656 2714/8920/656 2713/8921/656 
f 2713/8921/656 2701/8922/656 2700/8919/656 
f 2718/8917/560 2705/8916/560 2702/8923/560 
f 2702/8923/560 2712/8924/560 2718/8917/560 
f 2699/8925/562 2706/8926/562 2717/8927/562 
f 2717/8927/562 2711/8928/562 2699/8925/562 
f 2709/8929/562 2696/8930/562 2695/8931/562 
f 2695/8931/562 2710/8932/562 2709/8929/562 
f 2700/8933/562 2699/8925/562 2711/8928/562 
f 2711/8928/562 2714/8934/562 2700/8933/562 
f 2706/8926/562 2704/8935/562 2716/8936/562 
f 2716/8936/562 2717/8927/562 2706/8926/562 
f 2698/8937/657 2707/8938/657 2710/8939/657 
f 2710/8939/657 2695/8940/657 2698/8937/657 
f 2715/8918/560 2708/8911/560 2697/8914/560 
f 2697/8914/560 2703/8915/560 2715/8918/560 
f 2702/8923/560 2701/8941/560 2713/8942/560 
f 2713/8942/560 2712/8924/560 2702/8923/560 
f 2696/8930/562 2709/8929/562 2716/8936/562 
f 2716/8936/562 2704/8935/562 2696/8930/562 
f 2719/8943/658 2720/8944/658 2721/8945/658 
f 2721/8945/658 2722/8946/658 2719/8943/658 
f 2723/8947/659 2724/8948/659 2725/8949/659 
f 2725/8949/659 2726/8950/659 2723/8947/659 
f 2727/8951/660 2721/8952/660 2720/8953/660 
f 2720/8953/660 2728/8954/660 2727/8951/660 
f 2729/8955/661 2730/8956/661 2723/8957/661 
f 2723/8957/661 2726/8958/661 2729/8955/661 
f 2727/8959/662 2728/8960/662 2730/8961/662 
f 2730/8961/662 2729/8962/662 2727/8959/662 
f 2731/8963/663 2732/8964/663 2733/8965/663 
f 2733/8965/663 2734/8966/663 2731/8963/663 
f 2735/8967/664 2736/8968/664 2737/8969/664 
f 2737/8969/664 2738/8970/664 2735/8967/664 
f 2739/8971/665 2733/8972/665 2732/8973/665 
f 2732/8973/665 2740/8974/665 2739/8971/665 
f 2735/8975/666 2741/8976/666 2742/8977/666 
f 2742/8977/666 2736/8978/666 2735/8975/666 
f 2741/8979/667 2739/8980/667 2740/8981/667 
f 2740/8981/667 2742/8982/667 2741/8979/667 
f 2732/8983/560 2731/8984/560 2722/8985/560 
f 2722/8985/560 2721/8986/560 2732/8983/560 
f 2740/8987/560 2727/8988/560 2729/8989/560 
f 2729/8989/560 2742/8990/560 2740/8987/560 
f 2724/8991/668 2738/8992/668 2737/8993/668 
f 2737/8993/668 2725/8994/668 2724/8991/668 
f 2736/8995/560 2742/8990/560 2729/8989/560 
f 2729/8989/560 2726/8996/560 2736/8995/560 
f 2730/8997/562 2741/8998/562 2735/8999/562 
f 2735/8999/562 2723/9000/562 2730/8997/562 
f 2733/9001/562 2720/9002/562 2719/9003/562 
f 2719/9003/562 2734/9004/562 2733/9001/562 
f 2723/9000/562 2735/8999/562 2738/9005/562 
f 2738/9005/562 2724/9006/562 2723/9000/562 
f 2741/8998/562 2730/8997/562 2728/9007/562 
f 2728/9007/562 2739/9008/562 2741/8998/562 
f 2722/9009/669 2731/9010/669 2734/9011/669 
f 2734/9011/669 2719/9012/669 2722/9009/669 
f 2732/8983/560 2721/8986/560 2727/8988/560 
f 2727/8988/560 2740/8987/560 2732/8983/560 
f 2736/8995/560 2726/8996/560 2725/9013/560 
f 2725/9013/560 2737/9014/560 2736/8995/560 
f 2739/9008/562 2728/9007/562 2720/9002/562 
f 2720/9002/562 2733/9001/562 2739/9008/562 
f 2743/9015/670 2744/9016/670 2745/9017/670 
f 2745/9017/670 2746/9018/670 2743/9015/670 
f 2747/9019/671 2748/9020/671 2749/9021/671 
f 2749/9021/671 2750/9022/671 2747/9019/671 
f 2744/9023/672 2743/9024/672 2751/9025/672 
f 2751/9025/672 2752/9026/672 2744/9023/672 
f 2749/9027/673 2753/9028/673 2754/9029/673 
f 2754/9029/673 2750/9030/673 2749/9027/673 
f 2752/9031/674 2751/9032/674 2754/9033/674 
f 2754/9033/674 2753/9034/674 2752/9031/674 
f 2755/9035/675 2756/9036/675 2757/9037/675 
f 2757/9037/675 2758/9038/675 2755/9035/675 
f 2759/9039/676 2760/9040/676 2761/9041/676 
f 2761/9041/676 2762/9042/676 2759/9039/676 
f 2763/9043/677 2758/9044/677 2757/9045/677 
f 2757/9045/677 2764/9046/677 2763/9043/677 
f 2759/9047/678 2765/9048/678 2766/9049/678 
f 2766/9049/678 2760/9050/678 2759/9047/678 
f 2765/9051/679 2763/9052/679 2764/9053/679 
f 2764/9053/679 2766/9054/679 2765/9051/679 
f 2745/9055/560 2744/9056/560 2757/9057/560 
f 2757/9057/560 2756/9058/560 2745/9055/560 
f 2753/9059/560 2766/9060/560 2764/9061/560 
f 2764/9061/560 2752/9062/560 2753/9059/560 
f 2761/9063/680 2748/9064/680 2747/9065/680 
f 2747/9065/680 2762/9066/680 2761/9063/680 
f 2749/9067/560 2760/9068/560 2766/9060/560 
f 2766/9060/560 2753/9059/560 2749/9067/560 
f 2754/9069/562 2765/9070/562 2759/9071/562 
f 2759/9071/562 2750/9072/562 2754/9069/562 
f 2743/9073/562 2746/9074/562 2755/9075/562 
f 2755/9075/562 2758/9076/562 2743/9073/562 
f 2750/9072/562 2759/9071/562 2762/9077/562 
f 2762/9077/562 2747/9078/562 2750/9072/562 
f 2754/9069/562 2751/9079/562 2763/9080/562 
f 2763/9080/562 2765/9070/562 2754/9069/562 
f 2755/9081/681 2746/9082/681 2745/9083/681 
f 2745/9083/681 2756/9084/681 2755/9081/681 
f 2744/9056/682 2752/9062/682 2764/9061/682 
f 2764/9061/682 2757/9057/682 2744/9056/682 
f 2761/9085/560 2760/9068/560 2749/9067/560 
f 2749/9067/560 2748/9086/560 2761/9085/560 
f 2751/9079/562 2743/9073/562 2758/9076/562 
f 2758/9076/562 2763/9080/562 2751/9079/562 
f 2767/9087/683 2768/9088/683 2769/9089/683 
f 2769/9089/683 2770/9090/683 2767/9087/683 
f 2771/9091/684 2772/9092/684 2773/9093/684 
f 2773/9093/684 2774/9094/684 2771/9091/684 
f 2769/9095/685 2768/9096/685 2775/9097/685 
f 2775/9097/685 2776/9098/685 2769/9095/685 
f 2777/9099/686 2778/9100/686 2771/9101/686 
f 2771/9101/686 2774/9102/686 2777/9099/686 
f 2776/9103/687 2775/9104/687 2778/9105/687 
f 2778/9105/687 2777/9106/687 2776/9103/687 
f 2779/9107/688 2780/9108/688 2781/9109/688 
f 2781/9109/688 2782/9110/688 2779/9107/688 
f 2783/9111/675 2784/9112/675 2785/9113/675 
f 2785/9113/675 2786/9114/675 2783/9111/675 
f 2787/9115/689 2782/9116/689 2781/9117/689 
f 2781/9117/689 2788/9118/689 2787/9115/689 
f 2783/9119/690 2789/9120/690 2790/9121/690 
f 2790/9121/690 2784/9122/690 2783/9119/690 
f 2789/9123/691 2787/9124/691 2788/9125/691 
f 2788/9125/691 2790/9126/691 2789/9123/691 
f 2769/9127/560 2781/9128/560 2780/9129/560 
f 2780/9129/560 2770/9130/560 2769/9127/560 
f 2788/9131/560 2776/9132/560 2777/9133/560 
f 2777/9133/560 2790/9134/560 2788/9131/560 
f 2785/9135/692 2773/9136/692 2772/9137/692 
f 2772/9137/692 2786/9138/692 2785/9135/692 
f 2784/9139/560 2790/9134/560 2777/9133/560 
f 2777/9133/560 2774/9140/560 2784/9139/560 
f 2789/9141/562 2783/9142/562 2771/9143/562 
f 2771/9143/562 2778/9144/562 2789/9141/562 
f 2782/9145/562 2768/9146/562 2767/9147/562 
f 2767/9147/562 2779/9148/562 2782/9145/562 
f 2771/9143/562 2783/9142/562 2786/9149/562 
f 2786/9149/562 2772/9150/562 2771/9143/562 
f 2789/9141/562 2778/9144/562 2775/9151/562 
f 2775/9151/562 2787/9152/562 2789/9141/562 
f 2779/9153/693 2767/9154/693 2770/9155/693 
f 2770/9155/693 2780/9156/693 2779/9153/693 
f 2781/9128/560 2769/9127/560 2776/9132/560 
f 2776/9132/560 2788/9131/560 2781/9128/560 
f 2785/9157/560 2784/9139/560 2774/9140/560 
f 2774/9140/560 2773/9158/560 2785/9157/560 
f 2787/9152/562 2775/9151/562 2768/9146/562 
f 2768/9146/562 2782/9145/562 2787/9152/562 
f 2791/9159/694 2792/9160/694 2793/9161/694 
f 2793/9161/694 2794/9162/694 2791/9159/694 
f 2795/9163/695 2796/9164/695 2797/9165/695 
f 2797/9165/695 2798/9166/695 2795/9163/695 
f 2792/9167/696 2791/9168/696 2799/9169/696 
f 2799/9169/696 2800/9170/696 2792/9167/696 
f 2801/9171/697 2802/9172/697 2796/9173/697 
f 2796/9173/697 2795/9174/697 2801/9171/697 
f 2800/9175/698 2799/9176/698 2802/9177/698 
f 2802/9177/698 2801/9178/698 2800/9175/698 
f 2803/9179/699 2804/9180/699 2805/9181/699 
f 2805/9181/699 2806/9182/699 2803/9179/699 
f 2807/9183/700 2808/9184/700 2809/9185/700 
f 2809/9185/700 2810/9186/700 2807/9183/700 
f 2811/9187/701 2803/9188/701 2806/9189/701 
f 2806/9189/701 2812/9190/701 2811/9187/701 
f 2808/9191/702 2813/9192/702 2814/9193/702 
f 2814/9193/702 2809/9194/702 2808/9191/702 
f 2813/9195/703 2811/9196/703 2812/9197/703 
f 2812/9197/703 2814/9198/703 2813/9195/703 
f 2793/9199/560 2792/9200/560 2806/9201/560 
f 2806/9201/560 2805/9202/560 2793/9199/560 
f 2812/9203/560 2800/9204/560 2801/9205/560 
f 2801/9205/560 2814/9206/560 2812/9203/560 
f 2807/9207/704 2810/9208/704 2798/9209/704 
f 2798/9209/704 2797/9210/704 2807/9207/704 
f 2814/9206/560 2801/9205/560 2795/9211/560 
f 2795/9211/560 2809/9212/560 2814/9206/560 
f 2808/9213/562 2796/9214/562 2802/9215/562 
f 2802/9215/562 2813/9216/562 2808/9213/562 
f 2791/9217/562 2794/9218/562 2804/9219/562 
f 2804/9219/562 2803/9220/562 2791/9217/562 
f 2797/9221/562 2796/9214/562 2808/9213/562 
f 2808/9213/562 2807/9222/562 2797/9221/562 
f 2813/9216/562 2802/9215/562 2799/9223/562 
f 2799/9223/562 2811/9224/562 2813/9216/562 
f 2804/9225/705 2794/9226/705 2793/9227/705 
f 2793/9227/705 2805/9228/705 2804/9225/705 
f 2812/9203/560 2806/9201/560 2792/9200/560 
f 2792/9200/560 2800/9204/560 2812/9203/560 
f 2795/9211/560 2798/9229/560 2810/9230/560 
f 2810/9230/560 2809/9212/560 2795/9211/560 
f 2803/9220/562 2811/9224/562 2799/9223/562 
f 2799/9223/562 2791/9217/562 2803/9220/562 
f 2815/9231/706 2816/9232/706 2817/9233/706 
f 2817/9233/706 2818/9234/706 2815/9231/706 
f 2819/9235/707 2820/9236/707 2821/9237/707 
f 2821/9237/707 2822/9238/707 2819/9235/707 
f 2823/9239/708 2824/9240/708 2817/9241/708 
f 2817/9241/708 2816/9242/708 2823/9239/708 
f 2819/9243/709 2822/9244/709 2825/9245/709 
f 2825/9245/709 2826/9246/709 2819/9243/709 
f 2823/9247/710 2826/9248/710 2825/9249/710 
f 2825/9249/710 2824/9250/710 2823/9247/710 
f 2827/9251/711 2828/9252/711 2829/9253/711 
f 2829/9253/711 2830/9254/711 2827/9251/711 
f 2831/9255/712 2832/9256/712 2833/9257/712 
f 2833/9257/712 2834/9258/712 2831/9255/712 
f 2835/9259/713 2836/9260/713 2828/9261/713 
f 2828/9261/713 2827/9262/713 2835/9259/713 
f 2831/9263/714 2837/9264/714 2838/9265/714 
f 2838/9265/714 2832/9266/714 2831/9263/714 
f 2835/9267/715 2838/9268/715 2837/9269/715 
f 2837/9269/715 2836/9270/715 2835/9267/715 
f 2818/9271/560 2817/9272/560 2827/9273/560 
f 2827/9273/560 2830/9274/560 2818/9271/560 
f 2838/9275/560 2835/9276/560 2824/9277/560 
f 2824/9277/560 2825/9278/560 2838/9275/560 
f 2834/9279/716 2833/9280/716 2821/9281/716 
f 2821/9281/716 2820/9282/716 2834/9279/716 
f 2822/9283/560 2832/9284/560 2838/9275/560 
f 2838/9275/560 2825/9278/560 2822/9283/560 
f 2826/9285/562 2837/9286/562 2831/9287/562 
f 2831/9287/562 2819/9288/562 2826/9285/562 
f 2829/9289/562 2828/9290/562 2816/9291/562 
f 2816/9291/562 2815/9292/562 2829/9289/562 
f 2831/9287/562 2834/9293/562 2820/9294/562 
f 2820/9294/562 2819/9288/562 2831/9287/562 
f 2823/9295/562 2836/9296/562 2837/9286/562 
f 2837/9286/562 2826/9285/562 2823/9295/562 
f 2830/9297/717 2829/9298/717 2815/9299/717 
f 2815/9299/717 2818/9300/717 2830/9297/717 
f 2835/9276/560 2827/9273/560 2817/9272/560 
f 2817/9272/560 2824/9277/560 2835/9276/560 
f 2833/9301/560 2832/9284/560 2822/9283/560 
f 2822/9283/560 2821/9302/560 2833/9301/560 
f 2816/9291/562 2828/9290/562 2836/9296/562 
f 2836/9296/562 2823/9295/562 2816/9291/562 
f 2839/9303/718 2840/9304/718 2841/9305/718 
f 2841/9305/718 2842/9306/718 2839/9303/718 
f 2843/9307/719 2844/9308/719 2845/9309/719 
f 2845/9309/719 2846/9310/719 2843/9307/719 
f 2840/9311/720 2839/9312/720 2847/9313/720 
f 2847/9313/720 2848/9314/720 2840/9311/720 
f 2849/9315/721 2850/9316/721 2846/9317/721 
f 2846/9317/721 2845/9318/721 2849/9315/721 
f 2848/9319/722 2847/9320/722 2850/9321/722 
f 2850/9321/722 2849/9322/722 2848/9319/722 
f 2851/9323/723 2852/9324/723 2853/9325/723 
f 2853/9325/723 2854/9326/723 2851/9323/723 
f 2855/9327/724 2856/9328/724 2857/9329/724 
f 2857/9329/724 2858/9330/724 2855/9327/724 
f 2859/9331/725 2851/9332/725 2854/9333/725 
f 2854/9333/725 2860/9334/725 2859/9331/725 
f 2856/9335/726 2861/9336/726 2862/9337/726 
f 2862/9337/726 2857/9338/726 2856/9335/726 
f 2859/9339/727 2860/9340/727 2862/9341/727 
f 2862/9341/727 2861/9342/727 2859/9339/727 
f 2840/9343/560 2854/9344/560 2853/9345/560 
f 2853/9345/560 2841/9346/560 2840/9343/560 
f 2849/9347/560 2862/9348/560 2860/9349/560 
f 2860/9349/560 2848/9350/560 2849/9347/560 
f 2843/9351/728 2855/9352/728 2858/9353/728 
f 2858/9353/728 2844/9354/728 2843/9351/728 
f 2857/9355/560 2862/9348/560 2849/9347/560 
f 2849/9347/560 2845/9356/560 2857/9355/560 
f 2856/9357/562 2846/9358/562 2850/9359/562 
f 2850/9359/562 2861/9360/562 2856/9357/562 
f 2852/9361/562 2851/9362/562 2839/9363/562 
f 2839/9363/562 2842/9364/562 2852/9361/562 
f 2846/9358/562 2856/9357/562 2855/9365/562 
f 2855/9365/562 2843/9366/562 2846/9358/562 
f 2859/9367/562 2861/9360/562 2850/9359/562 
f 2850/9359/562 2847/9368/562 2859/9367/562 
f 2841/9369/729 2853/9370/729 2852/9371/729 
f 2852/9371/729 2842/9372/729 2841/9369/729 
f 2854/9344/560 2840/9343/560 2848/9350/560 
f 2848/9350/560 2860/9349/560 2854/9344/560 
f 2845/9356/560 2844/9373/560 2858/9374/560 
f 2858/9374/560 2857/9355/560 2845/9356/560 
f 2851/9362/562 2859/9367/562 2847/9368/562 
f 2847/9368/562 2839/9363/562 2851/9362/562 
f 2863/9375/730 2864/9376/730 2865/9377/730 
f 2865/9377/730 2866/9378/730 2863/9375/730 
f 2867/9379/731 2868/9380/731 2869/9381/731 
f 2869/9381/731 2870/9382/731 2867/9379/731 
f 2871/9383/732 2863/9384/732 2866/9385/732 
f 2866/9385/732 2872/9386/732 2871/9383/732 
f 2873/9387/733 2874/9388/733 2869/9389/733 
f 2869/9389/733 2868/9390/733 2873/9387/733 
f 2872/9391/734 2874/9392/734 2873/9393/734 
f 2873/9393/734 2871/9394/734 2872/9391/734 
f 2875/9395/735 2876/9396/735 2877/9397/735 
f 2877/9397/735 2878/9398/735 2875/9395/735 
f 2879/9399/736 2880/9400/736 2881/9401/736 
f 2881/9401/736 2882/9402/736 2879/9399/736 
f 2883/9403/737 2877/9404/737 2876/9405/737 
f 2876/9405/737 2884/9406/737 2883/9403/737 
f 2882/9407/738 2885/9408/738 2886/9409/738 
f 2886/9409/738 2879/9410/738 2882/9407/738 
f 2885/9411/739 2883/9412/739 2884/9413/739 
f 2884/9413/739 2886/9414/739 2885/9411/739 
f 2863/9415/560 2876/9416/560 2875/9417/560 
f 2875/9417/560 2864/9418/560 2863/9415/560 
f 2884/9419/560 2871/9420/560 2873/9421/560 
f 2873/9421/560 2886/9422/560 2884/9419/560 
f 2881/9423/740 2880/9424/740 2867/9425/740 
f 2867/9425/740 2870/9426/740 2881/9423/740 
f 2879/9427/560 2886/9422/560 2873/9421/560 
f 2873/9421/560 2868/9428/560 2879/9427/560 
f 2882/9429/562 2869/9430/562 2874/9431/562 
f 2874/9431/562 2885/9432/562 2882/9429/562 
f 2878/9433/562 2877/9434/562 2866/9435/562 
f 2866/9435/562 2865/9436/562 2878/9433/562 
f 2869/9430/562 2882/9429/562 2881/9437/562 
f 2881/9437/562 2870/9438/562 2869/9430/562 
f 2883/9439/562 2885/9432/562 2874/9431/562 
f 2874/9431/562 2872/9440/562 2883/9439/562 
f 2864/9441/741 2875/9442/741 2878/9443/741 
f 2878/9443/741 2865/9444/741 2864/9441/741 
f 2876/9416/742 2863/9415/742 2871/9420/742 
f 2871/9420/742 2884/9419/742 2876/9416/742 
f 2867/9445/560 2880/9446/560 2879/9427/560 
f 2879/9427/560 2868/9428/560 2867/9445/560 
f 2883/9439/562 2872/9440/562 2866/9435/562 
f 2866/9435/562 2877/9434/562 2883/9439/562 
f 2887/9447/743 2888/9448/743 2889/9449/743 
f 2889/9449/743 2890/9450/743 2887/9447/743 
f 2891/9451/744 2892/9452/744 2893/9453/744 
f 2893/9453/744 2894/9454/744 2891/9451/744 
f 2895/9455/745 2896/9456/745 2890/9457/745 
f 2890/9457/745 2889/9458/745 2895/9455/745 
f 2897/9459/746 2892/9460/746 2891/9461/746 
f 2891/9461/746 2898/9462/746 2897/9459/746 
f 2895/9463/747 2897/9464/747 2898/9465/747 
f 2898/9465/747 2896/9466/747 2895/9463/747 
f 2899/9467/748 2900/9468/748 2901/9469/748 
f 2901/9469/748 2902/9470/748 2899/9467/748 
f 2903/9471/749 2904/9472/749 2905/9473/749 
f 2905/9473/749 2906/9474/749 2903/9471/749 
f 2902/9475/750 2901/9476/750 2907/9477/750 
f 2907/9477/750 2908/9478/750 2902/9475/750 
f 2903/9479/751 2909/9480/751 2910/9481/751 
f 2910/9481/751 2904/9482/751 2903/9479/751 
f 2908/9483/752 2907/9484/752 2910/9485/752 
f 2910/9485/752 2909/9486/752 2908/9483/752 
f 2887/9487/560 2890/9488/560 2901/9489/560 
f 2901/9489/560 2900/9490/560 2887/9487/560 
f 2910/9491/560 2907/9492/560 2896/9493/560 
f 2896/9493/560 2898/9494/560 2910/9491/560 
f 2894/9495/753 2893/9496/753 2906/9497/753 
f 2906/9497/753 2905/9498/753 2894/9495/753 
f 2904/9499/560 2910/9491/560 2898/9494/560 
f 2898/9494/560 2891/9500/560 2904/9499/560 
f 2892/9501/562 2897/9502/562 2909/9503/562 
f 2909/9503/562 2903/9504/562 2892/9501/562 
f 2888/9505/562 2899/9506/562 2902/9507/562 
f 2902/9507/562 2889/9508/562 2888/9505/562 
f 2893/9509/562 2892/9501/562 2903/9504/562 
f 2903/9504/562 2906/9510/562 2893/9509/562 
f 2908/9511/562 2909/9503/562 2897/9502/562 
f 2897/9502/562 2895/9512/562 2908/9511/562 
f 2888/9513/754 2887/9514/754 2900/9515/754 
f 2900/9515/754 2899/9516/754 2888/9513/754 
f 2890/9488/560 2896/9493/560 2907/9492/560 
f 2907/9492/560 2901/9489/560 2890/9488/560 
f 2905/9517/560 2904/9499/560 2891/9500/560 
f 2891/9500/560 2894/9518/560 2905/9517/560 
f 2908/9511/562 2895/9512/562 2889/9508/562 
f 2889/9508/562 2902/9507/562 2908/9511/562 
f 2911/9519/755 2912/9520/755 2913/9521/755 
f 2913/9521/755 2914/9522/755 2911/9519/755 
f 2915/9523/756 2916/9524/756 2917/9525/756 
f 2917/9525/756 2918/9526/756 2915/9523/756 
f 2914/9527/757 2919/9528/757 2920/9529/757 
f 2920/9529/757 2911/9530/757 2914/9527/757 
f 2918/9531/758 2921/9532/758 2922/9533/758 
f 2922/9533/758 2915/9534/758 2918/9531/758 
f 2922/9535/759 2921/9536/759 2920/9537/759 
f 2920/9537/759 2919/9538/759 2922/9535/759 
f 2923/9539/760 2924/9540/760 2925/9541/760 
f 2925/9541/760 2926/9542/760 2923/9539/760 
f 2927/9543/761 2928/9544/761 2929/9545/761 
f 2929/9545/761 2930/9546/761 2927/9543/761 
f 2924/9547/762 2923/9548/762 2931/9549/762 
f 2931/9549/762 2932/9550/762 2924/9547/762 
f 2933/9551/763 2934/9552/763 2929/9553/763 
f 2929/9553/763 2928/9554/763 2933/9551/763 
f 2933/9555/764 2932/9556/764 2931/9557/764 
f 2931/9557/764 2934/9558/764 2933/9555/764 
f 2923/9559/560 2926/9560/560 2912/9561/560 
f 2912/9561/560 2911/9562/560 2923/9559/560 
f 2931/9563/560 2920/9564/560 2921/9565/560 
f 2921/9565/560 2934/9566/560 2931/9563/560 
f 2917/9567/765 2916/9568/765 2927/9569/765 
f 2927/9569/765 2930/9570/765 2917/9567/765 
f 2934/9566/560 2921/9565/560 2918/9571/560 
f 2918/9571/560 2929/9572/560 2934/9566/560 
f 2928/9573/562 2915/9574/562 2922/9575/562 
f 2922/9575/562 2933/9576/562 2928/9573/562 
f 2914/9577/562 2913/9578/562 2925/9579/562 
f 2925/9579/562 2924/9580/562 2914/9577/562 
f 2915/9574/562 2928/9573/562 2927/9581/562 
f 2927/9581/562 2916/9582/562 2915/9574/562 
f 2932/9583/562 2933/9576/562 2922/9575/562 
f 2922/9575/562 2919/9584/562 2932/9583/562 
f 2912/9585/766 2926/9586/766 2925/9587/766 
f 2925/9587/766 2913/9588/766 2912/9585/766 
f 2931/9563/560 2923/9559/560 2911/9562/560 
f 2911/9562/560 2920/9564/560 2931/9563/560 
f 2917/9589/560 2930/9590/560 2929/9572/560 
f 2929/9572/560 2918/9571/560 2917/9589/560 
f 2932/9583/562 2919/9584/562 2914/9577/562 
f 2914/9577/562 2924/9580/562 2932/9583/562 
f 2935/9591/767 2936/9592/767 2937/9593/767 
f 2937/9593/767 2938/9594/767 2935/9591/767 
f 2939/9595/768 2940/9596/768 2941/9597/768 
f 2941/9597/768 2942/9598/768 2939/9595/768 
f 2943/9599/769 2938/9600/769 2937/9601/769 
f 2937/9601/769 2944/9602/769 2943/9599/769 
f 2945/9603/770 2939/9604/770 2942/9605/770 
f 2942/9605/770 2946/9606/770 2945/9603/770 
f 2944/9607/771 2945/9608/771 2946/9609/771 
f 2946/9609/771 2943/9610/771 2944/9607/771 
f 2947/9611/772 2948/9612/772 2949/9613/772 
f 2949/9613/772 2950/9614/772 2947/9611/772 
f 2951/9615/760 2952/9616/760 2953/9617/760 
f 2953/9617/760 2954/9618/760 2951/9615/760 
f 2947/9619/773 2950/9620/773 2955/9621/773 
f 2955/9621/773 2956/9622/773 2947/9619/773 
f 2957/9623/774 2958/9624/774 2954/9625/774 
f 2954/9625/774 2953/9626/774 2957/9623/774 
f 2956/9627/775 2955/9628/775 2958/9629/775 
f 2958/9629/775 2957/9630/775 2956/9627/775 
f 2938/9631/560 2950/9632/560 2949/9633/560 
f 2949/9633/560 2935/9634/560 2938/9631/560 
f 2946/9635/560 2958/9636/560 2955/9637/560 
f 2955/9637/560 2943/9638/560 2946/9635/560 
f 2951/9639/776 2941/9640/776 2940/9641/776 
f 2940/9641/776 2952/9642/776 2951/9639/776 
f 2954/9643/777 2958/9636/777 2946/9635/777 
f 2946/9635/777 2942/9644/777 2954/9643/777 
f 2945/9645/562 2957/9646/562 2953/9647/562 
f 2953/9647/562 2939/9648/562 2945/9645/562 
f 2937/9649/562 2936/9650/562 2948/9651/562 
f 2948/9651/562 2947/9652/562 2937/9649/562 
f 2940/9653/562 2939/9648/562 2953/9647/562 
f 2953/9647/562 2952/9654/562 2940/9653/562 
f 2944/9655/562 2956/9656/562 2957/9646/562 
f 2957/9646/562 2945/9645/562 2944/9655/562 
f 2948/9657/778 2936/9658/778 2935/9659/778 
f 2935/9659/778 2949/9660/778 2948/9657/778 
f 2950/9632/560 2938/9631/560 2943/9638/560 
f 2943/9638/560 2955/9637/560 2950/9632/560 
f 2941/9661/560 2951/9662/560 2954/9643/560 
f 2954/9643/560 2942/9644/560 2941/9661/560 
f 2944/9655/562 2937/9649/562 2947/9652/562 
f 2947/9652/562 2956/9656/562 2944/9655/562 
f 2959/9663/779 2960/9664/779 2961/9665/779 
f 2961/9665/779 2962/9666/779 2959/9663/779 
f 2963/9667/780 2964/9668/780 2965/9669/780 
f 2965/9669/780 2966/9670/780 2963/9667/780 
f 2961/9671/781 2960/9672/781 2967/9673/781 
f 2967/9673/781 2968/9674/781 2961/9671/781 
f 2969/9675/782 2970/9676/782 2963/9677/782 
f 2963/9677/782 2966/9678/782 2969/9675/782 
f 2968/9679/783 2967/9680/783 2970/9681/783 
f 2970/9681/783 2969/9682/783 2968/9679/783 
f 2971/9683/784 2972/9684/784 2973/9685/784 
f 2973/9685/784 2974/9686/784 2971/9683/784 
f 2975/9687/785 2976/9688/785 2977/9689/785 
f 2977/9689/785 2978/9690/785 2975/9687/785 
f 2979/9691/786 2973/9692/786 2972/9693/786 
f 2972/9693/786 2980/9694/786 2979/9691/786 
f 2976/9695/787 2981/9696/787 2982/9697/787 
f 2982/9697/787 2977/9698/787 2976/9695/787 
f 2981/9699/788 2979/9700/788 2980/9701/788 
f 2980/9701/788 2982/9702/788 2981/9699/788 
f 2971/9703/560 2962/9704/560 2961/9705/560 
f 2961/9705/560 2972/9706/560 2971/9703/560 
f 2969/9707/560 2982/9708/560 2980/9709/560 
f 2980/9709/560 2968/9710/560 2969/9707/560 
f 2975/9711/789 2978/9712/789 2965/9713/789 
f 2965/9713/789 2964/9714/789 2975/9711/789 
f 2966/9715/560 2977/9716/560 2982/9708/560 
f 2982/9708/560 2969/9707/560 2966/9715/560 
f 2963/9717/562 2970/9718/562 2981/9719/562 
f 2981/9719/562 2976/9720/562 2963/9717/562 
f 2974/9721/562 2973/9722/562 2960/9723/562 
f 2960/9723/562 2959/9724/562 2974/9721/562 
f 2976/9720/562 2975/9725/562 2964/9726/562 
f 2964/9726/562 2963/9717/562 2976/9720/562 
f 2970/9718/562 2967/9727/562 2979/9728/562 
f 2979/9728/562 2981/9719/562 2970/9718/562 
f 2971/9729/790 2974/9730/790 2959/9731/790 
f 2959/9731/790 2962/9732/790 2971/9729/790 
f 2961/9705/560 2968/9710/560 2980/9709/560 
f 2980/9709/560 2972/9706/560 2961/9705/560 
f 2978/9733/560 2977/9716/560 2966/9715/560 
f 2966/9715/560 2965/9734/560 2978/9733/560 
f 2960/9723/562 2973/9722/562 2979/9728/562 
f 2979/9728/562 2967/9727/562 2960/9723/562 
f 2983/9735/791 2984/9736/791 2985/9737/791 
f 2985/9737/791 2986/9738/791 2983/9735/791 
f 2987/9739/792 2988/9740/792 2989/9741/792 
f 2989/9741/792 2990/9742/792 2987/9739/792 
f 2991/9743/793 2985/9744/793 2984/9745/793 
f 2984/9745/793 2992/9746/793 2991/9743/793 
f 2993/9747/794 2994/9748/794 2987/9749/794 
f 2987/9749/794 2990/9750/794 2993/9747/794 
f 2992/9751/795 2994/9752/795 2993/9753/795 
f 2993/9753/795 2991/9754/795 2992/9751/795 
f 2995/9755/796 2996/9756/796 2997/9757/796 
f 2997/9757/796 2998/9758/796 2995/9755/796 
f 2999/9759/784 3000/9760/784 3001/9761/784 
f 3001/9761/784 3002/9762/784 2999/9759/784 
f 2996/9763/797 2995/9764/797 3003/9765/797 
f 3003/9765/797 3004/9766/797 2996/9763/797 
f 3005/9767/798 3006/9768/798 3002/9769/798 
f 3002/9769/798 3001/9770/798 3005/9767/798 
f 3004/9771/799 3003/9772/799 3006/9773/799 
f 3006/9773/799 3005/9774/799 3004/9771/799 
f 2986/9775/560 2985/9776/560 2995/9777/560 
f 2995/9777/560 2998/9778/560 2986/9775/560 
f 3006/9779/560 3003/9780/560 2991/9781/560 
f 2991/9781/560 2993/9782/560 3006/9779/560 
f 2999/9783/800 2989/9784/800 2988/9785/800 
f 2988/9785/800 3000/9786/800 2999/9783/800 
f 2993/9782/560 2990/9787/560 3002/9788/560 
f 3002/9788/560 3006/9779/560 2993/9782/560 
f 3001/9789/562 2987/9790/562 2994/9791/562 
f 2994/9791/562 3005/9792/562 3001/9789/562 
f 2983/9793/562 2997/9794/562 2996/9795/562 
f 2996/9795/562 2984/9796/562 2983/9793/562 
f 2988/9797/562 2987/9790/562 3001/9789/562 
f 3001/9789/562 3000/9798/562 2988/9797/562 
f 3005/9792/562 2994/9791/562 2992/9799/562 
f 2992/9799/562 3004/9800/562 3005/9792/562 
f 2986/9801/801 2998/9802/801 2997/9803/801 
f 2997/9803/801 2983/9804/801 2986/9801/801 
f 2991/9781/560 3003/9780/560 2995/9777/560 
f 2995/9777/560 2985/9776/560 2991/9781/560 
f 3002/9788/560 2990/9787/560 2989/9805/560 
f 2989/9805/560 2999/9806/560 3002/9788/560 
f 2996/9795/562 3004/9800/562 2992/9799/562 
f 2992/9799/562 2984/9796/562 2996/9795/562 
f 3007/9807/802 3008/9808/802 3009/9809/802 
f 3009/9809/802 3010/9810/802 3007/9807/802 
f 3011/9811/803 3012/9812/803 3013/9813/803 
f 3013/9813/803 3014/9814/803 3011/9811/803 
f 3008/9815/804 3015/9816/804 3016/9817/804 
f 3016/9817/804 3009/9818/804 3008/9815/804 
f 3017/9819/805 3011/9820/805 3014/9821/805 
f 3014/9821/805 3018/9822/805 3017/9819/805 
f 3015/9823/806 3017/9824/806 3018/9825/806 
f 3018/9825/806 3016/9826/806 3015/9823/806 
f 3019/9827/807 3020/9828/807 3021/9829/807 
f 3021/9829/807 3022/9830/807 3019/9827/807 
f 3023/9831/808 3024/9832/808 3025/9833/808 
f 3025/9833/808 3026/9834/808 3023/9831/808 
f 3019/9835/809 3022/9836/809 3027/9837/809 
f 3027/9837/809 3028/9838/809 3019/9835/809 
f 3029/9839/810 3030/9840/810 3026/9841/810 
f 3026/9841/810 3025/9842/810 3029/9839/810 
f 3028/9843/811 3027/9844/811 3030/9845/811 
f 3030/9845/811 3029/9846/811 3028/9843/811 
f 3010/9847/560 3009/9848/560 3022/9849/560 
f 3022/9849/560 3021/9850/560 3010/9847/560 
f 3030/9851/560 3027/9852/560 3016/9853/560 
f 3016/9853/560 3018/9854/560 3030/9851/560 
f 3013/9855/812 3012/9856/812 3024/9857/812 
f 3024/9857/812 3023/9858/812 3013/9855/812 
f 3018/9854/560 3014/9859/560 3026/9860/560 
f 3026/9860/560 3030/9851/560 3018/9854/560 
f 3025/9861/813 3011/9862/813 3017/9863/813 
f 3017/9863/813 3029/9864/813 3025/9861/813 
f 3007/9865/562 3020/9866/562 3019/9867/562 
f 3019/9867/562 3008/9868/562 3007/9865/562 
f 3012/9869/562 3011/9862/562 3025/9861/562 
f 3025/9861/562 3024/9870/562 3012/9869/562 
f 3029/9864/562 3017/9863/562 3015/9871/562 
f 3015/9871/562 3028/9872/562 3029/9864/562 
f 3007/9873/814 3010/9874/814 3021/9875/814 
f 3021/9875/814 3020/9876/814 3007/9873/814 
f 3022/9849/560 3009/9848/560 3016/9853/560 
f 3016/9853/560 3027/9852/560 3022/9849/560 
f 3014/9859/560 3013/9877/560 3023/9878/560 
f 3023/9878/560 3026/9860/560 3014/9859/560 
f 3015/9871/562 3008/9868/562 3019/9867/562 
f 3019/9867/562 3028/9872/562 3015/9871/562 
f 3031/9879/815 3032/9880/815 2517/9881/815 
f 2517/9881/815 2520/9882/815 3031/9879/815 
f 2526/9883/816 2525/9884/816 3032/9885/816 
f 3032/9885/816 3031/9886/816 2526/9883/816 
f 2519/8358/817 2526/8351/817 3031/9887/817 
f 3031/9887/817 2520/9888/817 2519/8358/817 
f 2518/8365/818 2517/9889/818 3032/9890/818 
f 3032/9890/818 2525/8347/818 2518/8365/818 
# 976 faces

#
# object ROOF_003
#

v  -3.2982 1.8268 3.4450
v  -2.5923 2.2893 3.4483
v  -2.5923 2.4379 -4.1603
v  -3.2982 1.9756 -4.1750
v  -1.1805 3.2143 3.4548
v  -0.5041 3.8334 3.4750
v  -0.5041 3.9819 -4.1267
v  -1.1805 3.3625 -4.1307
v  4.7248 2.8912 -4.1457
v  4.0052 3.3625 -4.1307
v  4.0052 3.2143 3.4548
v  4.7248 2.7428 3.4514
v  -0.1393 4.2275 3.4771
v  -0.1393 4.3757 -4.1134
v  3.3288 3.8334 3.4750
v  3.3288 3.9819 -4.1267
v  2.9640 4.3757 -4.1134
v  2.9640 4.2275 3.4771
v  2.2642 5.1589 -4.0989
v  2.2642 5.0111 3.4703
v  2.6168 4.6415 3.4709
v  2.6168 4.7895 -4.1083
v  0.2079 4.6415 3.4709
v  0.2079 4.7895 -4.1083
v  0.5604 5.0111 3.4703
v  0.5604 5.1589 -4.0989
v  1.3726 5.8871 3.5956
v  1.3726 6.0392 -4.1898
v  1.0795 5.7763 -4.1720
v  1.0795 5.6251 3.5675
v  1.7452 5.7763 -4.1720
v  1.7452 5.6251 3.5675
v  1.4520 6.0392 -4.1898
v  1.4520 5.8871 3.5956
v  -2.3728 2.4555 -4.1599
v  -2.3728 2.3068 3.4486
v  -3.0809 1.8428 3.4453
v  -3.0809 1.9916 -4.1747
v  -0.2731 3.8602 3.4755
v  -0.9565 3.2350 3.4552
v  -0.9565 3.3832 -4.1303
v  -0.2731 4.0086 -4.1262
v  3.7812 3.2350 3.4552
v  3.7812 3.3832 -4.1303
v  4.5030 2.9103 -4.1454
v  4.5030 2.7619 3.4518
v  0.0943 4.4053 -4.1129
v  0.0943 4.2570 3.4777
v  3.0977 4.0086 -4.1262
v  3.0977 3.8602 3.4755
v  2.7190 4.2570 3.4777
v  2.7190 4.4053 -4.1129
v  2.3396 4.8171 -4.1078
v  2.3396 4.6691 3.4715
v  2.0142 5.0400 3.4709
v  2.0142 5.1879 -4.0983
v  0.4554 4.6691 3.4715
v  0.4554 4.8171 -4.1078
v  0.7672 5.1879 -4.0983
v  0.7672 5.0400 3.4709
v  1.4123 5.8176 -4.0860
v  1.5619 5.8122 -4.0861
v  1.5619 5.6419 3.5714
v  1.4123 5.6697 3.4832
v  1.2377 5.8122 -4.0861
v  1.2377 5.6420 3.5654
v  5.9467 1.9647 -4.1756
v  5.2249 2.4375 -4.1605
v  5.4444 2.4200 -4.1608
v  6.1639 1.9487 -4.1759
v  6.1639 1.7999 3.4448
v  5.9467 1.8158 3.4451
v  -1.6647 2.9193 -4.1451
v  -1.8864 2.9002 -4.1455
v  5.4444 2.2713 3.4481
v  5.2249 2.2889 3.4485
v  -1.8864 2.7518 3.4515
v  -1.6647 2.7709 3.4519
# 78 vertices

vn -0.5480 0.8363 0.0163
vn -0.6753 0.7374 0.0144
vn 0.5480 0.8363 0.0164
vn -0.7338 0.6792 0.0133
vn 0.6753 0.7374 0.0144
vn 0.7338 0.6792 0.0133
vn 0.7235 0.6902 0.0135
vn 0.7661 0.6426 0.0125
vn -0.7661 0.6426 0.0125
vn -0.7235 0.6902 0.0135
vn -0.6671 0.7448 0.0145
vn 0.7646 0.6444 0.0126
vn -0.7646 0.6444 0.0126
vn 0.0000 -0.0677 -0.9977
vn 0.6671 0.7448 0.0145
vn 0.5481 -0.8363 -0.0163
vn 0.6751 -0.7376 -0.0144
vn -0.5481 -0.8363 -0.0164
vn 0.7338 -0.6792 -0.0133
vn -0.6751 -0.7376 -0.0144
vn -0.7234 -0.6903 -0.0135
vn -0.7517 -0.6594 -0.0129
vn -0.7355 -0.6774 -0.0133
vn 0.7519 -0.6592 -0.0129
vn 0.7655 -0.6433 -0.0126
vn -0.1045 -0.9943 -0.0207
vn -0.8052 -0.5929 -0.0124
vn 0.7938 -0.6081 -0.0127
vn 0.0897 -0.9958 -0.0208
vn 0.0000 -0.0196 0.9998
vn 0.0054 -0.9510 -0.3092
vn 0.0733 -0.9971 -0.0195
vn 0.0011 0.0336 -0.9994
vn -0.0732 -0.9971 -0.0195
vn -0.0011 -0.0054 1.0000
vn -0.0013 0.0339 -0.9994
vn 0.0013 -0.0051 1.0000
vn 0.0015 -0.0343 0.9994
vn 0.0015 0.0048 -1.0000
vn -0.0015 0.0048 -1.0000
vn -0.0015 -0.0343 0.9994
vn -0.0019 -0.0036 1.0000
vn -0.0019 0.0353 -0.9994
vn 0.0019 0.0353 -0.9994
vn 0.0019 -0.0037 1.0000
vn 0.0010 0.0115 -0.9999
vn -0.0009 0.0115 -0.9999
vn 0.0042 0.0187 0.9998
vn -0.0046 0.0189 0.9998
vn 0.0007 0.0264 -0.9997
vn 0.0025 0.0039 1.0000
vn -0.0030 0.0043 1.0000
vn -0.0009 0.0265 -0.9996
vn 0.0061 0.0582 -0.9983
vn 0.0000 -0.9227 0.3856
vn 0.2658 -0.2575 -0.9290
vn -0.2225 -0.2207 -0.9496
vn -0.0073 -0.1663 0.9861
vn 0.0264 -0.1766 0.9839
vn 0.0000 0.9998 0.0195
vn 0.0000 -0.1066 0.9943
vn 0.0011 -0.0055 1.0000
vn 0.0012 -0.0052 1.0000
vn 0.0013 0.0339 -0.9994
vn 0.0012 0.0337 -0.9994
vn -0.0011 0.0336 -0.9994
vn -0.0012 0.0337 -0.9994
vn -0.0013 -0.0051 1.0000
vn -0.0012 -0.0052 1.0000
# 69 vertex normals

vt 0.5460 0.5011 0.0000
vt 0.5460 0.5090 0.0000
vt 0.5017 0.5090 0.0000
vt 0.5017 0.5011 0.0000
vt 0.5459 0.5248 0.0000
vt 0.5460 0.5350 0.0000
vt 0.5017 0.5350 0.0000
vt 0.5018 0.5248 0.0000
vt 0.5931 0.5770 0.0000
vt 0.5931 0.5827 0.0000
vt 0.5489 0.5827 0.0000
vt 0.5488 0.5770 0.0000
vt 0.5460 0.5413 0.0000
vt 0.5018 0.5413 0.0000
vt 0.5488 0.5905 0.0000
vt 0.5931 0.5905 0.0000
vt 0.5931 0.5956 0.0000
vt 0.5489 0.5956 0.0000
vt 0.5931 0.6058 0.0000
vt 0.5490 0.6058 0.0000
vt 0.5489 0.6010 0.0000
vt 0.5931 0.6010 0.0000
vt 0.5459 0.5479 0.0000
vt 0.5017 0.5479 0.0000
vt 0.5458 0.5538 0.0000
vt 0.5017 0.5538 0.0000
vt 0.5465 0.5680 0.0000
vt 0.5011 0.5680 0.0000
vt 0.5013 0.5636 0.0000
vt 0.5463 0.5636 0.0000
vt 0.5936 0.6139 0.0000
vt 0.5485 0.6139 0.0000
vt 0.5967 0.5432 0.0000
vt 0.5981 0.5472 0.0000
vt 0.5948 0.5472 0.0000
vt 0.5963 0.5432 0.0000
vt 0.5484 0.6172 0.0000
vt 0.5937 0.6172 0.0000
vt 0.5929 0.5090 0.0000
vt 0.5486 0.5091 0.0000
vt 0.5486 0.5012 0.0000
vt 0.5929 0.5011 0.0000
vt 0.5486 0.5352 0.0000
vt 0.5487 0.5250 0.0000
vt 0.5929 0.5249 0.0000
vt 0.5929 0.5351 0.0000
vt 0.5015 0.6012 0.0000
vt 0.5456 0.6013 0.0000
vt 0.5457 0.6069 0.0000
vt 0.5014 0.6068 0.0000
vt 0.5929 0.5415 0.0000
vt 0.5487 0.5416 0.0000
vt 0.5457 0.5934 0.0000
vt 0.5014 0.5933 0.0000
vt 0.5015 0.5882 0.0000
vt 0.5457 0.5883 0.0000
vt 0.5457 0.5829 0.0000
vt 0.5016 0.5829 0.0000
vt 0.5016 0.5781 0.0000
vt 0.5457 0.5781 0.0000
vt 0.5488 0.5482 0.0000
vt 0.5929 0.5481 0.0000
vt 0.5929 0.5540 0.0000
vt 0.5488 0.5541 0.0000
vt 0.6652 0.9020 0.0000
vt 0.6660 0.9020 0.0000
vt 0.6660 0.9466 0.0000
vt 0.6652 0.9461 0.0000
vt 0.5011 0.5701 0.0000
vt 0.5457 0.5699 0.0000
vt 0.5929 0.5639 0.0000
vt 0.5484 0.5636 0.0000
vt 0.6644 0.9465 0.0000
vt 0.6644 0.9020 0.0000
vt 0.5949 0.5574 0.0000
vt 0.5948 0.5567 0.0000
vt 0.5949 0.5558 0.0000
vt 0.9978 0.5515 0.0000
vt 0.9988 0.5515 0.0000
vt 0.9988 0.5959 0.0000
vt 0.9978 0.5959 0.0000
vt 0.6109 0.6710 0.0000
vt 0.6101 0.6629 0.0000
vt 0.6110 0.6636 0.0000
vt 0.6119 0.6716 0.0000
vt 0.6277 0.9800 0.0000
vt 0.6277 0.9356 0.0000
vt 0.6288 0.9356 0.0000
vt 0.6288 0.9800 0.0000
vt 0.6271 0.8725 0.0000
vt 0.6280 0.8731 0.0000
vt 0.6288 0.8810 0.0000
vt 0.6279 0.8804 0.0000
vt 0.6093 0.7555 0.0000
vt 0.6102 0.7548 0.0000
vt 0.6094 0.7627 0.0000
vt 0.6085 0.7634 0.0000
vt 0.6102 0.6897 0.0000
vt 0.6094 0.6977 0.0000
vt 0.6085 0.6984 0.0000
vt 0.6093 0.6903 0.0000
vt 0.6256 0.8464 0.0000
vt 0.6266 0.8471 0.0000
vt 0.6264 0.8573 0.0000
vt 0.6255 0.8566 0.0000
vt 0.6096 0.7728 0.0000
vt 0.6087 0.7736 0.0000
vt 0.6096 0.6373 0.0000
vt 0.6094 0.6475 0.0000
vt 0.6085 0.6468 0.0000
vt 0.6087 0.6365 0.0000
vt 0.6096 0.7078 0.0000
vt 0.6087 0.7086 0.0000
vt 0.6260 0.8400 0.0000
vt 0.6270 0.8408 0.0000
vt 0.6091 0.7800 0.0000
vt 0.6100 0.7792 0.0000
vt 0.6090 0.6301 0.0000
vt 0.6100 0.6310 0.0000
vt 0.6090 0.7150 0.0000
vt 0.6100 0.7142 0.0000
vt 0.6096 0.7866 0.0000
vt 0.6106 0.7858 0.0000
vt 0.6106 0.6244 0.0000
vt 0.6095 0.6235 0.0000
vt 0.6106 0.7208 0.0000
vt 0.6095 0.7216 0.0000
vt 0.6266 0.8334 0.0000
vt 0.6276 0.8342 0.0000
vt 0.6100 0.6176 0.0000
vt 0.6110 0.6185 0.0000
vt 0.6110 0.7267 0.0000
vt 0.6100 0.7276 0.0000
vt 0.6271 0.8275 0.0000
vt 0.6279 0.8283 0.0000
vt 0.6109 0.7917 0.0000
vt 0.6101 0.7925 0.0000
vt 0.5948 0.5612 0.0000
vt 0.5951 0.5603 0.0000
vt 0.5951 0.5636 0.0000
vt 0.5948 0.5628 0.0000
vt 0.5955 0.5551 0.0000
vt 0.5955 0.5584 0.0000
vt 0.6118 0.8015 0.0000
vt 0.6113 0.8023 0.0000
vt 0.6112 0.6078 0.0000
vt 0.6119 0.6086 0.0000
vt 0.6119 0.7365 0.0000
vt 0.6111 0.7371 0.0000
vt 0.6282 0.8179 0.0000
vt 0.6288 0.8185 0.0000
vt 0.6421 0.8633 0.0000
vt 0.6418 0.8633 0.0000
vt 0.6418 0.8179 0.0000
vt 0.6421 0.8179 0.0000
vt 0.5967 0.5491 0.0000
vt 0.5981 0.5532 0.0000
vt 0.5948 0.5532 0.0000
vt 0.5963 0.5491 0.0000
vt 0.6110 0.6816 0.0000
vt 0.6101 0.6822 0.0000
vt 0.6109 0.6741 0.0000
vt 0.6119 0.6735 0.0000
vt 0.6102 0.6555 0.0000
vt 0.6093 0.6549 0.0000
vt 0.5457 0.6182 0.0000
vt 0.5013 0.6181 0.0000
vt 0.5014 0.6125 0.0000
vt 0.5457 0.6125 0.0000
vt 0.5488 0.5658 0.0000
vt 0.5932 0.5658 0.0000
vt 0.5931 0.5714 0.0000
vt 0.5488 0.5714 0.0000
vt 0.6101 0.7475 0.0000
vt 0.6109 0.7396 0.0000
vt 0.6118 0.7390 0.0000
vt 0.6110 0.7469 0.0000
vt 0.6272 0.8652 0.0000
vt 0.6263 0.8645 0.0000
vt 0.5486 0.5170 0.0000
vt 0.5929 0.5170 0.0000
vt 0.5460 0.5169 0.0000
vt 0.5017 0.5169 0.0000
# 183 texture coords

o ROOF_003
g ROOF_003
usemtl BARN_SCENE_BARN_TEXTURES
s off
f 3033/9891/819 3034/9892/819 3035/9893/819 
f 3035/9893/819 3036/9894/819 3033/9891/819 
f 3037/9895/820 3038/9896/820 3039/9897/820 
f 3039/9897/820 3040/9898/820 3037/9895/820 
f 3041/9899/821 3042/9900/821 3043/9901/821 
f 3043/9901/821 3044/9902/821 3041/9899/821 
f 3038/9896/822 3045/9903/822 3046/9904/822 
f 3046/9904/822 3039/9897/822 3038/9896/822 
f 3047/9905/823 3043/9901/823 3042/9900/823 
f 3042/9900/823 3048/9906/823 3047/9905/823 
f 3048/9906/824 3049/9907/824 3050/9908/824 
f 3050/9908/824 3047/9905/824 3048/9906/824 
f 3051/9909/825 3052/9910/825 3053/9911/825 
f 3053/9911/825 3054/9912/825 3051/9909/825 
f 3049/9907/826 3054/9912/826 3053/9911/826 
f 3053/9911/826 3050/9908/826 3049/9907/826 
f 3045/9903/827 3055/9913/827 3056/9914/827 
f 3056/9914/827 3046/9904/827 3045/9903/827 
f 3057/9915/828 3058/9916/828 3056/9914/828 
f 3056/9914/828 3055/9913/828 3057/9915/828 
f 3059/9917/829 3060/9918/829 3061/9919/829 
f 3061/9919/829 3062/9920/829 3059/9917/829 
f 3051/9909/830 3063/9921/830 3064/9922/830 
f 3064/9922/830 3052/9910/830 3051/9909/830 
f 3057/9915/831 3062/9920/831 3061/9919/831 
f 3061/9919/831 3058/9916/831 3057/9915/831 
f 3065/9923/832 3063/9924/832 3061/9925/832 
f 3061/9925/832 3060/9926/832 3065/9923/832 
f 3066/9927/833 3064/9922/833 3063/9921/833 
f 3063/9921/833 3065/9928/833 3066/9927/833 
f 3067/9929/834 3068/9930/834 3069/9931/834 
f 3069/9931/834 3070/9932/834 3067/9929/834 
f 3071/9933/835 3072/9934/835 3073/9935/835 
f 3073/9935/835 3074/9936/835 3071/9933/835 
f 3075/9937/836 3076/9938/836 3077/9939/836 
f 3077/9939/836 3078/9940/836 3075/9937/836 
f 3079/9941/837 3080/9942/837 3071/9933/837 
f 3071/9933/837 3074/9936/837 3079/9941/837 
f 3081/9943/838 3076/9938/838 3075/9937/838 
f 3075/9937/838 3082/9944/838 3081/9943/838 
f 3082/9944/839 3083/9945/839 3084/9946/839 
f 3084/9946/839 3081/9943/839 3082/9944/839 
f 3085/9947/840 3086/9948/840 3087/9949/840 
f 3087/9949/840 3088/9950/840 3085/9947/840 
f 3085/9947/841 3084/9946/841 3083/9945/841 
f 3083/9945/841 3086/9948/841 3085/9947/841 
f 3089/9951/842 3080/9942/842 3079/9941/842 
f 3079/9941/842 3090/9952/842 3089/9951/842 
f 3090/9952/843 3091/9953/843 3092/9954/843 
f 3092/9954/843 3089/9951/843 3090/9952/843 
f 3093/9955/844 3094/9956/844 3095/9957/844 
f 3095/9957/844 3096/9958/844 3093/9955/844 
f 3095/9959/845 3094/9960/845 3088/9950/845 
f 3088/9950/845 3087/9949/845 3095/9959/845 
f 3097/9961/846 3098/9962/846 3092/9954/846 
f 3092/9954/846 3091/9953/846 3097/9961/846 
f 3098/9963/847 3097/9964/847 3093/9955/847 
f 3093/9955/847 3096/9958/847 3098/9963/847 
f 3094/9965/848 3093/9966/848 3097/9967/848 
f 3098/9963/849 3096/9958/849 3095/9957/849 
f 3069/9968/850 3033/9969/850 3036/9970/850 
f 3036/9970/850 3070/9971/850 3069/9968/850 
f 3099/9972/851 3100/9973/851 3101/9974/851 
f 3101/9974/851 3102/9975/851 3099/9972/851 
f 3102/9976/852 3103/9977/852 3104/9978/852 
f 3104/9978/852 3099/9979/852 3102/9976/852 
f 3068/9980/853 3034/9981/853 3033/9982/853 
f 3033/9982/853 3069/9983/853 3068/9980/853 
f 3105/9984/854 3106/9985/854 3040/9986/854 
f 3040/9986/854 3073/9987/854 3105/9984/854 
f 3044/9988/855 3043/9989/855 3075/9990/855 
f 3075/9990/855 3078/9991/855 3044/9988/855 
f 3071/9992/856 3038/9993/856 3037/9994/856 
f 3037/9994/856 3072/9995/856 3071/9992/856 
f 3073/9987/857 3040/9986/857 3039/9996/857 
f 3039/9996/857 3074/9997/857 3073/9987/857 
f 3048/9998/858 3042/9999/858 3076/10000/858 
f 3076/10000/858 3081/10001/858 3048/9998/858 
f 3075/9990/859 3043/9989/859 3047/10002/859 
f 3047/10002/859 3082/10003/859 3075/9990/859 
f 3071/9992/860 3080/10004/860 3045/10005/860 
f 3045/10005/860 3038/9993/860 3071/9992/860 
f 3079/10006/861 3074/9997/861 3039/9996/861 
f 3039/9996/861 3046/10007/861 3079/10006/861 
f 3081/10001/862 3084/10008/862 3049/10009/862 
f 3049/10009/862 3048/9998/862 3081/10001/862 
f 3083/10010/863 3082/10003/863 3047/10002/863 
f 3047/10002/863 3050/10011/863 3083/10010/863 
f 3090/10012/864 3079/10006/864 3046/10007/864 
f 3046/10007/864 3056/10013/864 3090/10012/864 
f 3054/10014/865 3049/10009/865 3084/10008/865 
f 3084/10008/865 3085/10015/865 3054/10014/865 
f 3053/10016/866 3086/10017/866 3083/10010/866 
f 3083/10010/866 3050/10011/866 3053/10016/866 
f 3089/10018/867 3055/10019/867 3045/10005/867 
f 3045/10005/867 3080/10004/867 3089/10018/867 
f 3054/10014/868 3085/10015/868 3088/10020/868 
f 3088/10020/868 3051/10021/868 3054/10014/868 
f 3053/10016/869 3052/10022/869 3087/10023/869 
f 3087/10023/869 3086/10017/869 3053/10016/869 
f 3089/10018/870 3092/10024/870 3057/10025/870 
f 3057/10025/870 3055/10019/870 3089/10018/870 
f 3056/10013/871 3058/10026/871 3091/10027/871 
f 3091/10027/871 3090/10012/871 3056/10013/871 
f 3095/10028/872 3064/10029/872 3062/10030/872 
f 3062/10030/872 3098/10031/872 3095/10028/872 
f 3097/9967/873 3061/10032/873 3063/10033/873 
f 3063/10033/873 3094/9965/873 3097/9967/873 
f 3091/10027/874 3058/10026/874 3061/10034/874 
f 3061/10034/874 3097/10035/874 3091/10027/874 
f 3088/10020/875 3094/10036/875 3063/10037/875 
f 3063/10037/875 3051/10021/875 3088/10020/875 
f 3052/10022/876 3064/10038/876 3095/10039/876 
f 3095/10039/876 3087/10023/876 3052/10022/876 
f 3057/10025/877 3092/10024/877 3098/10040/877 
f 3098/10040/877 3062/10041/877 3057/10025/877 
f 3059/10042/878 3066/10043/878 3065/10044/878 
f 3065/10044/878 3060/10045/878 3059/10042/878 
f 3059/10046/879 3062/10047/879 3064/10048/879 
f 3064/10048/879 3066/10049/879 3059/10046/879 
f 3107/10050/880 3108/10051/880 3104/10052/880 
f 3104/10052/880 3103/10053/880 3107/10050/880 
f 3078/9991/881 3108/10051/881 3107/10050/881 
f 3107/10050/881 3044/9988/881 3078/9991/881 
f 3076/10000/882 3042/9999/882 3041/10054/882 
f 3041/10054/882 3077/10055/882 3076/10000/882 
f 3041/10054/883 3101/9974/883 3100/9973/883 
f 3100/9973/883 3077/10055/883 3041/10054/883 
f 3099/10056/836 3104/10057/836 3108/10058/836 
f 3108/10058/836 3100/10059/836 3099/10056/836 
f 3100/10059/836 3108/10058/836 3078/9940/836 
f 3078/9940/836 3077/9939/836 3100/10059/836 
f 3103/10060/821 3102/10061/821 3101/10062/821 
f 3101/10062/821 3107/10063/821 3103/10060/821 
f 3041/9899/821 3044/9902/821 3107/10063/821 
f 3107/10063/821 3101/10062/821 3041/9899/821 
f 3067/10064/884 3070/10065/884 3036/10066/884 
f 3036/10066/884 3035/10067/884 3067/10064/884 
f 3105/9984/885 3067/10064/885 3035/10067/885 
f 3035/10067/885 3106/9985/885 3105/9984/885 
f 3109/10068/886 3110/10069/886 3072/9995/886 
f 3072/9995/886 3037/9994/886 3109/10068/886 
f 3068/9980/887 3110/10069/887 3109/10068/887 
f 3109/10068/887 3034/9981/887 3068/9980/887 
f 3072/9934/834 3110/10070/834 3105/10071/834 
f 3105/10071/834 3073/9935/834 3072/9934/834 
f 3105/10071/834 3110/10070/834 3068/9930/834 
f 3068/9930/834 3067/9929/834 3105/10071/834 
f 3109/10072/819 3037/9895/819 3040/9898/819 
f 3040/9898/819 3106/10073/819 3109/10072/819 
f 3106/10073/819 3035/9893/819 3034/9892/819 
f 3034/9892/819 3109/10072/819 3106/10073/819 
# 152 faces

#
# object DOOR_003
#

v  0.5076 -0.1119 3.0613
v  0.6150 -0.1118 3.0611
v  0.6150 2.1362 3.1050
v  0.5076 2.1347 3.1052
v  0.6271 2.1227 2.9848
v  0.6274 2.1206 3.0922
v  0.6274 -0.1116 3.0486
v  0.6271 -0.1095 2.9412
v  0.4948 2.1529 2.9858
v  0.4951 2.1508 3.0932
v  0.5072 2.1373 2.9730
v  0.6146 2.1388 2.9728
v  0.4948 -0.1095 2.9416
v  0.4951 -0.1116 3.0490
v  0.6146 -0.1093 2.9289
v  0.5072 -0.1093 2.9291
v  1.3042 2.1502 3.1009
v  0.5275 -0.0523 3.0598
v  0.6190 -0.0896 3.0588
v  1.3912 2.0543 3.0988
v  1.3945 2.0669 3.0170
v  1.3947 2.0655 3.0922
v  0.6212 -0.1091 3.0516
v  0.6210 -0.1077 2.9765
v  1.3910 2.0560 3.0100
v  1.3040 2.1519 3.0121
v  1.2907 2.1392 3.0187
v  1.2909 2.1378 3.0939
v  0.5256 -0.0296 2.9782
v  0.5258 -0.0310 3.0534
v  0.6188 -0.0879 2.9701
v  0.5273 -0.0506 2.9710
v  0.5603 2.0673 3.0018
v  0.6612 2.0939 3.0020
v  1.3855 -0.1141 2.9571
v  1.3317 -0.0911 2.9577
v  0.5469 2.0781 3.0093
v  1.3291 -0.1111 2.9646
v  1.3293 -0.1127 3.0453
v  0.5471 2.0765 3.0900
v  0.5605 2.0654 3.0970
v  0.6615 2.0921 3.0973
v  0.6754 2.0797 3.0897
v  0.6751 2.0813 3.0090
v  1.3878 -0.0944 3.0455
v  1.3876 -0.0928 2.9648
v  1.3320 -0.0929 3.0529
v  1.3857 -0.1160 3.0523
v  1.3869 2.1362 3.1031
v  1.2795 2.1348 3.1033
v  1.2795 -0.1118 3.0594
v  1.3869 -0.1118 3.0592
v  1.3990 2.1227 2.9829
v  1.3993 2.1206 3.0903
v  1.3993 -0.1116 3.0467
v  1.3990 -0.1095 2.9393
v  1.3866 2.1388 2.9708
v  1.2791 2.1374 2.9711
v  1.2668 2.1530 2.9838
v  1.2670 2.1509 3.0912
v  1.2668 -0.1095 2.9396
v  1.2670 -0.1116 3.0470
v  1.3866 -0.1092 2.9269
v  1.2791 -0.1092 2.9272
v  0.4581 2.1638 2.9850
v  1.4015 2.1638 2.9826
v  1.3943 2.1516 2.9700
v  0.4580 2.1516 2.9723
v  0.4581 2.0315 2.9824
v  0.4580 2.0442 2.9702
v  1.3950 2.0442 2.9679
v  1.3879 2.0316 2.9801
v  1.3953 2.0417 3.1001
v  0.4584 2.0416 3.1025
v  0.4583 2.0294 3.0898
v  1.3882 2.0295 3.0875
v  0.4584 2.1490 3.1046
v  0.4583 2.1617 3.0924
v  1.4017 2.1617 3.0900
v  1.3947 2.1491 3.1022
v  1.3923 -0.0087 2.9278
v  0.4526 -0.0088 2.9302
v  0.4526 0.0034 2.9428
v  1.3994 0.0034 2.9405
v  0.4526 -0.1288 2.9402
v  0.4526 -0.1162 2.9281
v  1.3929 -0.1161 2.9257
v  1.3859 -0.1288 2.9379
v  0.4529 -0.1188 3.0603
v  0.4529 -0.1309 3.0476
v  1.3861 -0.1309 3.0453
v  1.3932 -0.1187 3.0579
v  0.4529 -0.0114 3.0624
v  0.4529 0.0013 3.0502
v  1.3926 -0.0113 3.0600
v  1.3997 0.0013 3.0479
v  0.4854 2.1153 3.0339
v  0.4854 -0.0885 2.9909
v  0.4855 -0.0892 3.0284
v  0.4855 2.1146 3.0714
v  1.3291 -0.0892 3.0247
v  1.3290 -0.0884 2.9865
v  1.3291 2.1146 3.0678
v  1.3290 2.1154 3.0295
# 104 vertices

vn 0.0025 -0.0195 0.9998
vn 1.0000 0.0000 -0.0025
vn 0.2055 0.9785 0.0186
vn -1.0000 -0.0000 0.0025
vn -0.0025 0.0195 -0.9998
vn -0.7053 -0.0139 0.7088
vn -0.7089 0.0138 -0.7052
vn 0.7053 0.0138 -0.7088
vn 0.7089 -0.0138 0.7052
vn 0.0000 -0.9998 -0.0195
vn 0.9422 -0.3350 -0.0090
vn 0.5856 0.8105 0.0143
vn -0.9431 0.3325 0.0089
vn -0.5867 0.1923 0.7867
vn -0.5906 0.2228 -0.7756
vn 0.8024 -0.2773 -0.5284
vn 0.8057 -0.2980 0.5119
vn -0.6194 -0.7850 -0.0138
vn -0.9417 -0.3364 -0.0043
vn -0.0391 0.9990 0.0196
vn 0.9503 0.3114 0.0037
vn 0.5956 0.2111 -0.7751
vn 0.5995 0.1807 0.7797
vn -0.5885 -0.2261 0.7762
vn -0.5924 -0.1957 -0.7815
vn 0.2524 -0.9674 -0.0195
vn -0.0018 0.7208 -0.6931
vn -0.0018 -0.6932 -0.7208
vn 0.0018 -0.7208 0.6932
vn 0.0018 0.6931 0.7208
vn 0.0000 0.9998 0.0195
vn 0.8679 -0.4966 -0.0119
vn 1.0000 0.0061 -0.0024
vn 0.8684 -0.4958 -0.0119
vn -0.0052 0.0196 -0.9998
vn 0.0043 -0.0195 0.9998
# 36 vertex normals

vt 0.7084 0.4026 0.0000
vt 0.6924 0.4026 0.0000
vt 0.6924 0.3828 0.0000
vt 0.7084 0.3829 0.0000
vt 0.9018 0.3775 0.0000
vt 0.8858 0.3775 0.0000
vt 0.8858 0.3579 0.0000
vt 0.9018 0.3579 0.0000
vt 0.5189 0.3414 0.0000
vt 0.5029 0.3414 0.0000
vt 0.5011 0.3396 0.0000
vt 0.5208 0.3396 0.0000
vt 0.5011 0.3236 0.0000
vt 0.5029 0.3217 0.0000
vt 0.5208 0.3236 0.0000
vt 0.5189 0.3217 0.0000
vt 0.8849 0.4027 0.0000
vt 0.8849 0.3828 0.0000
vt 0.9009 0.3828 0.0000
vt 0.9009 0.4027 0.0000
vt 0.5029 0.2779 0.0000
vt 0.5189 0.2779 0.0000
vt 0.5189 0.2977 0.0000
vt 0.5029 0.2977 0.0000
vt 0.9027 0.3828 0.0000
vt 0.9027 0.4025 0.0000
vt 0.5208 0.2779 0.0000
vt 0.5208 0.2978 0.0000
vt 0.5011 0.2976 0.0000
vt 0.5011 0.2779 0.0000
vt 0.6905 0.4026 0.0000
vt 0.6905 0.3830 0.0000
vt 0.8169 0.3820 0.0000
vt 0.8187 0.3801 0.0000
vt 0.8347 0.3801 0.0000
vt 0.8366 0.3820 0.0000
vt 0.8366 0.3980 0.0000
vt 0.8347 0.3998 0.0000
vt 0.8187 0.3998 0.0000
vt 0.8169 0.3980 0.0000
vt 0.6247 0.2607 0.0000
vt 0.6251 0.1434 0.0000
vt 0.6276 0.1568 0.0000
vt 0.6276 0.2733 0.0000
vt 0.6650 0.2721 0.0000
vt 0.6539 0.2721 0.0000
vt 0.6538 0.1566 0.0000
vt 0.6650 0.1566 0.0000
vt 0.6322 0.2722 0.0000
vt 0.6312 0.2717 0.0000
vt 0.6312 0.2587 0.0000
vt 0.6322 0.2567 0.0000
vt 0.6434 0.2567 0.0000
vt 0.6444 0.2587 0.0000
vt 0.6444 0.2717 0.0000
vt 0.6434 0.2722 0.0000
vt 0.6322 0.1429 0.0000
vt 0.6434 0.1429 0.0000
vt 0.6493 0.2594 0.0000
vt 0.6468 0.2728 0.0000
vt 0.6464 0.1556 0.0000
vt 0.6493 0.1429 0.0000
vt 0.6444 0.1432 0.0000
vt 0.6312 0.1432 0.0000
vt 0.6660 0.1563 0.0000
vt 0.6660 0.2716 0.0000
vt 0.6528 0.1563 0.0000
vt 0.6528 0.2716 0.0000
vt 0.6528 0.1427 0.0000
vt 0.6660 0.1427 0.0000
vt 0.6650 0.1424 0.0000
vt 0.6538 0.1424 0.0000
vt 0.7600 0.2546 0.0000
vt 0.7573 0.2398 0.0000
vt 0.7588 0.1303 0.0000
vt 0.7600 0.1382 0.0000
vt 0.7514 0.1309 0.0000
vt 0.7514 0.2469 0.0000
vt 0.7393 0.2469 0.0000
vt 0.7393 0.1309 0.0000
vt 0.7038 0.1305 0.0000
vt 0.7049 0.1325 0.0000
vt 0.7049 0.1475 0.0000
vt 0.7038 0.1496 0.0000
vt 0.6918 0.1496 0.0000
vt 0.6907 0.1475 0.0000
vt 0.6907 0.1325 0.0000
vt 0.6918 0.1305 0.0000
vt 0.7038 0.2558 0.0000
vt 0.6918 0.2558 0.0000
vt 0.7069 0.1453 0.0000
vt 0.7095 0.1305 0.0000
vt 0.7095 0.2469 0.0000
vt 0.7084 0.2548 0.0000
vt 0.6907 0.2554 0.0000
vt 0.7049 0.2554 0.0000
vt 0.7383 0.2473 0.0000
vt 0.7383 0.1329 0.0000
vt 0.7524 0.1329 0.0000
vt 0.7524 0.2473 0.0000
vt 0.7393 0.2557 0.0000
vt 0.7383 0.2553 0.0000
vt 0.7524 0.2553 0.0000
vt 0.7514 0.2557 0.0000
vt 0.7401 0.3828 0.0000
vt 0.7561 0.3828 0.0000
vt 0.7561 0.4025 0.0000
vt 0.7401 0.4025 0.0000
vt 0.9018 0.1378 0.0000
vt 0.8859 0.1378 0.0000
vt 0.8859 0.1182 0.0000
vt 0.9018 0.1182 0.0000
vt 0.7715 0.3970 0.0000
vt 0.7696 0.3951 0.0000
vt 0.7696 0.3792 0.0000
vt 0.7715 0.3773 0.0000
vt 0.7875 0.3773 0.0000
vt 0.7893 0.3792 0.0000
vt 0.7893 0.3951 0.0000
vt 0.7875 0.3970 0.0000
vt 0.5615 0.3844 0.0000
vt 0.5455 0.3844 0.0000
vt 0.5455 0.3645 0.0000
vt 0.5615 0.3645 0.0000
vt 0.6406 0.3889 0.0000
vt 0.6246 0.3889 0.0000
vt 0.6246 0.3691 0.0000
vt 0.6406 0.3691 0.0000
vt 0.5633 0.3843 0.0000
vt 0.5633 0.3645 0.0000
vt 0.6424 0.3691 0.0000
vt 0.6424 0.3890 0.0000
vt 0.6228 0.3691 0.0000
vt 0.6228 0.3887 0.0000
vt 0.7383 0.4025 0.0000
vt 0.7383 0.3829 0.0000
vt 0.7933 0.3820 0.0000
vt 0.7951 0.3801 0.0000
vt 0.8111 0.3801 0.0000
vt 0.8129 0.3820 0.0000
vt 0.8129 0.3980 0.0000
vt 0.8111 0.3998 0.0000
vt 0.7951 0.3998 0.0000
vt 0.7933 0.3980 0.0000
vt 0.6273 0.1414 0.0000
vt 0.6273 0.0010 0.0000
vt 0.6292 0.0021 0.0000
vt 0.6292 0.1414 0.0000
vt 0.6707 0.0010 0.0000
vt 0.6725 0.0010 0.0000
vt 0.6725 0.1404 0.0000
vt 0.6707 0.1394 0.0000
vt 0.6528 0.1404 0.0000
vt 0.6528 0.0010 0.0000
vt 0.6547 0.0010 0.0000
vt 0.6547 0.1394 0.0000
vt 0.6757 0.3737 0.0000
vt 0.6755 0.3718 0.0000
vt 0.6755 0.3559 0.0000
vt 0.6766 0.3737 0.0000
vt 0.6767 0.3718 0.0000
vt 0.6757 0.3540 0.0000
vt 0.6766 0.3540 0.0000
vt 0.6767 0.3559 0.0000
vt 0.6113 0.0010 0.0000
vt 0.6113 0.1414 0.0000
vt 0.6095 0.1414 0.0000
vt 0.6095 0.0021 0.0000
vt 0.9001 0.3344 0.0000
vt 0.8992 0.3345 0.0000
vt 0.8992 0.1950 0.0000
vt 0.9001 0.1950 0.0000
vt 0.8962 0.3345 0.0000
vt 0.8962 0.1950 0.0000
vt 0.8972 0.1951 0.0000
vt 0.8972 0.3345 0.0000
vt 0.9019 0.0903 0.0000
vt 0.9019 0.0743 0.0000
vt 0.9030 0.0724 0.0000
vt 0.9030 0.0921 0.0000
vt 0.6454 0.3888 0.0000
vt 0.6444 0.3888 0.0000
vt 0.6444 0.3691 0.0000
vt 0.6454 0.3691 0.0000
vt 0.6075 0.0021 0.0000
vt 0.6075 0.1419 0.0000
vt 0.6056 0.1419 0.0000
vt 0.6056 0.0010 0.0000
vt 0.6490 0.0010 0.0000
vt 0.6508 0.0010 0.0000
vt 0.6508 0.1409 0.0000
vt 0.6490 0.1399 0.0000
vt 0.6312 0.0010 0.0000
vt 0.6330 0.0010 0.0000
vt 0.6330 0.1399 0.0000
vt 0.6312 0.1409 0.0000
vt 0.7115 0.4007 0.0000
vt 0.7114 0.4025 0.0000
vt 0.7105 0.4025 0.0000
vt 0.7103 0.4007 0.0000
vt 0.7103 0.3847 0.0000
vt 0.7105 0.3828 0.0000
vt 0.7114 0.3828 0.0000
vt 0.7115 0.3847 0.0000
vt 0.5878 0.1419 0.0000
vt 0.5878 0.0021 0.0000
vt 0.5897 0.0010 0.0000
vt 0.5897 0.1419 0.0000
vt 0.9021 0.3350 0.0000
vt 0.9021 0.1950 0.0000
vt 0.9031 0.1950 0.0000
vt 0.9031 0.3349 0.0000
vt 0.9050 0.3350 0.0000
vt 0.9050 0.1950 0.0000
vt 0.9060 0.1951 0.0000
vt 0.9060 0.3350 0.0000
vt 0.6194 0.3939 0.0000
vt 0.6194 0.4136 0.0000
vt 0.6185 0.4136 0.0000
vt 0.6185 0.3939 0.0000
vt 0.9030 0.0941 0.0000
vt 0.9030 0.1138 0.0000
vt 0.9019 0.1120 0.0000
vt 0.9019 0.0960 0.0000
vt 0.8862 0.2760 0.0000
vt 0.8862 0.2566 0.0000
vt 0.8918 0.2566 0.0000
vt 0.8918 0.2760 0.0000
vt 0.5641 0.1479 0.0000
vt 0.5641 0.2734 0.0000
vt 0.5586 0.2734 0.0000
vt 0.5584 0.1479 0.0000
vt 0.6075 0.1439 0.0000
vt 0.6075 0.2695 0.0000
vt 0.6018 0.2695 0.0000
vt 0.6019 0.1439 0.0000
vt 0.7169 0.0010 0.0000
vt 0.7363 0.0010 0.0000
vt 0.7363 0.1266 0.0000
vt 0.7169 0.1266 0.0000
vt 0.7169 0.1286 0.0000
vt 0.7363 0.1286 0.0000
vt 0.7363 0.2542 0.0000
vt 0.7169 0.2542 0.0000
# 244 texture coords

o DOOR_003
g DOOR_003
usemtl BARN_SCENE_BARN_TEXTURES
s off
f 3111/10074/888 3112/10075/888 3113/10076/888 
f 3113/10076/888 3114/10077/888 3111/10074/888 
f 3115/10078/889 3116/10079/889 3117/10080/889 
f 3117/10080/889 3118/10081/889 3115/10078/889 
f 3119/10082/890 3120/10083/890 3114/10084/890 
f 3121/10085/890 3119/10082/890 3114/10084/890 
f 3121/10085/890 3114/10084/890 3113/10086/890 
f 3121/10085/890 3113/10086/890 3116/10087/890 
f 3122/10088/890 3121/10085/890 3116/10087/890 
f 3115/10089/890 3122/10088/890 3116/10087/890 
f 3119/10090/891 3123/10091/891 3124/10092/891 
f 3124/10092/891 3120/10093/891 3119/10090/891 
f 3125/10094/892 3126/10095/892 3121/10096/892 
f 3121/10096/892 3122/10097/892 3125/10094/892 
f 3120/10093/893 3124/10092/893 3111/10098/893 
f 3111/10098/893 3114/10099/893 3120/10093/893 
f 3126/10095/894 3123/10100/894 3119/10101/894 
f 3119/10101/894 3121/10096/894 3126/10095/894 
f 3115/10102/895 3118/10103/895 3125/10094/895 
f 3125/10094/895 3122/10097/895 3115/10102/895 
f 3113/10076/896 3112/10075/896 3117/10104/896 
f 3117/10104/896 3116/10105/896 3113/10076/896 
f 3123/10106/897 3126/10107/897 3125/10108/897 
f 3123/10106/897 3125/10108/897 3118/10109/897 
f 3118/10109/897 3117/10110/897 3112/10111/897 
f 3123/10106/897 3118/10109/897 3112/10111/897 
f 3112/10111/897 3111/10112/897 3124/10113/897 
f 3123/10106/897 3112/10111/897 3124/10113/897 
f 3127/10114/888 3128/10115/888 3129/10116/888 
f 3129/10116/888 3130/10117/888 3127/10114/888 
f 3131/10118/898 3132/10119/898 3133/10120/898 
f 3133/10120/898 3134/10121/898 3131/10118/898 
f 3131/10122/899 3135/10123/899 3136/10124/899 
f 3136/10124/899 3137/10125/899 3138/10126/899 
f 3131/10122/899 3136/10124/899 3138/10126/899 
f 3131/10122/899 3138/10126/899 3127/10127/899 
f 3131/10122/899 3127/10127/899 3130/10128/899 
f 3131/10122/899 3130/10128/899 3132/10129/899 
f 3139/10130/900 3140/10131/900 3138/10126/900 
f 3138/10126/900 3137/10125/900 3139/10130/900 
f 3141/10132/892 3142/10133/892 3136/10134/892 
f 3136/10134/892 3135/10135/892 3141/10132/892 
f 3127/10127/901 3138/10126/901 3140/10131/901 
f 3140/10131/901 3128/10136/901 3127/10127/901 
f 3142/10137/902 3139/10130/902 3137/10125/902 
f 3137/10125/902 3136/10124/902 3142/10137/902 
f 3134/10121/903 3141/10138/903 3135/10139/903 
f 3135/10139/903 3131/10118/903 3134/10121/903 
f 3129/10140/904 3133/10120/904 3132/10119/904 
f 3132/10119/904 3130/10141/904 3129/10140/904 
f 3141/10138/905 3134/10121/905 3133/10120/905 
f 3141/10138/905 3133/10120/905 3129/10140/905 
f 3141/10138/905 3129/10140/905 3128/10142/905 
f 3142/10143/905 3141/10138/905 3128/10142/905 
f 3139/10144/905 3142/10143/905 3128/10142/905 
f 3139/10144/905 3128/10142/905 3140/10145/905 
f 3143/10146/892 3144/10147/892 3145/10148/892 
f 3145/10148/892 3146/10149/892 3143/10146/892 
f 3147/10150/906 3148/10151/906 3149/10152/906 
f 3149/10152/906 3150/10153/906 3147/10150/906 
f 3150/10154/907 3151/10155/907 3152/10156/907 
f 3152/10156/907 3153/10157/907 3154/10158/907 
f 3152/10156/907 3154/10158/907 3144/10159/907 
f 3144/10159/907 3143/10160/907 3147/10161/907 
f 3152/10156/907 3144/10159/907 3147/10161/907 
f 3150/10154/907 3152/10156/907 3147/10161/907 
f 3153/10157/908 3155/10162/908 3156/10163/908 
f 3156/10163/908 3154/10158/908 3153/10157/908 
f 3152/10164/888 3151/10165/888 3157/10166/888 
f 3157/10166/888 3158/10167/888 3152/10164/888 
f 3154/10158/909 3156/10163/909 3145/10168/909 
f 3145/10168/909 3144/10159/909 3154/10158/909 
f 3155/10162/910 3153/10157/910 3152/10156/910 
f 3152/10156/910 3158/10169/910 3155/10162/910 
f 3157/10170/911 3151/10171/911 3150/10153/911 
f 3150/10153/911 3149/10152/911 3157/10170/911 
f 3148/10151/912 3147/10150/912 3143/10172/912 
f 3143/10172/912 3146/10173/912 3148/10151/912 
f 3155/10174/913 3158/10175/913 3157/10170/913 
f 3157/10170/913 3149/10152/913 3148/10151/913 
f 3157/10170/913 3148/10151/913 3146/10173/913 
f 3146/10173/913 3145/10176/913 3156/10177/913 
f 3157/10170/913 3146/10173/913 3156/10177/913 
f 3155/10174/913 3157/10170/913 3156/10177/913 
f 3159/10178/888 3160/10179/888 3161/10180/888 
f 3161/10180/888 3162/10181/888 3159/10178/888 
f 3163/10182/889 3164/10183/889 3165/10184/889 
f 3165/10184/889 3166/10185/889 3163/10182/889 
f 3163/10186/890 3167/10187/890 3168/10188/890 
f 3168/10188/890 3169/10189/890 3170/10190/890 
f 3170/10190/890 3160/10191/890 3159/10192/890 
f 3168/10188/890 3170/10190/890 3159/10192/890 
f 3163/10186/890 3168/10188/890 3159/10192/890 
f 3163/10186/890 3159/10192/890 3164/10193/890 
f 3170/10194/891 3169/10195/891 3171/10196/891 
f 3171/10196/891 3172/10197/891 3170/10194/891 
f 3168/10198/892 3167/10199/892 3173/10200/892 
f 3173/10200/892 3174/10201/892 3168/10198/892 
f 3160/10202/893 3170/10194/893 3172/10197/893 
f 3172/10197/893 3161/10203/893 3160/10202/893 
f 3174/10201/894 3171/10204/894 3169/10205/894 
f 3169/10205/894 3168/10198/894 3174/10201/894 
f 3166/10206/895 3173/10200/895 3167/10199/895 
f 3167/10199/895 3163/10207/895 3166/10206/895 
f 3162/10181/896 3165/10208/896 3164/10209/896 
f 3164/10209/896 3159/10178/896 3162/10181/896 
f 3171/10210/897 3174/10211/897 3173/10212/897 
f 3173/10212/897 3166/10213/897 3165/10214/897 
f 3165/10214/897 3162/10215/897 3161/10216/897 
f 3173/10212/897 3165/10214/897 3161/10216/897 
f 3171/10210/897 3173/10212/897 3161/10216/897 
f 3171/10210/897 3161/10216/897 3172/10217/897 
f 3175/10218/914 3176/10219/914 3177/10220/914 
f 3177/10220/914 3178/10221/914 3175/10218/914 
f 3179/10222/915 3180/10223/915 3181/10224/915 
f 3181/10224/915 3182/10225/915 3179/10222/915 
f 3183/10226/916 3184/10227/916 3185/10228/916 
f 3185/10228/916 3186/10229/916 3183/10226/916 
f 3180/10230/891 3179/10231/891 3185/10232/891 
f 3178/10233/891 3180/10230/891 3185/10232/891 
f 3175/10234/891 3178/10233/891 3185/10232/891 
f 3175/10234/891 3185/10232/891 3184/10235/891 
f 3175/10234/891 3184/10235/891 3187/10236/891 
f 3175/10234/891 3187/10236/891 3188/10237/891 
f 3189/10238/917 3188/10239/917 3187/10240/917 
f 3187/10240/917 3190/10241/917 3189/10238/917 
f 3177/10242/892 3181/10243/892 3180/10244/892 
f 3180/10244/892 3178/10245/892 3177/10242/892 
f 3189/10238/918 3176/10219/918 3175/10218/918 
f 3175/10218/918 3188/10239/918 3189/10238/918 
f 3179/10222/897 3182/10225/897 3186/10229/897 
f 3186/10229/897 3185/10228/897 3179/10222/897 
f 3184/10246/888 3183/10247/888 3190/10248/888 
f 3190/10248/888 3187/10249/888 3184/10246/888 
f 3176/10250/919 3189/10251/919 3190/10252/919 
f 3190/10252/919 3177/10253/919 3176/10250/919 
f 3181/10254/920 3177/10255/920 3190/10256/920 
f 3190/10256/920 3183/10257/920 3181/10254/920 
f 3186/10229/919 3182/10225/919 3181/10224/919 
f 3181/10224/919 3183/10226/919 3186/10229/919 
f 3191/10258/914 3192/10259/914 3193/10260/914 
f 3193/10260/914 3194/10261/914 3191/10258/914 
f 3195/10262/915 3196/10263/915 3197/10264/915 
f 3197/10264/915 3198/10265/915 3195/10262/915 
f 3199/10266/916 3200/10267/916 3201/10268/916 
f 3201/10268/916 3202/10269/916 3199/10266/916 
f 3193/10270/891 3192/10271/891 3196/10272/891 
f 3196/10272/891 3195/10273/891 3200/10274/891 
f 3200/10274/891 3199/10275/891 3203/10276/891 
f 3196/10272/891 3200/10274/891 3203/10276/891 
f 3193/10270/891 3196/10272/891 3203/10276/891 
f 3193/10270/891 3203/10276/891 3204/10277/891 
f 3203/10278/917 3205/10279/917 3206/10280/917 
f 3206/10280/917 3204/10281/917 3203/10278/917 
f 3197/10282/892 3196/10283/892 3192/10284/892 
f 3192/10284/892 3191/10285/892 3197/10282/892 
f 3194/10261/918 3193/10260/918 3204/10281/918 
f 3204/10281/918 3206/10280/918 3194/10261/918 
f 3198/10265/897 3201/10268/897 3200/10267/897 
f 3200/10267/897 3195/10262/897 3198/10265/897 
f 3199/10286/888 3202/10287/888 3205/10288/888 
f 3205/10288/888 3203/10289/888 3199/10286/888 
f 3198/10265/921 3197/10264/921 3202/10269/921 
f 3202/10269/921 3201/10268/921 3198/10265/921 
f 3202/10290/920 3197/10291/920 3191/10292/920 
f 3191/10292/920 3205/10293/920 3202/10290/920 
f 3205/10294/921 3191/10295/921 3194/10296/921 
f 3194/10296/921 3206/10297/921 3205/10294/921 
f 3207/10298/891 3208/10299/891 3209/10300/891 
f 3209/10300/891 3210/10301/891 3207/10298/891 
f 3211/10302/897 3209/10303/897 3208/10304/897 
f 3208/10304/897 3212/10305/897 3211/10302/897 
f 3210/10306/918 3213/10307/918 3214/10308/918 
f 3214/10308/918 3207/10309/918 3210/10306/918 
f 3214/10310/922 3212/10311/922 3208/10312/922 
f 3208/10312/922 3207/10313/922 3214/10310/922 
f 3210/10314/923 3209/10315/923 3211/10316/923 
f 3211/10316/923 3213/10317/923 3210/10314/923 
# 178 faces

#
# object DOOR_002
#

v  2.2195 -0.1125 3.0926
v  2.3153 -0.1115 3.0439
v  2.3153 2.1365 3.0878
v  2.2195 2.1341 3.1365
v  2.2720 2.1229 2.9751
v  2.3207 2.1210 3.0708
v  2.3207 -0.1112 3.0272
v  2.2720 -0.1093 2.9315
v  2.1541 2.1520 3.0356
v  2.2028 2.1501 3.1313
v  2.1596 2.1364 3.0186
v  2.2553 2.1388 2.9700
v  2.1541 -0.1105 2.9914
v  2.2028 -0.1124 3.0871
v  2.2553 -0.1092 2.9260
v  2.1596 -0.1102 2.9747
v  1.5003 2.0335 3.5181
v  2.3541 2.0420 3.0840
v  2.3530 2.1494 3.0866
v  1.4997 2.1409 3.5205
v  1.4396 2.0231 3.4143
v  2.2874 2.0315 2.9832
v  2.3361 2.0296 3.0789
v  1.4883 2.0212 3.5100
v  2.2930 2.1517 2.9688
v  2.3110 2.1640 2.9738
v  2.3597 2.1621 3.0695
v  2.2942 2.0443 2.9661
v  1.4517 2.1554 3.4108
v  1.5004 2.1536 3.5065
v  1.4403 2.0358 3.4003
v  1.4398 2.1432 3.4027
v  2.2701 2.0538 3.1251
v  2.1925 2.1489 3.1664
v  1.5237 -0.0489 3.4637
v  1.5784 -0.0989 3.4349
v  2.2784 2.0651 3.1135
v  1.5772 -0.1184 3.4275
v  1.5432 -0.1171 3.3605
v  2.2443 2.0664 3.0465
v  2.2299 2.0553 3.0460
v  2.1523 2.1505 3.0873
v  2.1435 2.1377 3.0992
v  2.1776 2.1363 3.1662
v  1.4851 -0.0263 3.3918
v  1.5192 -0.0276 3.4588
v  1.5381 -0.0973 3.3559
v  1.4835 -0.0474 3.3846
v  1.4846 2.0593 3.4134
v  1.5746 2.0868 3.3681
v  2.2376 -0.0922 2.9883
v  2.1806 -0.0998 3.0171
v  1.5126 2.0686 3.4980
v  1.4760 2.0700 3.4261
v  2.1816 -0.1199 3.0244
v  2.2181 -0.1213 3.0963
v  1.5278 2.0576 3.4983
v  1.6178 2.0851 3.4530
v  1.6269 2.0728 3.4400
v  1.5903 2.0742 3.3681
v  2.2793 -0.0723 3.0662
v  2.2428 -0.0709 2.9943
v  2.2238 -0.1014 3.1020
v  2.2807 -0.0939 3.0732
v  1.4979 -0.0195 3.4793
v  1.4985 -0.1269 3.4769
v  2.3541 -0.1184 3.0418
v  2.3530 -0.0110 3.0444
v  1.4378 -0.1373 3.3730
v  2.2874 -0.1288 2.9410
v  2.3361 -0.1307 3.0367
v  1.4865 -0.1392 3.4688
v  2.2942 -0.1161 2.9239
v  2.2930 -0.0087 2.9266
v  2.3597 0.0017 3.0273
v  2.3110 0.0036 2.9316
v  1.4986 -0.0068 3.4652
v  1.4499 -0.0049 3.3695
v  1.4385 -0.1246 3.3590
v  1.4379 -0.0172 3.3614
v  1.5104 -0.1199 3.4721
v  1.6062 -0.1189 3.4234
v  1.6062 2.1291 3.4673
v  1.5104 2.1267 3.5160
v  1.6116 2.1136 3.4503
v  1.6116 -0.1186 3.4067
v  1.5629 -0.1167 3.3110
v  1.5629 2.1155 3.3546
v  1.5462 2.1314 3.3495
v  1.4505 2.1290 3.3981
v  1.4450 2.1445 3.4151
v  1.4937 2.1427 3.5109
v  1.4450 -0.1179 3.3709
v  1.4937 -0.1198 3.4667
v  1.5462 -0.1166 3.3056
v  1.4505 -0.1176 3.3543
v  1.5659 2.0832 3.4480
v  2.3301 2.0907 3.0611
v  2.3131 2.0914 3.0277
v  1.5485 2.0838 3.4139
v  2.3301 -0.0901 3.0185
v  2.3131 -0.0894 2.9851
v  1.5659 -0.0976 3.4054
v  1.5485 -0.0970 3.3713
# 104 vertices

vn 0.4533 -0.0174 0.8912
vn 0.8913 0.0088 -0.4532
vn 0.1832 0.9803 -0.0740
vn -0.8913 -0.0088 0.4532
vn -0.4533 0.0174 -0.8912
vn -0.3097 -0.0186 0.9506
vn -0.9508 0.0061 -0.3097
vn 0.3097 0.0186 -0.9506
vn 0.9508 -0.0060 0.3097
vn 0.0000 -0.9998 -0.0195
vn 0.8767 -0.1718 -0.4493
vn 0.0000 0.9998 0.0195
vn 0.3206 0.6946 0.6440
vn 0.3206 -0.7193 0.6163
vn -0.3206 -0.6946 -0.6440
vn -0.3206 0.7193 -0.6163
vn 0.8382 -0.3315 -0.4330
vn 0.4945 0.8367 -0.2352
vn -0.8433 0.3154 0.4351
vn -0.1729 0.1835 0.9677
vn -0.8808 0.2107 -0.4240
vn 0.1683 -0.1931 -0.9666
vn 0.8771 -0.2204 0.4267
vn -0.7180 -0.5995 0.3536
vn -0.8386 -0.3471 0.4198
vn -0.0349 0.9987 0.0372
vn 0.8439 0.3303 -0.4228
vn 0.1771 0.2211 -0.9590
vn 0.8827 0.1940 0.4280
vn -0.1724 -0.2313 0.9575
vn -0.8788 -0.2041 -0.4313
vn 0.4921 -0.8287 -0.2665
vn 0.4517 -0.0174 0.8920
vn -0.4509 0.0174 -0.8924
vn -0.8913 -0.0149 0.4531
vn -0.7736 0.4889 0.4031
# 36 vertex normals

vt 0.5615 0.3406 0.0000
vt 0.5455 0.3406 0.0000
vt 0.5455 0.3209 0.0000
vt 0.5615 0.3209 0.0000
vt 0.8852 0.0428 0.0000
vt 0.9012 0.0428 0.0000
vt 0.9012 0.0624 0.0000
vt 0.8852 0.0624 0.0000
vt 0.5011 0.3829 0.0000
vt 0.5011 0.3669 0.0000
vt 0.5029 0.3651 0.0000
vt 0.5029 0.3848 0.0000
vt 0.5189 0.3651 0.0000
vt 0.5208 0.3669 0.0000
vt 0.5189 0.3848 0.0000
vt 0.5208 0.3829 0.0000
vt 0.8852 0.0209 0.0000
vt 0.8852 0.0010 0.0000
vt 0.9012 0.0010 0.0000
vt 0.9012 0.0209 0.0000
vt 0.6547 0.3708 0.0000
vt 0.6707 0.3708 0.0000
vt 0.6707 0.3906 0.0000
vt 0.6547 0.3906 0.0000
vt 0.5633 0.3207 0.0000
vt 0.5633 0.3406 0.0000
vt 0.6725 0.3708 0.0000
vt 0.6725 0.3907 0.0000
vt 0.6528 0.3905 0.0000
vt 0.6528 0.3708 0.0000
vt 0.9031 0.0427 0.0000
vt 0.9031 0.0624 0.0000
vt 0.7135 0.3831 0.0000
vt 0.7154 0.3813 0.0000
vt 0.7314 0.3813 0.0000
vt 0.7332 0.3831 0.0000
vt 0.7332 0.3991 0.0000
vt 0.7314 0.4009 0.0000
vt 0.7154 0.4009 0.0000
vt 0.7135 0.3991 0.0000
vt 0.9050 0.1853 0.0000
vt 0.9050 0.0427 0.0000
vt 0.9060 0.0429 0.0000
vt 0.9060 0.1854 0.0000
vt 0.5406 0.0010 0.0000
vt 0.5406 0.1425 0.0000
vt 0.5253 0.1414 0.0000
vt 0.5246 0.0010 0.0000
vt 0.5429 0.1459 0.0000
vt 0.5406 0.1465 0.0000
vt 0.5246 0.1465 0.0000
vt 0.5230 0.1459 0.0000
vt 0.5228 0.1446 0.0000
vt 0.5428 0.1437 0.0000
vt 0.5840 0.1445 0.0000
vt 0.5680 0.1445 0.0000
vt 0.5680 0.0010 0.0000
vt 0.5840 0.0010 0.0000
vt 0.7638 0.2598 0.0000
vt 0.7647 0.2597 0.0000
vt 0.7647 0.4022 0.0000
vt 0.7638 0.4024 0.0000
vt 0.5661 0.1456 0.0000
vt 0.5661 0.0031 0.0000
vt 0.5228 0.0021 0.0000
vt 0.5425 0.0021 0.0000
vt 0.5858 0.1456 0.0000
vt 0.5858 0.0031 0.0000
vt 0.6710 0.2684 0.0000
vt 0.6680 0.2558 0.0000
vt 0.6691 0.1424 0.0000
vt 0.6710 0.1514 0.0000
vt 0.7666 0.0010 0.0000
vt 0.7666 0.1186 0.0000
vt 0.7554 0.1186 0.0000
vt 0.7554 0.0010 0.0000
vt 0.6217 0.1434 0.0000
vt 0.6227 0.1453 0.0000
vt 0.6227 0.1583 0.0000
vt 0.6217 0.1603 0.0000
vt 0.6105 0.1603 0.0000
vt 0.6095 0.1583 0.0000
vt 0.6095 0.1453 0.0000
vt 0.6105 0.1434 0.0000
vt 0.6217 0.2704 0.0000
vt 0.6105 0.2704 0.0000
vt 0.5535 0.1605 0.0000
vt 0.5565 0.1479 0.0000
vt 0.5565 0.2649 0.0000
vt 0.5545 0.2738 0.0000
vt 0.6095 0.2701 0.0000
vt 0.6227 0.2701 0.0000
vt 0.7544 0.1189 0.0000
vt 0.7544 0.0029 0.0000
vt 0.7676 0.0029 0.0000
vt 0.7676 0.1189 0.0000
vt 0.7554 0.1283 0.0000
vt 0.7544 0.1281 0.0000
vt 0.7676 0.1281 0.0000
vt 0.7666 0.1283 0.0000
vt 0.5515 0.2750 0.0000
vt 0.5489 0.2602 0.0000
vt 0.5499 0.1479 0.0000
vt 0.5515 0.1572 0.0000
vt 0.6756 0.1305 0.0000
vt 0.6876 0.1305 0.0000
vt 0.6876 0.2477 0.0000
vt 0.6756 0.2477 0.0000
vt 0.7514 0.0010 0.0000
vt 0.7524 0.0030 0.0000
vt 0.7524 0.0180 0.0000
vt 0.7514 0.0201 0.0000
vt 0.7393 0.0201 0.0000
vt 0.7383 0.0180 0.0000
vt 0.7383 0.0030 0.0000
vt 0.7393 0.0010 0.0000
vt 0.7514 0.1289 0.0000
vt 0.7393 0.1289 0.0000
vt 0.5011 0.1636 0.0000
vt 0.5038 0.1488 0.0000
vt 0.5038 0.2666 0.0000
vt 0.5022 0.2760 0.0000
vt 0.7383 0.1286 0.0000
vt 0.7524 0.1286 0.0000
vt 0.6745 0.2481 0.0000
vt 0.6745 0.1325 0.0000
vt 0.6887 0.2481 0.0000
vt 0.6887 0.1325 0.0000
vt 0.6756 0.2579 0.0000
vt 0.6745 0.2576 0.0000
vt 0.6887 0.2576 0.0000
vt 0.6876 0.2579 0.0000
vt 0.5984 0.2905 0.0000
vt 0.5975 0.2905 0.0000
vt 0.5975 0.1476 0.0000
vt 0.5984 0.1477 0.0000
vt 0.5029 0.1468 0.0000
vt 0.5029 0.0050 0.0000
vt 0.5189 0.0050 0.0000
vt 0.5189 0.1468 0.0000
vt 0.5011 0.0032 0.0000
vt 0.5011 0.0020 0.0000
vt 0.5189 0.0010 0.0000
vt 0.5208 0.0018 0.0000
vt 0.5209 0.0045 0.0000
vt 0.5029 0.0010 0.0000
vt 0.5463 0.1448 0.0000
vt 0.5463 0.0010 0.0000
vt 0.5623 0.0010 0.0000
vt 0.5623 0.1448 0.0000
vt 0.7667 0.4027 0.0000
vt 0.7667 0.2598 0.0000
vt 0.7676 0.2597 0.0000
vt 0.7676 0.4025 0.0000
vt 0.5445 0.1459 0.0000
vt 0.5445 0.0031 0.0000
vt 0.5208 0.1457 0.0000
vt 0.5011 0.1457 0.0000
vt 0.5641 0.0031 0.0000
vt 0.5641 0.1459 0.0000
vt 0.5615 0.3625 0.0000
vt 0.5455 0.3625 0.0000
vt 0.5455 0.3428 0.0000
vt 0.5615 0.3428 0.0000
vt 0.8871 0.1929 0.0000
vt 0.8871 0.1733 0.0000
vt 0.9031 0.1733 0.0000
vt 0.9031 0.1929 0.0000
vt 0.5208 0.3613 0.0000
vt 0.5189 0.3631 0.0000
vt 0.5029 0.3631 0.0000
vt 0.5011 0.3613 0.0000
vt 0.5011 0.3453 0.0000
vt 0.5029 0.3434 0.0000
vt 0.5189 0.3434 0.0000
vt 0.5208 0.3453 0.0000
vt 0.5481 0.3178 0.0000
vt 0.5481 0.2979 0.0000
vt 0.5641 0.2979 0.0000
vt 0.5641 0.3178 0.0000
vt 0.5189 0.3197 0.0000
vt 0.5029 0.3197 0.0000
vt 0.5029 0.3000 0.0000
vt 0.5189 0.3000 0.0000
vt 0.5633 0.3426 0.0000
vt 0.5633 0.3625 0.0000
vt 0.5011 0.3197 0.0000
vt 0.5011 0.2998 0.0000
vt 0.5208 0.3001 0.0000
vt 0.5208 0.3197 0.0000
vt 0.8852 0.1930 0.0000
vt 0.8852 0.1733 0.0000
vt 0.8632 0.3846 0.0000
vt 0.8651 0.3828 0.0000
vt 0.8810 0.3828 0.0000
vt 0.8829 0.3846 0.0000
vt 0.8829 0.4006 0.0000
vt 0.8810 0.4024 0.0000
vt 0.8651 0.4024 0.0000
vt 0.8632 0.4006 0.0000
vt 0.5955 0.1476 0.0000
vt 0.5955 0.2751 0.0000
vt 0.5899 0.2751 0.0000
vt 0.5898 0.1476 0.0000
vt 0.8521 0.4108 0.0000
vt 0.8521 0.3916 0.0000
vt 0.8577 0.3916 0.0000
vt 0.8577 0.4108 0.0000
vt 0.6957 0.0010 0.0000
vt 0.7149 0.0010 0.0000
vt 0.7149 0.1285 0.0000
vt 0.6957 0.1285 0.0000
vt 0.6745 0.0010 0.0000
vt 0.6937 0.0010 0.0000
vt 0.6937 0.1285 0.0000
vt 0.6745 0.1285 0.0000
vt 0.7676 0.1303 0.0000
vt 0.7676 0.2577 0.0000
vt 0.7619 0.2577 0.0000
vt 0.7621 0.1303 0.0000
vt 0.8813 0.4044 0.0000
vt 0.8813 0.4241 0.0000
vt 0.8804 0.4241 0.0000
vt 0.8804 0.4044 0.0000
vt 0.7363 0.4009 0.0000
vt 0.7352 0.3991 0.0000
vt 0.7352 0.3831 0.0000
vt 0.7363 0.3813 0.0000
# 228 texture coords

o DOOR_002
g DOOR_002
usemtl BARN_SCENE_BARN_TEXTURES
s off
f 3215/10318/924 3216/10319/924 3217/10320/924 
f 3217/10320/924 3218/10321/924 3215/10318/924 
f 3219/10322/925 3220/10323/925 3221/10324/925 
f 3221/10324/925 3222/10325/925 3219/10322/925 
f 3223/10326/926 3224/10327/926 3218/10328/926 
f 3225/10329/926 3223/10326/926 3218/10328/926 
f 3225/10329/926 3218/10328/926 3217/10330/926 
f 3225/10329/926 3217/10330/926 3220/10331/926 
f 3226/10332/926 3225/10329/926 3220/10331/926 
f 3219/10333/926 3226/10332/926 3220/10331/926 
f 3223/10334/927 3227/10335/927 3228/10336/927 
f 3228/10336/927 3224/10337/927 3223/10334/927 
f 3229/10338/928 3230/10339/928 3225/10340/928 
f 3225/10340/928 3226/10341/928 3229/10338/928 
f 3224/10342/929 3228/10343/929 3215/10318/929 
f 3215/10318/929 3218/10321/929 3224/10342/929 
f 3230/10339/930 3227/10344/930 3223/10345/930 
f 3223/10345/930 3225/10340/930 3230/10339/930 
f 3219/10346/931 3222/10347/931 3229/10338/931 
f 3229/10338/931 3226/10341/931 3219/10346/931 
f 3217/10348/932 3216/10349/932 3221/10324/932 
f 3221/10324/932 3220/10323/932 3217/10348/932 
f 3227/10350/933 3230/10351/933 3229/10352/933 
f 3227/10350/933 3229/10352/933 3222/10353/933 
f 3222/10353/933 3221/10354/933 3216/10355/933 
f 3227/10350/933 3222/10353/933 3216/10355/933 
f 3216/10355/933 3215/10356/933 3228/10357/933 
f 3227/10350/933 3216/10355/933 3228/10357/933 
f 3231/10358/924 3232/10359/924 3233/10360/924 
f 3233/10360/924 3234/10361/924 3231/10358/924 
f 3235/10362/933 3236/10363/933 3237/10364/933 
f 3237/10364/933 3238/10365/933 3235/10362/933 
f 3239/10366/934 3240/10367/934 3241/10368/934 
f 3241/10368/934 3233/10369/934 3232/10370/934 
f 3239/10366/934 3241/10368/934 3232/10370/934 
f 3242/10371/934 3239/10366/934 3232/10370/934 
f 3236/10363/934 3242/10371/934 3232/10370/934 
f 3236/10363/934 3232/10370/934 3237/10364/934 
f 3243/10372/935 3244/10373/935 3241/10374/935 
f 3241/10374/935 3240/10375/935 3243/10372/935 
f 3245/10376/928 3246/10377/928 3239/10378/928 
f 3239/10378/928 3242/10379/928 3245/10376/928 
f 3241/10374/936 3244/10373/936 3234/10380/936 
f 3234/10380/936 3233/10381/936 3241/10374/936 
f 3238/10365/937 3237/10364/937 3232/10370/937 
f 3232/10370/937 3231/10382/937 3238/10365/937 
f 3245/10383/938 3242/10371/938 3236/10363/938 
f 3236/10363/938 3235/10362/938 3245/10383/938 
f 3246/10384/939 3243/10372/939 3240/10375/939 
f 3240/10375/939 3239/10385/939 3246/10384/939 
f 3247/10386/924 3248/10387/924 3249/10388/924 
f 3249/10388/924 3250/10389/924 3247/10386/924 
f 3251/10390/940 3252/10391/940 3253/10392/940 
f 3253/10392/940 3254/10393/940 3251/10390/940 
f 3254/10394/941 3255/10395/941 3256/10396/941 
f 3256/10396/941 3257/10397/941 3258/10398/941 
f 3256/10396/941 3258/10398/941 3248/10399/941 
f 3248/10399/941 3247/10400/941 3251/10401/941 
f 3256/10396/941 3248/10399/941 3251/10401/941 
f 3254/10394/941 3256/10396/941 3251/10401/941 
f 3257/10397/942 3259/10402/942 3260/10403/942 
f 3260/10403/942 3258/10398/942 3257/10397/942 
f 3256/10404/928 3255/10405/928 3261/10406/928 
f 3261/10406/928 3262/10407/928 3256/10404/928 
f 3258/10398/943 3260/10403/943 3249/10408/943 
f 3249/10408/943 3248/10399/943 3258/10398/943 
f 3259/10402/944 3257/10397/944 3256/10396/944 
f 3256/10396/944 3262/10409/944 3259/10402/944 
f 3261/10410/945 3255/10411/945 3254/10393/945 
f 3254/10393/945 3253/10392/945 3261/10410/945 
f 3252/10391/946 3251/10390/946 3247/10412/946 
f 3247/10412/946 3250/10413/946 3252/10391/946 
f 3259/10414/947 3262/10415/947 3261/10410/947 
f 3261/10410/947 3253/10392/947 3252/10391/947 
f 3261/10410/947 3252/10391/947 3250/10413/947 
f 3250/10413/947 3249/10416/947 3260/10417/947 
f 3261/10410/947 3250/10413/947 3260/10417/947 
f 3259/10414/947 3261/10410/947 3260/10417/947 
f 3263/10418/928 3264/10419/928 3265/10420/928 
f 3265/10420/928 3266/10421/928 3263/10418/928 
f 3267/10422/948 3268/10423/948 3269/10424/948 
f 3269/10424/948 3270/10425/948 3267/10422/948 
f 3267/10426/949 3271/10427/949 3272/10428/949 
f 3272/10428/949 3273/10429/949 3274/10430/949 
f 3274/10430/949 3264/10431/949 3263/10432/949 
f 3272/10428/949 3274/10430/949 3263/10432/949 
f 3267/10426/949 3272/10428/949 3263/10432/949 
f 3267/10426/949 3263/10432/949 3268/10433/949 
f 3274/10430/950 3273/10429/950 3275/10434/950 
f 3275/10434/950 3276/10435/950 3274/10430/950 
f 3272/10436/924 3271/10437/924 3277/10438/924 
f 3277/10438/924 3278/10439/924 3272/10436/924 
f 3264/10431/951 3274/10430/951 3276/10435/951 
f 3276/10435/951 3265/10440/951 3264/10431/951 
f 3278/10441/952 3275/10434/952 3273/10429/952 
f 3273/10429/952 3272/10428/952 3278/10441/952 
f 3270/10425/953 3277/10442/953 3271/10443/953 
f 3271/10443/953 3267/10422/953 3270/10425/953 
f 3266/10444/954 3269/10424/954 3268/10423/954 
f 3268/10423/954 3263/10445/954 3266/10444/954 
f 3275/10446/955 3278/10447/955 3277/10442/955 
f 3277/10442/955 3270/10425/955 3269/10424/955 
f 3269/10424/955 3266/10444/955 3265/10448/955 
f 3277/10442/955 3269/10424/955 3265/10448/955 
f 3275/10446/955 3277/10442/955 3265/10448/955 
f 3275/10446/955 3265/10448/955 3276/10449/955 
f 3279/10450/924 3280/10451/924 3281/10452/924 
f 3281/10452/924 3282/10453/924 3279/10450/924 
f 3283/10454/933 3284/10455/933 3285/10456/933 
f 3285/10456/933 3286/10457/933 3283/10454/933 
f 3284/10455/934 3287/10458/934 3288/10459/934 
f 3289/10460/934 3282/10461/934 3281/10462/934 
f 3290/10463/934 3289/10460/934 3281/10462/934 
f 3288/10459/934 3290/10463/934 3281/10462/934 
f 3288/10459/934 3281/10462/934 3285/10456/934 
f 3284/10455/934 3288/10459/934 3285/10456/934 
f 3291/10464/935 3289/10465/935 3290/10466/935 
f 3290/10466/935 3292/10467/935 3291/10464/935 
f 3287/10468/928 3293/10469/928 3294/10470/928 
f 3294/10470/928 3288/10471/928 3287/10468/928 
f 3289/10465/936 3291/10464/936 3279/10472/936 
f 3279/10472/936 3282/10473/936 3289/10465/936 
f 3281/10462/937 3280/10474/937 3286/10457/937 
f 3286/10457/937 3285/10456/937 3281/10462/937 
f 3293/10475/938 3287/10458/938 3284/10455/938 
f 3284/10455/938 3283/10454/938 3293/10475/938 
f 3292/10467/939 3290/10466/939 3288/10476/939 
f 3288/10476/939 3294/10477/939 3292/10467/939 
f 3295/10478/924 3296/10479/924 3297/10480/924 
f 3297/10480/924 3298/10481/924 3295/10478/924 
f 3299/10482/925 3300/10483/925 3301/10484/925 
f 3301/10484/925 3302/10485/925 3299/10482/925 
f 3302/10486/926 3303/10487/926 3304/10488/926 
f 3302/10486/926 3304/10488/926 3305/10489/926 
f 3306/10490/926 3298/10491/926 3297/10492/926 
f 3305/10489/926 3306/10490/926 3297/10492/926 
f 3305/10489/926 3297/10492/926 3299/10493/926 
f 3302/10486/926 3305/10489/926 3299/10493/926 
f 3305/10494/927 3307/10495/927 3308/10496/927 
f 3308/10496/927 3306/10497/927 3305/10494/927 
f 3309/10498/928 3310/10499/928 3304/10500/928 
f 3304/10500/928 3303/10501/928 3309/10498/928 
f 3306/10502/929 3308/10503/929 3295/10478/929 
f 3295/10478/929 3298/10481/929 3306/10502/929 
f 3307/10504/930 3305/10505/930 3304/10500/930 
f 3304/10500/930 3310/10499/930 3307/10504/930 
f 3309/10498/931 3303/10501/931 3302/10506/931 
f 3302/10506/931 3301/10507/931 3309/10498/931 
f 3300/10483/932 3299/10482/932 3297/10508/932 
f 3297/10508/932 3296/10509/932 3300/10483/932 
f 3307/10510/933 3310/10511/933 3309/10512/933 
f 3307/10510/933 3309/10512/933 3301/10513/933 
f 3300/10514/933 3296/10515/933 3295/10516/933 
f 3301/10513/933 3300/10514/933 3295/10516/933 
f 3301/10513/933 3295/10516/933 3308/10517/933 
f 3307/10510/933 3301/10513/933 3308/10517/933 
f 3311/10518/935 3312/10519/935 3313/10520/935 
f 3313/10520/935 3314/10521/935 3311/10518/935 
f 3312/10522/925 3315/10523/925 3316/10524/925 
f 3316/10524/925 3313/10525/925 3312/10522/925 
f 3311/10526/956 3317/10527/956 3315/10528/956 
f 3315/10528/956 3312/10529/956 3311/10526/956 
f 3313/10530/957 3316/10531/957 3318/10532/957 
f 3318/10532/957 3314/10533/957 3313/10530/957 
f 3315/10534/933 3317/10535/933 3318/10536/933 
f 3318/10536/933 3316/10537/933 3315/10534/933 
f 3234/10538/958 3246/10539/958 3245/10540/958 
f 3245/10540/958 3231/10541/958 3234/10538/958 
f 3234/10380/959 3244/10373/959 3243/10372/959 
f 3243/10372/959 3246/10384/959 3234/10380/959 
f 3245/10542/959 3235/10543/959 3238/10544/959 
f 3238/10544/959 3231/10545/959 3245/10542/959 
# 172 faces

#
# object COLUMN_001
#

v  2.3189 -0.1904 3.1412
v  2.5011 -0.1904 3.1412
v  2.5011 4.6977 3.2367
v  2.3189 4.7771 3.2382
v  2.5222 4.6924 3.0333
v  2.5222 4.6889 3.2155
v  2.5222 -0.1900 3.1201
v  2.5222 -0.1864 2.9380
v  2.2978 4.7902 3.0352
v  2.2978 4.7866 3.2174
v  2.3189 4.7814 3.0139
v  2.5011 4.7020 3.0124
v  2.2978 -0.1864 2.9380
v  2.2978 -0.1900 3.1201
v  2.5011 -0.1860 2.9169
v  2.3189 -0.1860 2.9169
v  -2.7199 2.1734 3.1819
v  -2.7199 -0.1992 3.1356
v  -2.5377 -0.1992 3.1356
v  -2.5377 2.3105 3.1846
v  -2.5166 2.3304 2.9817
v  -2.5166 2.3268 3.1639
v  -2.5166 -0.1988 3.1145
v  -2.5166 -0.1953 2.9324
v  -2.5377 2.3149 2.9603
v  -2.7199 2.1778 2.9576
v  -2.7409 2.1615 2.9784
v  -2.7409 2.1579 3.1606
v  -2.7409 -0.1953 2.9324
v  -2.7409 -0.1988 3.1145
v  -2.5377 -0.1949 2.9113
v  -2.7199 -0.1949 2.9113
v  5.5442 -0.1581 3.1364
v  5.5442 1.9693 3.1780
v  5.3620 2.1064 3.1806
v  5.3620 -0.1581 3.1364
v  5.5652 2.1644 3.1607
v  5.5652 -0.1577 3.1153
v  5.5652 -0.1542 2.9332
v  5.5652 2.1680 2.9785
v  5.5442 2.1842 2.9578
v  5.3620 2.3214 2.9605
v  5.3409 2.3369 2.9818
v  5.3409 2.3333 3.1640
v  5.3409 -0.1542 2.9332
v  5.3409 -0.1577 3.1153
v  5.5442 -0.1538 2.9121
v  5.3620 -0.1538 2.9121
v  -2.5377 2.4447 -3.6843
v  -2.7199 2.3076 -3.6870
v  -2.7199 -0.1006 -3.7340
v  -2.5377 -0.1006 -3.7340
v  -2.5166 2.4645 -3.8872
v  -2.5166 2.4610 -3.7051
v  -2.5166 -0.1002 -3.7551
v  -2.5166 -0.0966 -3.9373
v  -2.5377 2.4491 -3.9086
v  -2.7199 2.3119 -3.9113
v  -2.7409 2.2957 -3.8905
v  -2.7409 2.2921 -3.7084
v  -2.7409 -0.0966 -3.9373
v  -2.7409 -0.1002 -3.7551
v  -2.5377 -0.0962 -3.9583
v  -2.7199 -0.0962 -3.9583
v  5.5442 2.3140 -3.6869
v  5.3620 2.4512 -3.6842
v  5.3620 -0.0595 -3.7332
v  5.5442 -0.0595 -3.7332
v  5.5652 2.3022 -3.8904
v  5.5652 2.2986 -3.7082
v  5.5652 -0.0591 -3.7543
v  5.5652 -0.0555 -3.9365
v  5.5442 2.3184 -3.9112
v  5.3620 2.4556 -3.9085
v  5.3409 2.4710 -3.8871
v  5.3409 2.4675 -3.7049
v  5.3409 -0.0555 -3.9365
v  5.3409 -0.0591 -3.7543
v  5.5442 -0.0551 -3.9575
v  5.3620 -0.0551 -3.9575
v  -2.7199 -0.1320 -0.3078
v  -2.5377 -0.1320 -0.3078
v  -2.5377 2.3778 -0.2588
v  -2.7199 2.2406 -0.2615
v  -2.5166 2.3941 -0.2796
v  -2.5166 -0.1316 -0.3289
v  -2.5166 -0.1280 -0.5111
v  -2.5166 2.3976 -0.4618
v  -2.5377 2.3822 -0.4831
v  -2.7199 2.2450 -0.4858
v  -2.7409 2.2288 -0.4651
v  -2.7409 2.2252 -0.2829
v  -2.7409 -0.1280 -0.5111
v  -2.7409 -0.1316 -0.3289
v  -2.5377 -0.1276 -0.5321
v  -2.7199 -0.1276 -0.5321
v  5.3620 -0.1147 -0.3075
v  5.5442 -0.1147 -0.3075
v  5.5442 2.2471 -0.2614
v  5.3620 2.3843 -0.2587
v  5.5652 2.2317 -0.2827
v  5.5652 -0.1142 -0.3286
v  5.5652 -0.1107 -0.5108
v  5.5652 2.2353 -0.4649
v  5.5442 2.2515 -0.4857
v  5.3620 2.3887 -0.4830
v  5.3409 2.4041 -0.4616
v  5.3409 2.4006 -0.2794
v  5.3409 -0.1107 -0.5108
v  5.3409 -0.1142 -0.3286
v  5.5442 -0.1103 -0.5318
v  5.3620 -0.1103 -0.5318
v  -0.8982 3.4608 3.2071
v  -1.0804 3.2654 3.2033
v  -1.0804 -0.2136 3.1353
v  -0.8982 -0.2136 3.1353
v  -0.8771 3.4837 3.1865
v  -0.8771 -0.2132 3.1143
v  -0.8771 -0.2096 2.9321
v  -0.8771 3.4873 3.0043
v  -0.8982 3.4651 2.9828
v  -1.0804 3.2697 2.9790
v  -1.1014 3.2432 3.1818
v  -1.1014 3.2468 2.9996
v  -1.1014 -0.2096 2.9321
v  -1.1014 -0.2132 3.1143
v  -0.8982 -0.2092 2.9110
v  -1.0804 -0.2092 2.9110
v  3.6934 -0.1725 3.1361
v  3.8757 -0.1725 3.1361
v  3.8757 3.3170 3.2043
v  3.6934 3.4831 3.2075
v  3.8967 3.2982 3.1829
v  3.8967 -0.1721 3.1151
v  3.8967 -0.1685 2.9329
v  3.8967 3.3018 3.0007
v  3.8757 3.3214 2.9800
v  3.6934 3.4874 2.9832
v  3.6724 3.5062 3.0047
v  3.6724 3.5027 3.1868
v  3.6724 -0.1685 2.9329
v  3.6724 -0.1721 3.1151
v  3.8757 -0.1681 2.9118
v  3.6934 -0.1681 2.9118
v  -1.0804 3.3997 -3.6713
v  -1.0804 -0.0737 -3.7391
v  -0.8982 -0.0737 -3.7391
v  -0.8982 3.5950 -3.6675
v  -0.8771 3.6180 -3.6881
v  -0.8771 -0.0733 -3.7602
v  -0.8771 -0.0698 -3.9424
v  -0.8771 3.6216 -3.8703
v  -0.8982 3.5994 -3.8918
v  -1.0804 3.4040 -3.8956
v  -1.1014 3.3775 -3.6928
v  -1.1014 3.3810 -3.8750
v  -1.1014 -0.0698 -3.9424
v  -1.1014 -0.0733 -3.7602
v  -0.8982 -0.0694 -3.9634
v  -1.0804 -0.0694 -3.9634
v  3.6934 3.6174 -3.6670
v  3.6934 -0.0737 -3.7391
v  3.8757 -0.0737 -3.7391
v  3.8757 3.4513 -3.6703
v  3.8967 3.4325 -3.6917
v  3.8967 -0.0733 -3.7602
v  3.8967 -0.0698 -3.9424
v  3.8967 3.4361 -3.8739
v  3.8757 3.4557 -3.8946
v  3.6934 3.6217 -3.8913
v  3.6724 3.6370 -3.6877
v  3.6724 3.6405 -3.8699
v  3.6724 -0.0698 -3.9424
v  3.6724 -0.0733 -3.7602
v  3.8757 -0.0694 -3.9634
v  3.6934 -0.0694 -3.9634
v  3.8026 3.3677 3.1737
v  -1.0048 3.3677 3.1737
v  -1.2038 3.1778 3.1700
v  4.0034 3.1778 3.1700
v  4.0216 3.1609 3.1525
v  -1.2218 3.1609 3.1525
v  -1.2218 3.1646 2.9626
v  4.0216 3.1646 2.9626
v  4.0034 3.1821 2.9457
v  3.8026 3.3721 2.9494
v  3.7845 3.3852 3.1569
v  3.7845 3.3889 2.9669
v  -0.9868 3.3889 2.9669
v  -0.9868 3.3852 3.1569
v  -1.2038 3.1821 2.9457
v  -1.0048 3.3721 2.9494
v  -1.0048 3.5008 -3.6377
v  -1.2038 3.3108 -3.6414
v  4.0034 3.3108 -3.6414
v  3.8026 3.5008 -3.6377
v  4.0216 3.2940 -3.6589
v  -1.2218 3.2940 -3.6589
v  -1.2218 3.2977 -3.8488
v  4.0216 3.2977 -3.8488
v  4.0034 3.3152 -3.8657
v  3.8026 3.5052 -3.8620
v  3.7845 3.5220 -3.8445
v  3.7845 3.5183 -3.6545
v  -0.9868 3.5220 -3.8445
v  -0.9868 3.5183 -3.6545
v  -1.2038 3.3152 -3.8657
v  -1.0048 3.5052 -3.8620
v  2.5565 4.6094 3.1793
v  2.3804 4.7993 3.1830
v  0.4446 4.7993 3.1830
v  0.2339 4.6094 3.1793
v  2.5724 4.5925 3.1618
v  0.2149 4.5925 3.1618
v  0.2149 4.5963 2.9718
v  2.5724 4.5963 2.9718
v  2.5565 4.6138 2.9550
v  2.3804 4.8037 2.9587
v  2.3645 4.8168 3.1662
v  2.3645 4.8206 2.9762
v  0.4636 4.8206 2.9762
v  0.4636 4.8168 3.1662
v  0.2339 4.6138 2.9550
v  0.4446 4.8037 2.9587
v  2.5565 4.7421 -3.6134
v  2.3804 4.9320 -3.6097
v  0.4446 4.9320 -3.6097
v  0.2339 4.7421 -3.6134
v  2.5724 4.7289 -3.8209
v  2.5724 4.7252 -3.6309
v  0.2149 4.7252 -3.6309
v  0.2149 4.7289 -3.8209
v  2.5565 4.7464 -3.8377
v  2.3804 4.9364 -3.8340
v  2.3645 4.9532 -3.8165
v  2.3645 4.9495 -3.6265
v  0.4636 4.9532 -3.8165
v  0.4636 4.9495 -3.6265
v  0.4446 4.9364 -3.8340
v  0.2339 4.7464 -3.8377
v  -2.5424 -0.1413 3.1207
v  -2.6856 -0.1413 3.1213
v  -2.6856 -0.0051 -3.8502
v  -2.5424 -0.0051 -3.8502
v  -2.5295 0.0658 3.1246
v  -2.5295 -0.1241 3.1209
v  -2.5295 0.0120 -3.8499
v  -2.5295 0.2020 -3.8462
v  -2.5424 0.0830 3.1250
v  -2.6856 0.0830 3.1257
v  -2.6985 0.0658 3.1254
v  -2.6985 -0.1241 3.1217
v  -2.6985 0.2020 -3.8462
v  -2.6985 0.0120 -3.8499
v  -2.6856 0.2192 -3.8459
v  -2.5424 0.2192 -3.8459
v  5.5186 -0.1397 3.1207
v  5.3755 -0.1397 3.1214
v  5.3755 -0.0035 -3.8502
v  5.5186 -0.0035 -3.8502
v  5.5315 0.0675 3.1247
v  5.5315 -0.1225 3.1210
v  5.5315 0.0137 -3.8499
v  5.5315 0.2036 -3.8462
v  5.5186 0.0846 3.1251
v  5.3755 0.0846 3.1257
v  5.3626 0.0675 3.1255
v  5.3626 -0.1225 3.1218
v  5.3626 0.2036 -3.8462
v  5.3626 0.0137 -3.8499
v  5.5186 0.2208 -3.8458
v  5.3755 0.2208 -3.8458
v  5.4305 0.1084 2.9426
v  5.4313 0.1056 3.0857
v  5.4314 0.0882 3.0983
v  5.4314 -0.1213 3.0942
v  5.4313 -0.1382 3.0810
v  5.4305 -0.1354 2.9379
v  5.4305 -0.1180 2.9253
v  5.4305 0.0915 2.9294
v  0.4213 0.0742 2.9290
v  0.4213 -0.1390 2.9249
v  -2.6437 -0.1180 2.9253
v  -2.6437 0.0818 2.9292
v  2.4118 0.0709 3.0980
v  2.4118 -0.1423 3.0938
v  -2.6437 -0.1354 2.9379
v  0.4213 -0.1564 2.9375
v  0.4216 -0.1592 3.0806
v  -2.6437 -0.1382 3.0810
v  -2.6437 0.0959 3.0855
v  0.4216 0.0883 3.0854
v  0.4213 0.0911 2.9423
v  -2.6437 0.0987 2.9424
v  2.4118 -0.1592 3.0806
v  2.4113 -0.1564 2.9375
v  2.4112 -0.1390 2.9249
v  2.4112 0.0742 2.9290
v  2.4113 0.0911 2.9423
v  2.4118 0.0883 3.0854
v  -2.6437 -0.1213 3.0942
v  -2.6437 0.0785 3.0981
v  0.4217 0.0709 3.0980
v  0.4217 -0.1423 3.0938
v  2.4397 -0.1422 3.0896
v  2.4397 -0.1591 3.0764
v  2.4394 -0.1563 2.9333
v  2.4394 -0.1389 2.9207
v  2.4394 0.0743 2.9249
v  2.4394 0.0912 2.9381
v  2.4397 0.0884 3.0812
v  2.4397 0.0710 3.0938
v  5.4313 -0.0030 -3.7747
v  -2.6437 -0.0030 -3.7747
v  -2.6437 -0.0002 -3.9177
v  5.4305 -0.0002 -3.9177
v  5.4305 0.2072 -3.9266
v  5.4305 0.0172 -3.9303
v  -2.6437 0.0172 -3.9303
v  -2.6437 0.2072 -3.9266
v  5.4313 0.2213 -3.7703
v  5.4314 0.2039 -3.7577
v  5.4314 0.0139 -3.7614
v  5.4305 0.2241 -3.9134
v  -2.6437 0.2039 -3.7577
v  -2.6437 0.0139 -3.7614
v  -2.6437 0.2241 -3.9134
v  -2.6437 0.2213 -3.7703
v  0.5182 -0.1904 3.1412
v  0.5182 4.7764 3.2382
v  0.3360 4.6696 3.2361
v  0.3360 -0.1904 3.1412
v  0.5393 4.7928 3.0352
v  0.5393 4.7892 3.2174
v  0.5393 -0.1900 3.1201
v  0.5393 -0.1864 2.9380
v  0.5182 4.7808 3.0139
v  0.3360 4.6740 3.0118
v  0.3149 4.6612 3.0327
v  0.3149 4.6577 3.2148
v  0.3149 -0.1900 3.1201
v  0.3149 -0.1864 2.9380
v  0.5182 -0.1860 2.9169
v  0.3360 -0.1860 2.9169
v  5.4515 2.1164 3.1385
v  5.2523 2.3064 3.1422
v  -2.4462 2.3064 3.1422
v  -2.6365 2.1164 3.1385
v  -2.6365 2.1033 2.9310
v  5.4518 2.1033 2.9310
v  5.4518 2.0996 3.1210
v  -2.6365 2.0996 3.1210
v  5.2523 2.3108 2.9179
v  5.2520 2.3276 2.9354
v  5.2520 2.3239 3.1254
v  5.4515 2.1208 2.9142
v  -2.4462 2.3276 2.9354
v  -2.4462 2.3239 3.1254
v  -2.4462 2.3108 2.9179
v  -2.6365 2.1208 2.9142
v  1.3196 5.7845 3.1809
v  1.3196 5.7874 3.0347
v  0.5858 4.8523 3.0165
v  0.5858 4.8494 3.1627
v  1.4667 5.7586 3.0342
v  0.7973 4.8566 3.0166
v  1.4667 5.7558 3.1804
v  0.7973 4.8538 3.1628
v  -2.6556 2.2225 2.9651
v  -2.5631 2.1558 2.9638
v  -2.5631 2.1529 3.1100
v  -2.6556 2.2196 3.1113
v  -0.9836 3.1341 3.1292
v  -1.1049 3.1959 3.1304
v  -0.1381 3.8550 3.1432
v  -0.2088 4.0072 3.1462
v  -0.9836 3.1370 2.9830
v  -0.1381 3.8578 2.9971
v  -1.1049 3.1988 2.9842
v  -0.2088 4.0100 3.0000
v  2.2192 4.8521 3.0247
v  1.4854 5.7872 3.0429
v  1.4854 5.7843 3.1891
v  2.2192 4.8493 3.1709
v  1.3382 5.7556 3.1886
v  2.0077 4.8536 3.1709
v  1.3382 5.7585 3.0424
v  2.0077 4.8565 3.0247
v  5.3680 2.1527 3.1182
v  5.3680 2.1556 2.9720
v  5.4606 2.2223 2.9733
v  5.4606 2.2194 3.1195
v  3.9098 3.1986 2.9924
v  3.7886 3.1368 2.9911
v  2.9430 3.8577 3.0052
v  3.0138 4.0099 3.0082
v  3.7886 3.1340 3.1373
v  2.9430 3.8548 3.1514
v  3.9098 3.1958 3.1385
v  3.0138 4.0070 3.1544
v  1.3196 5.9180 -3.6545
v  1.3196 5.9209 -3.8007
v  0.5858 4.9858 -3.8189
v  0.5858 4.9830 -3.6727
v  0.7973 4.9901 -3.8189
v  1.4667 5.8922 -3.8012
v  1.4667 5.8893 -3.6550
v  0.7973 4.9873 -3.6727
v  -2.5631 2.2864 -3.7254
v  -2.6556 2.3531 -3.7241
v  -2.6556 2.3560 -3.8703
v  -2.5631 2.2893 -3.8716
v  -0.9836 3.2676 -3.7063
v  -1.1049 3.3294 -3.7050
v  -0.1381 3.9885 -3.6922
v  -0.2088 4.1407 -3.6892
v  -0.9836 3.2705 -3.8524
v  -0.1381 3.9913 -3.8384
v  -1.1049 3.3323 -3.8512
v  -0.2088 4.1436 -3.8354
v  2.2192 4.9857 -3.8108
v  1.4854 5.9207 -3.7925
v  1.4854 5.9179 -3.6463
v  2.2192 4.9828 -3.6646
v  1.3382 5.8891 -3.6469
v  2.0077 4.9871 -3.6645
v  1.3382 5.8920 -3.7931
v  2.0077 4.9900 -3.8107
v  5.3680 2.2863 -3.7172
v  5.3680 2.2891 -3.8634
v  5.4606 2.3558 -3.8621
v  5.4606 2.3530 -3.7159
v  3.7886 3.2703 -3.8443
v  3.9098 3.3321 -3.8431
v  2.9430 3.9912 -3.8302
v  3.0138 4.1434 -3.8272
v  3.7886 3.2675 -3.6981
v  2.9430 3.9883 -3.6840
v  3.9098 3.3293 -3.6969
v  3.0138 4.1405 -3.6810
v  0.5182 4.9112 -3.6596
v  0.3360 4.8044 -3.6617
v  0.3360 -0.0912 -3.7573
v  0.5182 -0.0912 -3.7573
v  0.5393 4.9239 -3.6804
v  0.5393 -0.0908 -3.7784
v  0.5393 -0.0872 -3.9605
v  0.5393 4.9275 -3.8626
v  0.5182 4.9156 -3.8839
v  0.3360 4.8087 -3.8860
v  0.3149 4.7960 -3.8652
v  0.3149 4.7924 -3.6830
v  0.3149 -0.0872 -3.9605
v  0.3149 -0.0908 -3.7784
v  0.5182 -0.0868 -3.9816
v  0.3360 -0.0868 -3.9816
v  2.5011 4.8324 -3.6611
v  2.3189 4.9118 -3.6596
v  2.3189 -0.0912 -3.7573
v  2.5011 -0.0912 -3.7573
v  2.5222 4.8272 -3.8645
v  2.5222 4.8236 -3.6824
v  2.5222 -0.0908 -3.7784
v  2.5222 -0.0872 -3.9605
v  2.5011 4.8368 -3.8854
v  2.3189 4.9162 -3.8839
v  2.2978 4.9250 -3.8626
v  2.2978 4.9214 -3.6804
v  2.2978 -0.0872 -3.9605
v  2.2978 -0.0908 -3.7784
v  2.5011 -0.0868 -3.9816
v  2.3189 -0.0868 -3.9816
v  0.4364 2.1539 3.0984
v  0.3150 2.2236 3.0998
v  -0.9951 0.2323 3.0609
v  -0.9312 0.0854 3.0580
v  0.4556 2.1638 2.9521
v  0.4556 2.1612 3.0864
v  -0.9321 0.0622 3.0454
v  -0.9321 0.0649 2.9111
v  0.4364 2.1570 2.9399
v  0.3150 2.2267 2.9412
v  0.2949 2.2180 2.9532
v  0.2949 2.2153 3.0875
v  -0.9932 0.2600 2.9150
v  -0.9932 0.2574 3.0492
v  -0.9312 0.0885 2.8995
v  -0.9951 0.2354 2.9023
v  0.4255 0.2077 2.9269
v  0.3615 0.0608 2.9241
v  -1.0061 2.1293 2.9645
v  -0.8847 2.1990 2.9658
v  -1.0252 2.1361 2.9767
v  0.3625 0.0372 2.9357
v  0.3625 0.0345 3.0700
v  -1.0252 2.1334 3.1110
v  -1.0061 2.1262 3.1230
v  -0.8847 2.1959 3.1244
v  -0.8645 2.1876 3.1121
v  -0.8645 2.1903 2.9778
v  0.4235 0.2297 3.0738
v  0.4235 0.2323 2.9396
v  0.3615 0.0577 3.0826
v  0.4255 0.2046 3.0855
v  2.4092 0.1404 3.0591
v  2.4993 0.0427 3.0572
v  3.8243 2.1539 3.0984
v  3.7029 2.2236 3.0998
v  3.8434 2.1612 3.0864
v  2.4984 0.0196 3.0446
v  2.4984 0.0222 2.9103
v  3.8434 2.1638 2.9521
v  3.8243 2.1570 2.9399
v  3.7029 2.2267 2.9412
v  3.6827 2.2180 2.9532
v  3.6827 2.2153 3.0875
v  2.4111 0.1681 2.9132
v  2.4111 0.1655 3.0475
v  2.4993 0.0458 2.8986
v  2.4092 0.1435 2.9005
v  2.4272 4.3115 3.0071
v  2.5145 4.4209 3.0092
v  3.8019 2.3218 2.9682
v  3.6983 2.2316 2.9665
v  2.4080 4.3183 3.0194
v  3.6992 2.2080 2.9782
v  3.6992 2.2054 3.1124
v  2.4080 4.3156 3.1537
v  2.4272 4.3084 3.1657
v  2.5145 4.4178 3.1678
v  2.5347 4.4122 3.0212
v  2.5347 4.4095 3.1555
v  3.8000 2.3438 3.1151
v  3.8000 2.3465 2.9809
v  3.6983 2.2285 3.1250
v  3.8019 2.3187 3.1268
v  5.3755 2.1323 -3.8085
v  5.5186 2.1323 -3.8085
v  5.5186 1.9961 3.1624
v  5.3755 1.9961 3.1631
v  5.5315 2.0133 3.1627
v  5.5315 2.1495 -3.8082
v  5.5315 2.3395 -3.8044
v  5.5315 2.2033 3.1664
v  5.5186 2.2204 3.1668
v  5.3755 2.2204 3.1675
v  5.3626 2.2033 3.1672
v  5.3626 2.0133 3.1635
v  5.3626 2.3395 -3.8044
v  5.3626 2.1495 -3.8082
v  5.5186 2.3566 -3.8041
v  5.3755 2.3566 -3.8041
v  5.2829 2.4389 -3.6404
v  -2.4711 2.4389 -3.6404
v  -2.6444 2.2489 -3.6441
v  5.5224 2.2489 -3.6441
v  5.5226 2.2321 -3.6616
v  -2.6444 2.2321 -3.6616
v  -2.6444 2.2358 -3.8515
v  5.5226 2.2358 -3.8515
v  5.5224 2.2533 -3.8684
v  5.2829 2.4432 -3.8647
v  5.2826 2.4564 -3.6572
v  5.2826 2.4601 -3.8472
v  -2.4711 2.4601 -3.8472
v  -2.4711 2.4564 -3.6572
v  -2.6444 2.2533 -3.8684
v  -2.4711 2.4432 -3.8647
v  -2.6856 2.0149 3.1634
v  -2.6856 2.1511 -3.8081
v  -2.5424 2.1511 -3.8081
v  -2.5424 2.0150 3.1628
v  -2.5295 2.0321 3.1630
v  -2.5295 2.1683 -3.8078
v  -2.5295 2.3583 -3.8041
v  -2.5295 2.2221 3.1668
v  -2.5424 2.2393 3.1672
v  -2.6856 2.2392 3.1678
v  -2.6985 2.0321 3.1638
v  -2.6985 2.2221 3.1676
v  -2.6985 2.3583 -3.8041
v  -2.6985 2.1683 -3.8078
v  -2.5424 2.3754 -3.8037
v  -2.6856 2.3754 -3.8037
v  1.4626 3.3020 3.1520
v  1.4626 2.2447 3.1313
v  1.3429 2.2447 3.1313
v  1.3429 3.3024 3.1520
v  1.3321 3.3027 3.1416
v  1.3321 2.2449 3.1209
v  1.3321 2.2472 3.0060
v  1.3321 3.3049 3.0267
v  1.3429 3.3051 3.0163
v  1.4626 3.3047 3.0163
v  1.4734 3.3022 3.1416
v  1.4734 3.3044 3.0267
v  1.4734 2.2472 3.0060
v  1.4734 2.2449 3.1209
v  1.3429 2.2474 2.9957
v  1.4626 2.2474 2.9957
v  1.4826 3.3424 2.9882
v  1.3813 3.2506 2.9864
v  0.4599 4.6143 3.0130
v  0.5487 4.7177 3.0150
v  0.4435 4.6155 3.0252
v  1.3798 3.2323 2.9982
v  1.3798 3.2297 3.1325
v  0.4435 4.6129 3.1595
v  0.4599 4.6112 3.1716
v  0.5487 4.7146 3.1736
v  0.5658 4.7124 3.1614
v  0.5658 4.7150 3.0271
v  1.4834 3.3586 3.1350
v  1.4834 3.3612 3.0007
v  1.3813 3.2475 3.1449
v  1.4826 3.3393 3.1467
v  2.3908 4.6112 3.1716
v  2.3021 4.7146 3.1736
v  1.3681 3.3393 3.1467
v  1.4694 3.2475 3.1449
v  2.4072 4.6129 3.1595
v  1.4709 3.2297 3.1325
v  1.4709 3.2323 2.9982
v  2.4072 4.6155 3.0252
v  2.3908 4.6143 3.0130
v  2.3021 4.7177 3.0150
v  2.2850 4.7124 3.1614
v  2.2850 4.7150 3.0271
v  1.3673 3.3612 3.0007
v  1.3673 3.3586 3.1350
v  1.4694 3.2506 2.9864
v  1.3681 3.3424 2.9882
v  5.5177 -0.0940 1.3341
v  5.5248 -0.0942 1.3435
v  5.5248 -0.0964 1.4579
v  5.4396 -0.0936 1.3341
v  5.4325 -0.0937 1.3435
v  5.5177 -0.0966 1.4672
v  5.4396 -0.0962 1.4672
v  5.4325 -0.0959 1.4579
v  5.5248 0.6190 1.3669
v  5.5248 0.6167 1.4833
v  5.5177 0.6165 1.4926
v  5.4396 0.6168 1.4926
v  5.4325 0.6170 1.4833
v  5.4325 0.6193 1.3669
v  5.4396 0.6194 1.3575
v  5.5177 0.6192 1.3575
v  5.5225 0.6016 1.4830
v  5.5154 0.6014 1.4923
v  5.4373 0.6016 1.4923
v  5.4302 0.6018 1.4830
v  5.4302 0.6040 1.3666
v  5.4373 0.6042 1.3572
v  5.5154 0.6040 1.3572
v  5.5225 0.6038 1.3666
v  5.4384 1.1019 3.0477
v  5.5166 1.1018 3.0482
v  5.5236 1.1112 3.0484
v  5.4313 1.1112 3.0479
v  5.5236 1.2256 3.0506
v  5.5166 1.2350 3.0508
v  5.4384 1.2350 3.0503
v  5.4313 1.2256 3.0501
v  5.4313 1.1652 0.7667
v  5.4313 1.2816 0.7690
v  5.4313 1.2926 -0.3820
v  5.4313 1.1836 -0.3841
v  5.5236 1.1409 2.0146
v  5.5236 1.2573 2.0169
v  5.5166 1.3020 -0.3818
v  5.4384 1.3020 -0.3818
v  5.4384 1.2910 0.7692
v  5.5166 1.2910 0.7694
v  5.4384 1.1742 -0.3843
v  5.5166 1.1742 -0.3843
v  5.5166 1.1559 0.7667
v  5.4384 1.1559 0.7666
v  5.5166 1.2666 2.0170
v  5.4384 1.2666 2.0168
v  5.4313 1.2573 2.0166
v  5.4313 1.1409 2.0143
v  5.5166 1.1315 2.0144
v  5.4384 1.1315 2.0141
v  5.5236 1.1836 -0.3841
v  5.5236 1.2926 -0.3820
v  5.5236 1.1652 0.7669
v  5.5236 1.2816 0.7692
v  5.5213 1.2570 2.0320
v  5.5143 1.2663 2.0322
v  5.4361 1.2663 2.0320
v  5.4291 1.2570 2.0318
v  5.4291 1.1406 2.0295
v  5.4361 1.1312 2.0294
v  5.5143 1.1312 2.0295
v  5.5213 1.1406 2.0297
v  5.5166 1.2171 -2.8510
v  5.5236 1.2265 -2.8508
v  5.5236 1.3408 -2.8486
v  5.4384 1.2171 -2.8515
v  5.4313 1.2265 -2.8513
v  5.5166 1.3502 -2.8484
v  5.4384 1.3502 -2.8489
v  5.4313 1.3408 -2.8491
v  5.5236 1.2550 -3.8282
v  5.5236 1.3714 -3.8260
v  5.5166 1.3808 -3.8258
v  5.4384 1.3808 -3.8261
v  5.4313 1.3714 -3.8263
v  5.4313 1.2550 -3.8285
v  5.5166 1.2456 -3.8284
v  5.4384 1.2456 -3.8287
v  5.5213 1.3711 -3.8108
v  5.5143 1.3805 -3.8107
v  5.4361 1.3805 -3.8108
v  5.4291 1.3711 -3.8110
v  5.4291 1.2547 -3.8133
v  5.4361 1.2453 -3.8135
v  5.5143 1.2453 -3.8133
v  5.5213 1.2547 -3.8131
v  5.5177 -0.0440 -2.3298
v  5.5248 -0.0442 -2.3204
v  5.5248 -0.0464 -2.2061
v  5.5177 -0.0466 -2.1967
v  5.4396 -0.0461 -2.1967
v  5.4325 -0.0459 -2.2061
v  5.4396 -0.0435 -2.3298
v  5.4325 -0.0437 -2.3204
v  5.4325 1.7466 -2.1596
v  5.4325 2.2190 -2.1618
v  5.4325 2.2211 -2.2709
v  5.4325 1.7488 -2.2760
v  5.5248 0.6683 -2.1806
v  5.5248 0.6706 -2.2970
v  5.5177 1.7462 -2.1502
v  5.5177 2.2188 -2.1525
v  5.4396 2.2188 -2.1525
v  5.4396 1.7464 -2.1502
v  5.4396 1.7490 -2.2853
v  5.4396 2.2213 -2.2803
v  5.5177 2.2213 -2.2803
v  5.5177 1.7488 -2.2853
v  5.5177 0.6682 -2.1713
v  5.4396 0.6684 -2.1713
v  5.4325 0.6686 -2.1806
v  5.4325 0.6709 -2.2970
v  5.5177 0.6708 -2.3064
v  5.4396 0.6711 -2.3064
v  5.5248 2.2211 -2.2709
v  5.5248 2.2190 -2.1618
v  5.5248 1.7486 -2.2760
v  5.5248 1.7464 -2.1596
v  5.5225 0.6555 -2.2973
v  5.5225 0.6532 -2.1809
v  5.5154 0.6530 -2.1716
v  5.4373 0.6532 -2.1716
v  5.4302 0.6534 -2.1809
v  5.4302 0.6557 -2.2973
v  5.4373 0.6558 -2.3067
v  5.5154 0.6557 -2.3067
v  -2.5944 -0.0514 -2.2097
v  -2.6015 -0.0516 -2.2003
v  -2.6796 -0.0520 -2.2003
v  -2.6867 -0.0519 -2.2097
v  -2.6867 -0.0496 -2.3241
v  -2.6796 -0.0494 -2.3334
v  -2.6015 -0.0490 -2.3334
v  -2.5944 -0.0491 -2.3241
v  -2.6867 0.6658 -2.2051
v  -2.6867 0.6680 -2.3215
v  -2.6796 0.6683 -2.3309
v  -2.6015 0.6685 -2.3309
v  -2.5944 0.6661 -2.2051
v  -2.5944 0.6684 -2.3215
v  -2.6015 0.6659 -2.1958
v  -2.6796 0.6656 -2.1958
v  -2.6844 0.6529 -2.3218
v  -2.6773 0.6531 -2.3312
v  -2.5992 0.6533 -2.3312
v  -2.5921 0.6531 -2.3218
v  -2.5921 0.6508 -2.2054
v  -2.5992 0.6506 -2.1960
v  -2.6773 0.6505 -2.1961
v  -2.6844 0.6506 -2.2054
v  -2.5932 1.2463 -3.8652
v  -2.6003 1.2369 -3.8654
v  -2.6784 1.2369 -3.8658
v  -2.6855 1.2463 -3.8657
v  -2.6855 1.3606 -3.8635
v  -2.6784 1.3700 -3.8632
v  -2.6003 1.3700 -3.8628
v  -2.5932 1.3606 -3.8630
v  -2.5932 1.2111 -1.5837
v  -2.5932 1.3275 -1.5814
v  -2.5932 1.2936 -0.4308
v  -2.5932 1.1845 -0.4330
v  -2.6855 1.2355 -2.8315
v  -2.6855 1.3519 -2.8293
v  -2.6003 1.3030 -0.4306
v  -2.6003 1.3369 -1.5812
v  -2.6784 1.3369 -1.5814
v  -2.6784 1.3030 -0.4306
v  -2.6003 1.2018 -1.5839
v  -2.6003 1.1752 -0.4331
v  -2.6784 1.1752 -0.4331
v  -2.6784 1.2018 -1.5840
v  -2.6784 1.3613 -2.8290
v  -2.6003 1.3613 -2.8288
v  -2.5932 1.3519 -2.8289
v  -2.5932 1.2355 -2.8312
v  -2.6003 1.2261 -2.8314
v  -2.6784 1.2262 -2.8317
v  -2.6855 1.1845 -0.4330
v  -2.6855 1.2936 -0.4308
v  -2.6855 1.2112 -1.5839
v  -2.6855 1.3275 -1.5816
v  -2.6832 1.2358 -2.8467
v  -2.6832 1.3522 -2.8444
v  -2.6762 1.3616 -2.8442
v  -2.5980 1.3616 -2.8440
v  -2.5909 1.3522 -2.8442
v  -2.5909 1.2358 -2.8465
v  -2.5980 1.2264 -2.8467
v  -2.6762 1.2265 -2.8468
v  -2.5932 1.1310 2.0340
v  -2.6003 1.1217 2.0338
v  -2.6784 1.1217 2.0334
v  -2.6855 1.1310 2.0335
v  -2.6855 1.2454 2.0357
v  -2.6784 1.2548 2.0360
v  -2.6003 1.2548 2.0364
v  -2.5932 1.2454 2.0362
v  -2.6855 1.1214 3.0113
v  -2.6855 1.2378 3.0136
v  -2.6784 1.2472 3.0138
v  -2.6003 1.2471 3.0140
v  -2.5932 1.2378 3.0139
v  -2.5932 1.1214 3.0116
v  -2.6003 1.1120 3.0114
v  -2.6784 1.1120 3.0111
v  -2.6832 1.1217 2.9962
v  -2.6832 1.2381 2.9984
v  -2.6762 1.2474 2.9986
v  -2.5980 1.2474 2.9988
v  -2.5909 1.2381 2.9986
v  -2.5909 1.1217 2.9964
v  -2.5980 1.1123 2.9962
v  -2.6762 1.1123 2.9960
v  -2.6015 -0.1054 1.4635
v  -2.6796 -0.1058 1.4635
v  -2.6867 -0.1056 1.4542
v  -2.6867 -0.1034 1.3398
v  -2.6796 -0.1032 1.3304
v  -2.6015 -0.1028 1.3304
v  -2.5944 -0.1051 1.4542
v  -2.5944 -0.1029 1.3398
v  -2.5944 1.6884 1.3633
v  -2.5944 2.1250 1.3833
v  -2.5944 2.1228 1.4924
v  -2.5944 1.6861 1.4797
v  -2.6867 0.6970 1.4604
v  -2.6867 0.6992 1.3440
v  -2.6796 1.6884 1.3539
v  -2.6796 2.1251 1.3740
v  -2.6015 2.1251 1.3740
v  -2.6015 1.6886 1.3540
v  -2.6796 1.6858 1.4891
v  -2.6015 1.6860 1.4891
v  -2.6015 2.1226 1.5018
v  -2.6796 2.1226 1.5018
v  -2.6796 0.6994 1.3346
v  -2.6015 0.6997 1.3346
v  -2.5944 0.6973 1.4604
v  -2.5944 0.6995 1.3440
v  -2.6796 0.6968 1.4698
v  -2.6015 0.6971 1.4698
v  -2.6867 2.1228 1.4924
v  -2.6867 2.1250 1.3833
v  -2.6867 1.6860 1.4797
v  -2.6867 1.6882 1.3633
v  -2.6844 0.6818 1.4601
v  -2.6844 0.6841 1.3437
v  -2.6773 0.6843 1.3343
v  -2.5992 0.6845 1.3343
v  -2.5921 0.6843 1.3437
v  -2.5921 0.6820 1.4601
v  -2.5992 0.6818 1.4695
v  -2.6773 0.6817 1.4695
v  -1.9184 -0.0814 3.0720
v  -1.9278 -0.0813 3.0649
v  -1.9278 -0.0802 2.9868
v  -1.9184 -0.0801 2.9797
v  -1.8040 -0.0801 2.9797
v  -1.7946 -0.0802 2.9868
v  -1.7946 -0.0813 3.0649
v  -1.8040 -0.0814 3.0720
v  -1.9090 1.5905 3.1046
v  -1.7926 1.5905 3.1046
v  -1.8040 2.1780 3.1161
v  -1.9131 2.1780 3.1161
v  -1.7926 0.7401 2.9957
v  -1.9090 0.7401 2.9957
v  -1.7946 2.1796 3.0309
v  -1.7946 2.1781 3.1091
v  -1.7832 1.5906 3.0976
v  -1.7832 1.5920 3.0194
v  -1.9225 2.1796 3.0309
v  -1.9183 1.5920 3.0194
v  -1.9183 1.5906 3.0976
v  -1.9225 2.1781 3.1091
v  -1.7832 0.7400 3.0028
v  -1.7832 0.7388 3.0809
v  -1.9090 0.7386 3.0880
v  -1.7926 0.7386 3.0880
v  -1.9183 0.7388 3.0809
v  -1.9183 0.7400 3.0028
v  -1.9131 2.1798 3.0239
v  -1.8040 2.1798 3.0239
v  -1.9090 1.5921 3.0124
v  -1.7926 1.5921 3.0124
v  -1.9090 0.7250 2.9977
v  -1.7926 0.7250 2.9977
v  -1.7832 0.7248 3.0048
v  -1.7832 0.7235 3.0829
v  -1.7926 0.7233 3.0900
v  -1.9090 0.7233 3.0900
v  -1.9183 0.7235 3.0829
v  -1.9183 0.7248 3.0048
v  4.5180 -0.0814 3.0720
v  4.5086 -0.0813 3.0649
v  4.5086 -0.0802 2.9868
v  4.5180 -0.0801 2.9797
v  4.6324 -0.0801 2.9797
v  4.6418 -0.0802 2.9868
v  4.6418 -0.0813 3.0649
v  4.6324 -0.0814 3.0720
v  4.5275 0.7401 2.9957
v  4.6439 0.7401 2.9957
v  4.6532 0.7400 3.0028
v  4.6532 0.7388 3.0809
v  4.5275 0.7386 3.0880
v  4.6439 0.7386 3.0880
v  4.5181 0.7388 3.0809
v  4.5181 0.7400 3.0028
v  4.6439 0.7250 2.9977
v  4.6532 0.7248 3.0048
v  4.6532 0.7235 3.0829
v  4.6439 0.7233 3.0900
v  4.5275 0.7233 3.0900
v  4.5181 0.7235 3.0829
v  4.5181 0.7248 3.0048
v  4.5275 0.7250 2.9977
v  5.4384 0.0119 2.9634
v  5.5166 0.0117 2.9638
v  5.5236 0.0196 2.9688
v  5.5236 0.1167 3.0293
v  5.5166 0.1247 3.0342
v  5.4384 0.1249 3.0338
v  5.4313 0.0199 2.9683
v  5.4313 0.1170 3.0289
v  5.4313 1.7402 0.8344
v  5.4313 2.1793 -0.3182
v  5.4313 2.0477 -0.3656
v  5.4313 1.5856 0.7939
v  5.5236 0.5662 1.9607
v  5.5236 0.6650 2.0222
v  5.5166 2.1872 -0.3132
v  5.4384 2.1872 -0.3132
v  5.4384 1.7482 0.8394
v  5.5166 1.7481 0.8396
v  5.4384 2.0398 -0.3705
v  5.5166 2.0398 -0.3705
v  5.5166 1.5776 0.7892
v  5.4384 1.5777 0.7890
v  5.5166 0.6730 2.0272
v  5.4384 0.6731 2.0269
v  5.4313 0.6652 2.0219
v  5.4313 0.5664 1.9604
v  5.4384 0.5584 1.9554
v  5.5166 0.5583 1.9557
v  5.5236 2.0477 -0.3656
v  5.5236 2.1793 -0.3182
v  5.5236 1.5855 0.7941
v  5.5236 1.7401 0.8346
v  5.5213 0.6561 2.0366
v  5.5143 0.6641 2.0415
v  5.4361 0.6641 2.0414
v  5.4291 0.6562 2.0364
v  5.4291 0.5574 1.9748
v  5.4361 0.5494 1.9699
v  5.5143 0.5494 1.9700
v  5.5213 0.5573 1.9750
v  5.5166 0.1432 -3.7574
v  5.4384 0.1430 -3.7579
v  5.4313 0.1511 -3.7625
v  5.4313 0.2505 -3.8192
v  5.4384 0.2586 -3.8238
v  5.5166 0.2589 -3.8234
v  5.5236 0.2508 -3.8187
v  5.5236 0.1514 -3.7621
v  5.5236 1.6048 -1.6063
v  5.5236 1.7553 -1.6408
v  5.5236 2.2148 -0.4318
v  5.5236 2.1090 -0.3836
v  5.4313 0.6314 -2.7953
v  5.4313 0.7325 -2.8530
v  5.5166 2.2229 -0.4365
v  5.5166 1.7635 -1.6455
v  5.4384 1.7634 -1.6456
v  5.4384 2.2229 -0.4365
v  5.4384 2.1009 -0.3789
v  5.4384 1.5965 -1.6018
v  5.5166 1.5966 -1.6016
v  5.5166 2.1009 -0.3789
v  5.4384 0.7407 -2.8576
v  5.5166 0.7408 -2.8573
v  5.5236 0.7327 -2.8527
v  5.5236 0.6316 -2.7950
v  5.5166 0.6234 -2.7904
v  5.4384 0.6233 -2.7906
v  5.4313 2.2148 -0.4318
v  5.4313 2.1090 -0.3836
v  5.4313 1.6047 -1.6065
v  5.4313 1.7552 -1.6410
v  5.4336 0.7242 -2.8676
v  5.4407 0.7323 -2.8723
v  5.5188 0.7324 -2.8721
v  5.5259 0.7243 -2.8674
v  5.5259 0.6232 -2.8098
v  5.5188 0.6150 -2.8051
v  5.4407 0.6149 -2.8053
v  5.4336 0.6231 -2.8099
v  -2.6004 0.0117 2.9638
v  -2.5933 0.0196 2.9688
v  -2.5933 0.1167 3.0293
v  -2.6004 0.1247 3.0342
v  -2.6785 0.0119 2.9634
v  -2.6785 0.1249 3.0338
v  -2.6856 0.1170 3.0289
v  -2.6856 0.0199 2.9683
v  -2.6856 1.7402 0.8344
v  -2.6856 2.1793 -0.3182
v  -2.6856 2.0477 -0.3656
v  -2.6856 1.5856 0.7939
v  -2.5933 0.5662 1.9607
v  -2.5933 0.6650 2.0222
v  -2.6785 2.1872 -0.3132
v  -2.6785 1.7482 0.8394
v  -2.6004 1.7481 0.8396
v  -2.6004 2.1872 -0.3132
v  -2.6785 1.5777 0.7890
v  -2.6785 2.0398 -0.3705
v  -2.6004 2.0398 -0.3705
v  -2.6004 1.5776 0.7892
v  -2.6785 0.6731 2.0269
v  -2.6004 0.6730 2.0272
v  -2.6856 0.6652 2.0219
v  -2.6856 0.5664 1.9604
v  -2.6785 0.5584 1.9554
v  -2.6004 0.5583 1.9557
v  -2.5933 2.0477 -0.3656
v  -2.5933 2.1793 -0.3182
v  -2.5933 1.5855 0.7941
v  -2.5933 1.7401 0.8346
v  -2.5956 0.5573 1.9750
v  -2.5956 0.6561 2.0366
v  -2.6027 0.6641 2.0415
v  -2.6808 0.6641 2.0414
v  -2.6879 0.6562 2.0364
v  -2.6879 0.5574 1.9748
v  -2.6808 0.5494 1.9699
v  -2.6027 0.5494 1.9700
v  -2.6785 0.1430 -3.7579
v  -2.6856 0.1511 -3.7625
v  -2.6856 0.2505 -3.8192
v  -2.6004 0.1432 -3.7574
v  -2.6785 0.2586 -3.8238
v  -2.6004 0.2589 -3.8234
v  -2.5933 0.1514 -3.7621
v  -2.5933 0.2508 -3.8187
v  -2.5933 1.7553 -1.6408
v  -2.5933 2.2148 -0.4318
v  -2.5933 2.1090 -0.3836
v  -2.5933 1.6048 -1.6063
v  -2.6856 0.6314 -2.7953
v  -2.6856 0.7325 -2.8530
v  -2.6785 1.7634 -1.6456
v  -2.6785 2.2229 -0.4365
v  -2.6004 2.2229 -0.4365
v  -2.6004 1.7635 -1.6455
v  -2.6785 1.5965 -1.6018
v  -2.6004 1.5966 -1.6016
v  -2.6004 2.1009 -0.3789
v  -2.6785 2.1009 -0.3789
v  -2.6785 0.7407 -2.8576
v  -2.6004 0.7408 -2.8573
v  -2.5933 0.7327 -2.8527
v  -2.5933 0.6316 -2.7950
v  -2.6004 0.6234 -2.7904
v  -2.6785 0.6233 -2.7906
v  -2.6856 2.1090 -0.3836
v  -2.6856 2.2148 -0.4318
v  -2.6856 1.6047 -1.6065
v  -2.6856 1.7552 -1.6410
v  -2.6833 0.7242 -2.8676
v  -2.6762 0.7323 -2.8723
v  -2.5981 0.7324 -2.8721
v  -2.5910 0.7243 -2.8674
v  -2.5910 0.6232 -2.8098
v  -2.5981 0.6150 -2.8051
v  -2.6762 0.6149 -2.8053
v  -2.6833 0.6231 -2.8099
# 1112 vertices

vn 0.0000 -0.0195 0.9998
vn 1.0000 0.0000 -0.0000
vn 0.3996 0.9165 0.0179
vn -1.0000 0.0000 -0.0000
vn 0.0000 0.0195 -0.9998
vn -0.7071 -0.0138 0.7070
vn -0.7071 0.0138 -0.7070
vn 0.7071 0.0138 -0.7070
vn 0.7071 -0.0138 0.7070
vn 0.0000 -0.9998 -0.0196
vn -0.6015 0.7987 0.0156
vn 0.6015 0.7987 0.0156
vn 0.0747 0.0798 0.9940
vn -0.7314 0.6818 0.0133
vn 0.6737 0.7389 0.0144
vn 0.6873 0.7263 0.0142
vn 0.0000 0.9998 0.0196
vn 0.0000 0.6932 0.7208
vn 0.0000 0.7208 -0.6932
vn 0.0000 -0.6932 -0.7208
vn 0.0000 -0.7208 0.6932
vn -0.6906 0.7231 0.0141
vn 0.7335 0.6795 0.0133
vn -0.6698 0.7424 0.0145
vn 0.0047 -0.0195 0.9998
vn -0.7988 -0.6015 -0.0118
vn -0.7988 0.6015 0.0118
vn 0.7988 0.6015 0.0118
vn 0.7988 -0.6015 -0.0118
vn 1.0000 0.0001 -0.0055
vn -0.0069 -0.9998 -0.0195
vn 0.0025 0.9998 0.0195
vn 0.0070 -0.9998 -0.0195
vn -0.0057 0.9998 0.0196
vn 0.0042 -0.6171 0.7869
vn 0.0015 0.5859 0.8104
vn 0.0015 0.6171 -0.7869
vn -0.0041 -0.5859 -0.8104
vn -0.0041 -0.6171 0.7869
vn -0.0034 0.5859 0.8104
vn -0.0034 0.6171 -0.7869
vn 0.0042 -0.5859 -0.8104
vn -1.0000 -0.0001 0.0034
vn 1.0000 0.0000 -0.0021
vn 0.0000 -0.6171 0.7869
vn 0.0000 0.5859 0.8104
vn 0.0000 0.6171 -0.7869
vn 0.0000 -0.5859 -0.8104
vn -0.5058 0.8625 0.0169
vn 0.7431 0.6691 0.0131
vn -0.7587 0.6513 0.0127
vn -0.7867 0.6172 0.0121
vn 0.8031 -0.5958 -0.0117
vn -0.5848 -0.8110 -0.0159
vn 0.1916 0.9813 0.0192
vn 0.5278 -0.8492 -0.0166
vn 0.6488 -0.7608 -0.0149
vn 0.7300 -0.6834 -0.0134
vn -0.5329 0.8460 0.0165
vn -0.6712 0.7411 0.0145
vn -0.7274 0.6861 0.0134
vn 0.7867 0.6172 0.0121
vn -0.8031 -0.5958 -0.0117
vn 0.5848 -0.8110 -0.0159
vn -0.1916 0.9813 0.0192
vn -0.5278 -0.8492 -0.0166
vn -0.6488 -0.7608 -0.0149
vn -0.7300 -0.6834 -0.0134
vn 0.5329 0.8460 0.0165
vn 0.6712 0.7411 0.0145
vn 0.7274 0.6861 0.0134
vn 0.8342 -0.5513 -0.0108
vn 0.3314 0.9433 0.0184
vn -0.8355 0.5494 0.0107
vn -0.5909 0.3747 0.7145
vn -0.5909 0.4023 -0.6993
vn 0.5899 -0.3760 -0.7146
vn 0.5899 -0.4036 0.6994
vn -0.9524 -0.3048 -0.0060
vn -0.8342 -0.5513 -0.0108
vn -0.3314 0.9433 0.0184
vn 0.8355 0.5494 0.0107
vn 0.5909 0.4023 -0.6993
vn 0.5909 0.3747 0.7144
vn -0.5899 -0.4036 0.6994
vn -0.5899 -0.3760 -0.7146
vn 0.9524 -0.3047 -0.0059
vn 0.8469 -0.5317 -0.0104
vn -0.8498 0.5270 0.0103
vn -0.6022 0.3598 0.7127
vn -0.6022 0.3874 -0.6981
vn 0.6000 -0.3628 -0.7130
vn 0.6000 -0.3903 0.6983
vn -0.8516 -0.5240 -0.0102
vn -0.8530 -0.5218 -0.0102
vn -0.6095 0.7926 0.0155
vn 0.8528 0.5222 0.0102
vn 0.6046 0.3841 -0.6978
vn 0.6046 0.3567 0.7122
vn -0.6051 -0.3836 0.6977
vn -0.6051 -0.3561 -0.7121
vn 0.8002 -0.5996 -0.0117
vn 0.6786 0.7344 0.0143
vn -0.7879 0.6157 0.0120
vn -0.0035 -0.9998 -0.0195
vn -0.6926 0.0141 -0.7212
vn -0.6926 -0.0141 0.7212
vn 0.6926 -0.0141 0.7212
vn 0.6926 0.0141 -0.7212
vn -0.8282 -0.5603 -0.0109
vn -0.6404 0.7679 0.0150
vn 0.8278 0.5609 0.0109
vn 0.5870 0.4118 -0.6970
vn 0.5870 0.3844 0.7125
vn -0.5877 -0.4111 0.6968
vn -0.5877 -0.3836 -0.7123
vn 0.7731 -0.6342 -0.0124
vn 0.8282 -0.5603 -0.0109
vn 0.6404 0.7679 0.0150
vn -0.8278 0.5609 0.0109
vn -0.5870 0.3843 0.7125
vn -0.5870 0.4119 -0.6970
vn 0.5877 -0.3836 -0.7124
vn 0.5877 -0.4111 0.6968
vn -0.7731 -0.6342 -0.0124
vn -0.0054 -0.9998 -0.0195
vn -0.0001 -0.0356 0.9994
vn 0.0001 0.0327 -0.9995
vn 0.7987 -0.0214 0.6013
vn 0.7987 0.0197 -0.6014
vn -0.7987 0.0197 -0.6013
vn -0.7988 -0.0214 0.6013
vn 0.0034 0.9998 0.0196
vn -0.0021 -0.9998 -0.0195
vn -0.0054 -0.0195 0.9998
vn 0.0000 1.0000 0.0095
vn 0.0000 -0.9999 -0.0159
vn 0.0000 0.9995 0.0306
vn 0.0000 -0.9996 -0.0286
vn 0.7987 0.6014 0.0185
vn 0.7988 -0.6015 -0.0096
vn -0.7988 -0.6015 -0.0096
vn -0.7988 0.6016 0.0057
vn 0.7988 0.6016 0.0058
vn 0.7988 -0.6014 -0.0173
vn -0.7988 -0.6014 -0.0172
vn -0.7988 0.6013 0.0185
vn 0.0034 0.0195 -0.9998
vn -0.0021 -0.0195 0.9998
vn -0.0001 0.9995 0.0312
vn 0.0000 -0.9996 -0.0292
vn 0.7987 0.6014 0.0189
vn 0.7988 -0.6013 -0.0175
vn -0.7988 -0.6014 -0.0175
vn -0.7988 0.6013 0.0189
vn 0.0000 0.0048 1.0000
vn 0.0000 0.0107 -0.9999
vn -0.0001 -0.0355 0.9994
vn 0.7987 -0.0213 0.6013
vn 0.7988 0.0065 -0.6016
vn -0.7988 0.0064 -0.6016
vn -0.7987 0.0028 0.6017
vn 0.7987 0.0029 0.6017
vn 0.7988 0.0196 -0.6013
vn -0.7987 -0.0213 0.6013
vn 0.0054 -0.9998 -0.0195
vn 0.0001 0.0035 -1.0000
vn -0.0001 -0.0063 1.0000
vn -0.7987 0.0022 -0.6017
vn -0.7988 -0.0039 0.6016
vn 0.7988 -0.0039 0.6016
vn 0.7987 0.0021 -0.6017
vn -0.0034 0.9998 0.0195
vn 0.0021 -0.9998 -0.0195
vn 0.0054 0.0195 -0.9998
vn 0.0000 0.9996 0.0295
vn 0.0000 -0.9997 -0.0231
vn 0.0000 1.0000 0.0084
vn 0.0000 -0.9999 -0.0104
vn -0.7988 0.6016 0.0051
vn -0.7988 -0.6014 -0.0140
vn 0.7988 -0.6014 -0.0139
vn 0.7988 0.6014 0.0178
vn -0.7988 0.6014 0.0178
vn -0.7988 -0.6016 -0.0062
vn 0.7988 -0.6016 -0.0062
vn 0.7988 0.6016 0.0051
vn -0.0034 -0.0195 0.9998
vn 0.0021 0.0195 -0.9998
vn 0.0001 1.0000 0.0078
vn 0.0000 -1.0000 -0.0098
vn -0.7987 0.6016 0.0046
vn -0.7988 -0.6016 -0.0059
vn 0.7988 -0.6016 -0.0059
vn 0.7988 0.6016 0.0046
vn 0.0000 0.0457 -0.9990
vn 0.0000 -0.0290 0.9996
vn 0.0001 0.0052 -1.0000
vn -0.0001 -0.0077 1.0000
vn -0.7987 0.0032 -0.6017
vn -0.7987 -0.0175 0.6014
vn 0.7988 -0.0174 0.6014
vn 0.7987 0.0275 -0.6011
vn -0.7987 0.0276 -0.6011
vn -0.7988 -0.0046 0.6015
vn 0.7988 -0.0047 0.6016
vn 0.7988 0.0032 -0.6016
vn 0.0000 -0.9999 -0.0141
vn 0.9998 0.0195 0.0004
vn -1.0000 -0.0070 -0.0001
vn 0.9999 -0.0140 -0.0002
vn -0.9999 0.0115 0.0002
vn 0.6016 0.0072 -0.7987
vn -0.6016 0.0114 -0.7987
vn -0.6016 -0.0198 0.7985
vn 0.6016 -0.0039 0.7988
vn 0.6016 0.0273 -0.7983
vn -0.6016 0.0225 -0.7985
vn -0.6016 -0.0087 0.7987
vn 0.6016 -0.0240 0.7985
vn 0.0000 0.9999 0.0161
vn 0.0000 -0.9998 -0.0174
vn -0.0060 -0.5290 0.8486
vn 0.0002 0.9345 0.3560
vn -0.0002 -0.9289 -0.3702
vn 0.0003 0.8783 0.4782
vn -0.0003 -0.8791 -0.4767
vn 0.0000 0.3606 -0.9327
vn 0.7983 0.5289 0.2880
vn 0.7941 -0.5646 -0.2251
vn -0.7942 -0.5645 -0.2250
vn -0.7932 0.5691 0.2167
vn 0.7933 0.5689 0.2168
vn 0.7982 -0.5296 -0.2871
vn -0.7983 -0.5295 -0.2871
vn -0.7982 0.5291 0.2880
vn 0.0038 0.5290 -0.8486
vn -0.0023 -0.5290 0.8486
vn 0.1517 -0.5229 0.8388
vn 0.0060 -0.4954 -0.8686
vn -0.0002 0.9348 -0.3552
vn 0.0001 -0.9245 0.3812
vn -0.0003 0.8948 -0.4464
vn 0.0003 -0.8956 0.4448
vn 0.0000 0.4260 0.9047
vn -0.7984 0.5388 -0.2688
vn -0.7964 -0.5591 0.2306
vn 0.7965 -0.5590 0.2305
vn 0.7952 0.5668 -0.2154
vn -0.7953 0.5667 -0.2154
vn -0.7982 -0.5395 0.2679
vn 0.7984 -0.5393 0.2678
vn 0.7983 0.5389 -0.2688
vn -0.0038 0.4954 0.8686
vn 0.0023 -0.4954 -0.8686
vn -0.7983 -0.5294 -0.2871
vn -0.7982 0.5291 0.2881
vn 0.0003 -0.8957 0.4447
vn 0.7983 0.5389 -0.2689
# 259 vertex normals

vt 0.1232 0.3238 0.0000
vt 0.1232 0.3376 0.0000
vt 0.1072 0.3376 0.0000
vt 0.1069 0.3238 0.0000
vt 0.4688 0.0499 0.0000
vt 0.4688 0.0360 0.0000
vt 0.4848 0.0360 0.0000
vt 0.4848 0.0499 0.0000
vt 0.1016 0.4248 0.0000
vt 0.0820 0.4248 0.0000
vt 0.0797 0.4226 0.0000
vt 0.1039 0.4226 0.0000
vt 0.0797 0.4029 0.0000
vt 0.0820 0.4007 0.0000
vt 0.1039 0.4029 0.0000
vt 0.1016 0.4007 0.0000
vt 0.2384 0.3505 0.0000
vt 0.2547 0.3505 0.0000
vt 0.2547 0.3643 0.0000
vt 0.2384 0.3643 0.0000
vt 0.2547 0.3334 0.0000
vt 0.2547 0.3472 0.0000
vt 0.2385 0.3472 0.0000
vt 0.2387 0.3334 0.0000
vt 0.1069 0.3206 0.0000
vt 0.1232 0.3206 0.0000
vt 0.4848 0.0531 0.0000
vt 0.4688 0.0531 0.0000
vt 0.2656 0.0820 0.0000
vt 0.2656 0.0980 0.0000
vt 0.2624 0.0980 0.0000
vt 0.2624 0.0821 0.0000
vt 0.4179 0.1899 0.0000
vt 0.4156 0.1876 0.0000
vt 0.4156 0.1680 0.0000
vt 0.4179 0.1657 0.0000
vt 0.4375 0.1657 0.0000
vt 0.4398 0.1680 0.0000
vt 0.4398 0.1876 0.0000
vt 0.4375 0.1899 0.0000
vt 0.0288 0.3406 0.0000
vt 0.0288 0.3150 0.0000
vt 0.0484 0.3150 0.0000
vt 0.0484 0.3421 0.0000
vt 0.3409 0.0569 0.0000
vt 0.3212 0.0569 0.0000
vt 0.3212 0.0296 0.0000
vt 0.3409 0.0296 0.0000
vt 0.3901 0.2416 0.0000
vt 0.3879 0.2393 0.0000
vt 0.3879 0.2196 0.0000
vt 0.3901 0.2173 0.0000
vt 0.4098 0.2173 0.0000
vt 0.4120 0.2196 0.0000
vt 0.4120 0.2393 0.0000
vt 0.4098 0.2416 0.0000
vt 0.4476 0.0008 0.0000
vt 0.4672 0.0008 0.0000
vt 0.4672 0.0262 0.0000
vt 0.4476 0.0262 0.0000
vt 0.0227 0.3994 0.0000
vt 0.0030 0.3994 0.0000
vt 0.0030 0.3737 0.0000
vt 0.0227 0.3722 0.0000
vt 0.0265 0.3404 0.0000
vt 0.0265 0.3150 0.0000
vt 0.0008 0.3994 0.0000
vt 0.0008 0.3739 0.0000
vt 0.3431 0.0296 0.0000
vt 0.3431 0.0567 0.0000
vt 0.3190 0.0296 0.0000
vt 0.3190 0.0567 0.0000
vt 0.4219 0.0030 0.0000
vt 0.4242 0.0008 0.0000
vt 0.4438 0.0008 0.0000
vt 0.4460 0.0030 0.0000
vt 0.4460 0.0227 0.0000
vt 0.4219 0.0227 0.0000
vt 0.4242 0.0249 0.0000
vt 0.4438 0.0249 0.0000
vt 0.1312 0.2782 0.0000
vt 0.1542 0.2782 0.0000
vt 0.1556 0.2921 0.0000
vt 0.1312 0.2921 0.0000
vt 0.4743 0.4187 0.0000
vt 0.4743 0.4438 0.0000
vt 0.4605 0.4438 0.0000
vt 0.4605 0.4187 0.0000
vt 0.4095 0.2824 0.0000
vt 0.4117 0.2846 0.0000
vt 0.4117 0.3043 0.0000
vt 0.4095 0.3066 0.0000
vt 0.3898 0.3066 0.0000
vt 0.3898 0.2824 0.0000
vt 0.1581 0.3092 0.0000
vt 0.1312 0.3092 0.0000
vt 0.1312 0.2953 0.0000
vt 0.1581 0.2953 0.0000
vt 0.2377 0.3659 0.0000
vt 0.2515 0.3674 0.0000
vt 0.2515 0.3926 0.0000
vt 0.2377 0.3926 0.0000
vt 0.4107 0.4685 0.0000
vt 0.4107 0.4954 0.0000
vt 0.4075 0.4952 0.0000
vt 0.4075 0.4685 0.0000
vt 0.2547 0.3675 0.0000
vt 0.2547 0.3926 0.0000
vt 0.4775 0.4208 0.0000
vt 0.4775 0.4438 0.0000
vt 0.3876 0.3042 0.0000
vt 0.3876 0.2845 0.0000
vt 0.4185 0.1574 0.0000
vt 0.4163 0.1551 0.0000
vt 0.4163 0.1355 0.0000
vt 0.4185 0.1332 0.0000
vt 0.4382 0.1332 0.0000
vt 0.4404 0.1355 0.0000
vt 0.4404 0.1551 0.0000
vt 0.4382 0.1574 0.0000
vt 0.3354 0.1282 0.0000
vt 0.3157 0.1267 0.0000
vt 0.3157 0.1007 0.0000
vt 0.3354 0.1007 0.0000
vt 0.0461 0.4287 0.0000
vt 0.0265 0.4287 0.0000
vt 0.0265 0.4010 0.0000
vt 0.0461 0.4010 0.0000
vt 0.2586 0.4132 0.0000
vt 0.2563 0.4109 0.0000
vt 0.2563 0.3913 0.0000
vt 0.2586 0.3890 0.0000
vt 0.2782 0.3890 0.0000
vt 0.2805 0.3913 0.0000
vt 0.2805 0.4109 0.0000
vt 0.2782 0.4132 0.0000
vt 0.2759 0.4663 0.0000
vt 0.2563 0.4663 0.0000
vt 0.2563 0.4405 0.0000
vt 0.2759 0.4405 0.0000
vt 0.1334 0.3124 0.0000
vt 0.1531 0.3109 0.0000
vt 0.1531 0.3384 0.0000
vt 0.1334 0.3384 0.0000
vt 0.3135 0.1265 0.0000
vt 0.3135 0.1007 0.0000
vt 0.1312 0.3384 0.0000
vt 0.1312 0.3126 0.0000
vt 0.1553 0.3384 0.0000
vt 0.1553 0.3108 0.0000
vt 0.3376 0.1007 0.0000
vt 0.3376 0.1283 0.0000
vt 0.4156 0.3065 0.0000
vt 0.4133 0.3043 0.0000
vt 0.4133 0.2846 0.0000
vt 0.4156 0.2824 0.0000
vt 0.4352 0.2824 0.0000
vt 0.4375 0.2846 0.0000
vt 0.4375 0.3043 0.0000
vt 0.4352 0.3065 0.0000
vt 0.1849 0.3173 0.0000
vt 0.2045 0.3158 0.0000
vt 0.2045 0.3429 0.0000
vt 0.1849 0.3429 0.0000
vt 0.4323 0.4669 0.0000
vt 0.4127 0.4669 0.0000
vt 0.4127 0.4414 0.0000
vt 0.4323 0.4414 0.0000
vt 0.4089 0.3642 0.0000
vt 0.4111 0.3665 0.0000
vt 0.4111 0.3862 0.0000
vt 0.4089 0.3884 0.0000
vt 0.3892 0.3884 0.0000
vt 0.3870 0.3862 0.0000
vt 0.3870 0.3665 0.0000
vt 0.3892 0.3642 0.0000
vt 0.4581 0.3657 0.0000
vt 0.4384 0.3657 0.0000
vt 0.4384 0.3384 0.0000
vt 0.4581 0.3384 0.0000
vt 0.3045 0.3426 0.0000
vt 0.2849 0.3411 0.0000
vt 0.2849 0.3155 0.0000
vt 0.3045 0.3155 0.0000
vt 0.2068 0.3156 0.0000
vt 0.2068 0.3429 0.0000
vt 0.3068 0.3155 0.0000
vt 0.3068 0.3428 0.0000
vt 0.2826 0.3155 0.0000
vt 0.2826 0.3410 0.0000
vt 0.1826 0.3429 0.0000
vt 0.1826 0.3174 0.0000
vt 0.2586 0.4389 0.0000
vt 0.2563 0.4367 0.0000
vt 0.2563 0.4170 0.0000
vt 0.2586 0.4148 0.0000
vt 0.2782 0.4148 0.0000
vt 0.2805 0.4170 0.0000
vt 0.2805 0.4367 0.0000
vt 0.2782 0.4389 0.0000
vt 0.0288 0.3437 0.0000
vt 0.0484 0.3437 0.0000
vt 0.0484 0.3708 0.0000
vt 0.0288 0.3693 0.0000
vt 0.3212 0.0281 0.0000
vt 0.3212 0.0008 0.0000
vt 0.3409 0.0008 0.0000
vt 0.3409 0.0281 0.0000
vt 0.3901 0.2741 0.0000
vt 0.3878 0.2718 0.0000
vt 0.3878 0.2521 0.0000
vt 0.3901 0.2499 0.0000
vt 0.4097 0.2499 0.0000
vt 0.4119 0.2521 0.0000
vt 0.4119 0.2718 0.0000
vt 0.4097 0.2741 0.0000
vt 0.3870 0.4669 0.0000
vt 0.3870 0.4415 0.0000
vt 0.4066 0.4415 0.0000
vt 0.4066 0.4669 0.0000
vt 0.0484 0.3994 0.0000
vt 0.0288 0.3994 0.0000
vt 0.0288 0.3738 0.0000
vt 0.0484 0.3723 0.0000
vt 0.0265 0.3691 0.0000
vt 0.0265 0.3437 0.0000
vt 0.0265 0.3994 0.0000
vt 0.0265 0.3740 0.0000
vt 0.3431 0.0008 0.0000
vt 0.3431 0.0279 0.0000
vt 0.3190 0.0279 0.0000
vt 0.3190 0.0008 0.0000
vt 0.1849 0.4254 0.0000
vt 0.1826 0.4231 0.0000
vt 0.1826 0.4035 0.0000
vt 0.1849 0.4012 0.0000
vt 0.2045 0.4012 0.0000
vt 0.2068 0.4035 0.0000
vt 0.2068 0.4231 0.0000
vt 0.2045 0.4254 0.0000
vt 0.2045 0.3997 0.0000
vt 0.1849 0.3997 0.0000
vt 0.1849 0.3742 0.0000
vt 0.2045 0.3727 0.0000
vt 0.4476 0.0531 0.0000
vt 0.4476 0.0278 0.0000
vt 0.4672 0.0278 0.0000
vt 0.4672 0.0531 0.0000
vt 0.4111 0.3407 0.0000
vt 0.4111 0.3604 0.0000
vt 0.4089 0.3626 0.0000
vt 0.3892 0.3626 0.0000
vt 0.3870 0.3604 0.0000
vt 0.3870 0.3407 0.0000
vt 0.4089 0.3384 0.0000
vt 0.3892 0.3384 0.0000
vt 0.2129 0.3443 0.0000
vt 0.2129 0.3171 0.0000
vt 0.2326 0.3171 0.0000
vt 0.2326 0.3443 0.0000
vt 0.2849 0.3981 0.0000
vt 0.2849 0.3726 0.0000
vt 0.3045 0.3726 0.0000
vt 0.3045 0.3996 0.0000
vt 0.2348 0.3171 0.0000
vt 0.2348 0.3441 0.0000
vt 0.2107 0.3441 0.0000
vt 0.2107 0.3171 0.0000
vt 0.2826 0.3979 0.0000
vt 0.2826 0.3726 0.0000
vt 0.1826 0.3997 0.0000
vt 0.1826 0.3743 0.0000
vt 0.4164 0.1226 0.0000
vt 0.4164 0.1029 0.0000
vt 0.4186 0.1007 0.0000
vt 0.4186 0.1248 0.0000
vt 0.4383 0.1007 0.0000
vt 0.4405 0.1029 0.0000
vt 0.4405 0.1226 0.0000
vt 0.4383 0.1248 0.0000
vt 0.2828 0.2637 0.0000
vt 0.2842 0.2499 0.0000
vt 0.3090 0.2499 0.0000
vt 0.3090 0.2637 0.0000
vt 0.2826 0.2670 0.0000
vt 0.3090 0.2670 0.0000
vt 0.3090 0.2808 0.0000
vt 0.2826 0.2808 0.0000
vt 0.3922 0.2157 0.0000
vt 0.3899 0.2135 0.0000
vt 0.3899 0.1938 0.0000
vt 0.4118 0.1915 0.0000
vt 0.4141 0.1938 0.0000
vt 0.4141 0.2135 0.0000
vt 0.3922 0.1915 0.0000
vt 0.4118 0.2157 0.0000
vt 0.4783 0.2500 0.0000
vt 0.4783 0.2747 0.0000
vt 0.4645 0.2747 0.0000
vt 0.4645 0.2500 0.0000
vt 0.2377 0.4238 0.0000
vt 0.2515 0.4224 0.0000
vt 0.2515 0.4487 0.0000
vt 0.2377 0.4487 0.0000
vt 0.4613 0.2747 0.0000
vt 0.4613 0.2499 0.0000
vt 0.4618 0.4983 0.0000
vt 0.4618 0.4736 0.0000
vt 0.4651 0.4734 0.0000
vt 0.4651 0.4983 0.0000
vt 0.2547 0.4223 0.0000
vt 0.2547 0.4487 0.0000
vt 0.3355 0.4214 0.0000
vt 0.3378 0.4192 0.0000
vt 0.3574 0.4192 0.0000
vt 0.3355 0.4411 0.0000
vt 0.3378 0.4433 0.0000
vt 0.3597 0.4214 0.0000
vt 0.3597 0.4411 0.0000
vt 0.3574 0.4433 0.0000
vt 0.3494 0.4711 0.0000
vt 0.3355 0.4711 0.0000
vt 0.3355 0.4462 0.0000
vt 0.3494 0.4450 0.0000
vt 0.4781 0.2825 0.0000
vt 0.4781 0.3073 0.0000
vt 0.4643 0.3073 0.0000
vt 0.4643 0.2825 0.0000
vt 0.4111 0.3923 0.0000
vt 0.4111 0.4119 0.0000
vt 0.4089 0.4142 0.0000
vt 0.3893 0.4142 0.0000
vt 0.3870 0.4119 0.0000
vt 0.3870 0.3923 0.0000
vt 0.4089 0.3900 0.0000
vt 0.3893 0.3900 0.0000
vt 0.2855 0.1503 0.0000
vt 0.3118 0.1503 0.0000
vt 0.3118 0.1642 0.0000
vt 0.2855 0.1642 0.0000
vt 0.2869 0.1332 0.0000
vt 0.3118 0.1332 0.0000
vt 0.3118 0.1471 0.0000
vt 0.2857 0.1471 0.0000
vt 0.3526 0.4449 0.0000
vt 0.3526 0.4711 0.0000
vt 0.4611 0.3073 0.0000
vt 0.4611 0.2824 0.0000
vt 0.4571 0.4984 0.0000
vt 0.4571 0.4736 0.0000
vt 0.4603 0.4734 0.0000
vt 0.4603 0.4984 0.0000
vt 0.3613 0.4414 0.0000
vt 0.3613 0.4217 0.0000
vt 0.3635 0.4195 0.0000
vt 0.3635 0.4436 0.0000
vt 0.3832 0.4195 0.0000
vt 0.3854 0.4217 0.0000
vt 0.3854 0.4414 0.0000
vt 0.3832 0.4436 0.0000
vt 0.2871 0.1007 0.0000
vt 0.3119 0.1007 0.0000
vt 0.3119 0.1146 0.0000
vt 0.2857 0.1146 0.0000
vt 0.2855 0.1178 0.0000
vt 0.3119 0.1178 0.0000
vt 0.3119 0.1316 0.0000
vt 0.2855 0.1316 0.0000
vt 0.3922 0.1900 0.0000
vt 0.3899 0.1877 0.0000
vt 0.3899 0.1680 0.0000
vt 0.4118 0.1657 0.0000
vt 0.4141 0.1680 0.0000
vt 0.4141 0.1877 0.0000
vt 0.4118 0.1900 0.0000
vt 0.3922 0.1657 0.0000
vt 0.4752 0.2175 0.0000
vt 0.4752 0.2422 0.0000
vt 0.4614 0.2422 0.0000
vt 0.4614 0.2175 0.0000
vt 0.4615 0.0549 0.0000
vt 0.4615 0.0811 0.0000
vt 0.4476 0.0811 0.0000
vt 0.4476 0.0562 0.0000
vt 0.4666 0.4981 0.0000
vt 0.4666 0.4734 0.0000
vt 0.4698 0.4734 0.0000
vt 0.4698 0.4983 0.0000
vt 0.4784 0.2173 0.0000
vt 0.4784 0.2422 0.0000
vt 0.4647 0.0547 0.0000
vt 0.4647 0.0811 0.0000
vt 0.1334 0.4447 0.0000
vt 0.1312 0.4425 0.0000
vt 0.1312 0.4228 0.0000
vt 0.1531 0.4206 0.0000
vt 0.1553 0.4228 0.0000
vt 0.1553 0.4425 0.0000
vt 0.1531 0.4447 0.0000
vt 0.1334 0.4206 0.0000
vt 0.2515 0.3943 0.0000
vt 0.2515 0.4207 0.0000
vt 0.2377 0.4207 0.0000
vt 0.2377 0.3955 0.0000
vt 0.0179 0.4525 0.0000
vt 0.0179 0.4776 0.0000
vt 0.0040 0.4776 0.0000
vt 0.0040 0.4525 0.0000
vt 0.4124 0.1332 0.0000
vt 0.4147 0.1355 0.0000
vt 0.4147 0.1551 0.0000
vt 0.3928 0.1574 0.0000
vt 0.3905 0.1551 0.0000
vt 0.3905 0.1355 0.0000
vt 0.3928 0.1332 0.0000
vt 0.4124 0.1574 0.0000
vt 0.2826 0.2344 0.0000
vt 0.3091 0.2344 0.0000
vt 0.3091 0.2483 0.0000
vt 0.2826 0.2483 0.0000
vt 0.2840 0.2173 0.0000
vt 0.3091 0.2173 0.0000
vt 0.3091 0.2312 0.0000
vt 0.2828 0.2312 0.0000
vt 0.2547 0.3942 0.0000
vt 0.2547 0.4207 0.0000
vt 0.0008 0.4776 0.0000
vt 0.0008 0.4524 0.0000
vt 0.1705 0.4986 0.0000
vt 0.1705 0.4736 0.0000
vt 0.1738 0.4734 0.0000
vt 0.1738 0.4986 0.0000
vt 0.4150 0.3626 0.0000
vt 0.4127 0.3603 0.0000
vt 0.4127 0.3407 0.0000
vt 0.4346 0.3384 0.0000
vt 0.4369 0.3407 0.0000
vt 0.4369 0.3603 0.0000
vt 0.4346 0.3626 0.0000
vt 0.4150 0.3384 0.0000
vt 0.4390 0.3074 0.0000
vt 0.4390 0.2834 0.0000
vt 0.4595 0.2824 0.0000
vt 0.4595 0.3084 0.0000
vt 0.3660 0.1919 0.0000
vt 0.3660 0.1657 0.0000
vt 0.3865 0.1657 0.0000
vt 0.3865 0.1919 0.0000
vt 0.1792 0.3948 0.0000
vt 0.1811 0.3966 0.0000
vt 0.1811 0.4171 0.0000
vt 0.1588 0.4190 0.0000
vt 0.1569 0.4171 0.0000
vt 0.1569 0.3966 0.0000
vt 0.1588 0.3948 0.0000
vt 0.1792 0.4190 0.0000
vt 0.2108 0.4275 0.0000
vt 0.2346 0.4275 0.0000
vt 0.2346 0.4480 0.0000
vt 0.2108 0.4480 0.0000
vt 0.4598 0.2173 0.0000
vt 0.4598 0.2433 0.0000
vt 0.4393 0.2424 0.0000
vt 0.4393 0.2183 0.0000
vt 0.2347 0.4499 0.0000
vt 0.2107 0.4499 0.0000
vt 0.2107 0.4257 0.0000
vt 0.2347 0.4257 0.0000
vt 0.3883 0.1658 0.0000
vt 0.3883 0.1918 0.0000
vt 0.3642 0.1918 0.0000
vt 0.3642 0.1658 0.0000
vt 0.1073 0.4192 0.0000
vt 0.1055 0.4173 0.0000
vt 0.1055 0.3968 0.0000
vt 0.1278 0.3950 0.0000
vt 0.1296 0.3968 0.0000
vt 0.1296 0.4173 0.0000
vt 0.1278 0.4192 0.0000
vt 0.1073 0.3950 0.0000
vt 0.4384 0.4197 0.0000
vt 0.4589 0.4187 0.0000
vt 0.4589 0.4447 0.0000
vt 0.4384 0.4437 0.0000
vt 0.3667 0.1594 0.0000
vt 0.3667 0.1332 0.0000
vt 0.3871 0.1332 0.0000
vt 0.3871 0.1594 0.0000
vt 0.3836 0.3937 0.0000
vt 0.3854 0.3956 0.0000
vt 0.3854 0.4161 0.0000
vt 0.3836 0.4179 0.0000
vt 0.3631 0.4179 0.0000
vt 0.3613 0.4161 0.0000
vt 0.3613 0.3956 0.0000
vt 0.3631 0.3937 0.0000
vt 0.2191 0.0768 0.0000
vt 0.2429 0.0768 0.0000
vt 0.2429 0.0973 0.0000
vt 0.2191 0.0973 0.0000
vt 0.4597 0.2499 0.0000
vt 0.4597 0.2759 0.0000
vt 0.4392 0.2749 0.0000
vt 0.4392 0.2509 0.0000
vt 0.2430 0.0991 0.0000
vt 0.2190 0.0991 0.0000
vt 0.2190 0.0749 0.0000
vt 0.2430 0.0749 0.0000
vt 0.3890 0.1333 0.0000
vt 0.3890 0.1593 0.0000
vt 0.3648 0.1593 0.0000
vt 0.3648 0.1333 0.0000
vt 0.1330 0.4190 0.0000
vt 0.1312 0.4172 0.0000
vt 0.1312 0.3967 0.0000
vt 0.1330 0.3948 0.0000
vt 0.1535 0.3948 0.0000
vt 0.1553 0.3967 0.0000
vt 0.1553 0.4172 0.0000
vt 0.1535 0.4190 0.0000
vt 0.3031 0.4534 0.0000
vt 0.2826 0.4514 0.0000
vt 0.2826 0.4293 0.0000
vt 0.3031 0.4269 0.0000
vt 0.0529 0.3563 0.0000
vt 0.0529 0.3294 0.0000
vt 0.0734 0.3294 0.0000
vt 0.0734 0.3563 0.0000
vt 0.3888 0.3345 0.0000
vt 0.3870 0.3326 0.0000
vt 0.3870 0.3120 0.0000
vt 0.4093 0.3102 0.0000
vt 0.4111 0.3120 0.0000
vt 0.4111 0.3326 0.0000
vt 0.3888 0.3102 0.0000
vt 0.4093 0.3345 0.0000
vt 0.4386 0.3691 0.0000
vt 0.4603 0.3691 0.0000
vt 0.4603 0.3896 0.0000
vt 0.4386 0.3896 0.0000
vt 0.4384 0.3122 0.0000
vt 0.4589 0.3102 0.0000
vt 0.4589 0.3367 0.0000
vt 0.4384 0.3343 0.0000
vt 0.4605 0.3914 0.0000
vt 0.4384 0.3914 0.0000
vt 0.4384 0.3673 0.0000
vt 0.4605 0.3673 0.0000
vt 0.0753 0.3296 0.0000
vt 0.0753 0.3561 0.0000
vt 0.0511 0.3561 0.0000
vt 0.0511 0.3296 0.0000
vt 0.0797 0.3766 0.0000
vt 0.0816 0.3748 0.0000
vt 0.1020 0.3748 0.0000
vt 0.0797 0.3972 0.0000
vt 0.0816 0.3991 0.0000
vt 0.1039 0.3766 0.0000
vt 0.1039 0.3972 0.0000
vt 0.1020 0.3991 0.0000
vt 0.2031 0.4535 0.0000
vt 0.1826 0.4515 0.0000
vt 0.1826 0.4294 0.0000
vt 0.2031 0.4270 0.0000
vt 0.1020 0.3450 0.0000
vt 0.0816 0.3450 0.0000
vt 0.0816 0.3181 0.0000
vt 0.1020 0.3181 0.0000
vt 0.0511 0.4085 0.0000
vt 0.0511 0.3880 0.0000
vt 0.0529 0.3861 0.0000
vt 0.0734 0.3861 0.0000
vt 0.0753 0.3880 0.0000
vt 0.0753 0.4085 0.0000
vt 0.0734 0.4104 0.0000
vt 0.0529 0.4104 0.0000
vt 0.4386 0.4153 0.0000
vt 0.4386 0.3948 0.0000
vt 0.4603 0.3948 0.0000
vt 0.4603 0.4153 0.0000
vt 0.0265 0.4543 0.0000
vt 0.0265 0.4322 0.0000
vt 0.0470 0.4302 0.0000
vt 0.0470 0.4567 0.0000
vt 0.4384 0.4171 0.0000
vt 0.4605 0.4171 0.0000
vt 0.4605 0.3930 0.0000
vt 0.4384 0.3930 0.0000
vt 0.1039 0.3183 0.0000
vt 0.1039 0.3448 0.0000
vt 0.0797 0.3183 0.0000
vt 0.0797 0.3448 0.0000
vt 0.2107 0.3965 0.0000
vt 0.2107 0.3759 0.0000
vt 0.2125 0.3741 0.0000
vt 0.2330 0.3741 0.0000
vt 0.2348 0.3759 0.0000
vt 0.2348 0.3965 0.0000
vt 0.2330 0.3984 0.0000
vt 0.2125 0.3984 0.0000
vt 0.1569 0.4463 0.0000
vt 0.1714 0.4463 0.0000
vt 0.1714 0.4719 0.0000
vt 0.1569 0.4719 0.0000
vt 0.4597 0.4463 0.0000
vt 0.4742 0.4463 0.0000
vt 0.4742 0.4719 0.0000
vt 0.4597 0.4719 0.0000
vt 0.3098 0.4443 0.0000
vt 0.3098 0.4239 0.0000
vt 0.3117 0.4220 0.0000
vt 0.3321 0.4220 0.0000
vt 0.3340 0.4239 0.0000
vt 0.3340 0.4443 0.0000
vt 0.3321 0.4462 0.0000
vt 0.3117 0.4462 0.0000
vt 0.2083 0.2825 0.0000
vt 0.2083 0.2970 0.0000
vt 0.1826 0.2970 0.0000
vt 0.1826 0.2825 0.0000
vt 0.1826 0.2996 0.0000
vt 0.2083 0.2996 0.0000
vt 0.2082 0.3141 0.0000
vt 0.1826 0.3141 0.0000
vt 0.1740 0.4463 0.0000
vt 0.1740 0.4719 0.0000
vt 0.4571 0.4719 0.0000
vt 0.4571 0.4463 0.0000
vt 0.4550 0.4991 0.0000
vt 0.4524 0.4991 0.0000
vt 0.4524 0.4735 0.0000
vt 0.4550 0.4735 0.0000
vt 0.4219 0.0488 0.0000
vt 0.4219 0.0284 0.0000
vt 0.4237 0.0265 0.0000
vt 0.4442 0.0265 0.0000
vt 0.4460 0.0284 0.0000
vt 0.4460 0.0488 0.0000
vt 0.4442 0.0507 0.0000
vt 0.4237 0.0507 0.0000
vt 0.4384 0.4463 0.0000
vt 0.4529 0.4463 0.0000
vt 0.4529 0.4719 0.0000
vt 0.4384 0.4719 0.0000
vt 0.4631 0.3102 0.0000
vt 0.4775 0.3102 0.0000
vt 0.4775 0.3358 0.0000
vt 0.4631 0.3358 0.0000
vt 0.3870 0.4381 0.0000
vt 0.3870 0.4176 0.0000
vt 0.3888 0.4158 0.0000
vt 0.4093 0.4158 0.0000
vt 0.4111 0.4176 0.0000
vt 0.4111 0.4381 0.0000
vt 0.4093 0.4399 0.0000
vt 0.3888 0.4399 0.0000
vt 0.1053 0.2849 0.0000
vt 0.1053 0.2994 0.0000
vt 0.0797 0.2994 0.0000
vt 0.0797 0.2849 0.0000
vt 0.1053 0.3020 0.0000
vt 0.1053 0.3165 0.0000
vt 0.0797 0.3165 0.0000
vt 0.0797 0.3020 0.0000
vt 0.4555 0.4463 0.0000
vt 0.4555 0.4719 0.0000
vt 0.4605 0.3358 0.0000
vt 0.4605 0.3102 0.0000
vt 0.4508 0.4991 0.0000
vt 0.4482 0.4991 0.0000
vt 0.4482 0.4735 0.0000
vt 0.4508 0.4735 0.0000
vt 0.4136 0.2397 0.0000
vt 0.4136 0.2192 0.0000
vt 0.4155 0.2173 0.0000
vt 0.4359 0.2173 0.0000
vt 0.4378 0.2192 0.0000
vt 0.4378 0.2397 0.0000
vt 0.4359 0.2415 0.0000
vt 0.4155 0.2415 0.0000
vt 0.3631 0.3384 0.0000
vt 0.3836 0.3384 0.0000
vt 0.3854 0.3403 0.0000
vt 0.3854 0.3628 0.0000
vt 0.3836 0.3647 0.0000
vt 0.3631 0.3647 0.0000
vt 0.3613 0.3628 0.0000
vt 0.3613 0.3403 0.0000
vt 0.4898 0.0034 0.0000
vt 0.4898 0.0264 0.0000
vt 0.4801 0.0241 0.0000
vt 0.4801 0.0026 0.0000
vt 0.4897 0.3921 0.0000
vt 0.4801 0.3902 0.0000
vt 0.4801 0.3673 0.0000
vt 0.4897 0.3695 0.0000
vt 0.4423 0.0984 0.0000
vt 0.4326 0.0984 0.0000
vt 0.4326 0.0780 0.0000
vt 0.4423 0.0780 0.0000
vt 0.3966 0.4890 0.0000
vt 0.3870 0.4890 0.0000
vt 0.3870 0.4685 0.0000
vt 0.3966 0.4685 0.0000
vt 0.4238 0.4703 0.0000
vt 0.4334 0.4703 0.0000
vt 0.4334 0.4908 0.0000
vt 0.4238 0.4908 0.0000
vt 0.4223 0.4910 0.0000
vt 0.4127 0.4933 0.0000
vt 0.4127 0.4703 0.0000
vt 0.4223 0.4685 0.0000
vt 0.4822 0.2138 0.0000
vt 0.4822 0.1933 0.0000
vt 0.4918 0.1933 0.0000
vt 0.4918 0.2138 0.0000
vt 0.1073 0.3682 0.0000
vt 0.1278 0.3682 0.0000
vt 0.1296 0.3700 0.0000
vt 0.1296 0.3916 0.0000
vt 0.1278 0.3934 0.0000
vt 0.1073 0.3934 0.0000
vt 0.1055 0.3916 0.0000
vt 0.1055 0.3700 0.0000
vt 0.4238 0.4685 0.0000
vt 0.4334 0.4685 0.0000
vt 0.4785 0.0274 0.0000
vt 0.4688 0.0283 0.0000
vt 0.4688 0.0264 0.0000
vt 0.4785 0.0256 0.0000
vt 0.4801 0.0008 0.0000
vt 0.4898 0.0016 0.0000
vt 0.4898 0.0283 0.0000
vt 0.4801 0.0260 0.0000
vt 0.4785 0.0026 0.0000
vt 0.4688 0.0049 0.0000
vt 0.4688 0.0030 0.0000
vt 0.4785 0.0008 0.0000
vt 0.4919 0.2156 0.0000
vt 0.4823 0.2156 0.0000
vt 0.4919 0.1915 0.0000
vt 0.4823 0.1915 0.0000
vt 0.4334 0.4926 0.0000
vt 0.4238 0.4926 0.0000
vt 0.3447 0.0026 0.0000
vt 0.3466 0.0008 0.0000
vt 0.3670 0.0008 0.0000
vt 0.3689 0.0026 0.0000
vt 0.3689 0.0256 0.0000
vt 0.3670 0.0274 0.0000
vt 0.3466 0.0274 0.0000
vt 0.3447 0.0256 0.0000
vt 0.1553 0.3648 0.0000
vt 0.1535 0.3666 0.0000
vt 0.1330 0.3666 0.0000
vt 0.1312 0.3648 0.0000
vt 0.1312 0.3418 0.0000
vt 0.1330 0.3400 0.0000
vt 0.1535 0.3400 0.0000
vt 0.1553 0.3418 0.0000
vt 0.3243 0.4477 0.0000
vt 0.3243 0.4734 0.0000
vt 0.3098 0.4734 0.0000
vt 0.3098 0.4477 0.0000
vt 0.4622 0.3384 0.0000
vt 0.4767 0.3384 0.0000
vt 0.4767 0.3640 0.0000
vt 0.4622 0.3640 0.0000
vt 0.4156 0.1934 0.0000
vt 0.4175 0.1915 0.0000
vt 0.4379 0.1915 0.0000
vt 0.4398 0.1934 0.0000
vt 0.4398 0.2138 0.0000
vt 0.4379 0.2157 0.0000
vt 0.4156 0.2138 0.0000
vt 0.4175 0.2157 0.0000
vt 0.0264 0.2819 0.0000
vt 0.0264 0.2963 0.0000
vt 0.0008 0.2963 0.0000
vt 0.0008 0.2819 0.0000
vt 0.0264 0.2990 0.0000
vt 0.0264 0.3134 0.0000
vt 0.0008 0.3134 0.0000
vt 0.0008 0.2990 0.0000
vt 0.3269 0.4477 0.0000
vt 0.3269 0.4734 0.0000
vt 0.4596 0.3640 0.0000
vt 0.4596 0.3384 0.0000
vt 0.1354 0.4991 0.0000
vt 0.1354 0.4735 0.0000
vt 0.1380 0.4735 0.0000
vt 0.1380 0.4991 0.0000
vt 0.4237 0.0764 0.0000
vt 0.4219 0.0745 0.0000
vt 0.4219 0.0541 0.0000
vt 0.4237 0.0522 0.0000
vt 0.4442 0.0522 0.0000
vt 0.4460 0.0541 0.0000
vt 0.4460 0.0745 0.0000
vt 0.4442 0.0764 0.0000
vt 0.2553 0.3135 0.0000
vt 0.2391 0.3135 0.0000
vt 0.2394 0.2996 0.0000
vt 0.2553 0.2996 0.0000
vt 0.2390 0.3306 0.0000
vt 0.2390 0.3167 0.0000
vt 0.2553 0.3167 0.0000
vt 0.2553 0.3306 0.0000
vt 0.4203 0.0545 0.0000
vt 0.4203 0.0741 0.0000
vt 0.4181 0.0764 0.0000
vt 0.3984 0.0764 0.0000
vt 0.3962 0.0741 0.0000
vt 0.3962 0.0545 0.0000
vt 0.3984 0.0522 0.0000
vt 0.4181 0.0522 0.0000
vt 0.2722 0.4850 0.0000
vt 0.2563 0.4850 0.0000
vt 0.2563 0.4711 0.0000
vt 0.2722 0.4711 0.0000
vt 0.2449 0.0991 0.0000
vt 0.2446 0.0852 0.0000
vt 0.2609 0.0852 0.0000
vt 0.2609 0.0991 0.0000
vt 0.2736 0.0826 0.0000
vt 0.2736 0.0986 0.0000
vt 0.2704 0.0985 0.0000
vt 0.2704 0.0826 0.0000
vt 0.2563 0.4679 0.0000
vt 0.2722 0.4679 0.0000
vt 0.2609 0.0820 0.0000
vt 0.2446 0.0820 0.0000
vt 0.1055 0.4426 0.0000
vt 0.1055 0.4230 0.0000
vt 0.1077 0.4207 0.0000
vt 0.1274 0.4207 0.0000
vt 0.1296 0.4230 0.0000
vt 0.1296 0.4426 0.0000
vt 0.1274 0.4449 0.0000
vt 0.1077 0.4449 0.0000
vt 0.4611 0.2143 0.0000
vt 0.4616 0.1938 0.0000
vt 0.4788 0.1938 0.0000
vt 0.4792 0.2143 0.0000
vt 0.0797 0.4540 0.0000
vt 0.0978 0.4540 0.0000
vt 0.0978 0.4744 0.0000
vt 0.0797 0.4744 0.0000
vt 0.3962 0.0026 0.0000
vt 0.3980 0.0008 0.0000
vt 0.4185 0.0008 0.0000
vt 0.3962 0.0231 0.0000
vt 0.3980 0.0250 0.0000
vt 0.4203 0.0026 0.0000
vt 0.4203 0.0231 0.0000
vt 0.4185 0.0250 0.0000
vt 0.3962 0.0984 0.0000
vt 0.3962 0.0780 0.0000
vt 0.4133 0.0780 0.0000
vt 0.4133 0.0984 0.0000
vt 0.1831 0.4569 0.0000
vt 0.2002 0.4569 0.0000
vt 0.2007 0.4774 0.0000
vt 0.1826 0.4774 0.0000
vt 0.4616 0.1920 0.0000
vt 0.4788 0.1920 0.0000
vt 0.1831 0.4551 0.0000
vt 0.2002 0.4551 0.0000
vt 0.0797 0.4521 0.0000
vt 0.0978 0.4521 0.0000
vt 0.0797 0.4763 0.0000
vt 0.0978 0.4763 0.0000
vt 0.3098 0.4186 0.0000
vt 0.3098 0.3981 0.0000
vt 0.3117 0.3963 0.0000
vt 0.3321 0.3963 0.0000
vt 0.3117 0.4205 0.0000
vt 0.3340 0.3981 0.0000
vt 0.3340 0.4186 0.0000
vt 0.3321 0.4205 0.0000
vt 0.2933 0.0349 0.0000
vt 0.3174 0.0349 0.0000
vt 0.3174 0.0602 0.0000
vt 0.2933 0.0602 0.0000
vt 0.0110 0.1335 0.0000
vt 0.0008 0.1582 0.0000
vt 0.0033 0.1380 0.0000
vt 0.0137 0.1097 0.0000
vt 0.1553 0.1882 0.0000
vt 0.1553 0.2162 0.0000
vt 0.1312 0.2162 0.0000
vt 0.1312 0.1882 0.0000
vt 0.0558 0.0416 0.0000
vt 0.0660 0.0663 0.0000
vt 0.0687 0.0901 0.0000
vt 0.0583 0.0618 0.0000
vt 0.1039 0.1007 0.0000
vt 0.1039 0.1192 0.0000
vt 0.0797 0.1192 0.0000
vt 0.0797 0.1007 0.0000
vt 0.1553 0.2364 0.0000
vt 0.1312 0.2364 0.0000
vt 0.0817 0.0192 0.0000
vt 0.0817 0.0861 0.0000
vt 0.0788 0.0650 0.0000
vt 0.0791 0.0008 0.0000
vt 0.0776 0.0991 0.0000
vt 0.0734 0.0733 0.0000
vt 0.1039 0.1860 0.0000
vt 0.0797 0.1860 0.0000
vt 0.1039 0.1988 0.0000
vt 0.0797 0.1988 0.0000
vt 0.1312 0.1793 0.0000
vt 0.1553 0.1793 0.0000
vt 0.0267 0.1137 0.0000
vt 0.0267 0.1806 0.0000
vt 0.0241 0.1990 0.0000
vt 0.0238 0.1348 0.0000
vt 0.0184 0.1265 0.0000
vt 0.0226 0.1007 0.0000
vt 0.2190 0.0092 0.0000
vt 0.2432 0.0092 0.0000
vt 0.2432 0.0734 0.0000
vt 0.2190 0.0734 0.0000
vt 0.2432 0.0008 0.0000
vt 0.2190 0.0008 0.0000
vt 0.3174 0.0676 0.0000
vt 0.2933 0.0676 0.0000
vt 0.2933 0.0260 0.0000
vt 0.2933 0.0008 0.0000
vt 0.3174 0.0008 0.0000
vt 0.3174 0.0260 0.0000
vt 0.0033 0.0381 0.0000
vt 0.0137 0.0098 0.0000
vt 0.0110 0.0336 0.0000
vt 0.0008 0.0583 0.0000
vt 0.0283 0.2372 0.0000
vt 0.0283 0.2092 0.0000
vt 0.0524 0.2092 0.0000
vt 0.0524 0.2372 0.0000
vt 0.1658 0.0416 0.0000
vt 0.1760 0.0663 0.0000
vt 0.1787 0.0901 0.0000
vt 0.1683 0.0618 0.0000
vt 0.0782 0.1192 0.0000
vt 0.0540 0.1192 0.0000
vt 0.0540 0.1007 0.0000
vt 0.0782 0.1007 0.0000
vt 0.0524 0.2574 0.0000
vt 0.0283 0.2574 0.0000
vt 0.1888 0.0650 0.0000
vt 0.1891 0.0008 0.0000
vt 0.1917 0.0192 0.0000
vt 0.1917 0.0861 0.0000
vt 0.1875 0.0991 0.0000
vt 0.1834 0.0733 0.0000
vt 0.0782 0.1860 0.0000
vt 0.0540 0.1860 0.0000
vt 0.0782 0.1988 0.0000
vt 0.0540 0.1988 0.0000
vt 0.0524 0.2003 0.0000
vt 0.0283 0.2003 0.0000
vt 0.0241 0.0991 0.0000
vt 0.0238 0.0349 0.0000
vt 0.0267 0.0138 0.0000
vt 0.0267 0.0807 0.0000
vt 0.0184 0.0266 0.0000
vt 0.0226 0.0008 0.0000
vt 0.2325 0.1091 0.0000
vt 0.2325 0.1733 0.0000
vt 0.2084 0.1733 0.0000
vt 0.2084 0.1091 0.0000
vt 0.2084 0.1007 0.0000
vt 0.2325 0.1007 0.0000
vt 0.3174 0.0334 0.0000
vt 0.2933 0.0334 0.0000
vt 0.2569 0.2992 0.0000
vt 0.2811 0.2992 0.0000
vt 0.2811 0.3245 0.0000
vt 0.2569 0.3245 0.0000
vt 0.1512 0.0098 0.0000
vt 0.1485 0.0336 0.0000
vt 0.1383 0.0583 0.0000
vt 0.1408 0.0381 0.0000
vt 0.1569 0.2162 0.0000
vt 0.1569 0.1882 0.0000
vt 0.1811 0.1882 0.0000
vt 0.1811 0.2162 0.0000
vt 0.0962 0.0901 0.0000
vt 0.0858 0.0618 0.0000
vt 0.0833 0.0416 0.0000
vt 0.0935 0.0663 0.0000
vt 0.1055 0.1192 0.0000
vt 0.1055 0.1007 0.0000
vt 0.1296 0.1007 0.0000
vt 0.1296 0.1192 0.0000
vt 0.1811 0.2364 0.0000
vt 0.1569 0.2364 0.0000
vt 0.1092 0.0192 0.0000
vt 0.1092 0.0861 0.0000
vt 0.1063 0.0650 0.0000
vt 0.1066 0.0008 0.0000
vt 0.1050 0.0991 0.0000
vt 0.1009 0.0733 0.0000
vt 0.1296 0.1860 0.0000
vt 0.1055 0.1860 0.0000
vt 0.1055 0.1988 0.0000
vt 0.1296 0.1988 0.0000
vt 0.1811 0.1793 0.0000
vt 0.1569 0.1793 0.0000
vt 0.1616 0.0991 0.0000
vt 0.1613 0.0349 0.0000
vt 0.1642 0.0138 0.0000
vt 0.1642 0.0807 0.0000
vt 0.1559 0.0266 0.0000
vt 0.1600 0.0008 0.0000
vt 0.2174 0.0734 0.0000
vt 0.1933 0.0734 0.0000
vt 0.1933 0.0092 0.0000
vt 0.2174 0.0092 0.0000
vt 0.2174 0.0008 0.0000
vt 0.1933 0.0008 0.0000
vt 0.2811 0.3318 0.0000
vt 0.2569 0.3318 0.0000
vt 0.0511 0.3205 0.0000
vt 0.0511 0.2952 0.0000
vt 0.0753 0.2952 0.0000
vt 0.0753 0.3205 0.0000
vt 0.0308 0.0381 0.0000
vt 0.0412 0.0098 0.0000
vt 0.0385 0.0336 0.0000
vt 0.0283 0.0583 0.0000
vt 0.0540 0.2372 0.0000
vt 0.0540 0.2092 0.0000
vt 0.0782 0.2092 0.0000
vt 0.0782 0.2372 0.0000
vt 0.1210 0.0663 0.0000
vt 0.1237 0.0901 0.0000
vt 0.1133 0.0618 0.0000
vt 0.1108 0.0416 0.0000
vt 0.0524 0.1192 0.0000
vt 0.0283 0.1192 0.0000
vt 0.0283 0.1007 0.0000
vt 0.0524 0.1007 0.0000
vt 0.0782 0.2574 0.0000
vt 0.0540 0.2574 0.0000
vt 0.1367 0.0861 0.0000
vt 0.1338 0.0650 0.0000
vt 0.1341 0.0008 0.0000
vt 0.1367 0.0192 0.0000
vt 0.1325 0.0991 0.0000
vt 0.1284 0.0733 0.0000
vt 0.0524 0.1860 0.0000
vt 0.0283 0.1860 0.0000
vt 0.0524 0.1988 0.0000
vt 0.0283 0.1988 0.0000
vt 0.0540 0.2003 0.0000
vt 0.0782 0.2003 0.0000
vt 0.0542 0.0138 0.0000
vt 0.0542 0.0807 0.0000
vt 0.0516 0.0991 0.0000
vt 0.0513 0.0349 0.0000
vt 0.0501 0.0008 0.0000
vt 0.0459 0.0266 0.0000
vt 0.2068 0.1091 0.0000
vt 0.2068 0.1733 0.0000
vt 0.1826 0.1733 0.0000
vt 0.1826 0.1091 0.0000
vt 0.1826 0.1007 0.0000
vt 0.2068 0.1007 0.0000
vt 0.0753 0.3278 0.0000
vt 0.0511 0.3278 0.0000
vt 0.3642 0.2154 0.0000
vt 0.3645 0.1957 0.0000
vt 0.3805 0.1957 0.0000
vt 0.3805 0.2154 0.0000
vt 0.4785 0.3892 0.0000
vt 0.4621 0.3892 0.0000
vt 0.4621 0.3695 0.0000
vt 0.4785 0.3695 0.0000
vt 0.4181 0.0265 0.0000
vt 0.4203 0.0288 0.0000
vt 0.4203 0.0484 0.0000
vt 0.4181 0.0507 0.0000
vt 0.3984 0.0507 0.0000
vt 0.3962 0.0484 0.0000
vt 0.3962 0.0288 0.0000
vt 0.3984 0.0265 0.0000
vt 0.4648 0.1332 0.0000
vt 0.4808 0.1332 0.0000
vt 0.4808 0.1528 0.0000
vt 0.4648 0.1528 0.0000
vt 0.0425 0.4606 0.0000
vt 0.0429 0.4802 0.0000
vt 0.0265 0.4802 0.0000
vt 0.0265 0.4606 0.0000
vt 0.3646 0.1935 0.0000
vt 0.3805 0.1935 0.0000
vt 0.0265 0.4583 0.0000
vt 0.0425 0.4583 0.0000
vt 0.4621 0.3673 0.0000
vt 0.4785 0.3673 0.0000
vt 0.4785 0.3914 0.0000
vt 0.4621 0.3914 0.0000
vt 0.0534 0.4361 0.0000
vt 0.0511 0.4338 0.0000
vt 0.0511 0.4142 0.0000
vt 0.0534 0.4119 0.0000
vt 0.0730 0.4119 0.0000
vt 0.0753 0.4142 0.0000
vt 0.0753 0.4338 0.0000
vt 0.0730 0.4361 0.0000
vt 0.4645 0.1876 0.0000
vt 0.4642 0.1680 0.0000
vt 0.4806 0.1680 0.0000
vt 0.4806 0.1876 0.0000
vt 0.4149 0.0976 0.0000
vt 0.4149 0.0780 0.0000
vt 0.4310 0.0780 0.0000
vt 0.4310 0.0976 0.0000
vt 0.0227 0.4009 0.0000
vt 0.0249 0.4032 0.0000
vt 0.0249 0.4228 0.0000
vt 0.0227 0.4251 0.0000
vt 0.0030 0.4251 0.0000
vt 0.0008 0.4228 0.0000
vt 0.0008 0.4032 0.0000
vt 0.0030 0.4009 0.0000
vt 0.3127 0.2154 0.0000
vt 0.3127 0.1958 0.0000
vt 0.3291 0.1958 0.0000
vt 0.3291 0.2154 0.0000
vt 0.4785 0.3952 0.0000
vt 0.4782 0.4149 0.0000
vt 0.4621 0.4149 0.0000
vt 0.4621 0.3952 0.0000
vt 0.4642 0.1657 0.0000
vt 0.4806 0.1657 0.0000
vt 0.4621 0.3930 0.0000
vt 0.4785 0.3930 0.0000
vt 0.4621 0.4171 0.0000
vt 0.4782 0.4171 0.0000
vt 0.4806 0.1899 0.0000
vt 0.4645 0.1899 0.0000
vt 0.4158 0.2740 0.0000
vt 0.4135 0.2718 0.0000
vt 0.4135 0.2521 0.0000
vt 0.4158 0.2499 0.0000
vt 0.4354 0.2499 0.0000
vt 0.4377 0.2521 0.0000
vt 0.4377 0.2718 0.0000
vt 0.4354 0.2740 0.0000
vt 0.0724 0.4624 0.0000
vt 0.0511 0.4623 0.0000
vt 0.0519 0.4385 0.0000
vt 0.0724 0.4377 0.0000
vt 0.1535 0.3933 0.0000
vt 0.1330 0.3933 0.0000
vt 0.1330 0.3682 0.0000
vt 0.1535 0.3682 0.0000
vt 0.3927 0.0540 0.0000
vt 0.3946 0.0558 0.0000
vt 0.3946 0.0771 0.0000
vt 0.3927 0.0789 0.0000
vt 0.3723 0.0789 0.0000
vt 0.3704 0.0771 0.0000
vt 0.3704 0.0558 0.0000
vt 0.3723 0.0540 0.0000
vt 0.0798 0.4487 0.0000
vt 0.0798 0.4282 0.0000
vt 0.1032 0.4282 0.0000
vt 0.1032 0.4487 0.0000
vt 0.4421 0.1008 0.0000
vt 0.4634 0.1007 0.0000
vt 0.4634 0.1254 0.0000
vt 0.4429 0.1245 0.0000
vt 0.0797 0.4506 0.0000
vt 0.1035 0.4506 0.0000
vt 0.1035 0.4264 0.0000
vt 0.0797 0.4264 0.0000
vt 0.1553 0.3684 0.0000
vt 0.1553 0.3931 0.0000
vt 0.1312 0.3684 0.0000
vt 0.1312 0.3931 0.0000
vt 0.3925 0.1249 0.0000
vt 0.3906 0.1230 0.0000
vt 0.3906 0.1025 0.0000
vt 0.3925 0.1007 0.0000
vt 0.4130 0.1007 0.0000
vt 0.4148 0.1025 0.0000
vt 0.4148 0.1230 0.0000
vt 0.4130 0.1249 0.0000
vt 0.4422 0.1666 0.0000
vt 0.4626 0.1657 0.0000
vt 0.4626 0.1904 0.0000
vt 0.4413 0.1903 0.0000
vt 0.3723 0.0258 0.0000
vt 0.3723 0.0008 0.0000
vt 0.3927 0.0008 0.0000
vt 0.3927 0.0258 0.0000
vt 0.3321 0.3697 0.0000
vt 0.3340 0.3716 0.0000
vt 0.3340 0.3929 0.0000
vt 0.3321 0.3947 0.0000
vt 0.3117 0.3947 0.0000
vt 0.3098 0.3929 0.0000
vt 0.3098 0.3716 0.0000
vt 0.3117 0.3697 0.0000
vt 0.0009 0.4285 0.0000
vt 0.0243 0.4285 0.0000
vt 0.0243 0.4490 0.0000
vt 0.0009 0.4490 0.0000
vt 0.4633 0.1579 0.0000
vt 0.4428 0.1570 0.0000
vt 0.4420 0.1333 0.0000
vt 0.4633 0.1332 0.0000
vt 0.0245 0.4508 0.0000
vt 0.0008 0.4508 0.0000
vt 0.0008 0.4266 0.0000
vt 0.0245 0.4266 0.0000
vt 0.3946 0.0010 0.0000
vt 0.3946 0.0257 0.0000
vt 0.3704 0.0257 0.0000
vt 0.3704 0.0010 0.0000
vt 0.3374 0.4176 0.0000
vt 0.3355 0.4157 0.0000
vt 0.3355 0.3953 0.0000
vt 0.3374 0.3934 0.0000
vt 0.3578 0.3934 0.0000
vt 0.3597 0.3953 0.0000
vt 0.3597 0.4157 0.0000
vt 0.3578 0.4176 0.0000
vt 0.1104 0.2919 0.0000
vt 0.1287 0.2849 0.0000
vt 0.1287 0.3113 0.0000
vt 0.1087 0.3185 0.0000
vt 0.3208 0.0852 0.0000
vt 0.3208 0.0585 0.0000
vt 0.3413 0.0585 0.0000
vt 0.3413 0.0852 0.0000
vt 0.3946 0.0293 0.0000
vt 0.3946 0.0505 0.0000
vt 0.3927 0.0524 0.0000
vt 0.3723 0.0524 0.0000
vt 0.3704 0.0505 0.0000
vt 0.3704 0.0293 0.0000
vt 0.3927 0.0274 0.0000
vt 0.3723 0.0274 0.0000
vt 0.0529 0.2937 0.0000
vt 0.0529 0.2823 0.0000
vt 0.0734 0.2823 0.0000
vt 0.0734 0.2937 0.0000
vt 0.2325 0.2892 0.0000
vt 0.2325 0.3156 0.0000
vt 0.2141 0.3086 0.0000
vt 0.2125 0.2820 0.0000
vt 0.1069 0.3190 0.0000
vt 0.1087 0.2928 0.0000
vt 0.2125 0.3077 0.0000
vt 0.2107 0.2815 0.0000
vt 0.3431 0.0593 0.0000
vt 0.3431 0.0857 0.0000
vt 0.3190 0.0857 0.0000
vt 0.3190 0.0593 0.0000
vt 0.0511 0.2804 0.0000
vt 0.0511 0.2608 0.0000
vt 0.0529 0.2589 0.0000
vt 0.0734 0.2589 0.0000
vt 0.0753 0.2608 0.0000
vt 0.0753 0.2804 0.0000
vt 0.2794 0.2869 0.0000
vt 0.2617 0.2969 0.0000
vt 0.2613 0.2693 0.0000
vt 0.2795 0.2593 0.0000
vt 0.2617 0.1918 0.0000
vt 0.2617 0.1784 0.0000
vt 0.2821 0.1784 0.0000
vt 0.2821 0.1918 0.0000
vt 0.2840 0.1936 0.0000
vt 0.2840 0.2139 0.0000
vt 0.2617 0.2158 0.0000
vt 0.2598 0.2139 0.0000
vt 0.2598 0.1936 0.0000
vt 0.2821 0.2158 0.0000
vt 0.0231 0.2425 0.0000
vt 0.0231 0.2558 0.0000
vt 0.0026 0.2558 0.0000
vt 0.0026 0.2425 0.0000
vt 0.0301 0.2596 0.0000
vt 0.0478 0.2696 0.0000
vt 0.0480 0.2972 0.0000
vt 0.0298 0.2873 0.0000
vt 0.2600 0.2976 0.0000
vt 0.2598 0.2703 0.0000
vt 0.0283 0.2862 0.0000
vt 0.0284 0.2589 0.0000
vt 0.0495 0.2703 0.0000
vt 0.0495 0.2983 0.0000
vt 0.2811 0.2583 0.0000
vt 0.2811 0.2862 0.0000
vt 0.0249 0.2785 0.0000
vt 0.0231 0.2803 0.0000
vt 0.0026 0.2803 0.0000
vt 0.0249 0.2577 0.0000
vt 0.0008 0.2785 0.0000
vt 0.0008 0.2577 0.0000
vt 0.1457 0.4719 0.0000
vt 0.1312 0.4719 0.0000
vt 0.1312 0.4463 0.0000
vt 0.1457 0.4463 0.0000
vt 0.2278 0.4514 0.0000
vt 0.2278 0.4770 0.0000
vt 0.2133 0.4770 0.0000
vt 0.2133 0.4514 0.0000
vt 0.1569 0.4429 0.0000
vt 0.1569 0.4224 0.0000
vt 0.1588 0.4205 0.0000
vt 0.1792 0.4205 0.0000
vt 0.1811 0.4224 0.0000
vt 0.1811 0.4429 0.0000
vt 0.1588 0.4447 0.0000
vt 0.1792 0.4447 0.0000
vt 0.3112 0.1802 0.0000
vt 0.2855 0.1802 0.0000
vt 0.2855 0.1657 0.0000
vt 0.3112 0.1657 0.0000
vt 0.3112 0.1973 0.0000
vt 0.2855 0.1973 0.0000
vt 0.2855 0.1828 0.0000
vt 0.3112 0.1828 0.0000
vt 0.1483 0.4463 0.0000
vt 0.1483 0.4719 0.0000
vt 0.2107 0.4770 0.0000
vt 0.2107 0.4514 0.0000
vt 0.1395 0.4991 0.0000
vt 0.1395 0.4735 0.0000
vt 0.1421 0.4735 0.0000
vt 0.1421 0.4991 0.0000
vt 0.4127 0.4380 0.0000
vt 0.4127 0.4176 0.0000
vt 0.4146 0.4157 0.0000
vt 0.4146 0.4399 0.0000
vt 0.4350 0.4157 0.0000
vt 0.4369 0.4176 0.0000
vt 0.4369 0.4380 0.0000
vt 0.4350 0.4399 0.0000
vt 0.4419 0.1938 0.0000
vt 0.4592 0.1938 0.0000
vt 0.4596 0.2143 0.0000
vt 0.4413 0.2143 0.0000
vt 0.3795 0.4675 0.0000
vt 0.3613 0.4675 0.0000
vt 0.3613 0.4470 0.0000
vt 0.3795 0.4470 0.0000
vt 0.1951 0.0991 0.0000
vt 0.1933 0.0973 0.0000
vt 0.1933 0.0768 0.0000
vt 0.2156 0.0749 0.0000
vt 0.2174 0.0768 0.0000
vt 0.2174 0.0973 0.0000
vt 0.2156 0.0991 0.0000
vt 0.1951 0.0749 0.0000
vt 0.3384 0.1940 0.0000
vt 0.3557 0.1940 0.0000
vt 0.3557 0.2144 0.0000
vt 0.3384 0.2144 0.0000
vt 0.3009 0.4773 0.0000
vt 0.2826 0.4773 0.0000
vt 0.2830 0.4568 0.0000
vt 0.3003 0.4568 0.0000
vt 0.4419 0.1920 0.0000
vt 0.4592 0.1920 0.0000
vt 0.2830 0.4550 0.0000
vt 0.3003 0.4550 0.0000
vt 0.3613 0.4452 0.0000
vt 0.3795 0.4452 0.0000
vt 0.3795 0.4694 0.0000
vt 0.3613 0.4694 0.0000
vt 0.2125 0.4241 0.0000
vt 0.2107 0.4223 0.0000
vt 0.2107 0.4018 0.0000
vt 0.2330 0.4000 0.0000
vt 0.2348 0.4018 0.0000
vt 0.2348 0.4223 0.0000
vt 0.2330 0.4241 0.0000
vt 0.2125 0.4000 0.0000
vt 0.1199 0.4464 0.0000
vt 0.1199 0.4721 0.0000
vt 0.1055 0.4721 0.0000
vt 0.1055 0.4465 0.0000
vt 0.2547 0.4502 0.0000
vt 0.2547 0.4759 0.0000
vt 0.2403 0.4759 0.0000
vt 0.2403 0.4502 0.0000
vt 0.4146 0.4142 0.0000
vt 0.4127 0.4123 0.0000
vt 0.4127 0.3918 0.0000
vt 0.4350 0.3900 0.0000
vt 0.4369 0.3918 0.0000
vt 0.4369 0.4123 0.0000
vt 0.4350 0.4142 0.0000
vt 0.4146 0.3900 0.0000
vt 0.3082 0.2969 0.0000
vt 0.2826 0.2969 0.0000
vt 0.2826 0.2824 0.0000
vt 0.3082 0.2824 0.0000
vt 0.3082 0.3140 0.0000
vt 0.2826 0.3140 0.0000
vt 0.2826 0.2995 0.0000
vt 0.3082 0.2995 0.0000
vt 0.1225 0.4464 0.0000
vt 0.1225 0.4721 0.0000
vt 0.2377 0.4759 0.0000
vt 0.2377 0.4502 0.0000
vt 0.1312 0.4991 0.0000
vt 0.1312 0.4735 0.0000
vt 0.1338 0.4735 0.0000
vt 0.1338 0.4991 0.0000
vt 0.4146 0.3344 0.0000
vt 0.4127 0.3325 0.0000
vt 0.4127 0.3120 0.0000
vt 0.4350 0.3102 0.0000
vt 0.4369 0.3120 0.0000
vt 0.4369 0.3325 0.0000
vt 0.4350 0.3344 0.0000
vt 0.4146 0.3102 0.0000
vt 0.0656 0.4639 0.0000
vt 0.0656 0.4819 0.0000
vt 0.0511 0.4819 0.0000
vt 0.0511 0.4639 0.0000
vt 0.3730 0.0985 0.0000
vt 0.3730 0.0805 0.0000
vt 0.3875 0.0805 0.0000
vt 0.3875 0.0985 0.0000
vt 0.2845 0.4253 0.0000
vt 0.2826 0.4234 0.0000
vt 0.2826 0.4030 0.0000
vt 0.3049 0.4011 0.0000
vt 0.3068 0.4030 0.0000
vt 0.3068 0.4234 0.0000
vt 0.3049 0.4253 0.0000
vt 0.2845 0.4011 0.0000
vt 0.1811 0.2917 0.0000
vt 0.1631 0.2917 0.0000
vt 0.1631 0.2772 0.0000
vt 0.1811 0.2772 0.0000
vt 0.1811 0.3088 0.0000
vt 0.1631 0.3088 0.0000
vt 0.1631 0.2943 0.0000
vt 0.1811 0.2943 0.0000
vt 0.0682 0.4639 0.0000
vt 0.0682 0.4819 0.0000
vt 0.3307 0.2138 0.0000
vt 0.3307 0.1958 0.0000
vt 0.3333 0.1958 0.0000
vt 0.3333 0.2138 0.0000
vt 0.3704 0.0985 0.0000
vt 0.3704 0.0805 0.0000
vt 0.4146 0.3884 0.0000
vt 0.4127 0.3865 0.0000
vt 0.4127 0.3660 0.0000
vt 0.4350 0.3642 0.0000
vt 0.4369 0.3660 0.0000
vt 0.4369 0.3865 0.0000
vt 0.4350 0.3884 0.0000
vt 0.4146 0.3642 0.0000
vt 0.2356 0.2697 0.0000
vt 0.2538 0.2597 0.0000
vt 0.2536 0.2873 0.0000
vt 0.2359 0.2973 0.0000
vt 0.2617 0.1140 0.0000
vt 0.2617 0.1007 0.0000
vt 0.2821 0.1007 0.0000
vt 0.2821 0.1140 0.0000
vt 0.2840 0.1159 0.0000
vt 0.2840 0.1362 0.0000
vt 0.2821 0.1380 0.0000
vt 0.2617 0.1380 0.0000
vt 0.2598 0.1362 0.0000
vt 0.2598 0.1159 0.0000
vt 0.2307 0.2422 0.0000
vt 0.2307 0.2555 0.0000
vt 0.2102 0.2555 0.0000
vt 0.2102 0.2422 0.0000
vt 0.2900 0.0115 0.0000
vt 0.2902 0.0391 0.0000
vt 0.2720 0.0291 0.0000
vt 0.2723 0.0015 0.0000
vt 0.2342 0.2980 0.0000
vt 0.2341 0.2707 0.0000
vt 0.2704 0.0281 0.0000
vt 0.2706 0.0008 0.0000
vt 0.2917 0.0122 0.0000
vt 0.2917 0.0402 0.0000
vt 0.2553 0.2587 0.0000
vt 0.2553 0.2866 0.0000
vt 0.2325 0.2574 0.0000
vt 0.2325 0.2781 0.0000
vt 0.2307 0.2800 0.0000
vt 0.2102 0.2800 0.0000
vt 0.2084 0.2781 0.0000
vt 0.2084 0.2574 0.0000
vt 0.2900 0.0704 0.0000
vt 0.2723 0.0804 0.0000
vt 0.2720 0.0527 0.0000
vt 0.2902 0.0428 0.0000
vt 0.2617 0.1529 0.0000
vt 0.2617 0.1396 0.0000
vt 0.2821 0.1396 0.0000
vt 0.2821 0.1529 0.0000
vt 0.2840 0.1547 0.0000
vt 0.2840 0.1750 0.0000
vt 0.2617 0.1769 0.0000
vt 0.2598 0.1750 0.0000
vt 0.2598 0.1547 0.0000
vt 0.2821 0.1769 0.0000
vt 0.1792 0.2379 0.0000
vt 0.1792 0.2512 0.0000
vt 0.1588 0.2512 0.0000
vt 0.1588 0.2379 0.0000
vt 0.2617 0.2180 0.0000
vt 0.2794 0.2280 0.0000
vt 0.2795 0.2557 0.0000
vt 0.2613 0.2457 0.0000
vt 0.2706 0.0811 0.0000
vt 0.2704 0.0538 0.0000
vt 0.2598 0.2446 0.0000
vt 0.2600 0.2173 0.0000
vt 0.2811 0.2288 0.0000
vt 0.2811 0.2567 0.0000
vt 0.2917 0.0417 0.0000
vt 0.2917 0.0697 0.0000
vt 0.1811 0.2738 0.0000
vt 0.1792 0.2757 0.0000
vt 0.1588 0.2757 0.0000
vt 0.1811 0.2531 0.0000
vt 0.1569 0.2738 0.0000
vt 0.1569 0.2531 0.0000
vt 0.3350 0.1657 0.0000
vt 0.3369 0.1676 0.0000
vt 0.3369 0.1901 0.0000
vt 0.3146 0.1657 0.0000
vt 0.3127 0.1676 0.0000
vt 0.3350 0.1920 0.0000
vt 0.3146 0.1920 0.0000
vt 0.3127 0.1901 0.0000
vt 0.4931 0.3369 0.0000
vt 0.4931 0.3143 0.0000
vt 0.4973 0.3162 0.0000
vt 0.4973 0.3391 0.0000
vt 0.3350 0.1943 0.0000
vt 0.3146 0.1943 0.0000
vt 0.4977 0.2115 0.0000
vt 0.4935 0.2138 0.0000
vt 0.4935 0.1908 0.0000
vt 0.4977 0.1889 0.0000
vt 0.3330 0.2192 0.0000
vt 0.3126 0.2192 0.0000
vt 0.3126 0.2173 0.0000
vt 0.3330 0.2173 0.0000
vt 0.4973 0.3410 0.0000
vt 0.4931 0.3387 0.0000
vt 0.4973 0.3143 0.0000
vt 0.4931 0.3124 0.0000
vt 0.4935 0.1890 0.0000
vt 0.4977 0.1871 0.0000
vt 0.4935 0.2156 0.0000
vt 0.4977 0.2134 0.0000
vt 0.3107 0.2210 0.0000
vt 0.3349 0.2210 0.0000
vt 0.3349 0.2440 0.0000
vt 0.3330 0.2459 0.0000
vt 0.3126 0.2459 0.0000
vt 0.3107 0.2440 0.0000
vt 0.3632 0.1580 0.0000
vt 0.3614 0.1599 0.0000
vt 0.3409 0.1599 0.0000
vt 0.3391 0.1580 0.0000
vt 0.3391 0.1351 0.0000
vt 0.3409 0.1332 0.0000
vt 0.3614 0.1332 0.0000
vt 0.3632 0.1351 0.0000
vt 0.3639 0.2499 0.0000
vt 0.3844 0.2499 0.0000
vt 0.3862 0.2517 0.0000
vt 0.3621 0.2517 0.0000
vt 0.3862 0.2743 0.0000
vt 0.3844 0.2761 0.0000
vt 0.3639 0.2761 0.0000
vt 0.3621 0.2743 0.0000
vt 0.3763 0.4736 0.0000
vt 0.3763 0.4965 0.0000
vt 0.3696 0.4943 0.0000
vt 0.3696 0.4728 0.0000
vt 0.4905 0.1055 0.0000
vt 0.4905 0.0829 0.0000
vt 0.4966 0.0848 0.0000
vt 0.4966 0.1078 0.0000
vt 0.3988 0.4908 0.0000
vt 0.3988 0.4704 0.0000
vt 0.4059 0.4704 0.0000
vt 0.4059 0.4908 0.0000
vt 0.4929 0.0327 0.0000
vt 0.4929 0.0531 0.0000
vt 0.4864 0.0531 0.0000
vt 0.4864 0.0327 0.0000
vt 0.3573 0.1940 0.0000
vt 0.3623 0.1940 0.0000
vt 0.3623 0.2144 0.0000
vt 0.3573 0.2144 0.0000
vt 0.4966 0.1112 0.0000
vt 0.4966 0.1337 0.0000
vt 0.4905 0.1360 0.0000
vt 0.4905 0.1130 0.0000
vt 0.3418 0.4950 0.0000
vt 0.3355 0.4950 0.0000
vt 0.3355 0.4746 0.0000
vt 0.3418 0.4746 0.0000
vt 0.1569 0.3699 0.0000
vt 0.1588 0.3680 0.0000
vt 0.1792 0.3680 0.0000
vt 0.1811 0.3699 0.0000
vt 0.1811 0.3914 0.0000
vt 0.1792 0.3932 0.0000
vt 0.1588 0.3932 0.0000
vt 0.1569 0.3914 0.0000
vt 0.4905 0.1073 0.0000
vt 0.4966 0.1096 0.0000
vt 0.4867 0.2775 0.0000
vt 0.4934 0.2767 0.0000
vt 0.4934 0.2785 0.0000
vt 0.4867 0.2793 0.0000
vt 0.3696 0.4709 0.0000
vt 0.3763 0.4717 0.0000
vt 0.3982 0.4685 0.0000
vt 0.4053 0.4685 0.0000
vt 0.4053 0.4927 0.0000
vt 0.3982 0.4927 0.0000
vt 0.3421 0.4969 0.0000
vt 0.3358 0.4969 0.0000
vt 0.3358 0.4727 0.0000
vt 0.3421 0.4727 0.0000
vt 0.4966 0.1356 0.0000
vt 0.4905 0.1378 0.0000
vt 0.4934 0.2537 0.0000
vt 0.4867 0.2560 0.0000
vt 0.3068 0.3692 0.0000
vt 0.3049 0.3710 0.0000
vt 0.2845 0.3710 0.0000
vt 0.2826 0.3692 0.0000
vt 0.2826 0.3462 0.0000
vt 0.2845 0.3444 0.0000
vt 0.3049 0.3444 0.0000
vt 0.3068 0.3462 0.0000
vt 0.3613 0.3120 0.0000
vt 0.3631 0.3102 0.0000
vt 0.3836 0.3102 0.0000
vt 0.3854 0.3120 0.0000
vt 0.3854 0.3350 0.0000
vt 0.3836 0.3368 0.0000
vt 0.3631 0.3368 0.0000
vt 0.3613 0.3350 0.0000
vt 0.3842 0.2824 0.0000
vt 0.3860 0.2842 0.0000
vt 0.3860 0.3068 0.0000
vt 0.3637 0.2824 0.0000
vt 0.3619 0.2842 0.0000
vt 0.3842 0.3086 0.0000
vt 0.3637 0.3086 0.0000
vt 0.3619 0.3068 0.0000
vt 0.4914 0.0233 0.0000
vt 0.4914 0.0008 0.0000
vt 0.4971 0.0026 0.0000
vt 0.4971 0.0256 0.0000
vt 0.4882 0.4171 0.0000
vt 0.4881 0.3967 0.0000
vt 0.4929 0.3967 0.0000
vt 0.4929 0.4171 0.0000
vt 0.4987 0.4413 0.0000
vt 0.4930 0.4435 0.0000
vt 0.4930 0.4206 0.0000
vt 0.4987 0.4187 0.0000
vt 0.3496 0.4950 0.0000
vt 0.3437 0.4950 0.0000
vt 0.3437 0.4746 0.0000
vt 0.3496 0.4746 0.0000
vt 0.4914 0.0252 0.0000
vt 0.4971 0.0275 0.0000
vt 0.3499 0.4969 0.0000
vt 0.3440 0.4969 0.0000
vt 0.3499 0.4727 0.0000
vt 0.3440 0.4727 0.0000
vt 0.4930 0.4454 0.0000
vt 0.4987 0.4431 0.0000
vt 0.3384 0.1676 0.0000
vt 0.3403 0.1657 0.0000
vt 0.3608 0.1657 0.0000
vt 0.3626 0.1676 0.0000
vt 0.3626 0.1905 0.0000
vt 0.3608 0.1924 0.0000
vt 0.3403 0.1924 0.0000
vt 0.3384 0.1905 0.0000
vt 0.3597 0.3350 0.0000
vt 0.3578 0.3368 0.0000
vt 0.3374 0.3368 0.0000
vt 0.3355 0.3350 0.0000
vt 0.3355 0.3120 0.0000
vt 0.3374 0.3102 0.0000
vt 0.3578 0.3102 0.0000
vt 0.3597 0.3120 0.0000
vt 0.3329 0.2499 0.0000
vt 0.3348 0.2517 0.0000
vt 0.3348 0.2743 0.0000
vt 0.3329 0.2761 0.0000
vt 0.3125 0.2761 0.0000
vt 0.3106 0.2743 0.0000
vt 0.3125 0.2499 0.0000
vt 0.3106 0.2517 0.0000
vt 0.4467 0.4972 0.0000
vt 0.4439 0.4950 0.0000
vt 0.4439 0.4735 0.0000
vt 0.4467 0.4743 0.0000
vt 0.1035 0.4788 0.0000
vt 0.0993 0.4765 0.0000
vt 0.0993 0.4540 0.0000
vt 0.1035 0.4558 0.0000
vt 0.3117 0.3400 0.0000
vt 0.3117 0.3377 0.0000
vt 0.3321 0.3377 0.0000
vt 0.3321 0.3400 0.0000
vt 0.0768 0.4600 0.0000
vt 0.0739 0.4600 0.0000
vt 0.0739 0.4395 0.0000
vt 0.0768 0.4395 0.0000
vt 0.3329 0.2784 0.0000
vt 0.3125 0.2784 0.0000
vt 0.4973 0.3068 0.0000
vt 0.4931 0.3090 0.0000
vt 0.4931 0.2861 0.0000
vt 0.4973 0.2842 0.0000
vt 0.1131 0.4941 0.0000
vt 0.1096 0.4941 0.0000
vt 0.1096 0.4736 0.0000
vt 0.1131 0.4736 0.0000
vt 0.3117 0.3125 0.0000
vt 0.3321 0.3125 0.0000
vt 0.3340 0.3143 0.0000
vt 0.3340 0.3358 0.0000
vt 0.3098 0.3143 0.0000
vt 0.3098 0.3358 0.0000
vt 0.1035 0.4806 0.0000
vt 0.0993 0.4784 0.0000
vt 0.0745 0.4377 0.0000
vt 0.0774 0.4377 0.0000
vt 0.0774 0.4618 0.0000
vt 0.0745 0.4618 0.0000
vt 0.4439 0.4968 0.0000
vt 0.4467 0.4991 0.0000
vt 0.2089 0.3727 0.0000
vt 0.2089 0.3745 0.0000
vt 0.2061 0.3768 0.0000
vt 0.2061 0.3749 0.0000
vt 0.0993 0.4521 0.0000
vt 0.1035 0.4540 0.0000
vt 0.4973 0.2824 0.0000
vt 0.4931 0.2842 0.0000
vt 0.4973 0.3086 0.0000
vt 0.4931 0.3109 0.0000
vt 0.2089 0.3975 0.0000
vt 0.2061 0.3983 0.0000
vt 0.0008 0.3688 0.0000
vt 0.0008 0.3459 0.0000
vt 0.0026 0.3440 0.0000
vt 0.0231 0.3440 0.0000
vt 0.0249 0.3459 0.0000
vt 0.0249 0.3688 0.0000
vt 0.0231 0.3707 0.0000
vt 0.0026 0.3707 0.0000
vt 0.3689 0.0591 0.0000
vt 0.3689 0.0820 0.0000
vt 0.3670 0.0839 0.0000
vt 0.3466 0.0839 0.0000
vt 0.3447 0.0820 0.0000
vt 0.3447 0.0591 0.0000
vt 0.3466 0.0572 0.0000
vt 0.3670 0.0572 0.0000
vt 0.3134 0.1351 0.0000
vt 0.3152 0.1332 0.0000
vt 0.3357 0.1332 0.0000
vt 0.3375 0.1351 0.0000
vt 0.3375 0.1576 0.0000
vt 0.3357 0.1595 0.0000
vt 0.3152 0.1595 0.0000
vt 0.3134 0.1576 0.0000
vt 0.4939 0.2173 0.0000
vt 0.4981 0.2192 0.0000
vt 0.4981 0.2422 0.0000
vt 0.4939 0.2399 0.0000
vt 0.3357 0.1617 0.0000
vt 0.3152 0.1617 0.0000
vt 0.4950 0.2556 0.0000
vt 0.4992 0.2537 0.0000
vt 0.4992 0.2763 0.0000
vt 0.4950 0.2785 0.0000
vt 0.3588 0.4467 0.0000
vt 0.3588 0.4672 0.0000
vt 0.3542 0.4672 0.0000
vt 0.3542 0.4467 0.0000
vt 0.4981 0.2440 0.0000
vt 0.4939 0.2418 0.0000
vt 0.3595 0.4691 0.0000
vt 0.3549 0.4691 0.0000
vt 0.3549 0.4449 0.0000
vt 0.3595 0.4449 0.0000
vt 0.4950 0.2804 0.0000
vt 0.4992 0.2781 0.0000
vt 0.2068 0.3693 0.0000
vt 0.2049 0.3711 0.0000
vt 0.1845 0.3711 0.0000
vt 0.1826 0.3693 0.0000
vt 0.1826 0.3463 0.0000
vt 0.1845 0.3445 0.0000
vt 0.2049 0.3445 0.0000
vt 0.2068 0.3463 0.0000
vt 0.2107 0.3477 0.0000
vt 0.2125 0.3459 0.0000
vt 0.2330 0.3459 0.0000
vt 0.2348 0.3477 0.0000
vt 0.2348 0.3707 0.0000
vt 0.2330 0.3725 0.0000
vt 0.2125 0.3725 0.0000
vt 0.2107 0.3707 0.0000
vt 0.2563 0.3630 0.0000
vt 0.2582 0.3612 0.0000
vt 0.2786 0.3612 0.0000
vt 0.2805 0.3630 0.0000
vt 0.2805 0.3856 0.0000
vt 0.2786 0.3874 0.0000
vt 0.2582 0.3874 0.0000
vt 0.2563 0.3856 0.0000
vt 0.3680 0.4736 0.0000
vt 0.3680 0.4965 0.0000
vt 0.3613 0.4943 0.0000
vt 0.3613 0.4728 0.0000
vt 0.4905 0.0773 0.0000
vt 0.4905 0.0547 0.0000
vt 0.4966 0.0566 0.0000
vt 0.4966 0.0795 0.0000
vt 0.0703 0.4658 0.0000
vt 0.0774 0.4658 0.0000
vt 0.0774 0.4862 0.0000
vt 0.0703 0.4862 0.0000
vt 0.4801 0.3967 0.0000
vt 0.4866 0.3967 0.0000
vt 0.4866 0.4171 0.0000
vt 0.4801 0.4171 0.0000
vt 0.3821 0.2140 0.0000
vt 0.3821 0.1935 0.0000
vt 0.3871 0.1935 0.0000
vt 0.3871 0.2140 0.0000
vt 0.4966 0.1620 0.0000
vt 0.4905 0.1642 0.0000
vt 0.4905 0.1413 0.0000
vt 0.4966 0.1394 0.0000
vt 0.3779 0.4932 0.0000
vt 0.3779 0.4728 0.0000
vt 0.3841 0.4728 0.0000
vt 0.3841 0.4932 0.0000
vt 0.3355 0.3685 0.0000
vt 0.3374 0.3666 0.0000
vt 0.3578 0.3666 0.0000
vt 0.3597 0.3685 0.0000
vt 0.3597 0.3900 0.0000
vt 0.3578 0.3918 0.0000
vt 0.3374 0.3918 0.0000
vt 0.3355 0.3900 0.0000
vt 0.4905 0.0791 0.0000
vt 0.4966 0.0814 0.0000
vt 0.2805 0.4927 0.0000
vt 0.2738 0.4935 0.0000
vt 0.2738 0.4917 0.0000
vt 0.2805 0.4909 0.0000
vt 0.3613 0.4709 0.0000
vt 0.3680 0.4717 0.0000
vt 0.0697 0.4639 0.0000
vt 0.0769 0.4639 0.0000
vt 0.0769 0.4881 0.0000
vt 0.0697 0.4881 0.0000
vt 0.3844 0.4951 0.0000
vt 0.3782 0.4951 0.0000
vt 0.3782 0.4709 0.0000
vt 0.3844 0.4709 0.0000
vt 0.4905 0.1661 0.0000
vt 0.4966 0.1638 0.0000
vt 0.2738 0.4702 0.0000
vt 0.2805 0.4679 0.0000
vt 0.1039 0.3484 0.0000
vt 0.1039 0.3714 0.0000
vt 0.1020 0.3732 0.0000
vt 0.0816 0.3732 0.0000
vt 0.0797 0.3714 0.0000
vt 0.0797 0.3484 0.0000
vt 0.0816 0.3466 0.0000
vt 0.1020 0.3466 0.0000
vt 0.0511 0.3827 0.0000
vt 0.0511 0.3597 0.0000
vt 0.0529 0.3579 0.0000
vt 0.0734 0.3579 0.0000
vt 0.0753 0.3597 0.0000
vt 0.0753 0.3827 0.0000
vt 0.0734 0.3845 0.0000
vt 0.0529 0.3845 0.0000
vt 0.3622 0.2192 0.0000
vt 0.3640 0.2173 0.0000
vt 0.3845 0.2173 0.0000
vt 0.3863 0.2192 0.0000
vt 0.3863 0.2418 0.0000
vt 0.3845 0.2436 0.0000
vt 0.3640 0.2436 0.0000
vt 0.3622 0.2418 0.0000
vt 0.4912 0.3898 0.0000
vt 0.4912 0.3673 0.0000
vt 0.4969 0.3691 0.0000
vt 0.4969 0.3921 0.0000
vt 0.1643 0.4939 0.0000
vt 0.1643 0.4734 0.0000
vt 0.1690 0.4734 0.0000
vt 0.1690 0.4939 0.0000
vt 0.4987 0.4776 0.0000
vt 0.4930 0.4799 0.0000
vt 0.4930 0.4569 0.0000
vt 0.4987 0.4551 0.0000
vt 0.3515 0.4950 0.0000
vt 0.3515 0.4746 0.0000
vt 0.3574 0.4746 0.0000
vt 0.3574 0.4950 0.0000
vt 0.4912 0.3917 0.0000
vt 0.4969 0.3939 0.0000
vt 0.3577 0.4969 0.0000
vt 0.3518 0.4969 0.0000
vt 0.3518 0.4727 0.0000
vt 0.3577 0.4727 0.0000
vt 0.4930 0.4817 0.0000
vt 0.4987 0.4795 0.0000
vt 0.3363 0.2747 0.0000
vt 0.3363 0.2517 0.0000
vt 0.3382 0.2499 0.0000
vt 0.3586 0.2499 0.0000
vt 0.3605 0.2517 0.0000
vt 0.3605 0.2747 0.0000
vt 0.3586 0.2765 0.0000
vt 0.3382 0.2765 0.0000
vt 0.3606 0.2192 0.0000
vt 0.3606 0.2421 0.0000
vt 0.3587 0.2440 0.0000
vt 0.3383 0.2440 0.0000
vt 0.3364 0.2421 0.0000
vt 0.3364 0.2192 0.0000
vt 0.3383 0.2173 0.0000
vt 0.3587 0.2173 0.0000
vt 0.3117 0.2824 0.0000
vt 0.3321 0.2824 0.0000
vt 0.3340 0.2842 0.0000
vt 0.3340 0.3068 0.0000
vt 0.3321 0.3087 0.0000
vt 0.3117 0.3087 0.0000
vt 0.3098 0.2842 0.0000
vt 0.3098 0.3068 0.0000
vt 0.1080 0.4974 0.0000
vt 0.1055 0.4951 0.0000
vt 0.1055 0.4736 0.0000
vt 0.1080 0.4744 0.0000
vt 0.1241 0.4709 0.0000
vt 0.1241 0.4483 0.0000
vt 0.1288 0.4502 0.0000
vt 0.1288 0.4731 0.0000
vt 0.1588 0.3382 0.0000
vt 0.1588 0.3360 0.0000
vt 0.1792 0.3360 0.0000
vt 0.1792 0.3382 0.0000
vt 0.4741 0.4753 0.0000
vt 0.4741 0.4958 0.0000
vt 0.4714 0.4958 0.0000
vt 0.4714 0.4753 0.0000
vt 0.3321 0.3109 0.0000
vt 0.3117 0.3109 0.0000
vt 0.3285 0.4514 0.0000
vt 0.3332 0.4496 0.0000
vt 0.3332 0.4722 0.0000
vt 0.3285 0.4744 0.0000
vt 0.4423 0.4939 0.0000
vt 0.4384 0.4939 0.0000
vt 0.4384 0.4735 0.0000
vt 0.4423 0.4735 0.0000
vt 0.1588 0.3108 0.0000
vt 0.1792 0.3108 0.0000
vt 0.1811 0.3126 0.0000
vt 0.1569 0.3126 0.0000
vt 0.1811 0.3341 0.0000
vt 0.1569 0.3341 0.0000
vt 0.1241 0.4727 0.0000
vt 0.1288 0.4750 0.0000
vt 0.4719 0.4734 0.0000
vt 0.4746 0.4734 0.0000
vt 0.4746 0.4976 0.0000
vt 0.4719 0.4976 0.0000
vt 0.1080 0.4993 0.0000
vt 0.1055 0.4970 0.0000
vt 0.1437 0.4757 0.0000
vt 0.1463 0.4735 0.0000
vt 0.1463 0.4753 0.0000
vt 0.1437 0.4776 0.0000
vt 0.1288 0.4483 0.0000
vt 0.1241 0.4464 0.0000
vt 0.3285 0.4496 0.0000
vt 0.3332 0.4477 0.0000
vt 0.3332 0.4740 0.0000
vt 0.3285 0.4763 0.0000
vt 0.1463 0.4983 0.0000
vt 0.1437 0.4991 0.0000
vt 0.3392 0.1255 0.0000
vt 0.3392 0.1025 0.0000
vt 0.3410 0.1007 0.0000
vt 0.3615 0.1007 0.0000
vt 0.3634 0.1025 0.0000
vt 0.3634 0.1255 0.0000
vt 0.3615 0.1273 0.0000
vt 0.3410 0.1273 0.0000
vt 0.3597 0.3403 0.0000
vt 0.3597 0.3632 0.0000
vt 0.3578 0.3651 0.0000
vt 0.3374 0.3651 0.0000
vt 0.3355 0.3632 0.0000
vt 0.3355 0.3403 0.0000
vt 0.3374 0.3384 0.0000
vt 0.3578 0.3384 0.0000
vt 0.2933 0.0710 0.0000
vt 0.2951 0.0691 0.0000
vt 0.3156 0.0691 0.0000
vt 0.3174 0.0710 0.0000
vt 0.3174 0.0935 0.0000
vt 0.3156 0.0954 0.0000
vt 0.2951 0.0954 0.0000
vt 0.2933 0.0935 0.0000
vt 0.2809 0.4413 0.0000
vt 0.2809 0.4643 0.0000
vt 0.2775 0.4620 0.0000
vt 0.2775 0.4405 0.0000
vt 0.1804 0.4729 0.0000
vt 0.1755 0.4707 0.0000
vt 0.1755 0.4481 0.0000
vt 0.1804 0.4500 0.0000
vt 0.0026 0.3402 0.0000
vt 0.0231 0.3402 0.0000
vt 0.0231 0.3425 0.0000
vt 0.0026 0.3425 0.0000
vt 0.2047 0.4288 0.0000
vt 0.2082 0.4288 0.0000
vt 0.2082 0.4493 0.0000
vt 0.2047 0.4493 0.0000
vt 0.3156 0.0976 0.0000
vt 0.2951 0.0976 0.0000
vt 0.1498 0.4500 0.0000
vt 0.1546 0.4482 0.0000
vt 0.1546 0.4707 0.0000
vt 0.1498 0.4730 0.0000
vt 0.3810 0.4657 0.0000
vt 0.3810 0.4452 0.0000
vt 0.3853 0.4452 0.0000
vt 0.3853 0.4657 0.0000
vt 0.0008 0.3168 0.0000
vt 0.0026 0.3150 0.0000
vt 0.0231 0.3150 0.0000
vt 0.0249 0.3168 0.0000
vt 0.0249 0.3384 0.0000
vt 0.0008 0.3384 0.0000
vt 0.1755 0.4725 0.0000
vt 0.1804 0.4748 0.0000
vt 0.2051 0.4270 0.0000
vt 0.2086 0.4270 0.0000
vt 0.2086 0.4511 0.0000
vt 0.2051 0.4511 0.0000
vt 0.2775 0.4639 0.0000
vt 0.2809 0.4661 0.0000
vt 0.3081 0.4269 0.0000
vt 0.3081 0.4287 0.0000
vt 0.3047 0.4310 0.0000
vt 0.3047 0.4291 0.0000
vt 0.1755 0.4463 0.0000
vt 0.1804 0.4481 0.0000
vt 0.1498 0.4482 0.0000
vt 0.1546 0.4463 0.0000
vt 0.1546 0.4726 0.0000
vt 0.1498 0.4748 0.0000
vt 0.3081 0.4517 0.0000
vt 0.3047 0.4525 0.0000
vt 0.3098 0.3663 0.0000
vt 0.3098 0.3434 0.0000
vt 0.3117 0.3415 0.0000
vt 0.3321 0.3415 0.0000
vt 0.3340 0.3434 0.0000
vt 0.3340 0.3663 0.0000
vt 0.3321 0.3682 0.0000
vt 0.3117 0.3682 0.0000
vt 0.3689 0.0308 0.0000
vt 0.3689 0.0538 0.0000
vt 0.3670 0.0557 0.0000
vt 0.3466 0.0557 0.0000
vt 0.3447 0.0538 0.0000
vt 0.3447 0.0308 0.0000
vt 0.3466 0.0290 0.0000
vt 0.3670 0.0290 0.0000
vt 0.2341 0.1445 0.0000
vt 0.2359 0.1426 0.0000
vt 0.2564 0.1426 0.0000
vt 0.2582 0.1445 0.0000
vt 0.2582 0.1670 0.0000
vt 0.2564 0.1689 0.0000
vt 0.2359 0.1689 0.0000
vt 0.2341 0.1670 0.0000
vt 0.0194 0.4749 0.0000
vt 0.0194 0.4524 0.0000
vt 0.0242 0.4542 0.0000
vt 0.0242 0.4772 0.0000
vt 0.2564 0.1712 0.0000
vt 0.2359 0.1712 0.0000
vt 0.0444 0.4602 0.0000
vt 0.0492 0.4583 0.0000
vt 0.0492 0.4809 0.0000
vt 0.0444 0.4831 0.0000
vt 0.1569 0.4958 0.0000
vt 0.1569 0.4753 0.0000
vt 0.1621 0.4753 0.0000
vt 0.1621 0.4958 0.0000
vt 0.0194 0.4768 0.0000
vt 0.0242 0.4790 0.0000
vt 0.1627 0.4976 0.0000
vt 0.1576 0.4976 0.0000
vt 0.1627 0.4734 0.0000
vt 0.1576 0.4734 0.0000
vt 0.0492 0.4827 0.0000
vt 0.0444 0.4850 0.0000
vt 0.1055 0.3648 0.0000
vt 0.1055 0.3418 0.0000
vt 0.1073 0.3400 0.0000
vt 0.1278 0.3400 0.0000
vt 0.1296 0.3418 0.0000
vt 0.1296 0.3648 0.0000
vt 0.1278 0.3666 0.0000
vt 0.1073 0.3666 0.0000
vt 0.1811 0.3646 0.0000
vt 0.1792 0.3665 0.0000
vt 0.1588 0.3665 0.0000
vt 0.1569 0.3646 0.0000
vt 0.1569 0.3416 0.0000
vt 0.1588 0.3398 0.0000
vt 0.1792 0.3398 0.0000
vt 0.1811 0.3416 0.0000
vt 0.0026 0.2151 0.0000
vt 0.0231 0.2151 0.0000
vt 0.0249 0.2170 0.0000
vt 0.0249 0.2391 0.0000
vt 0.0231 0.2410 0.0000
vt 0.0026 0.2410 0.0000
vt 0.0008 0.2170 0.0000
vt 0.0008 0.2391 0.0000
vt 0.4840 0.2824 0.0000
vt 0.4840 0.3296 0.0000
vt 0.4802 0.3563 0.0000
vt 0.4797 0.3122 0.0000
vt 0.2083 0.4551 0.0000
vt 0.2083 0.4780 0.0000
vt 0.2022 0.4913 0.0000
vt 0.2022 0.4688 0.0000
vt 0.1535 0.1478 0.0000
vt 0.1330 0.1478 0.0000
vt 0.1330 0.1007 0.0000
vt 0.1535 0.1007 0.0000
vt 0.1278 0.2462 0.0000
vt 0.1073 0.2462 0.0000
vt 0.1073 0.2021 0.0000
vt 0.1278 0.2022 0.0000
vt 0.2359 0.1748 0.0000
vt 0.2564 0.1748 0.0000
vt 0.2564 0.1891 0.0000
vt 0.2359 0.1891 0.0000
vt 0.4856 0.3202 0.0000
vt 0.4916 0.3335 0.0000
vt 0.4916 0.3565 0.0000
vt 0.4856 0.3428 0.0000
vt 0.0026 0.2006 0.0000
vt 0.0231 0.2006 0.0000
vt 0.1553 0.1760 0.0000
vt 0.1535 0.1778 0.0000
vt 0.1330 0.1778 0.0000
vt 0.1312 0.1760 0.0000
vt 0.1312 0.1496 0.0000
vt 0.1553 0.1496 0.0000
vt 0.2582 0.1766 0.0000
vt 0.2582 0.1909 0.0000
vt 0.1055 0.2444 0.0000
vt 0.1055 0.2003 0.0000
vt 0.1296 0.2444 0.0000
vt 0.1296 0.2003 0.0000
vt 0.1312 0.1025 0.0000
vt 0.1553 0.1025 0.0000
vt 0.0249 0.2024 0.0000
vt 0.0008 0.2024 0.0000
vt 0.2341 0.1766 0.0000
vt 0.2341 0.1909 0.0000
vt 0.4706 0.0814 0.0000
vt 0.4706 0.1286 0.0000
vt 0.4663 0.0988 0.0000
vt 0.4668 0.0547 0.0000
vt 0.2582 0.2134 0.0000
vt 0.2564 0.2152 0.0000
vt 0.2359 0.2152 0.0000
vt 0.2341 0.2134 0.0000
vt 0.1681 0.0193 0.0000
vt 0.1693 0.0160 0.0000
vt 0.1849 0.0155 0.0000
vt 0.1864 0.0169 0.0000
vt 0.1864 0.0354 0.0000
vt 0.1851 0.0367 0.0000
vt 0.1710 0.0374 0.0000
vt 0.1677 0.0346 0.0000
vt 0.2795 0.3594 0.0000
vt 0.2745 0.3596 0.0000
vt 0.2623 0.3602 0.0000
vt 0.2805 0.3592 0.0000
vt 0.2583 0.3603 0.0000
vt 0.2565 0.3597 0.0000
vt 0.2563 0.3578 0.0000
vt 0.2563 0.3352 0.0000
vt 0.2565 0.3337 0.0000
vt 0.2582 0.3334 0.0000
vt 0.2605 0.3332 0.0000
vt 0.2736 0.3338 0.0000
vt 0.2792 0.3334 0.0000
vt 0.2809 0.3340 0.0000
vt 0.2811 0.3352 0.0000
vt 0.2811 0.3578 0.0000
vt 0.2049 0.2677 0.0000
vt 0.1845 0.2677 0.0000
vt 0.1826 0.2659 0.0000
vt 0.1826 0.2440 0.0000
vt 0.1845 0.2422 0.0000
vt 0.2049 0.2422 0.0000
vt 0.2068 0.2440 0.0000
vt 0.2068 0.2659 0.0000
vt 0.4838 0.1475 0.0000
vt 0.4890 0.1188 0.0000
vt 0.4890 0.1588 0.0000
vt 0.4851 0.1813 0.0000
vt 0.4858 0.4309 0.0000
vt 0.4915 0.4187 0.0000
vt 0.4915 0.4417 0.0000
vt 0.4858 0.4535 0.0000
vt 0.1845 0.2148 0.0000
vt 0.1845 0.1748 0.0000
vt 0.2049 0.1748 0.0000
vt 0.2049 0.2148 0.0000
vt 0.1278 0.2478 0.0000
vt 0.1278 0.2816 0.0000
vt 0.1073 0.2816 0.0000
vt 0.1073 0.2478 0.0000
vt 0.2466 0.0799 0.0000
vt 0.2466 0.0671 0.0000
vt 0.2670 0.0671 0.0000
vt 0.2670 0.0799 0.0000
vt 0.4923 0.2521 0.0000
vt 0.4867 0.2403 0.0000
vt 0.4867 0.2173 0.0000
vt 0.4923 0.2296 0.0000
vt 0.2049 0.2809 0.0000
vt 0.1845 0.2809 0.0000
vt 0.2049 0.2406 0.0000
vt 0.1845 0.2406 0.0000
vt 0.1826 0.2388 0.0000
vt 0.1826 0.2166 0.0000
vt 0.2068 0.2166 0.0000
vt 0.2068 0.2388 0.0000
vt 0.2447 0.0781 0.0000
vt 0.2447 0.0653 0.0000
vt 0.1296 0.2496 0.0000
vt 0.1296 0.2834 0.0000
vt 0.1055 0.2834 0.0000
vt 0.1055 0.2496 0.0000
vt 0.1826 0.1766 0.0000
vt 0.2068 0.1766 0.0000
vt 0.1826 0.2791 0.0000
vt 0.2068 0.2791 0.0000
vt 0.2689 0.0653 0.0000
vt 0.2689 0.0781 0.0000
vt 0.4851 0.2798 0.0000
vt 0.4800 0.2511 0.0000
vt 0.4812 0.2173 0.0000
vt 0.4851 0.2398 0.0000
vt 0.2447 0.0429 0.0000
vt 0.2466 0.0411 0.0000
vt 0.2670 0.0411 0.0000
vt 0.2689 0.0429 0.0000
vt 0.3891 0.1248 0.0000
vt 0.3872 0.1266 0.0000
vt 0.3668 0.1266 0.0000
vt 0.3649 0.1248 0.0000
vt 0.3649 0.1025 0.0000
vt 0.3668 0.1007 0.0000
vt 0.3872 0.1007 0.0000
vt 0.3891 0.1025 0.0000
vt 0.2564 0.1152 0.0000
vt 0.2582 0.1171 0.0000
vt 0.2582 0.1393 0.0000
vt 0.2564 0.1411 0.0000
vt 0.2359 0.1152 0.0000
vt 0.2359 0.1411 0.0000
vt 0.2341 0.1393 0.0000
vt 0.2341 0.1171 0.0000
vt 0.4823 0.0547 0.0000
vt 0.4823 0.1019 0.0000
vt 0.4785 0.1286 0.0000
vt 0.4780 0.0845 0.0000
vt 0.2293 0.4877 0.0000
vt 0.2293 0.4651 0.0000
vt 0.2353 0.4514 0.0000
vt 0.2353 0.4744 0.0000
vt 0.1588 0.1478 0.0000
vt 0.1588 0.1007 0.0000
vt 0.1792 0.1007 0.0000
vt 0.1792 0.1478 0.0000
vt 0.1020 0.2022 0.0000
vt 0.1020 0.2462 0.0000
vt 0.0816 0.2462 0.0000
vt 0.0816 0.2021 0.0000
vt 0.2359 0.2310 0.0000
vt 0.2359 0.2167 0.0000
vt 0.2564 0.2167 0.0000
vt 0.2564 0.2310 0.0000
vt 0.4856 0.2824 0.0000
vt 0.4916 0.2957 0.0000
vt 0.4916 0.3186 0.0000
vt 0.4856 0.3049 0.0000
vt 0.2359 0.1007 0.0000
vt 0.2564 0.1007 0.0000
vt 0.1588 0.1778 0.0000
vt 0.1569 0.1760 0.0000
vt 0.1569 0.1496 0.0000
vt 0.1792 0.1778 0.0000
vt 0.1811 0.1760 0.0000
vt 0.1811 0.1496 0.0000
vt 0.2582 0.2186 0.0000
vt 0.2582 0.2328 0.0000
vt 0.0797 0.2444 0.0000
vt 0.0797 0.2003 0.0000
vt 0.1039 0.2003 0.0000
vt 0.1039 0.2444 0.0000
vt 0.1569 0.1025 0.0000
vt 0.1811 0.1025 0.0000
vt 0.2582 0.1025 0.0000
vt 0.2341 0.1025 0.0000
vt 0.2341 0.2186 0.0000
vt 0.2341 0.2328 0.0000
vt 0.4764 0.1286 0.0000
vt 0.4721 0.0988 0.0000
vt 0.4726 0.0547 0.0000
vt 0.4764 0.0814 0.0000
vt 0.2582 0.2553 0.0000
vt 0.2564 0.2571 0.0000
vt 0.2359 0.2571 0.0000
vt 0.2341 0.2553 0.0000
vt 0.2860 0.2114 0.0000
vt 0.2861 0.2056 0.0000
vt 0.2852 0.1983 0.0000
vt 0.3087 0.1981 0.0000
vt 0.3099 0.1991 0.0000
vt 0.3103 0.2141 0.0000
vt 0.3098 0.2160 0.0000
vt 0.2864 0.2158 0.0000
vt 0.3608 0.3029 0.0000
vt 0.3601 0.3074 0.0000
vt 0.3590 0.3097 0.0000
vt 0.3377 0.3089 0.0000
vt 0.3358 0.3084 0.0000
vt 0.3356 0.3078 0.0000
vt 0.3355 0.3068 0.0000
vt 0.3355 0.2842 0.0000
vt 0.3370 0.2828 0.0000
vt 0.3392 0.2802 0.0000
vt 0.3439 0.2817 0.0000
vt 0.3567 0.2822 0.0000
vt 0.3589 0.2832 0.0000
vt 0.3598 0.2843 0.0000
vt 0.3603 0.2842 0.0000
vt 0.3604 0.2978 0.0000
vt 0.1330 0.2634 0.0000
vt 0.1312 0.2616 0.0000
vt 0.1312 0.2397 0.0000
vt 0.1535 0.2634 0.0000
vt 0.1330 0.2379 0.0000
vt 0.1535 0.2379 0.0000
vt 0.1553 0.2617 0.0000
vt 0.1553 0.2397 0.0000
vt 0.4890 0.0547 0.0000
vt 0.4890 0.0947 0.0000
vt 0.4851 0.1172 0.0000
vt 0.4838 0.0834 0.0000
vt 0.3081 0.4550 0.0000
vt 0.3081 0.4779 0.0000
vt 0.3024 0.4898 0.0000
vt 0.3024 0.4672 0.0000
vt 0.2307 0.1748 0.0000
vt 0.2307 0.2148 0.0000
vt 0.2102 0.2148 0.0000
vt 0.2102 0.1748 0.0000
vt 0.1020 0.2816 0.0000
vt 0.0816 0.2816 0.0000
vt 0.0816 0.2478 0.0000
vt 0.1020 0.2478 0.0000
vt 0.2466 0.0396 0.0000
vt 0.2466 0.0268 0.0000
vt 0.2670 0.0268 0.0000
vt 0.2670 0.0396 0.0000
vt 0.4858 0.4780 0.0000
vt 0.4858 0.4551 0.0000
vt 0.4915 0.4673 0.0000
vt 0.4915 0.4899 0.0000
vt 0.1535 0.2767 0.0000
vt 0.1330 0.2767 0.0000
vt 0.2325 0.2388 0.0000
vt 0.2307 0.2406 0.0000
vt 0.2102 0.2406 0.0000
vt 0.2084 0.2388 0.0000
vt 0.2084 0.2166 0.0000
vt 0.2325 0.2166 0.0000
vt 0.2447 0.0378 0.0000
vt 0.2447 0.0250 0.0000
vt 0.1039 0.2496 0.0000
vt 0.1039 0.2834 0.0000
vt 0.0797 0.2834 0.0000
vt 0.0797 0.2496 0.0000
vt 0.2084 0.1766 0.0000
vt 0.2325 0.1766 0.0000
vt 0.1312 0.2749 0.0000
vt 0.1553 0.2749 0.0000
vt 0.2689 0.0250 0.0000
vt 0.2689 0.0378 0.0000
vt 0.4803 0.4187 0.0000
vt 0.4842 0.4412 0.0000
vt 0.4842 0.4812 0.0000
vt 0.4791 0.4525 0.0000
vt 0.2447 0.0026 0.0000
vt 0.2466 0.0008 0.0000
vt 0.2670 0.0008 0.0000
vt 0.2689 0.0026 0.0000
vt 0.3854 0.3904 0.0000
vt 0.3836 0.3922 0.0000
vt 0.3631 0.3922 0.0000
vt 0.3613 0.3904 0.0000
vt 0.3613 0.3680 0.0000
vt 0.3631 0.3662 0.0000
vt 0.3836 0.3662 0.0000
vt 0.3854 0.3680 0.0000
# 2462 texture coords

o COLUMN_001
g COLUMN_001
usemtl BARN_SCENE_BARN_TEXTURES
s off
f 3319/10546/960 3320/10547/960 3321/10548/960 
f 3321/10548/960 3322/10549/960 3319/10546/960 
f 3323/10550/961 3324/10551/961 3325/10552/961 
f 3325/10552/961 3326/10553/961 3323/10550/961 
f 3327/10554/962 3328/10555/962 3322/10556/962 
f 3329/10557/962 3327/10554/962 3322/10556/962 
f 3329/10557/962 3322/10556/962 3321/10558/962 
f 3329/10557/962 3321/10558/962 3324/10559/962 
f 3330/10560/962 3329/10557/962 3324/10559/962 
f 3323/10561/962 3330/10560/962 3324/10559/962 
f 3327/10562/963 3331/10563/963 3332/10564/963 
f 3332/10564/963 3328/10565/963 3327/10562/963 
f 3333/10566/964 3334/10567/964 3329/10568/964 
f 3329/10568/964 3330/10569/964 3333/10566/964 
f 3328/10570/965 3332/10571/965 3319/10546/965 
f 3319/10546/965 3322/10549/965 3328/10570/965 
f 3334/10567/966 3331/10563/966 3327/10562/966 
f 3327/10562/966 3329/10568/966 3334/10567/966 
f 3323/10550/967 3326/10553/967 3333/10572/967 
f 3333/10572/967 3330/10573/967 3323/10550/967 
f 3321/10574/968 3320/10575/968 3325/10576/968 
f 3325/10576/968 3324/10577/968 3321/10574/968 
f 3331/10578/969 3334/10579/969 3333/10580/969 
f 3331/10578/969 3333/10580/969 3326/10581/969 
f 3326/10581/969 3325/10582/969 3320/10583/969 
f 3331/10578/969 3326/10581/969 3320/10583/969 
f 3320/10583/969 3319/10584/969 3332/10585/969 
f 3331/10578/969 3320/10583/969 3332/10585/969 
f 3335/10586/960 3336/10587/960 3337/10588/960 
f 3337/10588/960 3338/10589/960 3335/10586/960 
f 3339/10590/961 3340/10591/961 3341/10592/961 
f 3341/10592/961 3342/10593/961 3339/10590/961 
f 3339/10594/970 3343/10595/970 3344/10596/970 
f 3344/10596/970 3345/10597/970 3346/10598/970 
f 3339/10594/970 3344/10596/970 3346/10598/970 
f 3339/10594/970 3346/10598/970 3335/10599/970 
f 3339/10594/970 3335/10599/970 3338/10600/970 
f 3339/10594/970 3338/10600/970 3340/10601/970 
f 3347/10602/963 3348/10603/963 3346/10604/963 
f 3346/10604/963 3345/10605/963 3347/10602/963 
f 3349/10606/964 3350/10607/964 3344/10608/964 
f 3344/10608/964 3343/10609/964 3349/10606/964 
f 3335/10586/965 3346/10610/965 3348/10611/965 
f 3348/10611/965 3336/10587/965 3335/10586/965 
f 3350/10607/966 3347/10612/966 3345/10613/966 
f 3345/10613/966 3344/10608/966 3350/10607/966 
f 3342/10593/967 3349/10614/967 3343/10615/967 
f 3343/10615/967 3339/10590/967 3342/10593/967 
f 3337/10616/968 3341/10592/968 3340/10591/968 
f 3340/10591/968 3338/10617/968 3337/10616/968 
f 3349/10618/969 3342/10619/969 3341/10620/969 
f 3349/10618/969 3341/10620/969 3337/10621/969 
f 3349/10618/969 3337/10621/969 3336/10622/969 
f 3350/10623/969 3349/10618/969 3336/10622/969 
f 3347/10624/969 3350/10623/969 3336/10622/969 
f 3347/10624/969 3336/10622/969 3348/10625/969 
f 3351/10626/960 3352/10627/960 3353/10628/960 
f 3353/10628/960 3354/10629/960 3351/10626/960 
f 3355/10630/961 3356/10631/961 3357/10632/961 
f 3357/10632/961 3358/10633/961 3355/10630/961 
f 3358/10634/971 3359/10635/971 3360/10636/971 
f 3360/10636/971 3361/10637/971 3362/10638/971 
f 3358/10634/971 3360/10636/971 3362/10638/971 
f 3358/10634/971 3362/10638/971 3355/10639/971 
f 3361/10640/963 3363/10641/963 3364/10642/963 
f 3364/10642/963 3362/10643/963 3361/10640/963 
f 3360/10644/964 3359/10645/964 3365/10646/964 
f 3365/10646/964 3366/10647/964 3360/10644/964 
f 3362/10643/965 3364/10642/965 3354/10629/965 
f 3354/10629/965 3353/10628/965 3362/10643/965 
f 3363/10648/966 3361/10649/966 3360/10650/966 
f 3360/10650/966 3366/10651/966 3363/10648/966 
f 3365/10646/967 3359/10645/967 3358/10652/967 
f 3358/10652/967 3357/10653/967 3365/10646/967 
f 3356/10631/968 3355/10630/968 3352/10654/968 
f 3352/10654/968 3351/10655/968 3356/10631/968 
f 3362/10638/972 3353/10656/972 3352/10657/972 
f 3352/10657/972 3355/10639/972 3362/10638/972 
f 3363/10658/969 3366/10659/969 3365/10660/969 
f 3365/10660/969 3357/10661/969 3356/10662/969 
f 3365/10660/969 3356/10662/969 3351/10663/969 
f 3351/10663/969 3354/10664/969 3364/10665/969 
f 3365/10660/969 3351/10663/969 3364/10665/969 
f 3363/10658/969 3365/10660/969 3364/10665/969 
f 3367/10666/960 3368/10667/960 3369/10668/960 
f 3369/10668/960 3370/10669/960 3367/10666/960 
f 3371/10670/961 3372/10671/961 3373/10672/961 
f 3373/10672/961 3374/10673/961 3371/10670/961 
f 3371/10674/970 3375/10675/970 3376/10676/970 
f 3376/10676/970 3377/10677/970 3378/10678/970 
f 3378/10678/970 3368/10679/970 3367/10680/970 
f 3376/10676/970 3378/10678/970 3367/10680/970 
f 3371/10674/970 3376/10676/970 3367/10680/970 
f 3371/10674/970 3367/10680/970 3372/10681/970 
f 3378/10682/963 3377/10683/963 3379/10684/963 
f 3379/10684/963 3380/10685/963 3378/10682/963 
f 3376/10686/964 3375/10687/964 3381/10688/964 
f 3381/10688/964 3382/10689/964 3376/10686/964 
f 3368/10667/965 3378/10690/965 3380/10691/965 
f 3380/10691/965 3369/10668/965 3368/10667/965 
f 3382/10689/966 3379/10692/966 3377/10693/966 
f 3377/10693/966 3376/10686/966 3382/10689/966 
f 3374/10694/967 3381/10688/967 3375/10687/967 
f 3375/10687/967 3371/10695/967 3374/10694/967 
f 3370/10669/968 3373/10696/968 3372/10697/968 
f 3372/10697/968 3367/10666/968 3370/10669/968 
f 3379/10698/969 3382/10699/969 3381/10700/969 
f 3381/10700/969 3374/10701/969 3373/10702/969 
f 3373/10702/969 3370/10703/969 3369/10704/969 
f 3381/10700/969 3373/10702/969 3369/10704/969 
f 3379/10698/969 3381/10700/969 3369/10704/969 
f 3379/10698/969 3369/10704/969 3380/10705/969 
f 3383/10706/960 3384/10707/960 3385/10708/960 
f 3385/10708/960 3386/10709/960 3383/10706/960 
f 3387/10710/961 3388/10711/961 3389/10712/961 
f 3389/10712/961 3390/10713/961 3387/10710/961 
f 3387/10714/971 3391/10715/971 3392/10716/971 
f 3392/10716/971 3393/10717/971 3394/10718/971 
f 3394/10718/971 3384/10719/971 3383/10720/971 
f 3392/10716/971 3394/10718/971 3383/10720/971 
f 3387/10714/971 3392/10716/971 3383/10720/971 
f 3387/10714/971 3383/10720/971 3388/10721/971 
f 3394/10722/963 3393/10723/963 3395/10724/963 
f 3395/10724/963 3396/10725/963 3394/10722/963 
f 3392/10726/964 3391/10727/964 3397/10728/964 
f 3397/10728/964 3398/10729/964 3392/10726/964 
f 3384/10707/965 3394/10730/965 3396/10731/965 
f 3396/10731/965 3385/10708/965 3384/10707/965 
f 3398/10729/966 3395/10732/966 3393/10733/966 
f 3393/10733/966 3392/10726/966 3398/10729/966 
f 3390/10734/967 3397/10728/967 3391/10727/967 
f 3391/10727/967 3387/10735/967 3390/10734/967 
f 3386/10709/968 3389/10736/968 3388/10737/968 
f 3388/10737/968 3383/10706/968 3386/10709/968 
f 3395/10738/969 3398/10739/969 3397/10740/969 
f 3397/10740/969 3390/10741/969 3389/10742/969 
f 3389/10742/969 3386/10743/969 3385/10744/969 
f 3397/10740/969 3389/10742/969 3385/10744/969 
f 3395/10738/969 3397/10740/969 3385/10744/969 
f 3395/10738/969 3385/10744/969 3396/10745/969 
f 3399/10746/960 3400/10747/960 3401/10748/960 
f 3401/10748/960 3402/10749/960 3399/10746/960 
f 3403/10750/961 3404/10751/961 3405/10752/961 
f 3405/10752/961 3406/10753/961 3403/10750/961 
f 3406/10754/970 3407/10755/970 3408/10756/970 
f 3406/10754/970 3408/10756/970 3409/10757/970 
f 3410/10758/970 3402/10759/970 3401/10760/970 
f 3409/10757/970 3410/10758/970 3401/10760/970 
f 3409/10757/970 3401/10760/970 3403/10761/970 
f 3406/10754/970 3409/10757/970 3403/10761/970 
f 3409/10762/963 3411/10763/963 3412/10764/963 
f 3412/10764/963 3410/10765/963 3409/10762/963 
f 3413/10766/964 3414/10767/964 3408/10768/964 
f 3408/10768/964 3407/10769/964 3413/10766/964 
f 3410/10770/965 3412/10771/965 3399/10746/965 
f 3399/10746/965 3402/10749/965 3410/10770/965 
f 3411/10772/966 3409/10773/966 3408/10768/966 
f 3408/10768/966 3414/10767/966 3411/10772/966 
f 3413/10774/967 3407/10775/967 3406/10753/967 
f 3406/10753/967 3405/10752/967 3413/10774/967 
f 3404/10751/968 3403/10750/968 3401/10776/968 
f 3401/10776/968 3400/10777/968 3404/10751/968 
f 3411/10778/969 3414/10779/969 3413/10780/969 
f 3411/10778/969 3413/10780/969 3405/10781/969 
f 3404/10782/969 3400/10783/969 3399/10784/969 
f 3405/10781/969 3404/10782/969 3399/10784/969 
f 3405/10781/969 3399/10784/969 3412/10785/969 
f 3411/10778/969 3405/10781/969 3412/10785/969 
f 3415/10786/960 3416/10787/960 3417/10788/960 
f 3417/10788/960 3418/10789/960 3415/10786/960 
f 3419/10790/961 3420/10791/961 3421/10792/961 
f 3421/10792/961 3422/10793/961 3419/10790/961 
f 3423/10794/971 3424/10795/971 3425/10796/971 
f 3423/10794/971 3425/10796/971 3426/10797/971 
f 3426/10797/971 3418/10798/971 3417/10799/971 
f 3423/10794/971 3426/10797/971 3417/10799/971 
f 3422/10800/971 3423/10794/971 3417/10799/971 
f 3422/10800/971 3417/10799/971 3419/10801/971 
f 3425/10802/963 3427/10803/963 3428/10804/963 
f 3428/10804/963 3426/10805/963 3425/10802/963 
f 3423/10806/964 3429/10807/964 3430/10808/964 
f 3430/10808/964 3424/10809/964 3423/10806/964 
f 3426/10805/965 3428/10804/965 3415/10810/965 
f 3415/10810/965 3418/10811/965 3426/10805/965 
f 3427/10803/966 3425/10802/966 3424/10812/966 
f 3424/10812/966 3430/10813/966 3427/10803/966 
f 3429/10807/967 3423/10806/967 3422/10814/967 
f 3422/10814/967 3421/10815/967 3429/10807/967 
f 3420/10816/968 3419/10817/968 3417/10788/968 
f 3417/10788/968 3416/10787/968 3420/10816/968 
f 3430/10818/969 3429/10819/969 3421/10820/969 
f 3427/10821/969 3430/10818/969 3421/10820/969 
f 3427/10821/969 3421/10820/969 3420/10822/969 
f 3420/10822/969 3416/10823/969 3415/10824/969 
f 3427/10821/969 3420/10822/969 3415/10824/969 
f 3427/10821/969 3415/10824/969 3428/10825/969 
f 3431/10826/960 3432/10827/960 3433/10828/960 
f 3433/10828/960 3434/10829/960 3431/10826/960 
f 3435/10830/961 3436/10831/961 3437/10832/961 
f 3437/10832/961 3438/10833/961 3435/10830/961 
f 3438/10834/973 3439/10835/973 3440/10836/973 
f 3441/10837/973 3432/10838/973 3431/10839/973 
f 3442/10840/973 3441/10837/973 3431/10839/973 
f 3440/10836/973 3442/10840/973 3431/10839/973 
f 3440/10836/973 3431/10839/973 3435/10841/973 
f 3438/10834/973 3440/10836/973 3435/10841/973 
f 3442/10842/963 3443/10843/963 3444/10844/963 
f 3444/10844/963 3441/10845/963 3442/10842/963 
f 3440/10846/964 3439/10847/964 3445/10848/964 
f 3445/10848/964 3446/10849/964 3440/10846/964 
f 3441/10845/965 3444/10844/965 3433/10850/965 
f 3433/10850/965 3432/10851/965 3441/10845/965 
f 3443/10852/966 3442/10853/966 3440/10854/966 
f 3440/10854/966 3446/10855/966 3443/10852/966 
f 3445/10848/967 3439/10847/967 3438/10856/967 
f 3438/10856/967 3437/10857/967 3445/10848/967 
f 3436/10831/968 3435/10830/968 3431/10826/968 
f 3431/10826/968 3434/10829/968 3436/10831/968 
f 3445/10858/969 3437/10859/969 3436/10860/969 
f 3446/10861/969 3445/10858/969 3436/10860/969 
f 3443/10862/969 3446/10861/969 3436/10860/969 
f 3443/10862/969 3436/10860/969 3434/10863/969 
f 3443/10862/969 3434/10863/969 3433/10864/969 
f 3443/10862/969 3433/10864/969 3444/10865/969 
f 3447/10866/960 3448/10867/960 3449/10868/960 
f 3449/10868/960 3450/10869/960 3447/10866/960 
f 3451/10870/961 3452/10871/961 3453/10872/961 
f 3453/10872/961 3454/10873/961 3451/10870/961 
f 3455/10874/974 3456/10875/974 3457/10876/974 
f 3455/10874/974 3457/10876/974 3458/10877/974 
f 3458/10877/974 3450/10878/974 3449/10879/974 
f 3455/10874/974 3458/10877/974 3449/10879/974 
f 3454/10880/974 3455/10874/974 3449/10879/974 
f 3454/10880/974 3449/10879/974 3451/10881/974 
f 3457/10882/963 3459/10883/963 3460/10884/963 
f 3460/10884/963 3458/10885/963 3457/10882/963 
f 3455/10886/964 3461/10887/964 3462/10888/964 
f 3462/10888/964 3456/10889/964 3455/10886/964 
f 3458/10890/965 3460/10891/965 3447/10866/965 
f 3447/10866/965 3450/10869/965 3458/10890/965 
f 3459/10883/966 3457/10882/966 3456/10889/966 
f 3456/10889/966 3462/10888/966 3459/10883/966 
f 3461/10892/967 3455/10893/967 3454/10873/967 
f 3454/10873/967 3453/10872/967 3461/10892/967 
f 3452/10894/968 3451/10895/968 3449/10896/968 
f 3449/10896/968 3448/10897/968 3452/10894/968 
f 3462/10898/969 3461/10899/969 3453/10900/969 
f 3459/10901/969 3462/10898/969 3453/10900/969 
f 3459/10901/969 3453/10900/969 3452/10902/969 
f 3452/10902/969 3448/10903/969 3447/10904/969 
f 3459/10901/969 3452/10902/969 3447/10904/969 
f 3459/10901/969 3447/10904/969 3460/10905/969 
f 3463/10906/960 3464/10907/960 3465/10908/960 
f 3465/10908/960 3466/10909/960 3463/10906/960 
f 3467/10910/961 3468/10911/961 3469/10912/961 
f 3469/10912/961 3470/10913/961 3467/10910/961 
f 3470/10914/973 3471/10915/973 3472/10916/973 
f 3473/10917/973 3463/10918/973 3466/10919/973 
f 3473/10917/973 3466/10919/973 3467/10920/973 
f 3474/10921/973 3473/10917/973 3467/10920/973 
f 3472/10916/973 3474/10921/973 3467/10920/973 
f 3470/10914/973 3472/10916/973 3467/10920/973 
f 3474/10922/963 3475/10923/963 3476/10924/963 
f 3476/10924/963 3473/10925/963 3474/10922/963 
f 3471/10926/964 3477/10927/964 3478/10928/964 
f 3478/10928/964 3472/10929/964 3471/10926/964 
f 3473/10930/965 3476/10931/965 3464/10932/965 
f 3464/10932/965 3463/10933/965 3473/10930/965 
f 3475/10923/966 3474/10922/966 3472/10934/966 
f 3472/10934/966 3478/10935/966 3475/10923/966 
f 3477/10927/967 3471/10926/967 3470/10936/967 
f 3470/10936/967 3469/10937/967 3477/10927/967 
f 3468/10911/968 3467/10910/968 3466/10909/968 
f 3466/10909/968 3465/10908/968 3468/10911/968 
f 3475/10938/969 3478/10939/969 3477/10940/969 
f 3468/10941/969 3465/10942/969 3464/10943/969 
f 3468/10941/969 3464/10943/969 3476/10944/969 
f 3469/10945/969 3468/10941/969 3476/10944/969 
f 3477/10940/969 3469/10945/969 3476/10944/969 
f 3475/10938/969 3477/10940/969 3476/10944/969 
f 3479/10946/960 3480/10947/960 3481/10948/960 
f 3481/10948/960 3482/10949/960 3479/10946/960 
f 3483/10950/961 3484/10951/961 3485/10952/961 
f 3485/10952/961 3486/10953/961 3483/10950/961 
f 3486/10954/974 3487/10955/974 3488/10956/974 
f 3489/10957/974 3479/10958/974 3482/10959/974 
f 3489/10957/974 3482/10959/974 3483/10960/974 
f 3490/10961/974 3489/10957/974 3483/10960/974 
f 3488/10956/974 3490/10961/974 3483/10960/974 
f 3486/10954/974 3488/10956/974 3483/10960/974 
f 3490/10962/963 3491/10963/963 3492/10964/963 
f 3492/10964/963 3489/10965/963 3490/10962/963 
f 3487/10966/964 3493/10967/964 3494/10968/964 
f 3494/10968/964 3488/10969/964 3487/10966/964 
f 3489/10970/965 3492/10971/965 3480/10947/965 
f 3480/10947/965 3479/10946/965 3489/10970/965 
f 3491/10963/966 3490/10962/966 3488/10969/966 
f 3488/10969/966 3494/10968/966 3491/10963/966 
f 3493/10972/967 3487/10973/967 3486/10953/967 
f 3486/10953/967 3485/10952/967 3493/10972/967 
f 3484/10974/968 3483/10975/968 3482/10976/968 
f 3482/10976/968 3481/10977/968 3484/10974/968 
f 3491/10978/969 3494/10979/969 3493/10980/969 
f 3484/10981/969 3481/10982/969 3480/10983/969 
f 3484/10981/969 3480/10983/969 3492/10984/969 
f 3485/10985/969 3484/10981/969 3492/10984/969 
f 3493/10980/969 3485/10985/969 3492/10984/969 
f 3491/10978/969 3493/10980/969 3492/10984/969 
f 3495/10986/960 3496/10987/960 3497/10988/960 
f 3497/10988/960 3498/10989/960 3495/10986/960 
f 3499/10990/969 3500/10991/969 3501/10992/969 
f 3501/10992/969 3502/10993/969 3499/10990/969 
f 3502/10994/975 3503/10995/975 3504/10996/975 
f 3505/10997/975 3495/10998/975 3498/10999/975 
f 3505/10997/975 3498/10999/975 3499/11000/975 
f 3506/11001/975 3505/10997/975 3499/11000/975 
f 3504/10996/975 3506/11001/975 3499/11000/975 
f 3502/10994/975 3504/10996/975 3499/11000/975 
f 3506/11002/976 3507/11003/976 3508/11004/976 
f 3508/11004/976 3505/11005/976 3506/11002/976 
f 3503/11006/964 3509/11007/964 3510/11008/964 
f 3510/11008/964 3504/11009/964 3503/11006/964 
f 3505/11005/977 3508/11004/977 3496/11010/977 
f 3496/11010/977 3495/11011/977 3505/11005/977 
f 3507/11003/978 3506/11002/978 3504/11012/978 
f 3504/11012/978 3510/11013/978 3507/11003/978 
f 3509/11014/979 3503/11015/979 3502/10993/979 
f 3502/10993/979 3501/10992/979 3509/11014/979 
f 3500/10991/980 3499/10990/980 3498/11016/980 
f 3498/11016/980 3497/11017/980 3500/10991/980 
f 3507/11018/981 3510/11019/981 3509/11020/981 
f 3500/11021/981 3497/11022/981 3496/11023/981 
f 3500/11021/981 3496/11023/981 3508/11024/981 
f 3501/11025/981 3500/11021/981 3508/11024/981 
f 3509/11020/981 3501/11025/981 3508/11024/981 
f 3507/11018/981 3509/11020/981 3508/11024/981 
f 3511/11026/960 3512/11027/960 3513/11028/960 
f 3513/11028/960 3514/11029/960 3511/11026/960 
f 3515/11030/969 3516/11031/969 3517/11032/969 
f 3517/11032/969 3518/11033/969 3515/11030/969 
f 3518/11034/975 3519/11035/975 3520/11036/975 
f 3520/11036/975 3521/11037/975 3522/11038/975 
f 3518/11034/975 3520/11036/975 3522/11038/975 
f 3518/11034/975 3522/11038/975 3514/11039/975 
f 3514/11039/975 3513/11040/975 3515/11041/975 
f 3518/11034/975 3514/11039/975 3515/11041/975 
f 3521/11042/976 3523/11043/976 3524/11044/976 
f 3524/11044/976 3522/11045/976 3521/11042/976 
f 3519/11046/964 3525/11047/964 3526/11048/964 
f 3526/11048/964 3520/11049/964 3519/11046/964 
f 3522/11045/977 3524/11044/977 3511/11050/977 
f 3511/11050/977 3514/11051/977 3522/11045/977 
f 3523/11043/978 3521/11042/978 3520/11052/978 
f 3520/11052/978 3526/11053/978 3523/11043/978 
f 3525/11054/979 3519/11055/979 3518/11033/979 
f 3518/11033/979 3517/11032/979 3525/11054/979 
f 3516/11031/980 3515/11030/980 3513/11056/980 
f 3513/11056/980 3512/11057/980 3516/11031/980 
f 3523/11058/981 3526/11059/981 3525/11060/981 
f 3525/11060/981 3517/11061/981 3516/11062/981 
f 3525/11060/981 3516/11062/981 3512/11063/981 
f 3512/11063/981 3511/11064/981 3524/11065/981 
f 3525/11060/981 3512/11063/981 3524/11065/981 
f 3523/11058/981 3525/11060/981 3524/11065/981 
f 3527/11066/960 3528/11067/960 3529/11068/960 
f 3529/11068/960 3530/11069/960 3527/11066/960 
f 3531/11070/969 3532/11071/969 3533/11072/969 
f 3533/11072/969 3534/11073/969 3531/11070/969 
f 3534/11074/982 3535/11075/982 3536/11076/982 
f 3537/11077/982 3528/11078/982 3527/11079/982 
f 3538/11080/982 3537/11077/982 3527/11079/982 
f 3536/11076/982 3538/11080/982 3527/11079/982 
f 3536/11076/982 3527/11079/982 3531/11081/982 
f 3534/11074/982 3536/11076/982 3531/11081/982 
f 3538/11082/976 3539/11083/976 3540/11084/976 
f 3540/11084/976 3537/11085/976 3538/11082/976 
f 3536/11086/964 3535/11087/964 3541/11088/964 
f 3541/11088/964 3542/11089/964 3536/11086/964 
f 3537/11085/977 3540/11084/977 3529/11090/977 
f 3529/11090/977 3528/11091/977 3537/11085/977 
f 3539/11083/978 3538/11082/978 3536/11092/978 
f 3536/11092/978 3542/11093/978 3539/11083/978 
f 3541/11094/979 3535/11095/979 3534/11073/979 
f 3534/11073/979 3533/11072/979 3541/11094/979 
f 3532/11071/980 3531/11070/980 3527/11096/980 
f 3527/11096/980 3530/11097/980 3532/11071/980 
f 3541/11098/983 3533/11099/983 3532/11100/983 
f 3542/11101/983 3541/11098/983 3532/11100/983 
f 3539/11102/983 3542/11101/983 3532/11100/983 
f 3539/11102/983 3532/11100/983 3530/11103/983 
f 3539/11102/983 3530/11103/983 3529/11104/983 
f 3539/11102/983 3529/11104/983 3540/11105/983 
f 3543/11106/960 3544/11107/960 3545/11108/960 
f 3545/11108/960 3546/11109/960 3543/11106/960 
f 3547/11110/969 3548/11111/969 3549/11112/969 
f 3549/11112/969 3550/11113/969 3547/11110/969 
f 3551/11114/982 3552/11115/982 3553/11116/982 
f 3553/11116/982 3554/11117/982 3544/11118/982 
f 3551/11114/982 3553/11116/982 3544/11118/982 
f 3544/11118/982 3543/11119/982 3548/11120/982 
f 3551/11114/982 3544/11118/982 3548/11120/982 
f 3547/11121/982 3551/11114/982 3548/11120/982 
f 3554/11122/976 3553/11123/976 3555/11124/976 
f 3555/11124/976 3556/11125/976 3554/11122/976 
f 3557/11126/964 3552/11127/964 3551/11128/964 
f 3551/11128/964 3558/11129/964 3557/11126/964 
f 3544/11130/977 3554/11122/977 3556/11125/977 
f 3556/11125/977 3545/11131/977 3544/11130/977 
f 3557/11132/978 3555/11124/978 3553/11123/978 
f 3553/11123/978 3552/11133/978 3557/11132/978 
f 3550/11113/979 3558/11134/979 3551/11135/979 
f 3551/11135/979 3547/11110/979 3550/11113/979 
f 3546/11136/980 3549/11112/980 3548/11111/980 
f 3548/11111/980 3543/11137/980 3546/11136/980 
f 3557/11138/983 3558/11139/983 3550/11140/983 
f 3550/11140/983 3549/11141/983 3546/11142/983 
f 3557/11138/983 3550/11140/983 3546/11142/983 
f 3546/11142/983 3545/11143/983 3556/11144/983 
f 3557/11138/983 3546/11142/983 3556/11144/983 
f 3555/11145/983 3557/11138/983 3556/11144/983 
f 3559/11146/969 3560/11147/969 3561/11148/969 
f 3561/11148/969 3562/11149/969 3559/11146/969 
f 3563/11150/961 3564/11151/961 3565/11152/961 
f 3565/11152/961 3566/11153/961 3563/11150/961 
f 3567/11154/984 3568/11155/984 3569/11156/984 
f 3569/11156/984 3570/11157/984 3560/11158/984 
f 3567/11154/984 3569/11156/984 3560/11158/984 
f 3560/11158/984 3559/11159/984 3564/11160/984 
f 3567/11154/984 3560/11158/984 3564/11160/984 
f 3563/11161/984 3567/11154/984 3564/11160/984 
f 3570/11162/963 3569/11163/963 3571/11164/963 
f 3571/11164/963 3572/11165/963 3570/11162/963 
f 3573/11166/976 3568/11167/976 3567/11168/976 
f 3567/11168/976 3574/11169/976 3573/11166/976 
f 3560/11147/985 3570/11170/985 3572/11171/985 
f 3572/11171/985 3561/11148/985 3560/11147/985 
f 3573/11166/986 3571/11164/986 3569/11163/986 
f 3569/11163/986 3568/11167/986 3573/11166/986 
f 3566/11153/987 3574/11172/987 3567/11173/987 
f 3567/11173/987 3563/11150/987 3566/11153/987 
f 3562/11174/988 3565/11175/988 3564/11176/988 
f 3564/11176/988 3559/11177/988 3562/11174/988 
f 3573/11178/964 3574/11179/964 3566/11180/964 
f 3566/11180/964 3565/11181/964 3562/11182/964 
f 3573/11178/964 3566/11180/964 3562/11182/964 
f 3562/11182/964 3561/11183/964 3572/11184/964 
f 3573/11178/964 3562/11182/964 3572/11184/964 
f 3571/11185/964 3573/11178/964 3572/11184/964 
f 3575/11186/969 3576/11187/969 3577/11188/969 
f 3577/11188/969 3578/11189/969 3575/11186/969 
f 3579/11190/961 3580/11191/961 3581/11192/961 
f 3581/11192/961 3582/11193/961 3579/11190/961 
f 3583/11194/984 3584/11195/984 3585/11196/984 
f 3585/11196/984 3586/11197/984 3576/11198/984 
f 3576/11198/984 3575/11199/984 3580/11200/984 
f 3585/11196/984 3576/11198/984 3580/11200/984 
f 3583/11194/984 3585/11196/984 3580/11200/984 
f 3579/11201/984 3583/11194/984 3580/11200/984 
f 3586/11202/963 3585/11203/963 3587/11204/963 
f 3587/11204/963 3588/11205/963 3586/11202/963 
f 3584/11206/976 3583/11207/976 3589/11208/976 
f 3589/11208/976 3590/11209/976 3584/11206/976 
f 3576/11187/985 3586/11210/985 3588/11211/985 
f 3588/11211/985 3577/11188/985 3576/11187/985 
f 3590/11209/986 3587/11204/986 3585/11203/986 
f 3585/11203/986 3584/11206/986 3590/11209/986 
f 3582/11193/987 3589/11212/987 3583/11213/987 
f 3583/11213/987 3579/11190/987 3582/11193/987 
f 3578/11214/988 3581/11215/988 3580/11216/988 
f 3580/11216/988 3575/11217/988 3578/11214/988 
f 3590/11218/964 3589/11219/964 3582/11220/964 
f 3582/11220/964 3581/11221/964 3578/11222/964 
f 3578/11222/964 3577/11223/964 3588/11224/964 
f 3582/11220/964 3578/11222/964 3588/11224/964 
f 3590/11218/964 3582/11220/964 3588/11224/964 
f 3587/11225/964 3590/11218/964 3588/11224/964 
f 3591/11226/989 3592/11227/989 3593/11228/989 
f 3593/11228/989 3594/11229/989 3595/11230/989 
f 3595/11230/989 3596/11231/989 3597/11232/989 
f 3593/11228/989 3595/11230/989 3597/11232/989 
f 3591/11226/989 3593/11228/989 3597/11232/989 
f 3598/11233/989 3591/11226/989 3597/11232/989 
f 3599/11234/964 3600/11235/964 3601/11236/964 
f 3601/11236/964 3602/11237/964 3599/11234/964 
f 3593/11238/960 3603/11239/960 3604/11240/960 
f 3604/11240/960 3594/11241/960 3593/11238/960 
f 3605/11242/990 3606/11243/990 3607/11244/990 
f 3607/11244/990 3608/11245/990 3605/11242/990 
f 3609/11246/991 3610/11247/991 3611/11248/991 
f 3611/11248/991 3612/11249/991 3609/11246/991 
f 3595/11250/992 3613/11251/992 3614/11252/992 
f 3614/11252/992 3596/11253/992 3595/11250/992 
f 3597/11254/964 3615/11255/964 3616/11256/964 
f 3616/11256/964 3598/11257/964 3597/11254/964 
f 3592/11258/993 3591/11259/993 3617/11260/993 
f 3617/11260/993 3618/11261/993 3592/11258/993 
f 3609/11262/963 3612/11263/963 3602/11264/963 
f 3602/11264/963 3601/11265/963 3605/11266/963 
f 3605/11266/963 3608/11267/963 3619/11268/963 
f 3602/11264/963 3605/11266/963 3619/11268/963 
f 3609/11262/963 3602/11264/963 3619/11268/963 
f 3620/11269/963 3609/11262/963 3619/11268/963 
f 3595/11250/994 3594/11270/994 3604/11271/994 
f 3604/11271/994 3613/11251/994 3595/11250/994 
f 3610/11272/995 3609/11273/995 3620/11274/995 
f 3620/11274/995 3621/11275/995 3610/11272/995 
f 3599/11234/996 3602/11237/996 3612/11276/996 
f 3612/11276/996 3611/11277/996 3599/11234/996 
f 3606/11278/997 3605/11279/997 3601/11236/997 
f 3601/11236/997 3600/11235/997 3606/11278/997 
f 3622/11280/998 3619/11281/998 3608/11282/998 
f 3608/11282/998 3607/11283/998 3622/11280/998 
f 3618/11261/999 3603/11284/999 3593/11285/999 
f 3593/11285/999 3592/11258/999 3618/11261/999 
f 3616/11286/1000 3617/11260/1000 3591/11259/1000 
f 3591/11259/1000 3598/11287/1000 3616/11286/1000 
f 3596/11253/1001 3614/11252/1001 3615/11288/1001 
f 3615/11288/1001 3597/11289/1001 3596/11253/1001 
f 3622/11280/960 3621/11275/960 3620/11274/960 
f 3620/11274/960 3619/11281/960 3622/11280/960 
f 3603/11290/1002 3618/11291/1002 3617/11292/1002 
f 3617/11292/1002 3616/11293/1002 3615/11294/1002 
f 3615/11294/1002 3614/11295/1002 3613/11296/1002 
f 3617/11292/1002 3615/11294/1002 3613/11296/1002 
f 3603/11290/1002 3617/11292/1002 3613/11296/1002 
f 3604/11297/1002 3603/11290/1002 3613/11296/1002 
f 3623/11298/1003 3624/11299/1003 3625/11300/1003 
f 3625/11300/1003 3626/11301/1003 3627/11302/1003 
f 3627/11302/1003 3628/11303/1003 3629/11304/1003 
f 3625/11300/1003 3627/11302/1003 3629/11304/1003 
f 3623/11298/1003 3625/11300/1003 3629/11304/1003 
f 3630/11305/1003 3623/11298/1003 3629/11304/1003 
f 3631/11306/969 3632/11307/969 3633/11308/969 
f 3633/11308/969 3634/11309/969 3631/11306/969 
f 3635/11310/964 3636/11311/964 3637/11312/964 
f 3637/11312/964 3638/11313/964 3635/11310/964 
f 3639/11314/989 3640/11315/989 3641/11316/989 
f 3639/11314/989 3641/11316/989 3631/11317/989 
f 3631/11317/989 3634/11318/989 3636/11319/989 
f 3639/11314/989 3631/11317/989 3636/11319/989 
f 3642/11320/989 3639/11314/989 3636/11319/989 
f 3635/11321/989 3642/11320/989 3636/11319/989 
f 3641/11322/960 3640/11323/960 3643/11324/960 
f 3643/11324/960 3644/11325/960 3641/11322/960 
f 3639/11326/976 3642/11327/976 3645/11328/976 
f 3645/11328/976 3646/11329/976 3639/11326/976 
f 3631/11306/1004 3641/11330/1004 3644/11331/1004 
f 3644/11331/1004 3632/11307/1004 3631/11306/1004 
f 3646/11329/1005 3643/11324/1005 3640/11323/1005 
f 3640/11323/1005 3639/11326/1005 3646/11329/1005 
f 3645/11332/1006 3642/11333/1006 3635/11310/1006 
f 3635/11310/1006 3638/11313/1006 3645/11332/1006 
f 3637/11334/1007 3636/11335/1007 3634/11336/1007 
f 3634/11336/1007 3633/11337/1007 3637/11334/1007 
f 3643/11338/963 3646/11339/963 3645/11340/963 
f 3645/11340/963 3638/11341/963 3637/11342/963 
f 3637/11342/963 3633/11343/963 3632/11344/963 
f 3645/11340/963 3637/11342/963 3632/11344/963 
f 3645/11340/963 3632/11344/963 3644/11345/963 
f 3643/11338/963 3645/11340/963 3644/11345/963 
f 3647/11346/960 3648/11347/960 3649/11348/960 
f 3649/11348/960 3650/11349/960 3647/11346/960 
f 3651/11350/961 3652/11351/961 3653/11352/961 
f 3653/11352/961 3654/11353/961 3651/11350/961 
f 3655/11354/1008 3656/11355/1008 3657/11356/1008 
f 3657/11356/1008 3658/11357/1008 3649/11358/1008 
f 3655/11354/1008 3657/11356/1008 3649/11358/1008 
f 3649/11358/1008 3648/11359/1008 3652/11360/1008 
f 3655/11354/1008 3649/11358/1008 3652/11360/1008 
f 3651/11361/1008 3655/11354/1008 3652/11360/1008 
f 3659/11362/963 3658/11363/963 3657/11364/963 
f 3657/11364/963 3660/11365/963 3659/11362/963 
f 3656/11366/964 3655/11367/964 3661/11368/964 
f 3661/11368/964 3662/11369/964 3656/11366/964 
f 3650/11370/965 3649/11371/965 3658/11372/965 
f 3658/11372/965 3659/11373/965 3650/11370/965 
f 3657/11364/966 3656/11374/966 3662/11375/966 
f 3662/11375/966 3660/11365/966 3657/11364/966 
f 3654/11376/967 3661/11368/967 3655/11367/967 
f 3655/11367/967 3651/11377/967 3654/11376/967 
f 3647/11346/968 3653/11352/968 3652/11351/968 
f 3652/11351/968 3648/11347/968 3647/11346/968 
f 3662/11378/969 3661/11379/969 3654/11380/969 
f 3654/11380/969 3653/11381/969 3647/11382/969 
f 3654/11380/969 3647/11382/969 3650/11383/969 
f 3654/11380/969 3650/11383/969 3659/11384/969 
f 3662/11378/969 3654/11380/969 3659/11384/969 
f 3660/11385/969 3662/11378/969 3659/11384/969 
f 3663/11386/960 3664/11387/960 3665/11388/960 
f 3665/11388/960 3666/11389/960 3663/11386/960 
f 3667/11390/969 3668/11391/969 3669/11392/969 
f 3669/11392/969 3670/11393/969 3667/11390/969 
f 3671/11394/1009 3672/11395/1009 3673/11396/1009 
f 3674/11397/1009 3671/11394/1009 3673/11396/1009 
f 3668/11398/1009 3674/11397/1009 3673/11396/1009 
f 3673/11396/1009 3664/11399/1009 3663/11400/1009 
f 3668/11398/1009 3673/11396/1009 3663/11400/1009 
f 3668/11398/1009 3663/11400/1009 3669/11401/1009 
f 3673/11402/976 3672/11403/976 3675/11404/976 
f 3675/11404/976 3676/11405/976 3673/11402/976 
f 3677/11406/964 3671/11407/964 3674/11408/964 
f 3674/11408/964 3678/11409/964 3677/11406/964 
f 3664/11387/977 3673/11410/977 3676/11411/977 
f 3676/11411/977 3665/11388/977 3664/11387/977 
f 3677/11406/978 3675/11412/978 3672/11413/978 
f 3672/11413/978 3671/11407/978 3677/11406/978 
f 3678/11414/979 3674/11415/979 3668/11391/979 
f 3668/11391/979 3667/11390/979 3678/11414/979 
f 3666/11416/980 3670/11393/980 3669/11392/980 
f 3669/11392/980 3663/11417/980 3666/11416/980 
f 3677/11418/1010 3678/11419/1010 3667/11420/1010 
f 3677/11418/1010 3667/11420/1010 3670/11421/1010 
f 3675/11422/1010 3677/11418/1010 3670/11421/1010 
f 3670/11421/1010 3666/11423/1010 3665/11424/1010 
f 3675/11422/1010 3670/11421/1010 3665/11424/1010 
f 3675/11422/1010 3665/11424/1010 3676/11425/1010 
f 3679/11426/1011 3680/11427/1011 3681/11428/1011 
f 3681/11428/1011 3682/11429/1011 3679/11426/1011 
f 3681/11430/964 3680/11431/964 3683/11432/964 
f 3683/11432/964 3684/11433/964 3681/11430/964 
f 3684/11434/1012 3683/11435/1012 3685/11436/1012 
f 3685/11436/1012 3686/11437/1012 3684/11434/1012 
f 3679/11438/960 3682/11439/960 3686/11440/960 
f 3686/11440/960 3685/11441/960 3679/11438/960 
f 3687/11442/1013 3688/11443/1013 3689/11444/1013 
f 3689/11444/1013 3690/11445/1013 3687/11442/1013 
f 3683/11435/1014 3680/11446/1014 3679/11447/1014 
f 3679/11447/1014 3685/11436/1014 3683/11435/1014 
f 3689/11448/960 3691/11449/960 3692/11450/960 
f 3692/11450/960 3690/11451/960 3689/11448/960 
f 3693/11452/960 3694/11453/960 3692/11450/960 
f 3692/11450/960 3691/11449/960 3693/11452/960 
f 3682/11439/960 3694/11453/960 3693/11452/960 
f 3693/11452/960 3686/11440/960 3682/11439/960 
f 3695/11454/1015 3691/11455/1015 3689/11444/1015 
f 3689/11444/1015 3688/11443/1015 3695/11454/1015 
f 3691/11455/1016 3695/11454/1016 3696/11456/1016 
f 3696/11456/1016 3693/11457/1016 3691/11455/1016 
f 3693/11458/1017 3696/11459/1017 3684/11434/1017 
f 3684/11434/1017 3686/11437/1017 3693/11458/1017 
f 3695/11460/964 3688/11461/964 3687/11462/964 
f 3687/11462/964 3697/11463/964 3695/11460/964 
f 3695/11460/964 3697/11463/964 3698/11464/964 
f 3698/11464/964 3696/11465/964 3695/11460/964 
f 3684/11433/964 3696/11465/964 3698/11464/964 
f 3698/11464/964 3681/11430/964 3684/11433/964 
f 3692/11466/1018 3697/11467/1018 3687/11468/1018 
f 3687/11468/1018 3690/11469/1018 3692/11466/1018 
f 3698/11470/1019 3697/11467/1019 3692/11466/1019 
f 3692/11466/1019 3694/11471/1019 3698/11470/1019 
f 3681/11428/1020 3698/11472/1020 3694/11473/1020 
f 3694/11473/1020 3682/11429/1020 3681/11428/1020 
f 3699/11474/1021 3700/11475/1021 3701/11476/1021 
f 3701/11476/1021 3702/11477/1021 3699/11474/1021 
f 3703/11478/960 3704/11479/960 3702/11480/960 
f 3702/11480/960 3701/11481/960 3703/11478/960 
f 3705/11482/1022 3706/11483/1022 3704/11484/1022 
f 3704/11484/1022 3703/11485/1022 3705/11482/1022 
f 3700/11486/964 3699/11487/964 3706/11488/964 
f 3706/11488/964 3705/11489/964 3700/11486/964 
f 3707/11490/1023 3708/11491/1023 3709/11492/1023 
f 3709/11492/1023 3710/11493/1023 3707/11490/1023 
f 3701/11494/1024 3700/11495/1024 3705/11482/1024 
f 3705/11482/1024 3703/11485/1024 3701/11494/1024 
f 3711/11496/964 3709/11497/964 3708/11498/964 
f 3708/11498/964 3712/11499/964 3711/11496/964 
f 3712/11499/964 3713/11500/964 3714/11501/964 
f 3714/11501/964 3711/11496/964 3712/11499/964 
f 3714/11501/964 3713/11500/964 3706/11488/964 
f 3706/11488/964 3699/11487/964 3714/11501/964 
f 3715/11502/1025 3712/11503/1025 3708/11491/1025 
f 3708/11491/1025 3707/11490/1025 3715/11502/1025 
f 3712/11503/1026 3715/11502/1026 3716/11504/1026 
f 3716/11504/1026 3713/11505/1026 3712/11503/1026 
f 3716/11506/1027 3704/11484/1027 3706/11483/1027 
f 3706/11483/1027 3713/11507/1027 3716/11506/1027 
f 3710/11508/960 3717/11509/960 3715/11510/960 
f 3715/11510/960 3707/11511/960 3710/11508/960 
f 3715/11510/960 3717/11509/960 3718/11512/960 
f 3718/11512/960 3716/11513/960 3715/11510/960 
f 3704/11479/960 3716/11513/960 3718/11512/960 
f 3718/11512/960 3702/11480/960 3704/11479/960 
f 3717/11514/1028 3710/11515/1028 3709/11516/1028 
f 3709/11516/1028 3711/11517/1028 3717/11514/1028 
f 3714/11518/1029 3718/11519/1029 3717/11514/1029 
f 3717/11514/1029 3711/11517/1029 3714/11518/1029 
f 3702/11477/1030 3718/11520/1030 3714/11521/1030 
f 3714/11521/1030 3699/11474/1030 3702/11477/1030 
f 3719/11522/1011 3720/11523/1011 3721/11524/1011 
f 3721/11524/1011 3722/11525/1011 3719/11522/1011 
f 3723/11526/964 3721/11527/964 3720/11528/964 
f 3720/11528/964 3724/11529/964 3723/11526/964 
f 3725/11530/1012 3726/11531/1012 3723/11532/1012 
f 3723/11532/1012 3724/11533/1012 3725/11530/1012 
f 3726/11534/960 3725/11535/960 3719/11536/960 
f 3719/11536/960 3722/11537/960 3726/11534/960 
f 3727/11538/1013 3728/11539/1013 3729/11540/1013 
f 3729/11540/1013 3730/11541/1013 3727/11538/1013 
f 3725/11530/1014 3724/11533/1014 3720/11542/1014 
f 3720/11542/1014 3719/11543/1014 3725/11530/1014 
f 3727/11544/960 3731/11545/960 3732/11546/960 
f 3732/11546/960 3728/11547/960 3727/11544/960 
f 3732/11546/960 3731/11545/960 3733/11548/960 
f 3733/11548/960 3734/11549/960 3732/11546/960 
f 3733/11548/960 3726/11534/960 3722/11537/960 
f 3722/11537/960 3734/11549/960 3733/11548/960 
f 3727/11538/1015 3730/11541/1015 3735/11550/1015 
f 3735/11550/1015 3731/11551/1015 3727/11538/1015 
f 3733/11552/1016 3731/11551/1016 3735/11550/1016 
f 3735/11550/1016 3736/11553/1016 3733/11552/1016 
f 3736/11554/1017 3723/11532/1017 3726/11531/1017 
f 3726/11531/1017 3733/11555/1017 3736/11554/1017 
f 3729/11556/964 3737/11557/964 3735/11558/964 
f 3735/11558/964 3730/11559/964 3729/11556/964 
f 3737/11557/964 3738/11560/964 3736/11561/964 
f 3736/11561/964 3735/11558/964 3737/11557/964 
f 3723/11526/964 3736/11561/964 3738/11560/964 
f 3738/11560/964 3721/11527/964 3723/11526/964 
f 3729/11562/1018 3728/11563/1018 3732/11564/1018 
f 3732/11564/1018 3737/11565/1018 3729/11562/1018 
f 3738/11566/1019 3737/11565/1019 3732/11564/1019 
f 3732/11564/1019 3734/11567/1019 3738/11566/1019 
f 3721/11524/1020 3738/11568/1020 3734/11569/1020 
f 3734/11569/1020 3722/11525/1020 3721/11524/1020 
f 3739/11570/1021 3740/11571/1021 3741/11572/1021 
f 3741/11572/1021 3742/11573/1021 3739/11570/1021 
f 3743/11574/960 3744/11575/960 3742/11576/960 
f 3742/11576/960 3741/11577/960 3743/11574/960 
f 3745/11578/1022 3746/11579/1022 3744/11580/1022 
f 3744/11580/1022 3743/11581/1022 3745/11578/1022 
f 3739/11582/964 3746/11583/964 3745/11584/964 
f 3745/11584/964 3740/11585/964 3739/11582/964 
f 3747/11586/1023 3748/11587/1023 3749/11588/1023 
f 3749/11588/1023 3750/11589/1023 3747/11586/1023 
f 3743/11581/1024 3741/11590/1024 3740/11591/1024 
f 3740/11591/1024 3745/11578/1024 3743/11581/1024 
f 3751/11592/964 3752/11593/964 3749/11594/964 
f 3749/11594/964 3748/11595/964 3751/11592/964 
f 3753/11596/964 3754/11597/964 3752/11593/964 
f 3752/11593/964 3751/11592/964 3753/11596/964 
f 3746/11583/964 3739/11582/964 3754/11597/964 
f 3754/11597/964 3753/11596/964 3746/11583/964 
f 3755/11598/1025 3751/11599/1025 3748/11587/1025 
f 3748/11587/1025 3747/11586/1025 3755/11598/1025 
f 3751/11599/1026 3755/11598/1026 3756/11600/1026 
f 3756/11600/1026 3753/11601/1026 3751/11599/1026 
f 3744/11580/1027 3746/11579/1027 3753/11602/1027 
f 3753/11602/1027 3756/11603/1027 3744/11580/1027 
f 3755/11604/960 3747/11605/960 3750/11606/960 
f 3750/11606/960 3757/11607/960 3755/11604/960 
f 3756/11608/960 3755/11604/960 3757/11607/960 
f 3757/11607/960 3758/11609/960 3756/11608/960 
f 3744/11575/960 3756/11608/960 3758/11609/960 
f 3758/11609/960 3742/11576/960 3744/11575/960 
f 3757/11610/1028 3750/11611/1028 3749/11612/1028 
f 3749/11612/1028 3752/11613/1028 3757/11610/1028 
f 3754/11614/1029 3758/11615/1029 3757/11610/1029 
f 3757/11610/1029 3752/11613/1029 3754/11614/1029 
f 3739/11570/1030 3742/11573/1030 3758/11616/1030 
f 3758/11616/1030 3754/11617/1030 3739/11570/1030 
f 3759/11618/960 3760/11619/960 3761/11620/960 
f 3761/11620/960 3762/11621/960 3759/11618/960 
f 3763/11622/961 3764/11623/961 3765/11624/961 
f 3765/11624/961 3766/11625/961 3763/11622/961 
f 3766/11626/1008 3767/11627/1008 3768/11628/1008 
f 3768/11628/1008 3769/11629/1008 3770/11630/1008 
f 3768/11628/1008 3770/11630/1008 3760/11631/1008 
f 3760/11631/1008 3759/11632/1008 3763/11633/1008 
f 3768/11628/1008 3760/11631/1008 3763/11633/1008 
f 3766/11626/1008 3768/11628/1008 3763/11633/1008 
f 3769/11634/963 3771/11635/963 3772/11636/963 
f 3772/11636/963 3770/11637/963 3769/11634/963 
f 3768/11638/964 3767/11639/964 3773/11640/964 
f 3773/11640/964 3774/11641/964 3768/11638/964 
f 3770/11642/965 3772/11643/965 3761/11620/965 
f 3761/11620/965 3760/11619/965 3770/11642/965 
f 3771/11644/966 3769/11645/966 3768/11638/966 
f 3768/11638/966 3774/11641/966 3771/11644/966 
f 3773/11646/967 3767/11647/967 3766/11625/967 
f 3766/11625/967 3765/11624/967 3773/11646/967 
f 3764/11623/968 3763/11622/968 3759/11648/968 
f 3759/11648/968 3762/11649/968 3764/11623/968 
f 3771/11650/969 3774/11651/969 3773/11652/969 
f 3773/11652/969 3765/11653/969 3764/11654/969 
f 3773/11652/969 3764/11654/969 3762/11655/969 
f 3762/11655/969 3761/11656/969 3772/11657/969 
f 3773/11652/969 3762/11655/969 3772/11657/969 
f 3771/11650/969 3773/11652/969 3772/11657/969 
f 3775/11658/960 3776/11659/960 3777/11660/960 
f 3777/11660/960 3778/11661/960 3775/11658/960 
f 3779/11662/961 3780/11663/961 3781/11664/961 
f 3781/11664/961 3782/11665/961 3779/11662/961 
f 3779/11666/962 3783/11667/962 3784/11668/962 
f 3784/11668/962 3785/11669/962 3786/11670/962 
f 3786/11670/962 3776/11671/962 3775/11672/962 
f 3784/11668/962 3786/11670/962 3775/11672/962 
f 3779/11666/962 3784/11668/962 3775/11672/962 
f 3779/11666/962 3775/11672/962 3780/11673/962 
f 3786/11674/963 3785/11675/963 3787/11676/963 
f 3787/11676/963 3788/11677/963 3786/11674/963 
f 3784/11678/964 3783/11679/964 3789/11680/964 
f 3789/11680/964 3790/11681/964 3784/11678/964 
f 3776/11659/965 3786/11682/965 3788/11683/965 
f 3788/11683/965 3777/11660/965 3776/11659/965 
f 3790/11681/966 3787/11684/966 3785/11685/966 
f 3785/11685/966 3784/11678/966 3790/11681/966 
f 3782/11686/967 3789/11680/967 3783/11679/967 
f 3783/11679/967 3779/11687/967 3782/11686/967 
f 3778/11661/968 3781/11688/968 3780/11689/968 
f 3780/11689/968 3775/11658/968 3778/11661/968 
f 3787/11690/969 3790/11691/969 3789/11692/969 
f 3789/11692/969 3782/11693/969 3781/11694/969 
f 3781/11694/969 3778/11695/969 3777/11696/969 
f 3789/11692/969 3781/11694/969 3777/11696/969 
f 3787/11690/969 3789/11692/969 3777/11696/969 
f 3787/11690/969 3777/11696/969 3788/11697/969 
f 3791/11698/960 3792/11699/960 3793/11700/960 
f 3793/11700/960 3794/11701/960 3791/11698/960 
f 3795/11702/1031 3796/11703/1031 3797/11704/1031 
f 3797/11704/1031 3798/11705/1031 3795/11702/1031 
f 3795/11706/1032 3799/11707/1032 3800/11708/1032 
f 3800/11708/1032 3801/11709/1032 3802/11710/1032 
f 3802/11710/1032 3792/11711/1032 3791/11712/1032 
f 3800/11708/1032 3802/11710/1032 3791/11712/1032 
f 3795/11706/1032 3800/11708/1032 3791/11712/1032 
f 3795/11706/1032 3791/11712/1032 3796/11713/1032 
f 3802/11714/1033 3801/11715/1033 3803/11716/1033 
f 3803/11716/1033 3804/11717/1033 3802/11714/1033 
f 3800/11718/964 3799/11719/964 3805/11720/964 
f 3805/11720/964 3806/11721/964 3800/11718/964 
f 3792/11722/1034 3802/11714/1034 3804/11717/1034 
f 3804/11717/1034 3793/11723/1034 3792/11722/1034 
f 3806/11724/1035 3803/11716/1035 3801/11715/1035 
f 3801/11715/1035 3800/11725/1035 3806/11724/1035 
f 3798/11705/1036 3805/11726/1036 3799/11727/1036 
f 3799/11727/1036 3795/11702/1036 3798/11705/1036 
f 3794/11728/1037 3797/11704/1037 3796/11703/1037 
f 3796/11703/1037 3791/11729/1037 3794/11728/1037 
f 3803/11730/1038 3806/11731/1038 3805/11732/1038 
f 3805/11732/1038 3798/11733/1038 3797/11734/1038 
f 3797/11734/1038 3794/11735/1038 3793/11736/1038 
f 3805/11732/1038 3797/11734/1038 3793/11736/1038 
f 3803/11730/1038 3805/11732/1038 3793/11736/1038 
f 3803/11730/1038 3793/11736/1038 3804/11737/1038 
f 3807/11738/964 3808/11739/964 3809/11740/964 
f 3809/11740/964 3810/11741/964 3807/11738/964 
f 3811/11742/1039 3812/11743/1039 3813/11744/1039 
f 3813/11744/1039 3814/11745/1039 3811/11742/1039 
f 3814/11746/1040 3815/11747/1040 3816/11748/1040 
f 3814/11746/1040 3816/11748/1040 3817/11749/1040 
f 3818/11750/1040 3810/11751/1040 3809/11752/1040 
f 3817/11749/1040 3818/11750/1040 3809/11752/1040 
f 3817/11749/1040 3809/11752/1040 3811/11753/1040 
f 3814/11746/1040 3817/11749/1040 3811/11753/1040 
f 3817/11754/1041 3819/11755/1041 3820/11756/1041 
f 3820/11756/1041 3818/11757/1041 3817/11754/1041 
f 3821/11758/960 3822/11759/960 3816/11760/960 
f 3816/11760/960 3815/11761/960 3821/11758/960 
f 3818/11757/1042 3820/11756/1042 3807/11762/1042 
f 3807/11762/1042 3810/11763/1042 3818/11757/1042 
f 3819/11755/1043 3817/11754/1043 3816/11764/1043 
f 3816/11764/1043 3822/11765/1043 3819/11755/1043 
f 3821/11766/1044 3815/11767/1044 3814/11745/1044 
f 3814/11745/1044 3813/11744/1044 3821/11766/1044 
f 3812/11743/1045 3811/11742/1045 3809/11768/1045 
f 3809/11768/1045 3808/11769/1045 3812/11743/1045 
f 3819/11770/1046 3822/11771/1046 3821/11772/1046 
f 3819/11770/1046 3821/11772/1046 3813/11773/1046 
f 3812/11774/1046 3808/11775/1046 3807/11776/1046 
f 3813/11773/1046 3812/11774/1046 3807/11776/1046 
f 3813/11773/1046 3807/11776/1046 3820/11777/1046 
f 3819/11770/1046 3813/11773/1046 3820/11777/1046 
f 3823/11778/960 3824/11779/960 3825/11780/960 
f 3825/11780/960 3826/11781/960 3823/11778/960 
f 3827/11782/1047 3828/11783/1047 3829/11784/1047 
f 3829/11784/1047 3830/11785/1047 3827/11782/1047 
f 3831/11786/1032 3832/11787/1032 3833/11788/1032 
f 3831/11786/1032 3833/11788/1032 3834/11789/1032 
f 3834/11789/1032 3826/11790/1032 3825/11791/1032 
f 3831/11786/1032 3834/11789/1032 3825/11791/1032 
f 3830/11792/1032 3831/11786/1032 3825/11791/1032 
f 3830/11792/1032 3825/11791/1032 3827/11793/1032 
f 3833/11794/1048 3835/11795/1048 3836/11796/1048 
f 3836/11796/1048 3834/11797/1048 3833/11794/1048 
f 3831/11798/964 3837/11799/964 3838/11800/964 
f 3838/11800/964 3832/11801/964 3831/11798/964 
f 3834/11802/1049 3836/11803/1049 3823/11778/1049 
f 3823/11778/1049 3826/11781/1049 3834/11802/1049 
f 3835/11804/1050 3833/11805/1050 3832/11801/1050 
f 3832/11801/1050 3838/11800/1050 3835/11804/1050 
f 3837/11806/1051 3831/11807/1051 3830/11785/1051 
f 3830/11785/1051 3829/11784/1051 3837/11806/1051 
f 3828/11783/1052 3827/11782/1052 3825/11808/1052 
f 3825/11808/1052 3824/11809/1052 3828/11783/1052 
f 3838/11810/1053 3837/11811/1053 3829/11812/1053 
f 3835/11795/1053 3838/11810/1053 3829/11812/1053 
f 3835/11795/1053 3829/11812/1053 3828/11813/1053 
f 3828/11813/1053 3824/11814/1053 3823/11815/1053 
f 3835/11795/1053 3828/11813/1053 3823/11815/1053 
f 3835/11795/1053 3823/11815/1053 3836/11796/1053 
f 3839/11816/964 3840/11817/964 3841/11818/964 
f 3841/11818/964 3842/11819/964 3839/11816/964 
f 3843/11820/1054 3844/11821/1054 3845/11822/1054 
f 3845/11822/1054 3846/11823/1054 3843/11820/1054 
f 3846/11823/1055 3847/11824/1055 3848/11825/1055 
f 3849/11826/1055 3840/11827/1055 3839/11828/1055 
f 3850/11829/1055 3849/11826/1055 3839/11828/1055 
f 3848/11825/1055 3850/11829/1055 3839/11828/1055 
f 3848/11825/1055 3839/11828/1055 3843/11820/1055 
f 3846/11823/1055 3848/11825/1055 3843/11820/1055 
f 3850/11830/1056 3851/11831/1056 3852/11832/1056 
f 3852/11832/1056 3849/11833/1056 3850/11830/1056 
f 3848/11834/960 3847/11835/960 3853/11836/960 
f 3853/11836/960 3854/11837/960 3848/11834/960 
f 3849/11838/1057 3852/11839/1057 3841/11818/1057 
f 3841/11818/1057 3840/11817/1057 3849/11838/1057 
f 3851/11840/1058 3850/11841/1058 3848/11834/1058 
f 3848/11834/1058 3854/11837/1058 3851/11840/1058 
f 3853/11836/1059 3847/11835/1059 3846/11842/1059 
f 3846/11842/1059 3845/11843/1059 3853/11836/1059 
f 3844/11844/1060 3843/11845/1060 3839/11816/1060 
f 3839/11816/1060 3842/11819/1060 3844/11844/1060 
f 3853/11846/1061 3845/11847/1061 3844/11848/1061 
f 3854/11849/1061 3853/11846/1061 3844/11848/1061 
f 3851/11831/1061 3854/11849/1061 3844/11848/1061 
f 3851/11831/1061 3844/11848/1061 3842/11850/1061 
f 3851/11831/1061 3842/11850/1061 3841/11851/1061 
f 3851/11831/1061 3841/11851/1061 3852/11832/1061 
f 3855/11852/969 3856/11853/969 3857/11854/969 
f 3857/11854/969 3858/11855/969 3855/11852/969 
f 3859/11856/961 3860/11857/961 3861/11858/961 
f 3861/11858/961 3862/11859/961 3859/11856/961 
f 3863/11860/984 3864/11861/984 3865/11862/984 
f 3863/11860/984 3865/11862/984 3866/11863/984 
f 3866/11863/984 3858/11864/984 3857/11865/984 
f 3863/11860/984 3866/11863/984 3857/11865/984 
f 3862/11866/984 3863/11860/984 3857/11865/984 
f 3862/11866/984 3857/11865/984 3859/11867/984 
f 3865/11868/963 3867/11869/963 3868/11870/963 
f 3868/11870/963 3866/11871/963 3865/11868/963 
f 3863/11872/976 3869/11873/976 3870/11874/976 
f 3870/11874/976 3864/11875/976 3863/11872/976 
f 3866/11876/985 3868/11877/985 3855/11852/985 
f 3855/11852/985 3858/11855/985 3866/11876/985 
f 3867/11869/986 3865/11868/986 3864/11875/986 
f 3864/11875/986 3870/11874/986 3867/11869/986 
f 3869/11878/987 3863/11879/987 3862/11859/987 
f 3862/11859/987 3861/11858/987 3869/11878/987 
f 3860/11880/988 3859/11881/988 3857/11882/988 
f 3857/11882/988 3856/11883/988 3860/11880/988 
f 3870/11884/964 3869/11885/964 3861/11886/964 
f 3867/11887/964 3870/11884/964 3861/11886/964 
f 3867/11887/964 3861/11886/964 3860/11888/964 
f 3860/11888/964 3856/11889/964 3855/11890/964 
f 3867/11887/964 3860/11888/964 3855/11890/964 
f 3867/11887/964 3855/11890/964 3868/11891/964 
f 3871/11892/960 3872/11893/960 3873/11894/960 
f 3873/11894/960 3874/11895/960 3871/11892/960 
f 3875/11896/969 3876/11897/969 3877/11898/969 
f 3877/11898/969 3878/11899/969 3875/11896/969 
f 3878/11900/1062 3879/11901/1062 3880/11902/1062 
f 3881/11903/1062 3871/11904/1062 3874/11905/1062 
f 3881/11903/1062 3874/11905/1062 3875/11906/1062 
f 3882/11907/1062 3881/11903/1062 3875/11906/1062 
f 3880/11902/1062 3882/11907/1062 3875/11906/1062 
f 3878/11900/1062 3880/11902/1062 3875/11906/1062 
f 3882/11908/976 3883/11909/976 3884/11910/976 
f 3884/11910/976 3881/11911/976 3882/11908/976 
f 3879/11912/964 3885/11913/964 3886/11914/964 
f 3886/11914/964 3880/11915/964 3879/11912/964 
f 3881/11916/977 3884/11917/977 3872/11893/977 
f 3872/11893/977 3871/11892/977 3881/11916/977 
f 3883/11918/978 3882/11919/978 3880/11915/978 
f 3880/11915/978 3886/11914/978 3883/11918/978 
f 3885/11920/979 3879/11921/979 3878/11899/979 
f 3878/11899/979 3877/11898/979 3885/11920/979 
f 3876/11897/980 3875/11896/980 3874/11922/980 
f 3874/11922/980 3873/11923/980 3876/11897/980 
f 3883/11924/1063 3886/11925/1063 3885/11926/1063 
f 3876/11927/1063 3873/11928/1063 3872/11929/1063 
f 3876/11927/1063 3872/11929/1063 3884/11930/1063 
f 3877/11931/1063 3876/11927/1063 3884/11930/1063 
f 3885/11926/1063 3877/11931/1063 3884/11930/1063 
f 3883/11924/1063 3885/11926/1063 3884/11930/1063 
f 3887/11932/969 3888/11933/969 3889/11934/969 
f 3889/11934/969 3890/11935/969 3887/11932/969 
f 3891/11936/961 3892/11937/961 3893/11938/961 
f 3893/11938/961 3894/11939/961 3891/11936/961 
f 3894/11940/984 3895/11941/984 3896/11942/984 
f 3897/11943/984 3887/11944/984 3890/11945/984 
f 3897/11943/984 3890/11945/984 3891/11946/984 
f 3898/11947/984 3897/11943/984 3891/11946/984 
f 3896/11942/984 3898/11947/984 3891/11946/984 
f 3894/11940/984 3896/11942/984 3891/11946/984 
f 3898/11948/963 3899/11949/963 3900/11950/963 
f 3900/11950/963 3897/11951/963 3898/11948/963 
f 3895/11952/976 3901/11953/976 3902/11954/976 
f 3902/11954/976 3896/11955/976 3895/11952/976 
f 3897/11956/985 3900/11957/985 3888/11933/985 
f 3888/11933/985 3887/11932/985 3897/11956/985 
f 3899/11949/986 3898/11948/986 3896/11955/986 
f 3896/11955/986 3902/11954/986 3899/11949/986 
f 3901/11958/987 3895/11959/987 3894/11939/987 
f 3894/11939/987 3893/11938/987 3901/11958/987 
f 3892/11960/988 3891/11961/988 3890/11962/988 
f 3890/11962/988 3889/11963/988 3892/11960/988 
f 3899/11964/964 3902/11965/964 3901/11966/964 
f 3892/11967/964 3889/11968/964 3888/11969/964 
f 3892/11967/964 3888/11969/964 3900/11970/964 
f 3893/11971/964 3892/11967/964 3900/11970/964 
f 3901/11966/964 3893/11971/964 3900/11970/964 
f 3899/11964/964 3901/11966/964 3900/11970/964 
f 3903/11972/964 3904/11973/964 3905/11974/964 
f 3905/11974/964 3906/11975/964 3903/11972/964 
f 3907/11976/961 3908/11977/961 3909/11978/961 
f 3909/11978/961 3910/11979/961 3907/11976/961 
f 3910/11980/1064 3911/11981/1064 3912/11982/1064 
f 3913/11983/1064 3903/11984/1064 3906/11985/1064 
f 3913/11983/1064 3906/11985/1064 3907/11986/1064 
f 3914/11987/1064 3913/11983/1064 3907/11986/1064 
f 3912/11982/1064 3914/11987/1064 3907/11986/1064 
f 3910/11980/1064 3912/11982/1064 3907/11986/1064 
f 3914/11988/963 3915/11989/963 3916/11990/963 
f 3916/11990/963 3913/11991/963 3914/11988/963 
f 3911/11992/960 3917/11993/960 3918/11994/960 
f 3918/11994/960 3912/11995/960 3911/11992/960 
f 3913/11996/1065 3916/11997/1065 3904/11973/1065 
f 3904/11973/1065 3903/11972/1065 3913/11996/1065 
f 3915/11989/1066 3914/11988/1066 3912/11995/1066 
f 3912/11995/1066 3918/11994/1066 3915/11989/1066 
f 3917/11998/1067 3911/11999/1067 3910/12000/1067 
f 3910/12000/1067 3909/12001/1067 3917/11998/1067 
f 3908/11977/1068 3907/11976/1068 3906/12002/1068 
f 3906/12002/1068 3905/12003/1068 3908/11977/1068 
f 3915/12004/976 3918/12005/976 3917/12006/976 
f 3908/12007/976 3905/12008/976 3904/12009/976 
f 3908/12007/976 3904/12009/976 3916/12010/976 
f 3909/12011/976 3908/12007/976 3916/12010/976 
f 3917/12006/976 3909/12011/976 3916/12010/976 
f 3915/12004/976 3917/12006/976 3916/12010/976 
f 3919/12012/964 3920/12013/964 3921/12014/964 
f 3921/12014/964 3922/12015/964 3919/12012/964 
f 3923/12016/1069 3924/12017/1069 3925/12018/1069 
f 3925/12018/1069 3926/12019/1069 3923/12016/1069 
f 3926/12019/1070 3927/12020/1070 3928/12021/1070 
f 3928/12021/1070 3929/12022/1070 3930/12023/1070 
f 3926/12019/1070 3928/12021/1070 3930/12023/1070 
f 3926/12019/1070 3930/12023/1070 3922/12024/1070 
f 3922/12024/1070 3921/12025/1070 3923/12016/1070 
f 3926/12019/1070 3922/12024/1070 3923/12016/1070 
f 3929/12026/1071 3931/12027/1071 3932/12028/1071 
f 3932/12028/1071 3930/12029/1071 3929/12026/1071 
f 3927/12030/960 3933/12031/960 3934/12032/960 
f 3934/12032/960 3928/12033/960 3927/12030/960 
f 3930/12034/1072 3932/12035/1072 3919/12012/1072 
f 3919/12012/1072 3922/12015/1072 3930/12034/1072 
f 3931/12036/1073 3929/12037/1073 3928/12033/1073 
f 3928/12033/1073 3934/12032/1073 3931/12036/1073 
f 3933/12031/1074 3927/12030/1074 3926/12038/1074 
f 3926/12038/1074 3925/12039/1074 3933/12031/1074 
f 3924/12040/1075 3923/12041/1075 3921/12014/1075 
f 3921/12014/1075 3920/12013/1075 3924/12040/1075 
f 3931/12027/1076 3934/12042/1076 3933/12043/1076 
f 3933/12043/1076 3925/12044/1076 3924/12045/1076 
f 3933/12043/1076 3924/12045/1076 3920/12046/1076 
f 3920/12046/1076 3919/12047/1076 3932/12028/1076 
f 3933/12043/1076 3920/12046/1076 3932/12028/1076 
f 3931/12027/1076 3933/12043/1076 3932/12028/1076 
f 3935/12048/960 3936/12049/960 3937/12050/960 
f 3937/12050/960 3938/12051/960 3935/12048/960 
f 3939/12052/1077 3940/12053/1077 3941/12054/1077 
f 3941/12054/1077 3942/12055/1077 3939/12052/1077 
f 3942/12055/1078 3943/12056/1078 3944/12057/1078 
f 3945/12058/1078 3936/12059/1078 3935/12060/1078 
f 3946/12061/1078 3945/12058/1078 3935/12060/1078 
f 3944/12057/1078 3946/12061/1078 3935/12060/1078 
f 3944/12057/1078 3935/12060/1078 3939/12052/1078 
f 3942/12055/1078 3944/12057/1078 3939/12052/1078 
f 3946/12062/1079 3947/12063/1079 3948/12064/1079 
f 3948/12064/1079 3945/12065/1079 3946/12062/1079 
f 3944/12066/964 3943/12067/964 3949/12068/964 
f 3949/12068/964 3950/12069/964 3944/12066/964 
f 3945/12070/1080 3948/12071/1080 3937/12050/1080 
f 3937/12050/1080 3936/12049/1080 3945/12070/1080 
f 3947/12072/1081 3946/12073/1081 3944/12066/1081 
f 3944/12066/1081 3950/12069/1081 3947/12072/1081 
f 3949/12068/1082 3943/12067/1082 3942/12074/1082 
f 3942/12074/1082 3941/12075/1082 3949/12068/1082 
f 3940/12076/1083 3939/12077/1083 3935/12048/1083 
f 3935/12048/1083 3938/12051/1083 3940/12076/1083 
f 3949/12078/1084 3941/12079/1084 3940/12080/1084 
f 3950/12081/1084 3949/12078/1084 3940/12080/1084 
f 3947/12063/1084 3950/12081/1084 3940/12080/1084 
f 3947/12063/1084 3940/12080/1084 3938/12082/1084 
f 3947/12063/1084 3938/12082/1084 3937/12083/1084 
f 3947/12063/1084 3937/12083/1084 3948/12064/1084 
f 3951/12084/1085 3952/12085/1085 3953/12086/1085 
f 3954/12087/1085 3951/12084/1085 3953/12086/1085 
f 3955/12088/1085 3954/12087/1085 3953/12086/1085 
f 3955/12088/1085 3953/12086/1085 3956/12089/1085 
f 3955/12088/1085 3956/12089/1085 3957/12090/1085 
f 3955/12088/1085 3957/12090/1085 3958/12091/1085 
f 3953/12092/961 3952/12093/961 3959/12094/961 
f 3959/12094/961 3960/12095/961 3953/12092/961 
f 3956/12089/1086 3961/12096/1086 3962/12097/1086 
f 3962/12097/1086 3957/12090/1086 3956/12089/1086 
f 3958/12098/963 3963/12099/963 3964/12100/963 
f 3964/12100/963 3955/12101/963 3958/12098/963 
f 3965/12102/1087 3966/12103/1087 3951/12104/1087 
f 3951/12104/1087 3954/12105/1087 3965/12102/1087 
f 3961/12106/1088 3956/12107/1088 3953/12092/1088 
f 3953/12092/1088 3960/12095/1088 3961/12106/1088 
f 3966/12108/1089 3959/12094/1089 3952/12093/1089 
f 3952/12093/1089 3951/12109/1089 3966/12108/1089 
f 3964/12100/1090 3965/12110/1090 3954/12111/1090 
f 3954/12111/1090 3955/12101/1090 3964/12100/1090 
f 3962/12112/1091 3963/12099/1091 3958/12098/1091 
f 3958/12098/1091 3957/12113/1091 3962/12112/1091 
f 3959/12114/1092 3966/12103/1092 3965/12102/1092 
f 3965/12102/1092 3964/12115/1092 3963/12116/1092 
f 3963/12116/1092 3962/12117/1092 3961/12118/1092 
f 3965/12102/1092 3963/12116/1092 3961/12118/1092 
f 3959/12114/1092 3965/12102/1092 3961/12118/1092 
f 3960/12119/1092 3959/12114/1092 3961/12118/1092 
f 3967/12120/1093 3968/12121/1093 3969/12122/1093 
f 3969/12122/1093 3970/12123/1093 3971/12124/1093 
f 3971/12124/1093 3972/12125/1093 3973/12126/1093 
f 3969/12122/1093 3971/12124/1093 3973/12126/1093 
f 3967/12120/1093 3969/12122/1093 3973/12126/1093 
f 3974/12127/1093 3967/12120/1093 3973/12126/1093 
f 3975/12128/1094 3976/12129/1094 3977/12130/1094 
f 3978/12131/1094 3975/12128/1094 3977/12130/1094 
f 3977/12130/1094 3979/12132/1094 3980/12133/1094 
f 3978/12131/1094 3977/12130/1094 3980/12133/1094 
f 3978/12131/1094 3980/12133/1094 3981/12134/1094 
f 3978/12131/1094 3981/12134/1094 3982/12135/1094 
f 3983/12136/963 3984/12137/963 3985/12138/963 
f 3985/12138/963 3986/12139/963 3983/12136/963 
f 3979/12140/961 3977/12141/961 3987/12142/961 
f 3987/12142/961 3988/12143/961 3979/12140/961 
f 3989/12144/1095 3990/12145/1095 3991/12146/1095 
f 3991/12146/1095 3992/12147/1095 3989/12144/1095 
f 3993/12148/1096 3994/12149/1096 3995/12150/1096 
f 3995/12150/1096 3996/12151/1096 3993/12148/1096 
f 3980/12152/1097 3997/12153/1097 3998/12154/1097 
f 3998/12154/1097 3981/12155/1097 3980/12152/1097 
f 3978/12156/963 3982/12157/963 3999/12158/963 
f 3999/12158/963 4000/12159/963 3978/12156/963 
f 4001/12160/1098 3976/12161/1098 3975/12162/1098 
f 3975/12162/1098 4002/12163/1098 4001/12160/1098 
f 4003/12164/964 3994/12165/964 3993/12166/964 
f 3993/12166/964 3986/12167/964 3985/12168/964 
f 3993/12166/964 3985/12168/964 3990/12169/964 
f 4003/12164/964 3993/12166/964 3990/12169/964 
f 4003/12164/964 3990/12169/964 3989/12170/964 
f 4003/12164/964 3989/12170/964 4004/12171/964 
f 3980/12172/1099 3979/12140/1099 3988/12143/1099 
f 3988/12143/1099 3997/12173/1099 3980/12172/1099 
f 4003/12174/1100 4005/12175/1100 3995/12176/1100 
f 3995/12176/1100 3994/12177/1100 4003/12174/1100 
f 3986/12139/1101 3993/12178/1101 3996/12179/1101 
f 3996/12179/1101 3983/12136/1101 3986/12139/1101 
f 3985/12180/1102 3984/12181/1102 3991/12146/1102 
f 3991/12146/1102 3990/12145/1102 3985/12180/1102 
f 3992/12147/1103 4006/12182/1103 4004/12183/1103 
f 4004/12183/1103 3989/12144/1103 3992/12147/1103 
f 3976/12161/1104 4001/12160/1104 3987/12184/1104 
f 3987/12184/1104 3977/12185/1104 3976/12161/1104 
f 3978/12186/1105 4000/12187/1105 4002/12163/1105 
f 4002/12163/1105 3975/12162/1105 3978/12186/1105 
f 3999/12158/1106 3982/12157/1106 3981/12188/1106 
f 3981/12188/1106 3998/12189/1106 3999/12158/1106 
f 4006/12190/961 4005/12175/961 4003/12174/961 
f 4003/12174/961 4004/12191/961 4006/12190/961 
f 3987/12192/1107 4001/12193/1107 4002/12194/1107 
f 4002/12194/1107 4000/12195/1107 3999/12196/1107 
f 3999/12196/1107 3998/12197/1107 3997/12198/1107 
f 4002/12194/1107 3999/12196/1107 3997/12198/1107 
f 3987/12192/1107 4002/12194/1107 3997/12198/1107 
f 3988/12199/1107 3987/12192/1107 3997/12198/1107 
f 4007/12200/1108 4008/12201/1108 4009/12202/1108 
f 4009/12202/1108 4010/12203/1108 4011/12204/1108 
f 4011/12204/1108 4012/12205/1108 4013/12206/1108 
f 4009/12202/1108 4011/12204/1108 4013/12206/1108 
f 4007/12200/1108 4009/12202/1108 4013/12206/1108 
f 4014/12207/1108 4007/12200/1108 4013/12206/1108 
f 4015/12208/1094 4016/12209/1094 4017/12210/1094 
f 4018/12211/1094 4015/12208/1094 4017/12210/1094 
f 4019/12212/1094 4018/12211/1094 4017/12210/1094 
f 4019/12212/1094 4017/12210/1094 4020/12213/1094 
f 4019/12212/1094 4020/12213/1094 4021/12214/1094 
f 4019/12212/1094 4021/12214/1094 4022/12215/1094 
f 4017/12216/961 4016/12217/961 4023/12218/961 
f 4023/12218/961 4024/12219/961 4017/12216/961 
f 4021/12220/1109 4020/12221/1109 4025/12222/1109 
f 4025/12222/1109 4026/12223/1109 4021/12220/1109 
f 4022/12224/963 4027/12225/963 4028/12226/963 
f 4028/12226/963 4019/12227/963 4022/12224/963 
f 4029/12228/1110 4015/12229/1110 4018/12230/1110 
f 4018/12230/1110 4030/12231/1110 4029/12228/1110 
f 4020/12232/1111 4017/12216/1111 4024/12219/1111 
f 4024/12219/1111 4025/12233/1111 4020/12232/1111 
f 4029/12228/1112 4023/12234/1112 4016/12235/1112 
f 4016/12235/1112 4015/12229/1112 4029/12228/1112 
f 4028/12236/1113 4030/12231/1113 4018/12230/1113 
f 4018/12230/1113 4019/12237/1113 4028/12236/1113 
f 4026/12238/1114 4027/12225/1114 4022/12224/1114 
f 4022/12224/1114 4021/12239/1114 4026/12238/1114 
f 4023/12240/1107 4029/12241/1107 4030/12242/1107 
f 4030/12242/1107 4028/12243/1107 4027/12244/1107 
f 4027/12244/1107 4026/12245/1107 4025/12246/1107 
f 4030/12242/1107 4027/12244/1107 4025/12246/1107 
f 4023/12240/1107 4030/12242/1107 4025/12246/1107 
f 4024/12247/1107 4023/12240/1107 4025/12246/1107 
f 4031/12248/1108 4032/12249/1108 4033/12250/1108 
f 4033/12250/1108 4034/12251/1108 4035/12252/1108 
f 4035/12252/1108 4036/12253/1108 4037/12254/1108 
f 4033/12250/1108 4035/12252/1108 4037/12254/1108 
f 4031/12248/1108 4033/12250/1108 4037/12254/1108 
f 4038/12255/1108 4031/12248/1108 4037/12254/1108 
f 4039/12256/1085 4040/12257/1085 4041/12258/1085 
f 4041/12258/1085 4042/12259/1085 4043/12260/1085 
f 4039/12256/1085 4041/12258/1085 4043/12260/1085 
f 4039/12256/1085 4043/12260/1085 4044/12261/1085 
f 4045/12262/1085 4039/12256/1085 4044/12261/1085 
f 4046/12263/1085 4045/12262/1085 4044/12261/1085 
f 4047/12264/963 4048/12265/963 4049/12266/963 
f 4049/12266/963 4050/12267/963 4047/12264/963 
f 4051/12268/961 4041/12269/961 4040/12270/961 
f 4040/12270/961 4052/12271/961 4051/12268/961 
f 4053/12272/1115 4054/12273/1115 4055/12274/1115 
f 4055/12274/1115 4056/12275/1115 4053/12272/1115 
f 4057/12276/1116 4058/12277/1116 4059/12278/1116 
f 4059/12278/1116 4060/12279/1116 4057/12276/1116 
f 4043/12260/1117 4042/12259/1117 4061/12280/1117 
f 4061/12280/1117 4062/12281/1117 4043/12260/1117 
f 4044/12282/963 4063/12283/963 4064/12284/963 
f 4064/12284/963 4046/12285/963 4044/12282/963 
f 4065/12286/1087 4039/12287/1087 4045/12288/1087 
f 4045/12288/1087 4066/12289/1087 4065/12286/1087 
f 4059/12290/976 4058/12291/976 4049/12292/976 
f 4059/12290/976 4049/12292/976 4048/12293/976 
f 4048/12293/976 4055/12274/976 4054/12273/976 
f 4059/12290/976 4048/12293/976 4054/12273/976 
f 4067/12294/976 4059/12290/976 4054/12273/976 
f 4067/12294/976 4054/12273/976 4068/12295/976 
f 4041/12269/1118 4051/12268/1118 4061/12296/1118 
f 4061/12296/1118 4042/12297/1118 4041/12269/1118 
f 4059/12278/1119 4067/12298/1119 4069/12299/1119 
f 4069/12299/1119 4060/12279/1119 4059/12278/1119 
f 4057/12276/1120 4050/12300/1120 4049/12301/1120 
f 4049/12301/1120 4058/12277/1120 4057/12276/1120 
f 4055/12302/1121 4048/12265/1121 4047/12264/1121 
f 4047/12264/1121 4056/12303/1121 4055/12302/1121 
f 4053/12304/1122 4070/12305/1122 4068/12306/1122 
f 4068/12306/1122 4054/12307/1122 4053/12304/1122 
f 4039/12308/1123 4065/12309/1123 4052/12271/1123 
f 4052/12271/1123 4040/12270/1123 4039/12308/1123 
f 4045/12310/1090 4046/12285/1090 4064/12284/1090 
f 4064/12284/1090 4066/12311/1090 4045/12310/1090 
f 4044/12282/1124 4043/12312/1124 4062/12313/1124 
f 4062/12313/1124 4063/12283/1124 4044/12282/1124 
f 4069/12314/961 4067/12315/961 4068/12306/961 
f 4068/12306/961 4070/12305/961 4069/12314/961 
f 4051/12316/1092 4052/12317/1092 4065/12318/1092 
f 4051/12316/1092 4065/12318/1092 4066/12319/1092 
f 4066/12319/1092 4064/12320/1092 4063/12321/1092 
f 4063/12321/1092 4062/12322/1092 4061/12323/1092 
f 4066/12319/1092 4063/12321/1092 4061/12323/1092 
f 4051/12316/1092 4066/12319/1092 4061/12323/1092 
f 4071/12324/1093 4072/12325/1093 4073/12326/1093 
f 4073/12326/1093 4074/12327/1093 4075/12328/1093 
f 4075/12328/1093 4076/12329/1093 4077/12330/1093 
f 4073/12326/1093 4075/12328/1093 4077/12330/1093 
f 4071/12324/1093 4073/12326/1093 4077/12330/1093 
f 4071/12324/1093 4077/12330/1093 4078/12331/1093 
f 4079/12332/1125 4080/12333/1125 4081/12334/1125 
f 4081/12334/1125 4082/12335/1125 4083/12336/1125 
f 4083/12336/1125 4084/12337/1125 4085/12338/1125 
f 4081/12334/1125 4083/12336/1125 4085/12338/1125 
f 4079/12332/1125 4081/12334/1125 4085/12338/1125 
f 4079/12332/1125 4085/12338/1125 4086/12339/1125 
f 4082/12340/963 4087/12341/963 4088/12342/963 
f 4088/12342/963 4083/12343/963 4082/12340/963 
f 4089/12344/1126 4090/12345/1126 4085/12338/1126 
f 4085/12338/1126 4084/12337/1126 4089/12344/1126 
f 4091/12346/961 4079/12347/961 4086/12348/961 
f 4086/12348/961 4092/12349/961 4091/12346/961 
f 4093/12350/1127 4094/12351/1127 4081/12352/1127 
f 4081/12352/1127 4080/12353/1127 4093/12350/1127 
f 4083/12343/1128 4088/12342/1128 4089/12354/1128 
f 4089/12354/1128 4084/12355/1128 4083/12343/1128 
f 4094/12351/1129 4087/12356/1129 4082/12357/1129 
f 4082/12357/1129 4081/12352/1129 4094/12351/1129 
f 4079/12358/1130 4091/12359/1130 4093/12350/1130 
f 4093/12350/1130 4080/12353/1130 4079/12358/1130 
f 4090/12360/1131 4092/12349/1131 4086/12348/1131 
f 4086/12348/1131 4085/12361/1131 4090/12360/1131 
f 4087/12362/1132 4094/12363/1132 4093/12364/1132 
f 4093/12364/1132 4091/12365/1132 4092/12366/1132 
f 4092/12366/1132 4090/12367/1132 4089/12368/1132 
f 4093/12364/1132 4092/12366/1132 4089/12368/1132 
f 4087/12362/1132 4093/12364/1132 4089/12368/1132 
f 4088/12369/1132 4087/12362/1132 4089/12368/1132 
f 4095/12370/1133 4096/12371/1133 4097/12372/1133 
f 4097/12372/1133 4098/12373/1133 4099/12374/1133 
f 4099/12374/1133 4100/12375/1133 4101/12376/1133 
f 4097/12372/1133 4099/12374/1133 4101/12376/1133 
f 4095/12370/1133 4097/12372/1133 4101/12376/1133 
f 4102/12377/1133 4095/12370/1133 4101/12376/1133 
f 4103/12378/1134 4104/12379/1134 4105/12380/1134 
f 4105/12380/1134 4106/12381/1134 4107/12382/1134 
f 4107/12382/1134 4108/12383/1134 4109/12384/1134 
f 4105/12380/1134 4107/12382/1134 4109/12384/1134 
f 4103/12378/1134 4105/12380/1134 4109/12384/1134 
f 4103/12378/1134 4109/12384/1134 4110/12385/1134 
f 4111/12386/961 4112/12387/961 4113/12388/961 
f 4113/12388/961 4114/12389/961 4111/12386/961 
f 4107/12390/963 4106/12391/963 4115/12392/963 
f 4115/12392/963 4116/12393/963 4107/12390/963 
f 4117/12394/1135 4118/12395/1135 4119/12396/1135 
f 4119/12396/1135 4120/12397/1135 4117/12394/1135 
f 4121/12398/1136 4122/12399/1136 4123/12400/1136 
f 4123/12400/1136 4124/12401/1136 4121/12398/1136 
f 4109/12402/1137 4108/12403/1137 4125/12404/1137 
f 4125/12404/1137 4126/12405/1137 4109/12402/1137 
f 4110/12406/961 4127/12407/961 4128/12408/961 
f 4128/12408/961 4103/12409/961 4110/12406/961 
f 4105/12410/1138 4104/12411/1138 4129/12412/1138 
f 4129/12412/1138 4130/12413/1138 4105/12410/1138 
f 4131/12414/960 4123/12415/960 4122/12416/960 
f 4122/12416/960 4114/12417/960 4113/12418/960 
f 4113/12418/960 4117/12419/960 4120/12420/960 
f 4122/12416/960 4113/12418/960 4120/12420/960 
f 4131/12414/960 4122/12416/960 4120/12420/960 
f 4131/12414/960 4120/12420/960 4132/12421/960 
f 4108/12422/1139 4107/12390/1139 4116/12393/1139 
f 4116/12393/1139 4125/12423/1139 4108/12422/1139 
f 4124/12424/1140 4123/12425/1140 4131/12426/1140 
f 4131/12426/1140 4133/12427/1140 4124/12424/1140 
f 4114/12389/1141 4122/12428/1141 4121/12429/1141 
f 4121/12429/1141 4111/12386/1141 4114/12389/1141 
f 4117/12394/1142 4113/12430/1142 4112/12431/1142 
f 4112/12431/1142 4118/12395/1142 4117/12394/1142 
f 4120/12397/1143 4119/12396/1143 4134/12432/1143 
f 4134/12432/1143 4132/12433/1143 4120/12397/1143 
f 4130/12413/1144 4115/12434/1144 4106/12435/1144 
f 4106/12435/1144 4105/12410/1144 4130/12413/1144 
f 4103/12436/1145 4128/12437/1145 4129/12412/1145 
f 4129/12412/1145 4104/12411/1145 4103/12436/1145 
f 4126/12438/1146 4127/12407/1146 4110/12406/1146 
f 4110/12406/1146 4109/12439/1146 4126/12438/1146 
f 4133/12427/963 4131/12426/963 4132/12440/963 
f 4132/12440/963 4134/12441/963 4133/12427/963 
f 4116/12442/1147 4115/12443/1147 4130/12444/1147 
f 4130/12444/1147 4129/12445/1147 4128/12446/1147 
f 4128/12446/1147 4127/12447/1147 4126/12448/1147 
f 4130/12444/1147 4128/12446/1147 4126/12448/1147 
f 4116/12442/1147 4130/12444/1147 4126/12448/1147 
f 4116/12442/1147 4126/12448/1147 4125/12449/1147 
f 4135/12450/1148 4136/12451/1148 4137/12452/1148 
f 4137/12452/1148 4138/12453/1148 4139/12454/1148 
f 4139/12454/1148 4140/12455/1148 4141/12456/1148 
f 4137/12452/1148 4139/12454/1148 4141/12456/1148 
f 4135/12450/1148 4137/12452/1148 4141/12456/1148 
f 4135/12450/1148 4141/12456/1148 4142/12457/1148 
f 4143/12458/1134 4144/12459/1134 4145/12460/1134 
f 4145/12460/1134 4146/12461/1134 4147/12462/1134 
f 4147/12462/1134 4148/12463/1134 4149/12464/1134 
f 4145/12460/1134 4147/12462/1134 4149/12464/1134 
f 4143/12458/1134 4145/12460/1134 4149/12464/1134 
f 4143/12458/1134 4149/12464/1134 4150/12465/1134 
f 4147/12466/963 4146/12467/963 4151/12468/963 
f 4151/12468/963 4152/12469/963 4147/12466/963 
f 4149/12470/1149 4148/12471/1149 4153/12472/1149 
f 4153/12472/1149 4154/12473/1149 4149/12470/1149 
f 4150/12474/961 4155/12475/961 4156/12476/961 
f 4156/12476/961 4143/12477/961 4150/12474/961 
f 4145/12478/1150 4144/12479/1150 4157/12480/1150 
f 4157/12480/1150 4158/12481/1150 4145/12478/1150 
f 4148/12482/1151 4147/12466/1151 4152/12469/1151 
f 4152/12469/1151 4153/12483/1151 4148/12482/1151 
f 4158/12481/1152 4151/12484/1152 4146/12485/1152 
f 4146/12485/1152 4145/12478/1152 4158/12481/1152 
f 4143/12486/1153 4156/12487/1153 4157/12480/1153 
f 4157/12480/1153 4144/12479/1153 4143/12486/1153 
f 4154/12488/1154 4155/12475/1154 4150/12474/1154 
f 4150/12474/1154 4149/12489/1154 4154/12488/1154 
f 4152/12490/1147 4151/12491/1147 4158/12492/1147 
f 4158/12492/1147 4157/12493/1147 4156/12494/1147 
f 4156/12494/1147 4155/12495/1147 4154/12496/1147 
f 4158/12492/1147 4156/12494/1147 4154/12496/1147 
f 4152/12490/1147 4158/12492/1147 4154/12496/1147 
f 4152/12490/1147 4154/12496/1147 4153/12497/1147 
f 4159/12498/1148 4160/12499/1148 4161/12500/1148 
f 4161/12500/1148 4162/12501/1148 4163/12502/1148 
f 4163/12502/1148 4164/12503/1148 4165/12504/1148 
f 4161/12500/1148 4163/12502/1148 4165/12504/1148 
f 4159/12498/1148 4161/12500/1148 4165/12504/1148 
f 4159/12498/1148 4165/12504/1148 4166/12505/1148 
f 4167/12506/1125 4168/12507/1125 4169/12508/1125 
f 4167/12506/1125 4169/12508/1125 4170/12509/1125 
f 4170/12509/1125 4171/12510/1125 4172/12511/1125 
f 4167/12506/1125 4170/12509/1125 4172/12511/1125 
f 4173/12512/1125 4167/12506/1125 4172/12511/1125 
f 4173/12512/1125 4172/12511/1125 4174/12513/1125 
f 4175/12514/961 4176/12515/961 4177/12516/961 
f 4177/12516/961 4178/12517/961 4175/12514/961 
f 4170/12518/963 4169/12519/963 4179/12520/963 
f 4179/12520/963 4180/12521/963 4170/12518/963 
f 4181/12522/1155 4182/12523/1155 4183/12524/1155 
f 4183/12524/1155 4184/12525/1155 4181/12522/1155 
f 4185/12526/1156 4186/12527/1156 4187/12528/1156 
f 4187/12528/1156 4188/12529/1156 4185/12526/1156 
f 4172/12511/1157 4171/12510/1157 4189/12530/1157 
f 4189/12530/1157 4190/12531/1157 4172/12511/1157 
f 4191/12532/961 4173/12533/961 4174/12534/961 
f 4174/12534/961 4192/12535/961 4191/12532/961 
f 4193/12536/1158 4168/12537/1158 4167/12538/1158 
f 4167/12538/1158 4194/12539/1158 4193/12536/1158 
f 4188/12540/976 4187/12541/976 4177/12542/976 
f 4195/12543/976 4188/12540/976 4177/12542/976 
f 4195/12543/976 4177/12542/976 4176/12544/976 
f 4176/12544/976 4183/12524/976 4182/12523/976 
f 4195/12543/976 4176/12544/976 4182/12523/976 
f 4195/12543/976 4182/12523/976 4196/12545/976 
f 4171/12546/1159 4170/12518/1159 4180/12521/1159 
f 4180/12521/1159 4189/12547/1159 4171/12546/1159 
f 4195/12548/1160 4197/12549/1160 4185/12526/1160 
f 4185/12526/1160 4188/12529/1160 4195/12548/1160 
f 4178/12550/1161 4177/12551/1161 4187/12528/1161 
f 4187/12528/1161 4186/12527/1161 4178/12550/1161 
f 4184/12552/1162 4183/12553/1162 4176/12515/1162 
f 4176/12515/1162 4175/12514/1162 4184/12552/1162 
f 4182/12554/1163 4181/12555/1163 4198/12556/1163 
f 4198/12556/1163 4196/12557/1163 4182/12554/1163 
f 4193/12558/1164 4179/12520/1164 4169/12519/1164 
f 4169/12519/1164 4168/12559/1164 4193/12558/1164 
f 4173/12533/1165 4191/12532/1165 4194/12560/1165 
f 4194/12560/1165 4167/12561/1165 4173/12533/1165 
f 4172/12562/1166 4190/12563/1166 4192/12535/1166 
f 4192/12535/1166 4174/12534/1166 4172/12562/1166 
f 4197/12564/963 4195/12565/963 4196/12557/963 
f 4196/12557/963 4198/12556/963 4197/12564/963 
f 4180/12566/1132 4179/12567/1132 4193/12568/1132 
f 4193/12568/1132 4194/12569/1132 4191/12570/1132 
f 4191/12570/1132 4192/12571/1132 4190/12572/1132 
f 4193/12568/1132 4191/12570/1132 4190/12572/1132 
f 4180/12566/1132 4193/12568/1132 4190/12572/1132 
f 4180/12566/1132 4190/12572/1132 4189/12573/1132 
f 4199/12574/1133 4200/12575/1133 4201/12576/1133 
f 4201/12576/1133 4202/12577/1133 4203/12578/1133 
f 4203/12578/1133 4204/12579/1133 4205/12580/1133 
f 4201/12576/1133 4203/12578/1133 4205/12580/1133 
f 4199/12574/1133 4201/12576/1133 4205/12580/1133 
f 4199/12574/1133 4205/12580/1133 4206/12581/1133 
f 4207/12582/1167 4208/12583/1167 4209/12584/1167 
f 4209/12584/1167 4210/12585/1167 4211/12586/1167 
f 4209/12584/1167 4211/12586/1167 4212/12587/1167 
f 4212/12587/1167 4213/12588/1167 4214/12589/1167 
f 4209/12584/1167 4212/12587/1167 4214/12589/1167 
f 4207/12582/1167 4209/12584/1167 4214/12589/1167 
f 4215/12590/960 4216/12591/960 4217/12592/960 
f 4217/12592/960 4218/12593/960 4215/12590/960 
f 4219/12594/964 4211/12595/964 4210/12596/964 
f 4210/12596/964 4220/12597/964 4219/12594/964 
f 4221/12598/1168 4222/12599/1168 4223/12600/1168 
f 4223/12600/1168 4224/12601/1168 4221/12598/1168 
f 4225/12602/1169 4226/12603/1169 4227/12604/1169 
f 4227/12604/1169 4228/12605/1169 4225/12602/1169 
f 4212/12587/1170 4229/12606/1170 4230/12607/1170 
f 4230/12607/1170 4213/12588/1170 4212/12587/1170 
f 4231/12608/960 4207/12609/960 4214/12610/960 
f 4214/12610/960 4232/12611/960 4231/12608/960 
f 4209/12612/1171 4208/12613/1171 4233/12614/1171 
f 4233/12614/1171 4234/12615/1171 4209/12612/1171 
f 4235/12616/976 4225/12617/976 4228/12618/976 
f 4228/12618/976 4218/12619/976 4217/12620/976 
f 4228/12618/976 4217/12620/976 4222/12599/976 
f 4222/12599/976 4221/12598/976 4236/12621/976 
f 4228/12618/976 4222/12599/976 4236/12621/976 
f 4235/12616/976 4228/12618/976 4236/12621/976 
f 4212/12622/1172 4211/12595/1172 4219/12594/1172 
f 4219/12594/1172 4229/12623/1172 4212/12622/1172 
f 4225/12602/1173 4235/12624/1173 4237/12625/1173 
f 4237/12625/1173 4226/12603/1173 4225/12602/1173 
f 4215/12626/1174 4218/12627/1174 4228/12605/1174 
f 4228/12605/1174 4227/12604/1174 4215/12626/1174 
f 4222/12628/1175 4217/12592/1175 4216/12591/1175 
f 4216/12591/1175 4223/12629/1175 4222/12628/1175 
f 4224/12630/1176 4238/12631/1176 4236/12632/1176 
f 4236/12632/1176 4221/12633/1176 4224/12630/1176 
f 4209/12634/1177 4234/12635/1177 4220/12597/1177 
f 4220/12597/1177 4210/12596/1177 4209/12634/1177 
f 4207/12609/1178 4231/12608/1178 4233/12636/1178 
f 4233/12636/1178 4208/12637/1178 4207/12609/1178 
f 4213/12638/1179 4230/12639/1179 4232/12611/1179 
f 4232/12611/1179 4214/12610/1179 4213/12638/1179 
f 4237/12640/964 4235/12641/964 4236/12632/964 
f 4236/12632/964 4238/12631/964 4237/12640/964 
f 4219/12642/1180 4220/12643/1180 4234/12644/1180 
f 4234/12644/1180 4233/12645/1180 4231/12646/1180 
f 4231/12646/1180 4232/12647/1180 4230/12648/1180 
f 4234/12644/1180 4231/12646/1180 4230/12648/1180 
f 4219/12642/1180 4234/12644/1180 4230/12648/1180 
f 4219/12642/1180 4230/12648/1180 4229/12649/1180 
f 4239/12650/1181 4240/12651/1181 4241/12652/1181 
f 4241/12652/1181 4242/12653/1181 4243/12654/1181 
f 4243/12654/1181 4244/12655/1181 4245/12656/1181 
f 4241/12652/1181 4243/12654/1181 4245/12656/1181 
f 4239/12650/1181 4241/12652/1181 4245/12656/1181 
f 4239/12650/1181 4245/12656/1181 4246/12657/1181 
f 4247/12658/1167 4248/12659/1167 4249/12660/1167 
f 4249/12660/1167 4250/12661/1167 4251/12662/1167 
f 4251/12662/1167 4252/12663/1167 4253/12664/1167 
f 4249/12660/1167 4251/12662/1167 4253/12664/1167 
f 4247/12658/1167 4249/12660/1167 4253/12664/1167 
f 4247/12658/1167 4253/12664/1167 4254/12665/1167 
f 4251/12666/964 4250/12667/964 4255/12668/964 
f 4255/12668/964 4256/12669/964 4251/12666/964 
f 4253/12664/1170 4252/12663/1170 4257/12670/1170 
f 4257/12670/1170 4258/12671/1170 4253/12664/1170 
f 4259/12672/960 4247/12673/960 4254/12674/960 
f 4254/12674/960 4260/12675/960 4259/12672/960 
f 4249/12676/1171 4248/12677/1171 4261/12678/1171 
f 4261/12678/1171 4262/12679/1171 4249/12676/1171 
f 4252/12680/1172 4251/12666/1172 4256/12669/1172 
f 4256/12669/1172 4257/12681/1172 4252/12680/1172 
f 4262/12679/1177 4255/12682/1177 4250/12683/1177 
f 4250/12683/1177 4249/12676/1177 4262/12679/1177 
f 4259/12684/1178 4261/12678/1178 4248/12677/1178 
f 4248/12677/1178 4247/12685/1178 4259/12684/1178 
f 4253/12686/1179 4258/12687/1179 4260/12675/1179 
f 4260/12675/1179 4254/12674/1179 4253/12686/1179 
f 4256/12688/1180 4255/12689/1180 4262/12690/1180 
f 4262/12690/1180 4261/12691/1180 4259/12692/1180 
f 4259/12692/1180 4260/12693/1180 4258/12694/1180 
f 4262/12690/1180 4259/12692/1180 4258/12694/1180 
f 4256/12688/1180 4262/12690/1180 4258/12694/1180 
f 4256/12688/1180 4258/12694/1180 4257/12695/1180 
f 4263/12696/1181 4264/12697/1181 4265/12698/1181 
f 4265/12698/1181 4266/12699/1181 4267/12700/1181 
f 4267/12700/1181 4268/12701/1181 4269/12702/1181 
f 4265/12698/1181 4267/12700/1181 4269/12702/1181 
f 4263/12696/1181 4265/12698/1181 4269/12702/1181 
f 4270/12703/1181 4263/12696/1181 4269/12702/1181 
f 4271/12704/1182 4272/12705/1182 4273/12706/1182 
f 4273/12706/1182 4274/12707/1182 4275/12708/1182 
f 4271/12704/1182 4273/12706/1182 4275/12708/1182 
f 4271/12704/1182 4275/12708/1182 4276/12709/1182 
f 4277/12710/1182 4271/12704/1182 4276/12709/1182 
f 4277/12710/1182 4276/12709/1182 4278/12711/1182 
f 4279/12712/963 4280/12713/963 4281/12714/963 
f 4281/12714/963 4282/12715/963 4279/12712/963 
f 4283/12716/961 4284/12717/961 4274/12718/961 
f 4274/12718/961 4273/12719/961 4283/12716/961 
f 4285/12720/1183 4286/12721/1183 4287/12722/1183 
f 4287/12722/1183 4288/12723/1183 4285/12720/1183 
f 4289/12724/1184 4290/12725/1184 4291/12726/1184 
f 4291/12726/1184 4292/12727/1184 4289/12724/1184 
f 4276/12728/1185 4275/12729/1185 4293/12730/1185 
f 4293/12730/1185 4294/12731/1185 4276/12728/1185 
f 4278/12732/963 4295/12733/963 4296/12734/963 
f 4296/12734/963 4277/12735/963 4278/12732/963 
f 4271/12704/1186 4297/12736/1186 4298/12737/1186 
f 4298/12737/1186 4272/12705/1186 4271/12704/1186 
f 4299/12738/1187 4290/12739/1187 4289/12740/1187 
f 4289/12740/1187 4281/12741/1187 4280/12742/1187 
f 4289/12740/1187 4280/12742/1187 4286/12721/1187 
f 4299/12738/1187 4289/12740/1187 4286/12721/1187 
f 4299/12738/1187 4286/12721/1187 4285/12720/1187 
f 4299/12738/1187 4285/12720/1187 4300/12743/1187 
f 4275/12729/1188 4274/12744/1188 4284/12745/1188 
f 4284/12745/1188 4293/12730/1188 4275/12729/1188 
f 4299/12746/1189 4301/12747/1189 4291/12726/1189 
f 4291/12726/1189 4290/12725/1189 4299/12746/1189 
f 4281/12748/1190 4289/12724/1190 4292/12727/1190 
f 4292/12727/1190 4282/12749/1190 4281/12748/1190 
f 4287/12722/1191 4286/12721/1191 4280/12742/1191 
f 4280/12742/1191 4279/12750/1191 4287/12722/1191 
f 4288/12723/1192 4302/12751/1192 4300/12743/1192 
f 4300/12743/1192 4285/12720/1192 4288/12723/1192 
f 4298/12737/1193 4283/12752/1193 4273/12706/1193 
f 4273/12706/1193 4272/12705/1193 4298/12737/1193 
f 4277/12710/1194 4296/12753/1194 4297/12736/1194 
f 4297/12736/1194 4271/12704/1194 4277/12710/1194 
f 4278/12754/1195 4276/12728/1195 4294/12731/1195 
f 4294/12731/1195 4295/12755/1195 4278/12754/1195 
f 4300/12756/961 4302/12757/961 4301/12758/961 
f 4301/12758/961 4299/12759/961 4300/12756/961 
f 4283/12760/1196 4298/12761/1196 4297/12762/1196 
f 4297/12762/1196 4296/12763/1196 4295/12755/1196 
f 4295/12755/1196 4294/12731/1196 4293/12730/1196 
f 4297/12762/1196 4295/12755/1196 4293/12730/1196 
f 4283/12760/1196 4297/12762/1196 4293/12730/1196 
f 4284/12745/1196 4283/12760/1196 4293/12730/1196 
f 4303/12764/1197 4304/12765/1197 4305/12766/1197 
f 4305/12766/1197 4306/12767/1197 4307/12768/1197 
f 4307/12768/1197 4308/12769/1197 4309/12770/1197 
f 4305/12766/1197 4307/12768/1197 4309/12770/1197 
f 4303/12764/1197 4305/12766/1197 4309/12770/1197 
f 4310/12771/1197 4303/12764/1197 4309/12770/1197 
f 4308/12772/1198 4297/12773/1198 4309/12774/1198 
f 4296/12775/1198 4308/12772/1198 4309/12774/1198 
f 4309/12774/1198 4298/12776/1198 4310/12777/1198 
f 4309/12774/1198 4310/12777/1198 4283/12778/1198 
f 4296/12775/1198 4309/12774/1198 4283/12778/1198 
f 4284/12779/1198 4303/12780/1198 4293/12781/1198 
f 4283/12778/1198 4284/12779/1198 4293/12781/1198 
f 4283/12778/1198 4293/12781/1198 4304/12782/1198 
f 4304/12782/1198 4294/12783/1198 4305/12784/1198 
f 4283/12778/1198 4304/12782/1198 4305/12784/1198 
f 4296/12775/1198 4283/12778/1198 4305/12784/1198 
f 4305/12784/1198 4295/12785/1198 4306/12786/1198 
f 4296/12775/1198 4305/12784/1198 4306/12786/1198 
f 4296/12775/1198 4306/12786/1198 4307/12787/1198 
f 4311/12788/1199 4312/12789/1199 4313/12790/1199 
f 4313/12790/1199 4314/12791/1199 4315/12792/1199 
f 4315/12792/1199 4316/12793/1199 4317/12794/1199 
f 4313/12790/1199 4315/12792/1199 4317/12794/1199 
f 4311/12788/1199 4313/12790/1199 4317/12794/1199 
f 4318/12795/1199 4311/12788/1199 4317/12794/1199 
f 4319/12796/961 4320/12797/961 4321/12798/961 
f 4321/12798/961 4322/12799/961 4319/12796/961 
f 4313/12800/963 4323/12801/963 4324/12802/963 
f 4324/12802/963 4314/12803/963 4313/12800/963 
f 4325/12804/1200 4326/12805/1200 4327/12806/1200 
f 4327/12806/1200 4328/12807/1200 4325/12804/1200 
f 4329/12808/1201 4330/12809/1201 4331/12810/1201 
f 4331/12810/1201 4332/12811/1201 4329/12808/1201 
f 4315/12812/1202 4333/12813/1202 4334/12814/1202 
f 4334/12814/1202 4316/12815/1202 4315/12812/1202 
f 4317/12816/961 4335/12817/961 4336/12818/961 
f 4336/12818/961 4318/12819/961 4317/12816/961 
f 4312/12789/1203 4311/12788/1203 4337/12820/1203 
f 4337/12820/1203 4338/12821/1203 4312/12789/1203 
f 4329/12822/1204 4332/12823/1204 4322/12824/1204 
f 4322/12824/1204 4321/12825/1204 4325/12804/1204 
f 4325/12804/1204 4328/12807/1204 4339/12826/1204 
f 4322/12824/1204 4325/12804/1204 4339/12826/1204 
f 4329/12822/1204 4322/12824/1204 4339/12826/1204 
f 4340/12827/1204 4329/12822/1204 4339/12826/1204 
f 4315/12812/1205 4314/12828/1205 4324/12829/1205 
f 4324/12829/1205 4333/12813/1205 4315/12812/1205 
f 4330/12809/1206 4329/12808/1206 4340/12830/1206 
f 4340/12830/1206 4341/12831/1206 4330/12809/1206 
f 4319/12832/1207 4322/12833/1207 4332/12811/1207 
f 4332/12811/1207 4331/12810/1207 4319/12832/1207 
f 4326/12805/1208 4325/12804/1208 4321/12825/1208 
f 4321/12825/1208 4320/12834/1208 4326/12805/1208 
f 4342/12835/1209 4339/12826/1209 4328/12807/1209 
f 4328/12807/1209 4327/12806/1209 4342/12835/1209 
f 4338/12821/1210 4323/12836/1210 4313/12790/1210 
f 4313/12790/1210 4312/12789/1210 4338/12821/1210 
f 4336/12837/1211 4337/12820/1211 4311/12788/1211 
f 4311/12788/1211 4318/12795/1211 4336/12837/1211 
f 4316/12815/1212 4334/12814/1212 4335/12838/1212 
f 4335/12838/1212 4317/12839/1212 4316/12815/1212 
f 4342/12840/963 4341/12841/963 4340/12842/963 
f 4340/12842/963 4339/12843/963 4342/12840/963 
f 4323/12844/1213 4338/12845/1213 4337/12846/1213 
f 4337/12846/1213 4336/12847/1213 4335/12838/1213 
f 4335/12838/1213 4334/12814/1213 4333/12813/1213 
f 4337/12846/1213 4335/12838/1213 4333/12813/1213 
f 4323/12844/1213 4337/12846/1213 4333/12813/1213 
f 4324/12829/1213 4323/12844/1213 4333/12813/1213 
f 4343/12848/1214 4344/12849/1214 4345/12850/1214 
f 4345/12850/1214 4346/12851/1214 4347/12852/1214 
f 4347/12852/1214 4348/12853/1214 4349/12854/1214 
f 4345/12850/1214 4347/12852/1214 4349/12854/1214 
f 4343/12848/1214 4345/12850/1214 4349/12854/1214 
f 4350/12855/1214 4343/12848/1214 4349/12854/1214 
f 4351/12856/1182 4352/12857/1182 4353/12858/1182 
f 4351/12856/1182 4353/12858/1182 4354/12859/1182 
f 4355/12860/1182 4351/12856/1182 4354/12859/1182 
f 4354/12859/1182 4356/12861/1182 4357/12862/1182 
f 4355/12860/1182 4354/12859/1182 4357/12862/1182 
f 4358/12863/1182 4355/12860/1182 4357/12862/1182 
f 4359/12864/963 4360/12865/963 4361/12866/963 
f 4361/12866/963 4362/12867/963 4359/12864/963 
f 4353/12868/961 4352/12869/961 4363/12870/961 
f 4363/12870/961 4364/12871/961 4353/12868/961 
f 4365/12872/1183 4366/12873/1183 4367/12874/1183 
f 4367/12874/1183 4368/12875/1183 4365/12872/1183 
f 4369/12876/1184 4370/12877/1184 4371/12878/1184 
f 4371/12878/1184 4372/12879/1184 4369/12876/1184 
f 4373/12880/1185 4356/12881/1185 4354/12882/1185 
f 4354/12882/1185 4374/12883/1185 4373/12880/1185 
f 4357/12884/963 4375/12885/963 4376/12886/963 
f 4376/12886/963 4358/12887/963 4357/12884/963 
f 4355/12860/1186 4377/12888/1186 4378/12889/1186 
f 4378/12889/1186 4351/12856/1186 4355/12860/1186 
f 4370/12890/1187 4361/12891/1187 4360/12892/1187 
f 4371/12893/1187 4370/12890/1187 4360/12892/1187 
f 4360/12892/1187 4365/12872/1187 4368/12875/1187 
f 4371/12893/1187 4360/12892/1187 4368/12875/1187 
f 4379/12894/1187 4371/12893/1187 4368/12875/1187 
f 4379/12894/1187 4368/12875/1187 4380/12895/1187 
f 4354/12882/1188 4353/12896/1188 4364/12897/1188 
f 4364/12897/1188 4374/12883/1188 4354/12882/1188 
f 4371/12878/1189 4379/12898/1189 4381/12899/1189 
f 4381/12899/1189 4372/12879/1189 4371/12878/1189 
f 4369/12876/1190 4362/12900/1190 4361/12901/1190 
f 4361/12901/1190 4370/12877/1190 4369/12876/1190 
f 4365/12872/1191 4360/12892/1191 4359/12902/1191 
f 4359/12902/1191 4366/12873/1191 4365/12872/1191 
f 4367/12874/1192 4382/12903/1192 4380/12895/1192 
f 4380/12895/1192 4368/12875/1192 4367/12874/1192 
f 4363/12904/1193 4352/12857/1193 4351/12856/1193 
f 4351/12856/1193 4378/12889/1193 4363/12904/1193 
f 4355/12860/1215 4358/12863/1215 4376/12905/1215 
f 4376/12905/1215 4377/12888/1215 4355/12860/1215 
f 4357/12906/1216 4356/12881/1216 4373/12880/1216 
f 4373/12880/1216 4375/12907/1216 4357/12906/1216 
f 4382/12908/961 4381/12909/961 4379/12910/961 
f 4379/12910/961 4380/12911/961 4382/12908/961 
f 4364/12897/1196 4363/12912/1196 4378/12913/1196 
f 4364/12897/1196 4378/12913/1196 4377/12914/1196 
f 4377/12914/1196 4376/12915/1196 4375/12907/1196 
f 4375/12907/1196 4373/12880/1196 4374/12883/1196 
f 4377/12914/1196 4375/12907/1196 4374/12883/1196 
f 4364/12897/1196 4377/12914/1196 4374/12883/1196 
f 4383/12916/1197 4384/12917/1197 4385/12918/1197 
f 4385/12918/1197 4386/12919/1197 4387/12920/1197 
f 4387/12920/1197 4388/12921/1197 4389/12922/1197 
f 4385/12918/1197 4387/12920/1197 4389/12922/1197 
f 4383/12916/1197 4385/12918/1197 4389/12922/1197 
f 4383/12916/1197 4389/12922/1197 4390/12923/1197 
f 4376/12924/1198 4389/12925/1198 4377/12926/1198 
f 4377/12926/1198 4390/12927/1198 4378/12928/1198 
f 4377/12926/1198 4378/12928/1198 4383/12929/1198 
f 4383/12929/1198 4363/12930/1198 4364/12931/1198 
f 4364/12931/1198 4384/12932/1198 4374/12933/1198 
f 4383/12929/1198 4364/12931/1198 4374/12933/1198 
f 4383/12929/1198 4374/12933/1198 4385/12934/1198 
f 4377/12926/1198 4383/12929/1198 4385/12934/1198 
f 4377/12926/1198 4385/12934/1198 4373/12935/1198 
f 4377/12926/1198 4373/12935/1198 4386/12936/1198 
f 4377/12926/1198 4386/12936/1198 4375/12937/1198 
f 4376/12924/1198 4377/12926/1198 4375/12937/1198 
f 4376/12924/1198 4375/12937/1198 4387/12938/1198 
f 4376/12924/1198 4387/12938/1198 4388/12939/1198 
f 4391/12940/1199 4392/12941/1199 4393/12942/1199 
f 4394/12943/1199 4391/12940/1199 4393/12942/1199 
f 4394/12943/1199 4393/12942/1199 4395/12944/1199 
f 4394/12943/1199 4395/12944/1199 4396/12945/1199 
f 4397/12946/1199 4394/12943/1199 4396/12945/1199 
f 4397/12946/1199 4396/12945/1199 4398/12947/1199 
f 4399/12948/961 4400/12949/961 4401/12950/961 
f 4401/12950/961 4402/12951/961 4399/12948/961 
f 4403/12952/963 4404/12953/963 4393/12954/963 
f 4393/12954/963 4392/12955/963 4403/12952/963 
f 4405/12956/1200 4406/12957/1200 4407/12958/1200 
f 4407/12958/1200 4408/12959/1200 4405/12956/1200 
f 4409/12960/1201 4410/12961/1201 4411/12962/1201 
f 4411/12962/1201 4412/12963/1201 4409/12960/1201 
f 4395/12964/1202 4413/12965/1202 4414/12966/1202 
f 4414/12966/1202 4396/12967/1202 4395/12964/1202 
f 4415/12968/961 4416/12969/961 4397/12970/961 
f 4397/12970/961 4398/12971/961 4415/12968/961 
f 4391/12940/1217 4394/12943/1217 4417/12972/1217 
f 4417/12972/1217 4418/12973/1217 4391/12940/1217 
f 4419/12974/1204 4412/12975/1204 4411/12976/1204 
f 4411/12976/1204 4401/12977/1204 4400/12978/1204 
f 4411/12976/1204 4400/12978/1204 4407/12958/1204 
f 4407/12958/1204 4406/12957/1204 4420/12979/1204 
f 4411/12976/1204 4407/12958/1204 4420/12979/1204 
f 4419/12974/1204 4411/12976/1204 4420/12979/1204 
f 4413/12965/1205 4395/12964/1205 4393/12980/1205 
f 4393/12980/1205 4404/12981/1205 4413/12965/1205 
f 4409/12960/1206 4412/12963/1206 4419/12982/1206 
f 4419/12982/1206 4421/12983/1206 4409/12960/1206 
f 4411/12962/1207 4410/12961/1207 4402/12984/1207 
f 4402/12984/1207 4401/12985/1207 4411/12962/1207 
f 4408/12959/1208 4407/12958/1208 4400/12978/1208 
f 4400/12978/1208 4399/12986/1208 4408/12959/1208 
f 4406/12957/1209 4405/12956/1209 4422/12987/1209 
f 4422/12987/1209 4420/12979/1209 4406/12957/1209 
f 4418/12973/1210 4403/12988/1210 4392/12941/1210 
f 4392/12941/1210 4391/12940/1210 4418/12973/1210 
f 4416/12989/1211 4417/12972/1211 4394/12943/1211 
f 4394/12943/1211 4397/12946/1211 4416/12989/1211 
f 4396/12967/1218 4414/12966/1218 4415/12990/1218 
f 4415/12990/1218 4398/12991/1218 4396/12967/1218 
f 4419/12992/963 4420/12993/963 4422/12994/963 
f 4422/12994/963 4421/12995/963 4419/12992/963 
f 4403/12996/1213 4418/12997/1213 4417/12998/1213 
f 4417/12998/1213 4416/12999/1213 4415/12990/1213 
f 4415/12990/1213 4414/12966/1213 4413/12965/1213 
f 4417/12998/1213 4415/12990/1213 4413/12965/1213 
f 4403/12996/1213 4417/12998/1213 4413/12965/1213 
f 4404/12981/1213 4403/12996/1213 4413/12965/1213 
f 4423/13000/1214 4424/13001/1214 4425/13002/1214 
f 4425/13002/1214 4426/13003/1214 4427/13004/1214 
f 4427/13004/1214 4428/13005/1214 4429/13006/1214 
f 4425/13002/1214 4427/13004/1214 4429/13006/1214 
f 4423/13000/1214 4425/13002/1214 4429/13006/1214 
f 4430/13007/1214 4423/13000/1214 4429/13006/1214 
# 1798 faces

#
# object GROUND
#

v  20.0000 0.3906 -19.9962
v  20.0000 -0.3906 19.9962
v  -20.0000 -0.3906 19.9962
v  -20.0000 0.3906 -19.9962
v  -20.0000 -1.4001 19.9765
v  20.0000 -1.4001 19.9765
v  20.0000 -0.6189 -20.0159
v  -20.0000 -0.6189 -20.0159
# 8 vertices

vn 0.0000 -0.9998 -0.0195
vn -0.0000 0.9998 0.0195
vn 1.0000 0.0000 0.0000
vn 0.0000 0.0195 -0.9998
vn -0.0000 -0.0195 0.9998
vn -1.0000 0.0000 -0.0000
# 6 vertex normals

vt 0.9589 0.9589 0.0000
vt 0.9589 0.0411 0.0000
vt 0.0411 0.0411 0.0000
vt 0.0411 0.9589 0.0000
# 4 texture coords

o GROUND
g GROUND
usemtl BARN_SCENE_GROUND_1
s off
f 4431/13008/1219 4432/13009/1219 4433/13010/1219 
f 4433/13010/1219 4434/13011/1219 4431/13008/1219 
f 4435/13010/1220 4436/13009/1220 4437/13008/1220 
f 4437/13008/1220 4438/13011/1220 4435/13010/1220 
f 4433/13010/1221 4435/13010/1221 4438/13011/1221 
f 4438/13011/1221 4434/13011/1221 4433/13010/1221 
f 4432/13009/1222 4436/13009/1222 4435/13010/1222 
f 4435/13010/1222 4433/13010/1222 4432/13009/1222 
f 4434/13011/1223 4438/13011/1223 4437/13008/1223 
f 4437/13008/1223 4431/13008/1223 4434/13011/1223 
f 4431/13008/1224 4437/13008/1224 4436/13009/1224 
f 4436/13009/1224 4432/13009/1224 4431/13008/1224 
# 12 faces

